query,Post ID,Post Content,nickname,link
示威; 2018-02-20; 1; 25,1,		我小姑示威前，跟调教后女人真是惹不得惹不得 ​		,带时光机的媛菇凉,//weibo.com/3317659325/G432VlWKt?refer_flag=1001030103_
示威; 2018-02-20; 1; 25,2,		我是不是关注点有点不对?堵车我担心的是手机电量的问题，怕忘带充电线，充电速度不够快，堵车就放斜座椅休息一下，哪来这么多经精力集体鸣笛示威???是天气原因无法通行，评论底下bb海南zf，海南人民的是脑子瓦特了，给你送水送吃，tm还留下一地垃圾还骂声一片，我只想送您几个字：cnmlgb，走好，不送		,雁过留声wxh,//weibo.com/1752162633/G3ZFns2Kl?refer_flag=1001030103_
示威; 2018-02-20; 1; 25,3,#海口全力疏导因雾滞留车辆# 海南省省委书记刘赐贵高度重视海口港口受大雾影响旅客滞留情况，要求省市相关部门切实做好交通疏导和服务保障工作，最大限度减少对市民游客出行影响。海南省省长沈晓明作出重要批示：“旅客滞留一事务必高度重视、迅速响应，海口市和交通、交警等主要领导要靠前一线指挥， ​		...展开全文c,NA,//weibo.com/2214012943/G431LBwob?refer_flag=1001030103_
示威; 2018-02-20; 1; 25,4,@海南省交警总队 @海南省人民政府网站 @海口市文明办 我就想知道，鸣笛示威到底有没有人管？是不是这次就准备法不责众了？ ​		,林蔫吧儿,//weibo.com/2032040967/G42RYFCbP?refer_flag=1001030103_
示威; 2018-02-20; 1; 25,5,		【佛罗里达州数千人抗议，呼吁枪支管控】数千名示威群众聚集在离高中枪击案事发地不远处的集会点，呼吁政府修改枪支法案。 RTnews的秒... ​		,RTnews,//weibo.com/6244553417/G42RtArFP?refer_flag=1001030103_
示威; 2018-02-20; 1; 25,6,		42xyz一群人冲到华盛顿大学图书馆抗议示威，却被一名亚裔小哥一句话喝止，顿时鸦雀无声#搞笑幽默##雨过天晴#富二代雨晴... ​		,用户1911504025,//weibo.com/1911504025/G42Qogem1?refer_flag=1001030103_
示威; 2018-02-20; 1; 25,7,		求你们叻！有本事自己买船买飞机跨海过去啊？在居民区集体鸣笛向交警示威有个鸡巴用啊？丢垃圾给环卫工人示威也没用啊！大雾停航又不是人为因素，政府都已经尽心尽力的去做工作叻，为啥还一直骂志愿者，骂咱们海南啊？你想上演大雾版泰克尼克号，就自己买船出海啊，又没人拦你们。真的气叻惹！ ​		,鱼丸粗面超好吃,//weibo.com/2064073053/G42Qcqkyy?refer_flag=1001030103_
示威; 2018-02-20; 1; 25,8,		回复@你觉得辣条好吃吗:断交示威//@你觉得辣条好吃吗:南韩心里还是有点逼数的 网页链接,Justin个Li,//weibo.com/1224685661/G41zPASDB?refer_flag=1001030103_
示威; 2018-02-20; 1; 25,9,	  看了女子3000米接力决赛，慢动作我们没有任何明显犯规却取消了成绩，交接有问题的、阻挡其它队的裁判却看不见，奥运精神到底是什么？中国队短道好样的，依旧是我们的英雄 ！#2018年平昌冬奥会# ​	,NA,//weibo.com/1216735294/G42Oh5MA9?refer_flag=1001030103_
示威; 2018-02-20; 1; 25,10,		回到家告诉你们的朋友，家人，说因大雾天气，你在海口滞留十几个小时，海口人民给你送吃的送喝的，你把垃圾乱丢，随处大小便，还鸣笛示威。让朋友家人看到你多么的英勇机智。这个牛逼可以吹一年。 |海口·海甸 ​		,adsl0529,//weibo.com/3883544899/G42K2DsDx?refer_flag=1001030103_
示威; 2018-02-20; 1; 25,11,		【乌克兰发生反总统游行 数千民众示威要求总统辞职】中新社阿斯塔纳2月19日电 综合消息：数千乌克兰民众当地时间18日在首都基辅市中心示威游行，要求总统波罗申科辞职。示威者主要来自政党“新力量运动”，该党领袖为格鲁吉亚前总统萨卡什维利。分析认为，此次游行或与萨卡什维利日前在基辅被捕后驱逐 ​			...展开全文c,凤凰卫视欧洲台,//weibo.com/1741801024/G42FNDsle?refer_flag=1001030103_
示威; 2018-02-20; 1; 25,12,		百度莆田假医事件，有那么几天，百度上也能搜到最右的图片，都喜欢用这个示威，果然都是一路货色//@Crown_dream:牛逼啊！//@倒吸一口凉屁: 我就纳闷了，你司干嘛想不开呢？ 网页链接,huojunan,//weibo.com/2393831515/G3ZuCzShK?refer_flag=1001030103_
示威; 2018-02-20; 1; 25,13,	  快视频这算是凉透了，凉了凉了，为你点根蜡@快视频 @周鸿祎 ​	,NA,//weibo.com/1791176814/G42AXb1Tv?refer_flag=1001030103_
示威; 2018-02-20; 1; 25,14,		难得空闲时间看看新闻，猛然看见日本安倍又对中国出小动作，就想把在异国生活时看见几桩民间小事写下来。春天的时候陪国内高知建筑考察团去国土交通省座谈，在大门口就碰见抗议安倍政府的示威，百十人的队伍有序地占据门口一侧，高音喇叭狂吼。我们也新鲜狂拍照，示威者发现外国人也更来劲，内心乐得我 ​			...展开全文c,冯老头_6485231457,//weibo.com/6485231457/G42AvDg1V?refer_flag=1001030103_
示威; 2018-02-20; 1; 25,15,		中学生白宫外卧地示威，呼吁国会严格控枪 - 时差视频的秒拍视频 时差视频的... ​		,AliceSakuya,//weibo.com/5529164967/G41SmcaN1?refer_flag=1001030103_
示威; 2018-02-20; 1; 25,16,		昔日向我示威的我的欢儿 ​		,阿孑zz,//weibo.com/6473356445/G41RJdnlT?refer_flag=1001030103_
示威; 2018-02-20; 1; 25,17,		中环三剑客 中银 花旗和工行大厦 都过了20年了 轮们还是坚韧不拔在最繁华的地角示威，信仰的力量太强大了 |香港特别行... ​		,imLaoLiu,//weibo.com/1451062382/G41Qtv0IG?refer_flag=1001030103_
示威; 2018-02-20; 1; 25,18,		一台实用性比较强的笔记本电脑，上网本随我征战四方（也就大学和高中而已）最近频繁抗议死机示威,小豆豆的谍者洵喵喵喵,//weibo.com/5859973320/G3JhDkLMx?refer_flag=1001030103_
示威; 2018-02-20; 1; 25,19,	  评论说出你想买的东西，凡10000以内，我包买，想自己买，叔打10000给他。21号抽这位小幸运… @微博抽奖平台 ​	,NA,//weibo.com/5416724367/G41O4ArgZ?refer_flag=1001030103_
示威; 2018-02-20; 1; 25,20,		【中学生于白宫外卧地示威，呼吁国会严格控枪】14日，美国佛罗里达州一所高中发生17死、14伤的枪击惨案后，控枪再次成为全美民众热烈讨论的话题。19日，许多高中生聚集到白宫外面呐喊示威，呼吁国会采取行动，通过立法遏制愈演愈烈的校园枪击暴力。@时差视频 时差视频的... ​​​		,从宇宙黑洞飞出火凤凰,//weibo.com/5586933121/G41HVEOGE?refer_flag=1001030103_
示威; 2018-02-20; 1; 25,21,		【中学生于白宫外卧地示威，呼吁国会严格控枪】14日，美国佛罗里达州一所高中发生17死、14伤的枪击惨案后，控枪再次成为全美民众热烈讨论的话题。19日，许多高中生聚集到白宫外面呐喊示威，呼吁国会采取行动，通过立法遏制愈演愈烈的校园枪击暴力。 时差视频的... ​​​		,宿迁同城会,//weibo.com/3042809437/G41FlvU00?refer_flag=1001030103_
示威; 2018-02-20; 1; 25,22,		我发现我教育孩子的方法总是和一些权威倡导的理念背道而驰。比如搞不定小孩的时候就会诱导她:“现在乖乖听话，明天我会买你喜欢的巧克力/冰激凌/玩具等等”……虽然有效，但这就是不太好的“交易式沟通”。再就是情绪来了我也会发脾气，动手打两下来示威一下主权。这就是一大一小独处的时候，大人动 ​			...展开全文c,西卡酱,//weibo.com/1750330263/G41BF8UJA?refer_flag=1001030103_
示威; 2018-02-20; 1; 25,23,		【中学生于白宫外卧地示威，呼吁国会严格控枪】14日，美国佛罗里达州一所高中发生17死、14伤的枪击惨案后，控枪再次成为全美民众热烈讨论的话题。19日，许多高中生聚集到白宫外面呐喊示威，呼吁国会采取行动，通过立法遏制愈演愈烈的校园枪击暴力。 时差视频的... ​		,时差视频,//weibo.com/6002842109/G41zznuex?refer_flag=1001030103_
示威; 2018-02-20; 1; 25,24,		自由民主国度的示威也是别具一格，问题是酱紫有个卵用？拿枪干丫的啊,时事评论之忽悠9527号,//weibo.com/1887344341/G41eMbnPi?refer_flag=1001030103_
示威; 2018-02-20; 1; 25,25,	  【美国“总统日”，百名青少年在白宫外“躺尸”】美国佛罗里达州校园枪击案发生近一周后，约百名青少年在本周一（19日）美国“总统日”当天于白宫外“躺尸”，呼吁政府出台更为严格的枪控法案。一个被称为青少年枪支改革的组织策划了这场示威活动，他们找到了17名青少年，这17人在白宫外面横躺了3分钟 ​		...展开全文c,NA,//weibo.com/1493308137/G41xj1gON?refer_flag=1001030103_
示威; 2018-02-20; 1; 25,26,		　【7名前港警穿囚衣分送三间监狱服刑】香港7名前警员因在2014年“占中”清场期间殴打非法集会示威者曾健超，17日被判全部入狱2年，不可缓刑，近日，七人在惩教署人员押解下，身穿囚衣登上囚车，前往所分配的监狱　网页链接 ​		,兴奋fffd_89,//weibo.com/6448727898/G41uaCRIT?refer_flag=1001030103_
示威; 2018-02-20; 1; 25,27,		你们这不是自驾游，你们这是自杀游！有旅行团你不跟团玩儿，省心省力！挤在市区，还集体按喇叭示威！滚出海南！海南不欢迎你们这些蝗虫！！！ ​		,benny吴彬,//weibo.com/5641281863/G41t5bXu9?refer_flag=1001030103_
示威; 2018-02-20; 1; 25,28,		中国队被判罚？？？？！！！！要点脸么！！！！！裁判是专业的么……真是无语了……确定这是正式的国际赛事么？？？？中国代表队还不如罢赛示威得了……真是日了狗了……#2018年平昌冬季奥运会# 啥玩意儿啊办的……就是个笑话…… ​		,MO-V-MO,//weibo.com/1830023042/G41pbtWmN?refer_flag=1001030103_
示威; 2018-02-20; 1; 25,29,		美国人民有枪也不敢造反，只敢示威,李政1222955747,//weibo.com/1887344341/G41eMbnPi?refer_flag=1001030103_
示威; 2018-02-20; 1; 25,30,	  【美国“总统日”，百名青少年在白宫外“躺尸”】美国佛罗里达州校园枪击案发生近一周后，约百名青少年在本周一（19日）美国“总统日”当天于白宫外“躺尸”，呼吁政府出台更为严格的枪控法案。一个被称为青少年枪支改革的组织策划了这场示威活动，他们找到了17名青少年，这17人在白宫外面横躺了3分钟 ​		...展开全文c,NA,//weibo.com/2450208007/G41jxB0Eg?refer_flag=1001030103_
示威; 2018-02-20; 1; 25,31,		【雾大怕你死停航，你还特么鸣笛示威】因为大雾外地车辆滞留海口，把街道都占满了，本地居民不得不绕道而行，甚至有家不能回，却没有半句怨言，还投奔现场充当自愿者，为滞留人员送吃送喝。最后，滞留路上的车辆却集体鸣笛以示“抗议”，扰得周边居民无法正常生活。 海南微时代... ​		,智敏HN,//weibo.com/2117640520/G41j2CAJ5?refer_flag=1001030103_
示威; 2018-02-20; 1; 25,32,		【美国“总统日”，百名青少年在白宫外“躺尸”】美国佛罗里达州校园枪击案发生近一周后，约百名青少年在本周一（19日）美国“总统日”当天于白宫外“躺尸”，呼吁政府出台更为严格的枪控法案。一个被称为青少年枪支改革的组织策划了这场示威活动，他们找到了17名青少年，这17人在白宫外面横躺了3分钟 ​			...展开全文c,观察者网,//weibo.com/1887344341/G41eMbnPi?refer_flag=1001030103_
示威; 2018-02-20; 1; 25,33,		【佛州枪手上庭全程低头 抗议者白宫外平躺示威】（美国中文网） 四月网的秒... ​		,四月网,//weibo.com/2001369965/G41cChqD6?refer_flag=1001030103_
示威; 2018-02-20; 1; 25,34,		品品sesderma这位小编道歉声明下的评论，还觉得自己可委屈呢，还谢谢宝贝，自己找水军再自己谢谢是为向消费者示威吗？谁给你的脸呢，普天之下皆你妈了，上岗培训过吗？#sesderma# ​		,哈哈哈哈哈哈哈哈杰西卡O_o,//weibo.com/3200606927/G417B75KF?refer_flag=1001030103_
示威; 2018-02-20; 1; 25,35,		【百名青少年白宫外“躺尸” 要求政府出台更严枪控法】美国佛罗里达州校园枪击案发生近一周后，约百名青少年在本周一（2月19日）美国“总统日”当天于白宫外“躺尸”，呼吁政府出台更为严格的枪控法案。一个被称为青少年枪支改革（Teens for Gun Reform）的组织策划了这场示威活动，他们找到了17名青少 ​			...展开全文c,凤凰卫视欧洲台,//weibo.com/1741801024/G417ob8By?refer_flag=1001030103_
示威; 2018-02-20; 1; 25,36,		美国多地发生老百姓示威……工友你帮助我？吊动一组工作人员和地方部门工作人员按照以前一样…… ​		,爱国和平联盟,//weibo.com/5603299626/G416rFIHB?refer_flag=1001030103_
示威; 2018-02-20; 1; 25,37,		调侃和玩笑只是调味剂，不要让它成为要挟和示威的工具。温暖就像牛肉大米饭，主食才是持续活下去的能量。 ​		,怪咖蜀黍803,//weibo.com/5994609384/G413rqN2H?refer_flag=1001030103_
示威; 2018-02-20; 1; 25,38,		豆豆在车里不停的叫唤，我只要一摸她的头就会乖巧下来。只养了她两天，却觉得她长大了许多，会上下楼梯了，会去挑衅“大哥了”，还会对陌生人示威了。家里有个小牵挂，回家会更加期待了吧。 ​		,潘先森的小姑凉,//weibo.com/5516603955/G40YuuEfj?refer_flag=1001030103_
示威; 2018-02-20; 1; 25,39,		今天给爪子洗了澡，在浴室大声哀嚎，但是比上次洗澡好多了，上次简直是逃命似的。洗澡的时候那么生气也没有乱抓乱咬，洗完梳毛的时候示威似的往我手臂咬一口。是有多讨厌疏毛啊你！洗完澡整个喵都是香香白白的大可爱！ ​		,爪子and橘子喵生日常,//weibo.com/3517671963/G40PGF6uk?refer_flag=1001030103_
示威; 2018-02-20; 1; 25,40,		从叙利亚剧情可以看到美国的阴毒和狗血！先以民主为幌子煽动示威动摇巴沙尔，接下来鼓动军队政变成立自由军；自由军被IS利用并变节，IS猛攻政府军，俄罗斯被拉下水；培养库尔德武装占地盘，土耳其不干了，发动政变推翻埃尔多安未遂，埃尔多安倒向俄罗斯，加强对库尔德支持，土耳其被迫出兵，...... ​		,红海淘金,//weibo.com/1409419952/G40LPAZOJ?refer_flag=1001030103_
示威; 2018-02-20; 1; 25,41,		公益资讯目前，印尼境内的苏门答腊虎只留存不到只。近日，印尼雅加达，“绿色和平”组织的成员身着老虎装抱树参加抗议示威，呼吁政府加大措施保护苏门答腊虎。想问问大家对此事有何看法 ​		,c荿僦莮,//weibo.com/3989037543/G40KMne2K?refer_flag=1001030103_
示威; 2018-02-20; 1; 25,42,		很多人生气吵架后，几天、几周甚至几个月不理对方。以此示威，以此表示自己很牛，并曰：不能输给他/她，不能掉架子。不错，你没掉架子，掉的是把握亲密关系的能力和经营幸福的水平；没输给他/她，输的是自己的健康和生命。亲们：气不能过夜！ ​​​​		,步进昌盛,//weibo.com/2343613257/G40FhnAr1?refer_flag=1001030103_
示威; 2018-02-20; 1; 25,43,		反动派瓦解中共社会结构，天空示威！ ​		,谋将模式之不败君王,//weibo.com/6027481610/G40BZ9hoT?refer_flag=1001030103_
示威; 2018-02-20; 1; 25,44,		022002一位老奶奶奔波于以色[做鬼脸]列军警和巴勒斯坦示威民众之间，充当起冲突的义务调停人。她时而伸出手指训斥扔石块的抗议者，时而走到荷枪实弹的以色列大兵面前，劝诫他们不要动武。在拉架期间，老奶奶还被抗议民众碰倒在地…但她最终阻止了一场战火！人性的光辉，和平的宝贵，感谢老奶奶的勇敢！ ​			...展开全文c,湃菲,//weibo.com/2391131915/G40wv5DsF?refer_flag=1001030103_
示威; 2018-02-20; 1; 25,45,		美国：由悲转怒 学生抗议示威要求禁枪 警汪铲屎官... ​		,警汪铲屎官,//weibo.com/6244719052/G40vKDRdh?refer_flag=1001030103_
示威; 2018-02-20; 1; 25,46,		過年了 包工頭李哥還沒把工資結清 童工小文和食堂老鄭在公司樓下示威 ​		,尖東李太,//weibo.com/5984242853/G40uh1EEY?refer_flag=1001030103_
示威; 2018-02-20; 1; 25,47,		很多人生气吵架后，几天、几周甚至几个月不理对方。以此示威，以此表示自己很牛，并曰：不能输给他/她，不能掉架子。不错，你没掉架子，掉的是把握亲密关系的能力和经营幸福的水平；没输给她，输的是爱人的健康和生命。亲们：气不能过夜！ ​		,娜娜11210101,//weibo.com/2919026240/G40u2yyGn?refer_flag=1001030103_
示威; 2018-02-20; 1; 25,48,		公益资讯目前，印尼境内的苏门答腊虎只留存不到只。近日，印尼雅加达，“绿色和平”组织的成员身着老虎装抱树参加抗议示威，呼吁政府加大措施保护苏门答腊虎。想问问大家对此事有何看法 ​		,诳蕖u,//weibo.com/3974726112/G40oRkeXq?refer_flag=1001030103_
示威; 2018-02-20; 1; 25,49,		//@唱响内蒙古大学:“近朱者赤，近墨者黑”，像内蒙古大学让冯福林（为了捞钱招生造假已经违纪违法至今逍遥法外不说，还在网上上蹿下跳很是活跃！）负责学生工作能搞好吗？更奇葩的是冯福林竟被内大评为“教书育人”的先进！不知道内大党委书记朱炳文想要干什么？向谁示威？这场闹剧还要演到何时收场？		,拯救内大,//weibo.com/2974325495/FerWA9nsj?refer_flag=1001030103_
示威; 2018-02-20; 1; 25,50,	  【非思政课专业教师应特别增强授课中的思想政治教育意识】专业课的教学过程也是育人过程，需要从思想政治教育的高度，把好方向、把牢大局，认识到自身的世界观、价值倾向和道德品行会影响青年学生，甚至自身不经意的一句话，一个动作，处理的一件小事都会给学生一生留下印象、产生影响。via红旗文稿 ​	,NA,//weibo.com/1986080860/G40ottexc?refer_flag=1001030103_
示威; 2018-02-20; 1; 25,51,		【佛州枪案受害者母亲呐喊：总统，求你做点什么】18日，佛州枪案受害者家属举行示威，呼吁政府通过控枪法案。中学生们对政客喊话，“你们只有两个选择，与我们一起或者与我们为敌。当你们无所作为的时候，我们正在被杀害”。一位出席示威的受害者母亲，声泪俱下地对特朗普呐喊，“你得做点什么！” ​			...展开全文c,90后,//weibo.com/1308236857/G40jb7Y2F?refer_flag=1001030103_
示威; 2018-02-20; 1; 25,52,		转 // #天天快报# 《霸气！中国齐射10枚东风导弹向老美示威》霸气！中国齐射10枚东风导弹向老美示威 |霸气！中国... 霸气！中国... ​		,顺然远程1983,//weibo.com/5620996237/G40gS6YKd?refer_flag=1001030103_
示威; 2018-02-20; 1; 25,53,		（流星）一对青梅竹马，在学校参加过暴动，反抗，示威，然后为自己的理想，放弃了写东西，放弃了自己的家人，一无返顾的参军，一个去了前线，一个后勤，说等战争结束，就去那个地方，结婚@陈欧 @TFBOYS-王俊凯 @Mr_凡先生 @M鹿M @王思聪 @努力努力再努力x |宜宾·南溪... ​		,我只不过是疯了,//weibo.com/6190937326/G40gQkqUB?refer_flag=1001030103_
示威; 2018-02-20; 1; 25,54,		乌克兰示威者 要求弹劾总统 | 联合早报 |乌克兰示威... ​		,jc-清风明月,//weibo.com/1147953907/G40fwbZE0?refer_flag=1001030103_
示威; 2018-02-20; 1; 25,55,		转 // #天天快报# 《军事专家：这次不能忍！日本准航母闯南海示威 中国将使出必杀技！》军事专家：这次不能忍！日本准航母闯南海示威 中国将使出必杀技！ |军事专家：... 军事专家：... ​		,顺然远程1983,//weibo.com/5620996237/G408uEEAL?refer_flag=1001030103_
示威; 2018-02-20; 1; 25,56,		梵蒂冈现女权组织成【刘恺威澄清】员裸身抗议  12月25日，梵蒂冈，梵蒂冈宪兵将一名在圣，乐山大佛几乎被挤哭，彼得广场示威的女权组织Femen成员，鹿晗更新ins，带走。据媒体报道，这名女子在其赤裸的前胸上写着“上帝是女的”。 ​		,不想不念不犯贱丶,//weibo.com/6409008112/G406095p8?refer_flag=1001030103_
示威; 2018-02-20; 1; 25,57,		//@HHHHHaresss:示威,2327家的爱炫,//weibo.com/2313719642/G3Yxx5LvQ?refer_flag=1001030103_
示威; 2018-02-20; 1; 25,58,	  你们在门上贴佑猴照片干嘛 ​	,NA,//weibo.com/1768453260/G402Iuqsz?refer_flag=1001030103_
示威; 2018-02-20; 1; 25,59,示威不成的孙唔空 口袋哒的秒... ​		,口袋哒,//weibo.com/5864410917/G3ZZYhve2?refer_flag=1001030103_
示威; 2018-02-20; 1; 25,60,#电影红海行动#sh5969sh黑柴柴Maron今年三岁，虽然主人给他买了很多的玩具，可它还是喜欢让主人陪自己玩，经常叼着自己的玩具来到主人面前展开眼神攻势。如果主人不陪它，它就会换别的东西过来示威……看到最后一样东西简直哭笑不得！ ​		,Nona第9,//weibo.com/1924734734/G3ZTXoClR?refer_flag=1001030103_
示威; 2018-02-20; 1; 25,61,		［我說陽光會不見 你說你不後悔］［需要陽光的寶貝啊 別氣我不懂 別向我示威無論我多想是個太陽 卻只是另一株向日葵］這個詞真是太溫柔了啊，小心翼翼地妥協著，卻依旧拥有游刃有餘的氣力，突然想起在楊瀾訪談里她反駁說，我的將愛裏的“愛”，不是仅仅指愛情（原話並記不太清楚）。將愛進行到底， ​			...展开全文c,捌六叔叔,//weibo.com/1926080491/G3ZNNicPa?refer_flag=1001030103_
示威; 2018-02-20; 1; 25,62,		很多人生气吵架后，几天、几周甚至几个月不理对方。以此示威，以此表示自己很牛，并曰：不能输给他/她，不能掉架子。不错，你没掉架子，掉的是把握亲密关系的能力和经营幸福的水平；没输给他/她，输的是自己的健康和生命。亲们：气不能过夜！ ​​​		,安妮飞菲,//weibo.com/5851801453/G3ZNACje7?refer_flag=1001030103_
示威; 2018-02-20; 1; 25,63,赌博对社会最大的贡献，是把多余人员关进了房里，腾出就业机会，减少了社会失业压力！要是没有赌博吸引住大批闲散人员，这工作就更不好找，压力无处释放，会上街闹亊示威！中国政府始终不依从“社会科学性规律学”，老把自己意识形态当鞭子，这打一下，那抽一下，搅屎棍一样。		,埋了的影子说客,//weibo.com/2328516855/G3ZflaURB?refer_flag=1001030103_
示威; 2018-02-20; 1; 25,64,	  【十赌九输的科学证明，就算是胜负五五开赌徒也必定倾家荡产】张磊：早在18世纪初，那群热爱赌博的概率论数学家们，就提出了那个让赌徒们闻风丧胆的“赌徒破产定理”（Gambler’s ruin）。所谓赌徒破产定理，指的是在“公平”的赌博中，任何一个拥有有限赌本的赌徒，只要长期赌下去，必然有一天会输个 ​		...展开全文c,NA,//weibo.com/2649628562/G3ZNbvXTM?refer_flag=1001030103_
示威; 2018-02-20; 1; 25,65,		谭维维中国乐队飙高音隔空示威Jessie J酷狗网友：中国Live女王(同步自@新浪看点)|谭维维中国... ​		,妞妞菲飞柳,//weibo.com/6440810195/G3ZLVeNL1?refer_flag=1001030103_
示威; 2018-02-20; 1; 25,66,示威,HHHHHaresss,//weibo.com/2313719642/G3Yxx5LvQ?refer_flag=1001030103_
示威; 2018-02-20; 1; 25,67,	  你们在门上贴佑猴照片干嘛 ​	,NA,//weibo.com/1288853644/G3ZJyn3vk?refer_flag=1001030103_
示威; 2018-02-20; 1; 25,68,		苦涩的表情，语调却保持平静，淡淡道：“今次如此向DIT752司马皇朝示威，已是我谢玄所能作出 ​		,Amma_xy本尊,//weibo.com/6143552462/G3ZHGbJHw?refer_flag=1001030103_
示威; 2018-02-20; 1; 25,69,		很多人生气吵架后，几天、几周甚至几个月不理对方。以此示威，以此表示自己很牛，并曰：不能输给他/她，不能掉架子。不错，你没掉架子，掉的是把握亲密关系的能力和经营幸福的水平；没输给他/她，输的是自己的健康和生命。亲们：气不能过夜！ ​​​		,1988lizhi,//weibo.com/2655876675/G3ZGxzk20?refer_flag=1001030103_
示威; 2018-02-20; 1; 25,70,#乌克兰#乌克兰纪念尊严革命2014年2月被伤亡的英雄🕯2月18日有人开枪，研究证明了：开枪的狙击手从独立广场最高的楼房“乌克兰酒店”的楼顶瞄准示威者。在两天之内因被扫射而伤亡的示威者数百... 不只有志愿兵，也有女护士。这些年轻英雄被乌克兰人民称为“天空的连队”🇺🇦🕊 ​		,乌克兰信使,//weibo.com/5235562548/G3ZwYh02E?refer_flag=1001030103_
示威; 2018-02-20; 1; 25,71,		36xyz一群人冲到华盛顿大学图书馆抗议示威，却被一名亚裔小哥一句话喝止，顿时鸦雀无声#搞笑幽默##雨过天晴#富二代雨晴... ​		,小立子爱笑爱闹爱大白鹅,//weibo.com/3310844054/G3ZuKfWk5?refer_flag=1001030103_
示威; 2018-02-20; 1; 25,72,		告诉它要去健身甩肥膘，不能带它出门，先是装可怜，然后示威到处乱坐，施计无果，最后鄙视地看着你，戏精～ ​		,Travel-Lover,//weibo.com/1805394622/G3Zs9sRmC?refer_flag=1001030103_
示威; 2018-02-20; 1; 25,73,		公益资讯目前，印尼境内的苏门答腊虎只留存不到只。近日，印尼雅加达，“绿色和平”组织的成员身着老虎装抱树参加抗议示威，呼吁政府加大措施保护苏门答腊虎。想问问大家对此事有何看法 ​		,人要为自己活,//weibo.com/3989005346/G3ZpYut3m?refer_flag=1001030103_
示威; 2018-02-20; 1; 25,74,		很多人生气吵架后，几天、几周甚至几个月不理对方。以此示威，以此表示自己很牛，并曰：不能输给他/她，不能掉架子。不错，你没掉架子，掉的是把握亲密关系的能力和经营幸福的水平；没输给他/她，输的是自己的健康和生命。亲们：气不能过夜！ ​​​ |济南·归德... ​		,日新閱益書齋,//weibo.com/2231964815/G3ZmUrAI4?refer_flag=1001030103_
示威; 2018-02-20; 1; 25,75,		很多人生气吵架后，几天、几周甚至几个月不理对方。以此示威，以此表示自己很牛，并曰：不能输给他/她，不能掉架子。不错，你没掉架子，掉的是把握亲密关系的能力和经营幸福的水平；没输给他/她，输的是自己的健康和生命。亲们：气不能过夜！ ​		,海蓝博士,//weibo.com/1605052390/G3ZkHngCH?refer_flag=1001030103_
示威; 2018-02-20; 1; 25,76,		野战门视频 网盘电影 感受不到爱少年自杀 网页链接 拿驾照三天 台湾旅游示威 ​		,香水47925,//weibo.com/6461356595/G3Z8Hh8Cd?refer_flag=1001030103_
示威; 2018-02-20; 1; 25,77,		欧茜不开个人诊所也不会如此偏激，她要赚钱，于是博眼球。如果这事放在美国，中医协会会每天派人去她诊所示威，她会关张的。//@双碑右岸://@宏观-投机总监:博主虽然只是个高中语文老师，但已经抓住了中西医之争的本质。你比欧茜强，我眼中的欧茜形象，是这样的:嘴唇长胡须，睾酮高，像张飞李逵一样好斗		,中医杨桢,//weibo.com/3173951675/FsJqFB8xx?refer_flag=1001030103_
示威; 2018-02-20; 1; 25,78,	  【为中医而争论的根本应该回到“有没有效果”的问题上来】争论来争论去，很容易沦为口水仗。而根本问题，其实始终是一个问题:疗效怎么样？1.中医能不能治病，能治哪些病？2.中医的诊断方法能不能准确判断病症？多个中医的诊断结果能一致吗？3.中药有没有效果？有效比例能超过安慰剂吗？对第一个 ​		...展开全文c,NA,//weibo.com/1655367423/G3Z0q18CT?refer_flag=1001030103_
示威; 2018-02-20; 1; 25,79,		考没有丝毫错乱。摇头道：“我以为慕容垂是要逞威风哩！特别是向徐爷示威，因为WRT944徐爷争 ​		,尚饶詹_zyldlpg,//weibo.com/6449924889/G3YYTrJ1g?refer_flag=1001030103_
示威; 2018-02-20; 1; 25,80,		二哈趁主人不在家，把家给拆完，嘴里叼牙签示威！网友回复:是纯种的。#哈士奇# ​		,油腻大湿叔,//weibo.com/5978812295/G3YRE25wE?refer_flag=1001030103_
示威; 2018-02-20; 1; 25,81,		梦到他找了新女友  又瘦又漂亮的跟我示威  无所谓啊  反正我当他已经死了  我现在活的超级好 ​		,我家美琳呐,//weibo.com/2156579861/G3YNpDarh?refer_flag=1001030103_
示威; 2018-02-20; 1; 25,82,		考没有丝毫错乱。摇头道：“我以为慕容垂是要逞WRT944威风哩！特别是向徐爷示威，因为徐爷争 ​		,纪蔚_yhh,//weibo.com/6443965129/G3YJi1Mff?refer_flag=1001030103_
示威; 2018-02-20; 1; 25,83,		看午间新闻，美国中学生持枪打死在校生17人。美国人又愤怒了，又集会了，又示威了，咳，毫无办法，人命不如枪，真是枪杆孑里面出人命，这是美/国认可的现状 |鞍山·人民... ​		,柳尚君,//weibo.com/6489991080/G3YvAt1Kh?refer_flag=1001030103_
示威; 2018-02-20; 1; 25,84,		美国“总统日”抗议者在白宫外平躺要求控枪。佛州惨案过后，抗议者们19日来到白宫前平躺在地面上示威，要求政府对限制枪支进行立法。他们多是DC的学生，手中拿着国旗和禁枪标语，标语上写着“下一个会是我吗？”抗议者轮流躺下，每次3躺分钟，因为佛州高中枪手克鲁兹对人群扫射的时间也是3分钟。 ​		,美国大学简报,//weibo.com/5981542772/G3Yrig2er?refer_flag=1001030103_
示威; 2018-02-20; 1; 25,85,#中国赞##公益资讯#目前，印尼境内的苏门答腊虎只留存不到400只。近日，印尼雅加达，“绿色和平”组织的成员身着老虎装抱树参加抗议示威，呼吁政府加大措施保护苏门答腊虎。想问问大家对此事有何看法t.cn/zOllWcd ​		,一路狂飙001,//weibo.com/3166200777/G3Yq2vlYQ?refer_flag=1001030103_
示威; 2018-02-20; 1; 25,86,		“近朱者赤，近墨者黑”，像内蒙古大学让冯福林（为了捞钱招生造假已经违纪违法至今逍遥法外不说，还在网上上蹿下跳很是活跃！）负责学生工作能搞好吗？更奇葩的是冯福林竟被内大评为“教书育人”的先进！不知道内大党委书记朱炳文之流想要干什么？向谁示威？这场闹剧还要演到何时收场？@清风内蒙古,拯救内大,//weibo.com/2974325495/FerWA9nsj?refer_flag=1001030103_
示威; 2018-02-20; 1; 25,87,	  【非思政课专业教师应特别增强授课中的思想政治教育意识】专业课的教学过程也是育人过程，需要从思想政治教育的高度，把好方向、把牢大局，认识到自身的世界观、价值倾向和道德品行会影响青年学生，甚至自身不经意的一句话，一个动作，处理的一件小事都会给学生一生留下印象、产生影响。via红旗文稿 ​	,NA,//weibo.com/1986080860/G3YphvVHy?refer_flag=1001030103_
示威; 2018-02-20; 1; 25,88,#中国赞##公益资讯#目前，印尼境内的苏门答腊虎只留存不到400只。近日，印尼雅加达，“绿色和平”组织的成员身着老虎装抱树参加抗议示威，呼吁政府加大措施保护苏门答腊虎。想问问大家对此事有何看法t.cn/zOllWcd ​		,傲慢的dfefdfdfdf,//weibo.com/2592434881/G3Yjwys06?refer_flag=1001030103_
示威; 2018-02-20; 1; 25,89,		强的巾帼，大有示威挑VWN871衅的味道，确令人疑惑。” 在座者都是久经场面的老江湖，思虑周? ​		,和车_kte,//weibo.com/6450239429/G3YiMseSw?refer_flag=1001030103_
示威; 2018-02-20; 1; 25,90,		真是受不了有的人，三观有问题还整天装蠢，明明是心机婊却搞得一群人都觉得她天真无邪，说话绵里藏针暗地挤兑别人，所有人都要围着她转，别人渐渐厌烦了就马上装作胸怀宽阔，再想方设法拼命找人玩顺便发个空间示威，真搞不懂您得天独厚的存在感哪里来的，您现在已经活得像个目光短浅的米虫了知道吗昨 ​			...展开全文c,裙摆藏风,//weibo.com/2114742535/G3YaSz7XU?refer_flag=1001030103_
示威; 2018-02-20; 1; 25,91,		公益资讯目前，印尼境内的苏门答腊虎只留存不到只。近日，印尼雅加达，“绿色和平”组织的成员身着老虎装抱树参加抗议示威，呼吁政府加大措施保护苏门答腊虎。想问问大家对此事有何看法 ​		,小帅哥苏曲朗,//weibo.com/5045950082/G3Y9eky2E?refer_flag=1001030103_
示威; 2018-02-20; 1; 25,92,		??之。而其发生的时间，正值钟VWN871楼议会召开的一刻，更充满挑战示威的意图。 究竟是花妖继 ​		,濮水扶_ysuo,//weibo.com/6449856306/G3XYga4MT?refer_flag=1001030103_
示威; 2018-02-20; 1; 25,93,		【佛州枪案受害者母亲呐喊：总统，求你做点什么】18日，佛州枪案受害者家属举行示威，呼吁政府通过控枪法案。中学生们对政客喊话，“你们只有两个选择，与我们一起或者与我们为敌。当你们无所作为的时候，我们正在被杀害”。一位出席示威的受害者母亲，声泪俱下地对特朗普呐喊，“你得做点什么！” ​			...展开全文c,常德网警巡查执法,//weibo.com/5925579843/G3XWOfCdr?refer_flag=1001030103_
示威; 2018-02-20; 1; 25,94,		你确定那些示威的不是国民党带过去的大陆移民？本地岛民有多少去的？		,感受幸福的轨迹,//weibo.com/5333693607/Ft6hvbvAM?refer_flag=1001030103_
示威; 2018-02-20; 1; 25,95,	  【珍貴視頻】當年美國轟炸中國駐南斯拉夫大使館之後，台灣爆發大規模遊.行，抗議美國侵犯中國主權！請注意當時我們的口號和標語。事情過去快20年了，如今的台灣恍如兩個世界！誰該為今天兩岸的局面負責？！！ ​​​ 秒拍视频 ​	,NA,//weibo.com/2117483494/G3XWnlTQM?refer_flag=1001030103_
示威; 2018-02-20; 1; 25,96,		【蔡英文走春“下台”声不绝 警员扮民众阻抗议】农历春节期间，台湾地区领导人蔡英文从大年初一到初三前后“走春”（春节拜访）17个县市，三天行程中屡遇示威抗议。18日大年初三，蔡英文来到彰化南瑶宫，两名男子藉着领红包时靠近蔡英文高喊“蔡英文下台”。网页链接 ​		,香港衛視HKS,//weibo.com/2712601544/G3XVIzNLg?refer_flag=1001030103_
示威; 2018-02-20; 1; 25,97,		【加西晚间新闻】2月19日: 有华人团体指责英文主流媒体恶意歪曲，把要求总理道歉的示威称为反移民示威。详情请留意西岸时间今晚7:30播出的节目 ​		,加拿大城市電視,//weibo.com/2026649215/G3XRGCpkX?refer_flag=1001030103_
示威; 2018-02-20; 1; 25,98,		【溫哥華】2月19日《新聞提要》有華人團體指責英文主流媒體惡意歪曲，把要求總理道歉的示威稱為反移民示威。詳情請留意今晚西岸時間7:00 播出的「新聞報道」 ​		,新時代電視,//weibo.com/2016776675/G3XQ6tZqW?refer_flag=1001030103_
示威; 2018-02-20; 1; 25,99,		发布了头条文章：《美校园枪击案频发 美国学生示威要求修改法令控枪》 |美校园枪击... ​		,pkacc058_fj,//weibo.com/6404774804/G3XIAdY0Z?refer_flag=1001030103_
示威; 2018-02-20; 1; 25,100,#中国赞##公益资讯#目前，印尼境内的苏门答腊虎只留存不到400只。近日，印尼雅加达，“绿色和平”组织的成员身着老虎装抱树参加抗议示威，呼吁政府加大措施保护苏门答腊虎。想问问大家对此事有何看法t.cn/zOllWcd ​		,爱Vision_44302,//weibo.com/3391388894/G3XEv0dBN?refer_flag=1001030103_
示威; 2018-02-20; 1; 25,101,		【视频】美国佛罗里达州校园枪击案，引发学生示威，要求当局收紧枪枝管制。在多方压力下，总统特朗普表示，支持对拥枪者实施更严厉的背景审查。网页链接 ​		,8频道新闻新加坡,//weibo.com/3701555977/G3XxPAt2v?refer_flag=1001030103_
示威; 2018-02-20; 1; 25,102,		考没有丝毫错乱。摇头道：“我以为慕容垂是要逞威风哩！特ULC997别是向徐爷示威，因为徐爷争 ​		,青春的朱璇XXZ,//weibo.com/6224913822/G3XtlwKRb?refer_flag=1001030103_
示威; 2018-02-20; 1; 25,103,		//@唱响内蒙古大学:“近朱者赤，近墨者黑”，像内蒙古大学让冯福林（为了捞钱招生造假已经违纪违法至今逍遥法外不说，还在网上上蹿下跳很是活跃！）负责学生工作能搞好吗？更奇葩的是冯福林竟被内大评为“教书育人”的先进！不知道内大党委书记朱炳文想要干什么？向谁示威？这场闹剧还要演到何时收场？		,拯救内大,//weibo.com/2974325495/FerWA9nsj?refer_flag=1001030103_
示威; 2018-02-20; 1; 25,104,	  【非思政课专业教师应特别增强授课中的思想政治教育意识】专业课的教学过程也是育人过程，需要从思想政治教育的高度，把好方向、把牢大局，认识到自身的世界观、价值倾向和道德品行会影响青年学生，甚至自身不经意的一句话，一个动作，处理的一件小事都会给学生一生留下印象、产生影响。via红旗文稿 ​	,NA,//weibo.com/1986080860/G3XrJEZnq?refer_flag=1001030103_
示威; 2018-02-20; 1; 25,105,@吴彤 你为什么关微博评论……你在怕些什么……为什么删掉艾特小源的微博……敢公开diss就别怕啊……还有王牌对王牌官方编辑的微博为什么会艾特错人……你们在示威给谁看……不许任何人欺负我们的小可爱……他还是未成年……从此拉黑关于你们的一切…… ​		,源嘟嘟的小白,//weibo.com/5237705065/G3XjQ4zxb?refer_flag=1001030103_
示威; 2018-02-20; 1; 25,106,@Mr_凡先生 @M鹿M @TFBOYS-王俊凯 @王思聪 @努力努力再努力x @陈欧 你们要是把我惹急了，我就去跳楼示威,我只不过是疯了,//weibo.com/5501429448/G3XisDQkJ?refer_flag=1001030103_
示威; 2018-02-20; 1; 25,107,	  饿，大过年的，给我条鱼鱼。。 视觉机器人... ​	,NA,//weibo.com/6190937326/G3XjbyNo6?refer_flag=1001030103_
示威; 2018-02-20; 1; 25,108,"		Picket, 是抗议示威的意思。美国编剧协会跟电影电视制作人联盟的谈判失败，决定举行抗议示威， ""Writers in Los Angeles plan to picket outside of 14 studios until a new deal is reached."" 在洛杉矶，剧作家们计划在14个制片公司外面抗议，直到达成新协议为止。		",那叫个啥啊,//weibo.com/5092177710/G3WzOv3fU?refer_flag=1001030103_
示威; 2018-02-20; 1; 25,109,"今天我们要学的词是picket [ˈpɪkɪt] 。 Picket, 是抗议示威的意思。美国编剧协会跟电影电视制作人联盟的谈判失败，决定举行抗议示威， ""Writers in Los Angeles plan to picket outside of 14 studios until a new deal is reached."" 在洛杉矶，剧作家们计划在14个制片公司外面抗议，直到达成 ​		...展开全文c",NA,//weibo.com/2312816277/G3Xj0j7Aw?refer_flag=1001030103_
示威; 2018-02-20; 1; 25,110,		【乌克兰历史】基辅独立广场原工会大楼在2014年尊严革命期间，示威者们驻扎在这里，数百位伤者在此接受医生和志愿者们的治疗和帮助。但在2014年2月18日当晚，反示威者聚集在这里，攻击该建筑，造成巨大火灾。众多伤者因此无法逃离。而位于楼外的救援人员也因为火势太大无法靠近建筑物，更没有办法 ​			...展开全文c,乌克兰驻华大使馆文化中心,//weibo.com/5232271465/G3XeD4M9m?refer_flag=1001030103_
示威; 2018-02-20; 1; 25,111,		每次都示威，每次都没下文		,王海鹏Seal,//weibo.com/3176804502/G3X0zCtNL?refer_flag=1001030103_
示威; 2018-02-20; 1; 25,112,	  今天（2月19日）当地时间上午，在佛罗里达校园枪击案后，一群美国中学生总统府白宫前集会示威，向政界施压改革枪支管控法律，他们还在白宫前的水泥地躺下来要求总统采取行动。… 况秀猛的秒... ​	,NA,//weibo.com/1632016961/G3X4VqNwQ?refer_flag=1001030103_
示威; 2018-02-20; 1; 25,113,		今天（2月19日）当地时间上午，在佛罗里达校园枪击案后，一群美国中学生总统府白宫前集会示威，向政界施压改革枪支管控法律，他们还在白宫前的水泥地躺下来要求总统采取行动。… 况秀猛的秒... ​		,况秀猛,//weibo.com/3176804502/G3X0zCtNL?refer_flag=1001030103_
示威; 2018-02-20; 1; 25,114,		算了，不用向你示威，且是测试你在边荒集的影响力DIT752。” ​		,差距童鞋鱼,//weibo.com/6437836153/G3WUZB3f2?refer_flag=1001030103_
示威; 2018-02-20; 1; 25,115,		吴彤你是在示威吗,大部分时间都在学习的KYO,//weibo.com//G3UtTlyj3?refer_flag=1001030103_
示威; 2018-02-20; 1; 25,116,	  抱歉，由于作者设置，你暂时没有这条微博的查看权限哦。查看帮助：http://t.cn/RfdBJrG ​	,NA,//weibo.com/5873574627/G3WRWuSSO?refer_flag=1001030103_
示威; 2018-02-20; 1; 25,117,		发表了一篇转载博文《[转载]示威》|[转载]示威 ​		,好想云雨9,//weibo.com/6407117199/G3WBKr0gm?refer_flag=1001030103_
示威; 2018-02-20; 1; 25,118,"今天我们要学的词是picket [ˈpɪkɪt] 。 Picket, 是抗议示威的意思。美国编剧协会跟电影电视制作人联盟的谈判失败，决定举行抗议示威， ""Writers in Los Angeles plan to picket outside of 14 studios until a new deal is reached."" 在洛杉矶，剧作家们计划在14个制片公司外面抗议，直到达成 ​			...展开全文c",英语舌,//weibo.com/5092177710/G3WzOv3fU?refer_flag=1001030103_
示威; 2018-02-20; 1; 25,119,		世界观都要崩塌了 西游记的版权真的给他们了吗 这样瞎演西游记 毁了我们的西游记 这是韩国向中国示威？？？		,那些可悲而又傻X的执着,//weibo.com/3985287068/G3y0l0VNa?refer_flag=1001030103_
示威; 2018-02-20; 1; 25,120,#李昇基# #吴涟序#《#花游记#》第15集船戏难道剧情是这样的吗？先是三藏诱惑，说时迟那时快，我们悟空一个翻身，轻抚三藏面颊，接着三藏为悟空宽衣……死守今晚直播！！！ ​​​​	,NA,//weibo.com/1912535993/G3WjurRoQ?refer_flag=1001030103_
示威; 2018-02-20; 1; 25,121,#华晨宇第一# 【电影#法外之徒#】影片以1962年，法国政府被迫承认阿尔及利亚独立的这段历史为背景，讲述三兄弟因参与独立运动而各奔东西的故事。在戛纳电影节上映时有超过千名示威者手拿标语在影院外抗议，他们指责政府允许这样一部反法的影片在法国公映。 ​		,夏之谦生活汇,//weibo.com/2098999867/G3WfRe8Bq?refer_flag=1001030103_
示威; 2018-02-20; 1; 25,122,		//分享网易新闻:《校园枪击案频发 美国学生示威要求修改法令控枪 》 |校园枪击案... @网易新闻客户端 #网易新闻#好 ​		,飞立王人,//weibo.com/6079106806/G3Wfd3aaj?refer_flag=1001030103_
示威; 2018-02-20; 1; 25,123,#中国赞##公益资讯#目前，印尼境内的苏门答腊虎只留存不到400只。近日，印尼雅加达，“绿色和平”组织的成员身着老虎装抱树参加抗议示威，呼吁政府加大措施保护苏门答腊虎。想问问大家对此事有何看法t.cn/zOllWcd ​		,松松大人ohyeah,//weibo.com/5267768796/G3W1EmAOY?refer_flag=1001030103_
示威; 2018-02-20; 1; 25,124,#中国赞##公益资讯#目前，印尼境内的苏门答腊虎只留存不到400只。近日，印尼雅加达，“绿色和平”组织的成员身着老虎装抱树参加抗议示威，呼吁政府加大措施保护苏门答腊虎。想问问大家对此事有何看法t.cn/zOllWcd ​		,蓝紫花雨,//weibo.com/2631068620/G3VZ0DPlq?refer_flag=1001030103_
示威; 2018-02-20; 1; 25,125,		?内马车上淫杀媚娘，然后以特殊手法令马儿WRT944临死前拖着车子往边荒集奔来，向我们示威。? ​		,御姐范病例毓,//weibo.com/6432968254/G3VWz6t5C?refer_flag=1001030103_
示威; 2018-02-20; 1; 25,126,		严厉控枪诉求升级  美国学生策划全国示威 ​		,婉儿的维度,//weibo.com/3085542327/G3VSk7xTo?refer_flag=1001030103_
示威; 2018-02-20; 1; 25,127,		//@时事-辩论会:【从伦敦到北京 英拉兄妹谋划卷土重来？】有分析人士认为，英拉兄妹突然露面显然不仅仅意味着要“庆祝春节”：他们应该会在2018年这个“大选年”有所作为。加之曼谷也在10日发生小规模示威，示威者要求军政府“尽快开始大选”。这就让外界的猜测逐渐变得相对合理起来。		,不重要789,//weibo.com/2056098365/G2A1U3E7T?refer_flag=1001030103_
示威; 2018-02-20; 1; 25,128,	  据泰国《每日新闻》（Daily News）报导，泰国前两届总理他信和莫拉兄妹俩，近日藉中国农历春节之机，飞赴中国北京探访友人，期间俩人还去了天安门附近的王府井步行街购物。据悉，兄妹将在中国待到春节。 ​	,NA,//weibo.com/3028228322/G3VKm34mg?refer_flag=1001030103_
示威; 2018-02-20; 1; 25,129,		从女绿不经证实的诬陷可以看得出加拿大华人的政治地位如何了//@青苔树懒Q: 一个女msl说被华裔威胁要摘掉头巾，结果华裔成了政客和媒体的围攻对象。事后女子承认虚构故事，政客和媒体就当什么都没发生过。//@Annie的春天公主:到底发生了什么事啊？这么多华人示威是因为什么？请知情者告诉我一下。谢谢！		,一个萝卜坑一筐土豆,//weibo.com/5603237555/G3TY4BIke?refer_flag=1001030103_
示威; 2018-02-20; 1; 25,130,	  【现场画面】2月18日，在渥太华国会山庄门口，几百华裔抗议加拿大政客在虚假头巾袭击事件中的言行，要求特鲁多总理道歉。 空耳同传君... ​	,NA,//weibo.com/6436483660/G3VHBwh52?refer_flag=1001030103_
示威; 2018-02-20; 1; 25,131,		动之以情，晓之以理，示之以威-《德川家康》。以前只闻前二，不知其三，即能示威，必有亲德、识道、勇谋，专注其事 ​		,卡诺普斯,//weibo.com/1261754411/G3VFC2U0a?refer_flag=1001030103_
示威; 2018-02-20; 1; 25,132,		强的巾帼，大有示威挑衅的味道，确令人疑惑。” 在座者都是QLA823久经场面的老江湖，思虑周? ​		,硪的袏手邊是你麽要阳光,//weibo.com/6220326534/G3VAO8PkC?refer_flag=1001030103_
示威; 2018-02-20; 1; 25,133,		【佛州校园枪击引数百DC青少年躺卧白宫前抗议】今天是一年一度的总统日。周一中午12：15，DC数百位青少年学生和家长自发组织到白宫前。其中，17名学生静卧在地上抗议示威，呼吁川普和两党领导人采取措施限制枪支管理，避免校园枪击事件再次发生。wjla ​		,华盛顿快报,//weibo.com/3214572481/G3Vnwnt2q?refer_flag=1001030103_
示威; 2018-02-20; 1; 25,134,		无休无止的噩梦被关进动物园猩猩处，恶霸猩猩追赶着我，想要吃我，还吃了幼猩向我示威，我死里逃生到二伯父家，遇到过完春节正要启程返程的他们，连母亲都在，他们说吃完粥就走了，我饥肠辘辘心力交瘁，他们却没问我吃不吃。场景切换到学校教师，我每天最后一个走，将每个教室里的垃圾都丢完，时常 ​			...展开全文c,玻璃拉链6486128114,//weibo.com/6486128114/G3Vgn7D8K?refer_flag=1001030103_
示威; 2018-02-20; 1; 25,135,		欢迎公子大驾光临，请登楼！” 梁定都一脸DIT752得意之色的别头，向众人示威和邀功，待要作? ​		,暗恋沉闷岚,//weibo.com/6443582697/G3VfK933j?refer_flag=1001030103_
示威; 2018-02-20; 1; 25,136,		021801一位老奶奶奔波于以色列军警和巴勒斯坦示威民众之间，充当起冲突的义务调停人。她时而伸出手指训斥扔石块的抗议者，时而走到荷枪实弹的以色列大兵面前，劝诫他们不要动武。在拉架期间，老奶奶还被抗议民众碰倒在地…但她最终阻止了一场战火！人性的光辉，和平的宝贵，感谢老奶奶的勇敢 ​			...展开全文c,因为所以之歌_608,//weibo.com/3695635205/G3VcsvbFb?refer_flag=1001030103_
示威; 2018-02-20; 1; 25,137,		一句“不过春节”都能从中读出宗教示威来，联想力丰富到扯J8蛋的地步了！//@王小山: 我匿了他ID啊，还要怎样？		,西风rhythm,//weibo.com/1497390470/G3S6NyyMZ?refer_flag=1001030103_
示威; 2018-02-20; 1; 25,138,	  什么叫虚伪，我有例子。 ​	,NA,//weibo.com/2338924601/G3V57rOCG?refer_flag=1001030103_
示威; 2018-02-20; 1; 25,139,#中国赞##公益资讯#目前，印尼境内的苏门答腊虎只留存不到400只。近日，印尼雅加达，“绿色和平”组织的成员身着老虎装抱树参加抗议示威，呼吁政府加大措施保护苏门答腊虎。想问问大家对此事有何看法t.cn/zOllWcd ​		,mm1304_601,//weibo.com/1972444513/G3UMif1nl?refer_flag=1001030103_
示威; 2018-02-20; 1; 25,140,		考没有丝毫错乱。摇头道：“我以为慕容垂是要逞威风哩！特QLA823别是向徐爷示威，因为徐爷争 ​		,儒雅的每天都想睡到自然醒的娃儿,//weibo.com/6141965912/G3UBdvyj0?refer_flag=1001030103_
示威; 2018-02-20; 1; 25,141,#中国赞##公益资讯#目前，印尼境内的苏门答腊虎只留存不到400只。近日，印尼雅加达，“绿色和平”组织的成员身着老虎装抱树参加抗议示威，呼吁政府加大措施保护苏门答腊虎。想问问大家对此事有何看法t.cn/zOllWcd ​		,谁还会想起我,//weibo.com/1804654553/G3Ux9e1f9?refer_flag=1001030103_
示威; 2018-02-20; 1; 25,142,		??之。而其发生的时间VPQ362，正值钟楼议会召开的一刻，更充满挑战示威的意图。 究竟是花妖继 ​		,得体小怪兽飘,//weibo.com/6437536990/G3Urf36OJ?refer_flag=1001030103_
示威; 2018-02-20; 1; 25,143,		乌克兰示威者“血洗”欧元!当地时间2014年2月3日，乌克兰基辅，乌克兰民主联盟成员及其他活动家在德意志银行前集会，要求这家银行停止与乌总统维克托·亚努科维奇家族之间的合作。 ​		,樵汐洪o悟滨,//weibo.com/2325481842/G3TYxkVDP?refer_flag=1001030103_
示威; 2018-02-20; 1; 25,144,		佛州枪击案幸存学生示威呼吁控枪，特朗普不接招 网页链接 ​		,无名yoyo,//weibo.com/2601998952/G3TU5BDvO?refer_flag=1001030103_
示威; 2018-02-20; 1; 25,145,		//@子夜读味:再讲一个，2001年报中美南海撞机，中方牺牲一名飞行员。当时有人去美领馆示威，有几家媒体的记者去了现场，我也去了，刚到没多久，就听到一个便衣在角落打电话，说有五家报纸的人，没几分钟我接到领导电话让我撤。我当时真特玛震惊呀，他怎么知道有5家甚至我是谁都知道的？这说明我们根本		,75年的老虎,//weibo.com//G3QDeyijj?refer_flag=1001030103_
示威; 2018-02-20; 1; 25,146,	  抱歉，由于作者设置，你暂时没有这条微博的查看权限哦。查看帮助：http://t.cn/RfdBWwP ​	,NA,//weibo.com/2199282900/G3TRffer4?refer_flag=1001030103_
示威; 2018-02-20; 1; 25,147,@子夜读味:2001年报中美南海撞机，中方牺牲一名飞行员。当时有人去美领馆示威，有几家媒体的记者去了现场，我也去了，刚到没多久，就听到一个便衣在角落打电话，说有五家报纸的人，没几分钟我接到领导电话让我撤。我当时真特玛震惊呀，他怎么知道有5家甚至我是谁都知道的？这说明我们根本就是透明的		,神经浪游者南,//weibo.com//G3QDeyijj?refer_flag=1001030103_
示威; 2018-02-20; 1; 25,148,	  抱歉，由于作者设置，你暂时没有这条微博的查看权限哦。查看帮助：http://t.cn/RfdBWwP ​	,NA,//weibo.com/6448813950/G3TQgEXc1?refer_flag=1001030103_
示威; 2018-02-20; 1; 25,149,		星島標題：八大校長籲政府與學生對話 近千示威者夜圍特首辦 ​		,凡先生的A6478702023,//weibo.com/6478702023/G3TOHrHyC?refer_flag=1001030103_
示威; 2018-02-20; 1; 25,150,		//@子夜读味:2001年报中美南海撞机，中方牺牲一名飞行员。当时有人去美领馆示威，有几家媒体的记者去了现场，我也去了，刚到没多久，就听到一个便衣在角落打电话，说有五家报纸的人，没几分钟我接到领导电话让我撤。我当时真特玛震惊呀，他怎么知道有5家甚至我是谁都知道的？这说明我们根本就是透明的		,读书养猪两不误,//weibo.com//G3QDeyijj?refer_flag=1001030103_
示威; 2018-02-20; 1; 25,151,	  抱歉，由于作者设置，你暂时没有这条微博的查看权限哦。查看帮助：http://t.cn/RfdBWwP ​	,NA,//weibo.com/2280869732/G3TNt9pC5?refer_flag=1001030103_
示威; 2018-02-20; 1; 25,152,		//@子夜读味:再讲一个，2001年报中美南海撞机，中方牺牲一名飞行员当时有人去美领馆示威有几家媒体的记者去了现场，我也去了，刚到没多久，就听到一个便衣在角落打电话说有五家报纸的人没几分钟我接到领导电话让我撤。我当时真特玛震惊呀他怎么知道有5家甚至我是谁都知道的这说明我们根本就是透明的。		,小丸子掌柜,//weibo.com//G3QDeyijj?refer_flag=1001030103_
示威; 2018-02-20; 1; 25,153,	  抱歉，由于作者设置，你暂时没有这条微博的查看权限哦。查看帮助：http://t.cn/RfdBWwP ​	,NA,//weibo.com/1864423865/G3TIVfHjx?refer_flag=1001030103_
示威; 2018-02-20; 1; 25,154,#中国赞##公益资讯#目前，印尼境内的苏门答腊虎只留存不到400只。近日，印尼雅加达，“绿色和平”组织的成员身着老虎装抱树参加抗议示威，呼吁政府加大措施保护苏门答腊虎。想问问大家对此事有何看法t.cn/zOllWcd ​		,帅哥胖墩儿,//weibo.com/2643539132/G3TIz8CVR?refer_flag=1001030103_
示威; 2018-02-20; 1; 25,155,		那个人不是王源粉丝，只是观众给你提意见罢了，艾特王源干什么？示威么？而且，初八是没有王源了吗？为什么预告里，连另一个队长也不发？什么意思？收视率……，况且，不论是观众还是谁，都清楚地知道，剪辑骂你的事！这很XTY一点关系也没有！！！！@吴彤 ​​​也没别的意思，就是觉得 ​			...展开全文c,WANG薄荷味,//weibo.com/5983681292/G3TGT51yt?refer_flag=1001030103_
示威; 2018-02-20; 1; 25,156,#王牌对王牌#节目组这是在向粉丝示威吗，你们家wt大导演为了一个不是王源粉丝的人公开艾特王源，自己剪辑差还不让人说了是吗，每期都打情感牌，就想问一句你们现场尬不尬呀，要不是王源你们收视率还不知道往哪跌呢，我们家源源录节目录到半夜，一身湿漉漉的，不是你们家孩子你们当然不心疼了，结果呢， ​			...展开全文c,我们家的源儿小哥哥,//weibo.com/6330031511/G3TGugZJL?refer_flag=1001030103_
示威; 2018-02-20; 1; 25,157,		//@子夜读味:再讲一个，2001年报中美南海撞机，中方牺牲一名飞行员。当时有人去美领馆示威，有几家媒体的记者去了现场，我也去了，刚到没多久，就听到一个便衣在角落打电话，说有五家报纸的人，没几分钟我接到领导电话让我撤。我当时真特玛震惊呀，他怎么知道有5家甚至我是谁都知道的？这说明我们根本		,常识很奢侈,//weibo.com//G3QDeyijj?refer_flag=1001030103_
示威; 2018-02-20; 1; 25,158,	  抱歉，由于作者设置，你暂时没有这条微博的查看权限哦。查看帮助：http://t.cn/RfdBWwP ​	,NA,//weibo.com/2619135871/G3TDOxo0b?refer_flag=1001030103_
示威; 2018-02-20; 1; 25,159,		ULC997?内马车上淫杀媚娘，然后以特殊手法令马儿临死前拖着车子往边荒集奔来，向我们示威。? ​		,席席_fjy,//weibo.com/6436028885/G3TDIyJoB?refer_flag=1001030103_
示威; 2018-02-20; 1; 25,160,		再讲一个，2001年报中美南海撞机，中方牺牲一名飞行员。当时有人去美领馆示威，有几家媒体的记者去了现场，我也去了，刚到没多久，就听到一个便衣在角落打电话，说有五家报纸的人，没几分钟我接到领导电话让我撤。我当时真特玛震惊呀，他怎么知道有5家甚至我是谁都知道的？这说明我们根本就是透明的。		,子夜读味,//weibo.com//G3QDeyijj?refer_flag=1001030103_
示威; 2018-02-20; 1; 25,161,	  抱歉，由于作者设置，你暂时没有这条微博的查看权限哦。查看帮助：http://t.cn/RfdBWwP ​	,NA,//weibo.com/1228064843/G3TDs5Epy?refer_flag=1001030103_
示威; 2018-02-20; 1; 25,162,		刚听到一个惨事。有个朋友想从上海自驾来宁波找我玩，他对附近不是很熟，想当然地上了沪宁高速……现在快过苏州了。 ​		,马伯庸,//weibo.com/1444865141/G47mz4q3D?refer_flag=1001030103_
示威; 2018-02-20; 1; 25,163,		预备...... ​		,邓伦,//weibo.com/1865901305/G47kpaZf0?refer_flag=1001030103_
示威; 2018-02-20; 1; 25,164,		被家里宠坏的孩子进入社会的样子......真的非常形象了 ​​​		,当时我就震惊了,//weibo.com/1764222885/G47tpmUdf?refer_flag=1001030103_
示威; 2018-02-20; 1; 25,165,		当喵喵发现自己被偷拍后……哈哈哈哈哈被这小表情简直了冷笑话精选... ​		,冷笑话精选,//weibo.com/1644395354/G47onCYGv?refer_flag=1001030103_
示威; 2018-02-20; 1; 25,166,		又到了大年初六一年一拜车神的日子，车神今年请继续保佑我开车稳稳当当，不扣分，不违章，666666哈哈哈哈哈哈哈哈哈哈 ​		,追风少年刘全有,//weibo.com/2150511032/G47kfaqf0?refer_flag=1001030103_
示威; 2018-02-20; 1; 25,167,		女儿第一次去未来婆婆家，爸爸的一番话令无数人感动。  ​​​​		,思想聚焦,//weibo.com/1742566624/G47nyf3gf?refer_flag=1001030103_
示威; 2018-02-20; 1; 25,168,		被家里宠坏的孩子进入社会的样子......真的非常形象了 ​​​		,当时我就震惊了,//weibo.com/1764222885/G47tpmUdf?refer_flag=1001030103_
示威; 2018-02-20; 1; 25,169,		【IG】#WINNER#四位霸气大佬来了!!!!男模团的性感魅力!!!要苏炸啦~ 韩国me2day... ​		,韩国me2day,//weibo.com/2482557597/G47nxz7Gd?refer_flag=1001030103_
示威; 2018-02-20; 1; 25,170,		预备...... ​		,邓伦,//weibo.com/1865901305/G47kpaZf0?refer_flag=1001030103_
示威; 2018-02-20; 1; 25,171,#2018年冬奥会#【韩国崔敏静回应“绊倒加拿大队”：并非故意 裁判是公平的】短道3000米接力赛后，对于“韩国队摔倒并绊倒加拿大队”，韩国队也给出了自己的评价。崔敏静接受采访表示，她认为她们的摔倒并非犯规，是自然而然的摔倒，不是故意的，裁判是公平的。 CCTV5的微... ​		,人民日报,//weibo.com/2803301701/G47sm4GOZ?refer_flag=1001030103_
示威; 2018-02-20; 1; 25,172,		我们很快就可以在澳门见面了 ​		,Sy__Jessica,//weibo.com/3547642417/G47uL1mfk?refer_flag=1001030103_
示威; 2018-02-20; 1; 25,173,		女儿第一次去未来婆婆家，爸爸的一番话令无数人感动。  ​​​​		,思想聚焦,//weibo.com/1742566624/G47nyf3gf?refer_flag=1001030103_
示威; 2018-02-20; 1; 25,174,		【IG】#WINNER#四位霸气大佬来了!!!!男模团的性感魅力!!!要苏炸啦~ 韩国me2day... ​		,韩国me2day,//weibo.com/2482557597/G47nxz7Gd?refer_flag=1001030103_
示威; 2018-02-20; 1; 25,175,		没中过的，这次叔发1000个8.88的小红包给1000个人，转发点赞关注大叔即可！相信自己有好运的的来试试 ​		,大亨,//weibo.com/5859973320/G47uQjFmI?refer_flag=1001030103_
示威; 2018-02-20; 1; 25,176,		又到了大年初六一年一拜车神的日子，车神今年请继续保佑我开车稳稳当当，不扣分，不违章，666666哈哈哈哈哈哈哈哈哈哈 ​		,追风少年刘全有,//weibo.com/2150511032/G47kfaqf0?refer_flag=1001030103_
示威; 2018-02-20; 1; 25,177,		又到了大年初六一年一拜车神的日子，车神今年请继续保佑我开车稳稳当当，不扣分，不违章，666666哈哈哈哈哈哈哈哈哈哈 ​		,追风少年刘全有,//weibo.com/2150511032/G47kfaqf0?refer_flag=1001030103_
示威; 2018-02-20; 1; 25,178,		当喵喵发现自己被偷拍后……哈哈哈哈哈被这小表情简直了冷笑话精选... ​		,冷笑话精选,//weibo.com/1644395354/G47onCYGv?refer_flag=1001030103_
示威; 2018-02-20; 1; 25,179,		【IG】#WINNER#四位霸气大佬来了!!!!男模团的性感魅力!!!要苏炸啦~ 韩国me2day... ​		,韩国me2day,//weibo.com/2482557597/G47nxz7Gd?refer_flag=1001030103_
示威; 2018-02-20; 1; 25,180,		女儿第一次去未来婆婆家，爸爸的一番话令无数人感动。  ​​​​		,思想聚焦,//weibo.com/1742566624/G47nyf3gf?refer_flag=1001030103_
示威; 2018-02-20; 1; 25,181,		我们很快就可以在澳门见面了 ​		,Sy__Jessica,//weibo.com/3547642417/G47uL1mfk?refer_flag=1001030103_
示威; 2018-02-20; 1; 25,182,		又到了大年初六一年一拜车神的日子，车神今年请继续保佑我开车稳稳当当，不扣分，不违章，666666哈哈哈哈哈哈哈哈哈哈 ​		,追风少年刘全有,//weibo.com/2150511032/G47kfaqf0?refer_flag=1001030103_
示威; 2018-02-20; 1; 25,183,		没中过的，这次叔发1000个8.88的小红包给1000个人，转发点赞关注大叔即可！相信自己有好运的的来试试 ​		,大亨,//weibo.com/5859973320/G47uQjFmI?refer_flag=1001030103_
示威; 2018-02-20; 1; 25,184,		预备...... ​		,邓伦,//weibo.com/1865901305/G47kpaZf0?refer_flag=1001030103_
示威; 2018-02-20; 1; 25,185,#2018年冬奥会#【韩国崔敏静回应“绊倒加拿大队”：并非故意 裁判是公平的】短道3000米接力赛后，对于“韩国队摔倒并绊倒加拿大队”，韩国队也给出了自己的评价。崔敏静接受采访表示，她认为她们的摔倒并非犯规，是自然而然的摔倒，不是故意的，裁判是公平的。 CCTV5的微... ​		,人民日报,//weibo.com/2803301701/G47sm4GOZ?refer_flag=1001030103_
示威; 2018-02-20; 1; 25,186,		我们很快就可以在澳门见面了 ​		,Sy__Jessica,//weibo.com/3547642417/G47uL1mfk?refer_flag=1001030103_
示威; 2018-02-20; 1; 25,187,		没中过的，这次叔发1000个8.88的小红包给1000个人，转发点赞关注大叔即可！相信自己有好运的的来试试 ​		,大亨,//weibo.com/5859973320/G47uQjFmI?refer_flag=1001030103_
示威; 2018-02-20; 1; 25,188,		女儿第一次去未来婆婆家，爸爸的一番话令无数人感动。  ​​​​		,思想聚焦,//weibo.com/1742566624/G47nyf3gf?refer_flag=1001030103_
示威; 2018-02-20; 1; 25,189,#2018年冬奥会#【韩国崔敏静回应“绊倒加拿大队”：并非故意 裁判是公平的】短道3000米接力赛后，对于“韩国队摔倒并绊倒加拿大队”，韩国队也给出了自己的评价。崔敏静接受采访表示，她认为她们的摔倒并非犯规，是自然而然的摔倒，不是故意的，裁判是公平的。 CCTV5的微... ​		,人民日报,//weibo.com/2803301701/G47sm4GOZ?refer_flag=1001030103_
示威; 2018-02-20; 1; 25,190,		预备...... ​		,邓伦,//weibo.com/1865901305/G47kpaZf0?refer_flag=1001030103_
示威; 2018-02-20; 1; 25,191,		又到了大年初六一年一拜车神的日子，车神今年请继续保佑我开车稳稳当当，不扣分，不违章，666666哈哈哈哈哈哈哈哈哈哈 ​		,追风少年刘全有,//weibo.com/2150511032/G47kfaqf0?refer_flag=1001030103_
示威; 2018-02-20; 1; 25,192,		又到了大年初六一年一拜车神的日子，车神今年请继续保佑我开车稳稳当当，不扣分，不违章，666666哈哈哈哈哈哈哈哈哈哈 ​		,追风少年刘全有,//weibo.com/2150511032/G47kfaqf0?refer_flag=1001030103_
示威; 2018-02-20; 1; 25,193,		我们很快就可以在澳门见面了 ​		,Sy__Jessica,//weibo.com/3547642417/G47uL1mfk?refer_flag=1001030103_
示威; 2018-02-20; 1; 25,194,		被家里宠坏的孩子进入社会的样子......真的非常形象了 ​​​		,当时我就震惊了,//weibo.com/1764222885/G47tpmUdf?refer_flag=1001030103_
示威; 2018-02-20; 1; 25,195,#2018年冬奥会#【韩国崔敏静回应“绊倒加拿大队”：并非故意 裁判是公平的】短道3000米接力赛后，对于“韩国队摔倒并绊倒加拿大队”，韩国队也给出了自己的评价。崔敏静接受采访表示，她认为她们的摔倒并非犯规，是自然而然的摔倒，不是故意的，裁判是公平的。 CCTV5的微... ​		,人民日报,//weibo.com/2803301701/G47sm4GOZ?refer_flag=1001030103_
示威; 2018-02-20; 1; 25,196,		刚听到一个惨事。有个朋友想从上海自驾来宁波找我玩，他对附近不是很熟，想当然地上了沪宁高速……现在快过苏州了。 ​		,马伯庸,//weibo.com/1444865141/G47mz4q3D?refer_flag=1001030103_
示威; 2018-02-20; 1; 25,197,		【IG】#WINNER#四位霸气大佬来了!!!!男模团的性感魅力!!!要苏炸啦~ 韩国me2day... ​		,韩国me2day,//weibo.com/2482557597/G47nxz7Gd?refer_flag=1001030103_
示威; 2018-02-20; 1; 25,198,		我们很快就可以在澳门见面了 ​		,Sy__Jessica,//weibo.com/3547642417/G47uL1mfk?refer_flag=1001030103_
示威; 2018-02-20; 1; 25,199,		又到了大年初六一年一拜车神的日子，车神今年请继续保佑我开车稳稳当当，不扣分，不违章，666666哈哈哈哈哈哈哈哈哈哈 ​		,追风少年刘全有,//weibo.com/2150511032/G47kfaqf0?refer_flag=1001030103_
示威; 2018-02-20; 1; 25,200,		被家里宠坏的孩子进入社会的样子......真的非常形象了 ​​​		,当时我就震惊了,//weibo.com/1764222885/G47tpmUdf?refer_flag=1001030103_
示威; 2018-02-20; 1; 25,201,		预备...... ​		,邓伦,//weibo.com/1865901305/G47kpaZf0?refer_flag=1001030103_
示威; 2018-02-20; 1; 25,202,		没中过的，这次叔发1000个8.88的小红包给1000个人，转发点赞关注大叔即可！相信自己有好运的的来试试 ​		,大亨,//weibo.com/5859973320/G47uQjFmI?refer_flag=1001030103_
示威; 2018-02-20; 1; 25,203,		女儿第一次去未来婆婆家，爸爸的一番话令无数人感动。  ​​​​		,思想聚焦,//weibo.com/1742566624/G47nyf3gf?refer_flag=1001030103_
示威; 2018-02-20; 1; 25,204,		我们很快就可以在澳门见面了 ​		,Sy__Jessica,//weibo.com/3547642417/G47uL1mfk?refer_flag=1001030103_
示威; 2018-02-20; 1; 25,205,		预备...... ​		,邓伦,//weibo.com/1865901305/G47kpaZf0?refer_flag=1001030103_
示威; 2018-02-20; 1; 25,206,#2018年冬奥会#【韩国崔敏静回应“绊倒加拿大队”：并非故意 裁判是公平的】短道3000米接力赛后，对于“韩国队摔倒并绊倒加拿大队”，韩国队也给出了自己的评价。崔敏静接受采访表示，她认为她们的摔倒并非犯规，是自然而然的摔倒，不是故意的，裁判是公平的。 CCTV5的微... ​		,人民日报,//weibo.com/2803301701/G47sm4GOZ?refer_flag=1001030103_
