query,Post ID,Post Content,nickname,link
示威; 2018-02-20; 1; 25,1,		021801一位老奶奶奔波于以色列军警和巴勒斯坦示威民众之间，充当起冲突的义务调停人。她时而伸出手指训斥扔石块的抗议者，时而走到荷枪实弹的以色列大兵面前，劝诫他们不要动武。在拉架期间，老奶奶还被抗议民众碰倒在地…但她最终阻止了一场战火！人性的光辉，和平的宝贵，感谢老奶奶的勇敢 ​			...展开全文c,因为所以之歌_608,//weibo.com/3695635205/G3VcsvbFb?refer_flag=1001030103_
示威; 2018-02-20; 1; 25,2,		一句“不过春节”都能从中读出宗教示威来，联想力丰富到扯J8蛋的地步了！//@王小山: 我匿了他ID啊，还要怎样？		,西风rhythm,//weibo.com/1497390470/G3S6NyyMZ?refer_flag=1001030103_
示威; 2018-02-20; 1; 25,3,	  什么叫虚伪，我有例子。 ​	,NA,//weibo.com/2338924601/G3V57rOCG?refer_flag=1001030103_
示威; 2018-02-20; 1; 25,4,#中国赞##公益资讯#目前，印尼境内的苏门答腊虎只留存不到400只。近日，印尼雅加达，“绿色和平”组织的成员身着老虎装抱树参加抗议示威，呼吁政府加大措施保护苏门答腊虎。想问问大家对此事有何看法t.cn/zOllWcd ​		,mm1304_601,//weibo.com/1972444513/G3UMif1nl?refer_flag=1001030103_
示威; 2018-02-20; 1; 25,5,		考没有丝毫错乱。摇头道：“我以为慕容垂是要逞威风哩！特QLA823别是向徐爷示威，因为徐爷争 ​		,儒雅的每天都想睡到自然醒的娃儿,//weibo.com/6141965912/G3UBdvyj0?refer_flag=1001030103_
示威; 2018-02-20; 1; 25,6,#中国赞##公益资讯#目前，印尼境内的苏门答腊虎只留存不到400只。近日，印尼雅加达，“绿色和平”组织的成员身着老虎装抱树参加抗议示威，呼吁政府加大措施保护苏门答腊虎。想问问大家对此事有何看法t.cn/zOllWcd ​		,谁还会想起我,//weibo.com/1804654553/G3Ux9e1f9?refer_flag=1001030103_
示威; 2018-02-20; 1; 25,7,		??之。而其发生的时间VPQ362，正值钟楼议会召开的一刻，更充满挑战示威的意图。 究竟是花妖继 ​		,得体小怪兽飘,//weibo.com/6437536990/G3Urf36OJ?refer_flag=1001030103_
示威; 2018-02-20; 1; 25,8,		乌克兰示威者“血洗”欧元!当地时间2014年2月3日，乌克兰基辅，乌克兰民主联盟成员及其他活动家在德意志银行前集会，要求这家银行停止与乌总统维克托·亚努科维奇家族之间的合作。 ​		,樵汐洪o悟滨,//weibo.com/2325481842/G3TYxkVDP?refer_flag=1001030103_
示威; 2018-02-20; 1; 25,9,		佛州枪击案幸存学生示威呼吁控枪，特朗普不接招 http://t.cn/RRDqfAg ​		,无名yoyo,//weibo.com/2601998952/G3TU5BDvO?refer_flag=1001030103_
示威; 2018-02-20; 1; 25,10,		//@子夜读味:再讲一个，2001年报中美南海撞机，中方牺牲一名飞行员。当时有人去美领馆示威，有几家媒体的记者去了现场，我也去了，刚到没多久，就听到一个便衣在角落打电话，说有五家报纸的人，没几分钟我接到领导电话让我撤。我当时真特玛震惊呀，他怎么知道有5家甚至我是谁都知道的？这说明我们根本		,75年的老虎,//weibo.com//G3QDeyijj?refer_flag=1001030103_
示威; 2018-02-20; 1; 25,11,	  抱歉，由于作者设置，你暂时没有这条微博的查看权限哦。查看帮助：http://t.cn/RfdBWwP ​	,NA,//weibo.com/2199282900/G3TRffer4?refer_flag=1001030103_
示威; 2018-02-20; 1; 25,12,@子夜读味:2001年报中美南海撞机，中方牺牲一名飞行员。当时有人去美领馆示威，有几家媒体的记者去了现场，我也去了，刚到没多久，就听到一个便衣在角落打电话，说有五家报纸的人，没几分钟我接到领导电话让我撤。我当时真特玛震惊呀，他怎么知道有5家甚至我是谁都知道的？这说明我们根本就是透明的		,神经浪游者南,//weibo.com//G3QDeyijj?refer_flag=1001030103_
示威; 2018-02-20; 1; 25,13,	  抱歉，由于作者设置，你暂时没有这条微博的查看权限哦。查看帮助：http://t.cn/RfdBWwP ​	,NA,//weibo.com/6448813950/G3TQgEXc1?refer_flag=1001030103_
示威; 2018-02-20; 1; 25,14,		星島標題：八大校長籲政府與學生對話 近千示威者夜圍特首辦 ​		,凡先生的A6478702023,//weibo.com/6478702023/G3TOHrHyC?refer_flag=1001030103_
示威; 2018-02-20; 1; 25,15,		//@子夜读味:2001年报中美南海撞机，中方牺牲一名飞行员。当时有人去美领馆示威，有几家媒体的记者去了现场，我也去了，刚到没多久，就听到一个便衣在角落打电话，说有五家报纸的人，没几分钟我接到领导电话让我撤。我当时真特玛震惊呀，他怎么知道有5家甚至我是谁都知道的？这说明我们根本就是透明的		,读书养猪两不误,//weibo.com//G3QDeyijj?refer_flag=1001030103_
示威; 2018-02-20; 1; 25,16,	  抱歉，由于作者设置，你暂时没有这条微博的查看权限哦。查看帮助：http://t.cn/RfdBWwP ​	,NA,//weibo.com/2280869732/G3TNt9pC5?refer_flag=1001030103_
示威; 2018-02-20; 1; 25,17,		//@子夜读味:再讲一个，2001年报中美南海撞机，中方牺牲一名飞行员当时有人去美领馆示威有几家媒体的记者去了现场，我也去了，刚到没多久，就听到一个便衣在角落打电话说有五家报纸的人没几分钟我接到领导电话让我撤。我当时真特玛震惊呀他怎么知道有5家甚至我是谁都知道的这说明我们根本就是透明的。		,小丸子掌柜,//weibo.com//G3QDeyijj?refer_flag=1001030103_
示威; 2018-02-20; 1; 25,18,	  抱歉，由于作者设置，你暂时没有这条微博的查看权限哦。查看帮助：http://t.cn/RfdBWwP ​	,NA,//weibo.com/1864423865/G3TIVfHjx?refer_flag=1001030103_
示威; 2018-02-20; 1; 25,19,#中国赞##公益资讯#目前，印尼境内的苏门答腊虎只留存不到400只。近日，印尼雅加达，“绿色和平”组织的成员身着老虎装抱树参加抗议示威，呼吁政府加大措施保护苏门答腊虎。想问问大家对此事有何看法t.cn/zOllWcd ​		,帅哥胖墩儿,//weibo.com/2643539132/G3TIz8CVR?refer_flag=1001030103_
示威; 2018-02-20; 1; 25,20,		说实话可以理解她的行为，缓解经济困境/跟前任示威/有人对她好/永不结婚的安全感/有人从拖地做饭到痛经养生再到护肤生病全面照顾她/随她乐意的性生活。但是这个交易不公平是不可能成交的....对我全方位debuff，所以我有点讨厌妹子表白，几乎是换种方式说给你一个做我长工的荣幸。 ​		,七凛夏,//weibo.com/1752888544/G3THEnzyg?refer_flag=1001030103_
示威; 2018-02-20; 1; 25,21,		那个人不是王源粉丝，只是观众给你提意见罢了，艾特王源干什么？示威么？而且，初八是没有王源了吗？为什么预告里，连另一个队长也不发？什么意思？收视率……，况且，不论是观众还是谁，都清楚地知道，剪辑骂你的事！这很XTY一点关系也没有！！！！@吴彤 ​​​也没别的意思，就是觉得 ​			...展开全文c,WANG薄荷味,//weibo.com/5983681292/G3TGT51yt?refer_flag=1001030103_
示威; 2018-02-20; 1; 25,22,#王牌对王牌#节目组这是在向粉丝示威吗，你们家wt大导演为了一个不是王源粉丝的人公开艾特王源，自己剪辑差还不让人说了是吗，每期都打情感牌，就想问一句你们现场尬不尬呀，要不是王源你们收视率还不知道往哪跌呢，我们家源源录节目录到半夜，一身湿漉漉的，不是你们家孩子你们当然不心疼了，结果呢， ​			...展开全文c,我们家的源儿小哥哥,//weibo.com/6330031511/G3TGugZJL?refer_flag=1001030103_
示威; 2018-02-20; 1; 25,23,		//@子夜读味:再讲一个，2001年报中美南海撞机，中方牺牲一名飞行员。当时有人去美领馆示威，有几家媒体的记者去了现场，我也去了，刚到没多久，就听到一个便衣在角落打电话，说有五家报纸的人，没几分钟我接到领导电话让我撤。我当时真特玛震惊呀，他怎么知道有5家甚至我是谁都知道的？这说明我们根本		,常识很奢侈,//weibo.com//G3QDeyijj?refer_flag=1001030103_
示威; 2018-02-20; 1; 25,24,	  抱歉，由于作者设置，你暂时没有这条微博的查看权限哦。查看帮助：http://t.cn/RfdBWwP ​	,NA,//weibo.com/2619135871/G3TDOxo0b?refer_flag=1001030103_
示威; 2018-02-20; 1; 25,25,		ULC997?内马车上淫杀媚娘，然后以特殊手法令马儿临死前拖着车子往边荒集奔来，向我们示威。? ​		,席席_fjy,//weibo.com/6436028885/G3TDIyJoB?refer_flag=1001030103_
示威; 2018-02-20; 1; 25,26,		再讲一个，2001年报中美南海撞机，中方牺牲一名飞行员。当时有人去美领馆示威，有几家媒体的记者去了现场，我也去了，刚到没多久，就听到一个便衣在角落打电话，说有五家报纸的人，没几分钟我接到领导电话让我撤。我当时真特玛震惊呀，他怎么知道有5家甚至我是谁都知道的？这说明我们根本就是透明的。		,子夜读味,//weibo.com//G3QDeyijj?refer_flag=1001030103_
示威; 2018-02-20; 1; 25,27,	  抱歉，由于作者设置，你暂时没有这条微博的查看权限哦。查看帮助：http://t.cn/RfdBWwP ​	,NA,//weibo.com/1228064843/G3TDs5Epy?refer_flag=1001030103_
示威; 2018-02-20; 1; 25,28,		詹妮弗·劳伦斯出席《红雀》英国首映礼，闪耀 ​		,守望好莱坞,//weibo.com/1803310643/G3VbgklZp?refer_flag=1001030103_
示威; 2018-02-20; 1; 25,29,		【奶奶尘封77年的爱情故事 感动数十万网友 】79年前，14岁的她成了他的新娘。2年后，他赴抗日战场再无音讯。7年后，苦等的她接到了抚恤令，并开始颠沛流离的生活。70多年了，这份感情一直深埋她心底。上个月，她在英烈谱上看到丈夫名字，“终于找到你，从此我们再不分别。。。” 愿来生还能再度拥抱！ ​		,全球摄影精选集,//weibo.com/2127121307/G3VcZ3OWn?refer_flag=1001030103_
示威; 2018-02-20; 1; 25,30,		【情感帖】男友曾经做过哪些小举止却让你非常感动，单身狗都感动哭了，你快点出现吧，我攒了好多年的温柔和浪漫，想要快点都给你。 ​​​​		,看评论也是醉了,//weibo.com/2457719390/G3V8KATEX?refer_flag=1001030103_
示威; 2018-02-20; 1; 25,31,		“怎么才能让两只猫和平相处？一起卖萌吃好吃的不好吗？？” ​		,神奇的吐槽君,//weibo.com/3948798687/G3VgeeblW?refer_flag=1001030103_
示威; 2018-02-20; 1; 25,32,		和朋友们一起跑步。 ​		,潘石屹,//weibo.com/1182391231/G3VmDDSxC?refer_flag=1001030103_
示威; 2018-02-20; 1; 25,33,		战战兢兢的吃了一粒小粉丸准备睡觉了。。。因为医生说让我把宿便排干净可能就不会再胀气和疼了。。。。可是，我吃过一次小粉丸全身过敏起疹子，然后肚子痛到快昏过去，我今天实在没办法了没买到肠清茶只能试试这个了，如果再次起疹子什么的，我还有四百粒。。。送。。你。。们。。。 ​		,扛大刀的我,//weibo.com/3082558521/G3Vi2vDng?refer_flag=1001030103_
示威; 2018-02-20; 1; 25,34,		火器酷枪械美图欣赏#火器酷枪械图# #战术范儿# #火器酷图# ​		,火器酷,//weibo.com/5835616881/G3Vajx3IR?refer_flag=1001030103_
示威; 2018-02-20; 1; 25,35,		【奶奶尘封77年的爱情故事 感动数十万网友 】79年前，14岁的她成了他的新娘。2年后，他赴抗日战场再无音讯。7年后，苦等的她接到了抚恤令，并开始颠沛流离的生活。70多年了，这份感情一直深埋她心底。上个月，她在英烈谱上看到丈夫名字，“终于找到你，从此我们再不分别。。。” 愿来生还能再度拥抱！ ​		,全球摄影精选集,//weibo.com/2127121307/G3VcZ3OWn?refer_flag=1001030103_
示威; 2018-02-20; 1; 25,36,		秒睡的我居然有失眠的一天一首梦醒时分送给各位轰米 可否出来聊聊天哈哈哈 ​		,我是美伢美伢,//weibo.com/1804552742/G3VgTCunj?refer_flag=1001030103_
示威; 2018-02-20; 1; 25,37,		闺蜜的中文，尤其是成语经常让我们哭笑不得 ​		,北美吐槽君,//weibo.com/3177527181/G3Vf0Be1z?refer_flag=1001030103_
示威; 2018-02-20; 1; 25,38,		火器酷枪械美图欣赏#火器酷枪械图# #战术范儿# #火器酷图# ​		,火器酷,//weibo.com/5835616881/G3Vajx3IR?refer_flag=1001030103_
示威; 2018-02-20; 1; 25,39,		【奶奶尘封77年的爱情故事 感动数十万网友 】79年前，14岁的她成了他的新娘。2年后，他赴抗日战场再无音讯。7年后，苦等的她接到了抚恤令，并开始颠沛流离的生活。70多年了，这份感情一直深埋她心底。上个月，她在英烈谱上看到丈夫名字，“终于找到你，从此我们再不分别。。。” 愿来生还能再度拥抱！ ​		,全球摄影精选集,//weibo.com/2127121307/G3VcZ3OWn?refer_flag=1001030103_
示威; 2018-02-20; 1; 25,40,		闺蜜的中文，尤其是成语经常让我们哭笑不得 ​		,北美吐槽君,//weibo.com/3177527181/G3Vf0Be1z?refer_flag=1001030103_
示威; 2018-02-20; 1; 25,41,#清风健康传递# 为期14天的暴瘦全身燃脂操[推荐][推荐]已经9月了，别人都瘦了，而你还没有。这组全身循环燃脂只有7分钟，但是整套做完差不多已经生无可恋了每天跟着视频做20分钟以上，每周坚持5天。现在开始，9月必瘦 http://t.cn/R9oD0v8 ​		,一点清风----,//weibo.com/2109303412/G3VmAFt3G?refer_flag=1001030103_
示威; 2018-02-20; 1; 25,42,		“怎么才能让两只猫和平相处？一起卖萌吃好吃的不好吗？？” ​		,神奇的吐槽君,//weibo.com/3948798687/G3VgeeblW?refer_flag=1001030103_
示威; 2018-02-20; 1; 25,43,		詹妮弗·劳伦斯出席《红雀》英国首映礼，闪耀 ​		,守望好莱坞,//weibo.com/1803310643/G3VbgklZp?refer_flag=1001030103_
示威; 2018-02-20; 1; 25,44,		和朋友们一起跑步。 ​		,潘石屹,//weibo.com/1182391231/G3VmDDSxC?refer_flag=1001030103_
示威; 2018-02-20; 1; 25,45,		【情感帖】男友曾经做过哪些小举止却让你非常感动，单身狗都感动哭了，你快点出现吧，我攒了好多年的温柔和浪漫，想要快点都给你。 ​​​​		,看评论也是醉了,//weibo.com/2457719390/G3V8KATEX?refer_flag=1001030103_
示威; 2018-02-20; 1; 25,46,		“怎么才能让两只猫和平相处？一起卖萌吃好吃的不好吗？？” ​		,神奇的吐槽君,//weibo.com/3948798687/G3VgeeblW?refer_flag=1001030103_
示威; 2018-02-20; 1; 25,47,		【奶奶尘封77年的爱情故事 感动数十万网友 】79年前，14岁的她成了他的新娘。2年后，他赴抗日战场再无音讯。7年后，苦等的她接到了抚恤令，并开始颠沛流离的生活。70多年了，这份感情一直深埋她心底。上个月，她在英烈谱上看到丈夫名字，“终于找到你，从此我们再不分别。。。” 愿来生还能再度拥抱！ ​		,全球摄影精选集,//weibo.com/2127121307/G3VcZ3OWn?refer_flag=1001030103_
示威; 2018-02-20; 1; 25,48,		“一个非典型女孩的成长史” ​		,神奇的吐槽君,//weibo.com/3948798687/G3VBkEqgn?refer_flag=1001030103_
示威; 2018-02-20; 1; 25,49,		耳不闻人之非，目不视人之短，口不言人之过。 ​​​​		,正能量录,//weibo.com/2183437642/G3VBLjc12?refer_flag=1001030103_
示威; 2018-02-20; 1; 25,50,		【迎财神】戊戌年正月初五日——恭请五路财神：神光普照，镇宅光明，全家平安，事业兴隆，财源广进，身体健康，利路亨通，财力顺利，四时无灾，八节有庆，男添百福，女纳千祥，老者添福寿，少者保平安，年年进财，万事如意！  更多精彩内容敬请关注：@书画界 #书画界##书画知识大全##文房四宝# ​​​			...展开全文c,书画界,//weibo.com/3876734080/G3VBklp9i?refer_flag=1001030103_
示威; 2018-02-20; 1; 25,51,		这个点没睡呢 还是睡醒了 我睡醒了硬躺了半个小时了 ​		,粽粽粽粽粽粽粽,//weibo.com/1991194723/G3VHOwvnv?refer_flag=1001030103_
示威; 2018-02-20; 1; 25,52,		“实在太心疼我妈了，提醒大家选择伴侣时一定要门当户对！” ​		,北美吐槽君,//weibo.com/3177527181/G3VBklp9B?refer_flag=1001030103_
示威; 2018-02-20; 1; 25,53,#一日一花# #早安# 香雪球。美好的語言、如一朶朶花、盛開。 ​		,等等梅梅,//weibo.com/2605628620/G3VBK8laR?refer_flag=1001030103_
示威; 2018-02-20; 1; 25,54,		耳不闻人之非，目不视人之短，口不言人之过。 ​​​​		,正能量录,//weibo.com/2183437642/G3VBLjc12?refer_flag=1001030103_
示威; 2018-02-20; 1; 25,55,		正月初五迎财神，福满多多，大吉大利 ​		,张萌_萌姐,//weibo.com/3756237190/G3VAmFG5O?refer_flag=1001030103_
示威; 2018-02-20; 1; 25,56,		【迎财神】戊戌年正月初五日——恭请五路财神：神光普照，镇宅光明，全家平安，事业兴隆，财源广进，身体健康，利路亨通，财力顺利，四时无灾，八节有庆，男添百福，女纳千祥，老者添福寿，少者保平安，年年进财，万事如意！  更多精彩内容敬请关注：@书画界 #书画界##书画知识大全##文房四宝# ​​​			...展开全文c,书画界,//weibo.com/3876734080/G3VBklp9i?refer_flag=1001030103_
示威; 2018-02-20; 1; 25,57,		“实在太心疼我妈了，提醒大家选择伴侣时一定要门当户对！” ​		,北美吐槽君,//weibo.com/3177527181/G3VBklp9B?refer_flag=1001030103_
示威; 2018-02-20; 1; 25,58,		“一个非典型女孩的成长史” ​		,神奇的吐槽君,//weibo.com/3948798687/G3VBkEqgn?refer_flag=1001030103_
示威; 2018-02-20; 1; 25,59,#一日一花# #早安# 香雪球。美好的語言、如一朶朶花、盛開。 ​		,等等梅梅,//weibo.com/2605628620/G3VBK8laR?refer_flag=1001030103_
示威; 2018-02-20; 1; 25,60,		【 红运年年 … 】 ​		,中国书画诗词院,//weibo.com/2804506181/G3VBkEqgE?refer_flag=1001030103_
示威; 2018-02-20; 1; 25,61,		“实在太心疼我妈了，提醒大家选择伴侣时一定要门当户对！” ​		,北美吐槽君,//weibo.com/3177527181/G3VBklp9B?refer_flag=1001030103_
示威; 2018-02-20; 1; 25,62,		【法国移民新提案：难民入境6个月自动获工作许可？】法国执政党议员Aurélien Taché周一(2月19日)向法国政府提交关于改革难民融入制度的72条建议。建议要点包括①难民递交材料六个月后，无论材料是否批复都能自动获得工作许可(德国目前仅为3个月)。②申请被拒后必须被遣返，曾持有工作许可的不算非法 ​			...展开全文c,欧洲时报,//weibo.com/1763351504/G3VCy0ErO?refer_flag=1001030103_
示威; 2018-02-20; 1; 25,63,		焦糖色怎么才能穿出高级感？ ​		,挑款师Zoe,//weibo.com/3650121242/G3VBLhPsW?refer_flag=1001030103_
示威; 2018-02-20; 1; 25,64,		耳不闻人之非，目不视人之短，口不言人之过。 ​​​​		,正能量录,//weibo.com/2183437642/G3VBLjc12?refer_flag=1001030103_
示威; 2018-02-20; 1; 25,65,		正月初五迎财神，福满多多，大吉大利 ​		,张萌_萌姐,//weibo.com/3756237190/G3VAmFG5O?refer_flag=1001030103_
示威; 2018-02-20; 1; 25,66,		这个点没睡呢 还是睡醒了 我睡醒了硬躺了半个小时了 ​		,粽粽粽粽粽粽粽,//weibo.com/1991194723/G3VHOwvnv?refer_flag=1001030103_
示威; 2018-02-20; 1; 25,67,		【迎财神】戊戌年正月初五日——恭请五路财神：神光普照，镇宅光明，全家平安，事业兴隆，财源广进，身体健康，利路亨通，财力顺利，四时无灾，八节有庆，男添百福，女纳千祥，老者添福寿，少者保平安，年年进财，万事如意！  更多精彩内容敬请关注：@书画界 #书画界##书画知识大全##文房四宝# ​​​			...展开全文c,书画界,//weibo.com/3876734080/G3VBklp9i?refer_flag=1001030103_
示威; 2018-02-20; 1; 25,68,		正月初五迎财神，福满多多，大吉大利 ​		,张萌_萌姐,//weibo.com/3756237190/G3VAmFG5O?refer_flag=1001030103_
示威; 2018-02-20; 1; 25,69,#一日一花# #早安# 香雪球。美好的語言、如一朶朶花、盛開。 ​		,等等梅梅,//weibo.com/2605628620/G3VBK8laR?refer_flag=1001030103_
示威; 2018-02-20; 1; 25,70,		“实在太心疼我妈了，提醒大家选择伴侣时一定要门当户对！” ​		,北美吐槽君,//weibo.com/3177527181/G3VBklp9B?refer_flag=1001030103_
示威; 2018-02-20; 1; 25,71,		耳不闻人之非，目不视人之短，口不言人之过。 ​​​​		,正能量录,//weibo.com/2183437642/G3VBLjc12?refer_flag=1001030103_
示威; 2018-02-20; 1; 25,72,		【 红运年年 … 】 ​		,中国书画诗词院,//weibo.com/2804506181/G3VBkEqgE?refer_flag=1001030103_
示威; 2018-02-20; 1; 25,73,		“一个非典型女孩的成长史” ​		,神奇的吐槽君,//weibo.com/3948798687/G3VBkEqgn?refer_flag=1001030103_
示威; 2018-02-20; 1; 25,74,		【迎财神】戊戌年正月初五日——恭请五路财神：神光普照，镇宅光明，全家平安，事业兴隆，财源广进，身体健康，利路亨通，财力顺利，四时无灾，八节有庆，男添百福，女纳千祥，老者添福寿，少者保平安，年年进财，万事如意！  更多精彩内容敬请关注：@书画界 #书画界##书画知识大全##文房四宝# ​​​			...展开全文c,书画界,//weibo.com/3876734080/G3VBklp9i?refer_flag=1001030103_
示威; 2018-02-20; 1; 25,75,		这个点没睡呢 还是睡醒了 我睡醒了硬躺了半个小时了 ​		,粽粽粽粽粽粽粽,//weibo.com/1991194723/G3VHOwvnv?refer_flag=1001030103_
示威; 2018-02-20; 1; 25,76,		【法国移民新提案：难民入境6个月自动获工作许可？】法国执政党议员Aurélien Taché周一(2月19日)向法国政府提交关于改革难民融入制度的72条建议。建议要点包括①难民递交材料六个月后，无论材料是否批复都能自动获得工作许可(德国目前仅为3个月)。②申请被拒后必须被遣返，曾持有工作许可的不算非法 ​			...展开全文c,欧洲时报,//weibo.com/1763351504/G3VCy0ErO?refer_flag=1001030103_
示威; 2018-02-20; 1; 25,77,		焦糖色怎么才能穿出高级感？ ​		,挑款师Zoe,//weibo.com/3650121242/G3VBLhPsW?refer_flag=1001030103_
示威; 2018-02-20; 1; 25,78,#一日一花# #早安# 香雪球。美好的語言、如一朶朶花、盛開。 ​		,等等梅梅,//weibo.com/2605628620/G3VBK8laR?refer_flag=1001030103_
示威; 2018-02-20; 1; 25,79,		这个点没睡呢 还是睡醒了 我睡醒了硬躺了半个小时了 ​		,粽粽粽粽粽粽粽,//weibo.com/1991194723/G3VHOwvnv?refer_flag=1001030103_
示威; 2018-02-20; 1; 25,80,		焦糖色怎么才能穿出高级感？ ​		,挑款师Zoe,//weibo.com/3650121242/G3VBLhPsW?refer_flag=1001030103_
示威; 2018-02-20; 1; 25,81,		【迎财神】戊戌年正月初五日——恭请五路财神：神光普照，镇宅光明，全家平安，事业兴隆，财源广进，身体健康，利路亨通，财力顺利，四时无灾，八节有庆，男添百福，女纳千祥，老者添福寿，少者保平安，年年进财，万事如意！  更多精彩内容敬请关注：@书画界 #书画界##书画知识大全##文房四宝# ​​​			...展开全文c,书画界,//weibo.com/3876734080/G3VBklp9i?refer_flag=1001030103_
示威; 2018-02-20; 1; 25,82,		“实在太心疼我妈了，提醒大家选择伴侣时一定要门当户对！” ​		,北美吐槽君,//weibo.com/3177527181/G3VBklp9B?refer_flag=1001030103_
示威; 2018-02-20; 1; 25,83,		【迎财神】戊戌年正月初五日——恭请五路财神：神光普照，镇宅光明，全家平安，事业兴隆，财源广进，身体健康，利路亨通，财力顺利，四时无灾，八节有庆，男添百福，女纳千祥，老者添福寿，少者保平安，年年进财，万事如意！  更多精彩内容敬请关注：@书画界 #书画界##书画知识大全##文房四宝# ​​​			...展开全文c,书画界,//weibo.com/3876734080/G3VBklp9i?refer_flag=1001030103_
示威; 2018-02-20; 1; 25,84,		焦糖色怎么才能穿出高级感？ ​		,挑款师Zoe,//weibo.com/3650121242/G3VBLhPsW?refer_flag=1001030103_
示威; 2018-02-20; 1; 25,85,		【 红运年年 … 】 ​		,中国书画诗词院,//weibo.com/2804506181/G3VBkEqgE?refer_flag=1001030103_
示威; 2018-02-20; 1; 25,86,#一日一花# #早安# 香雪球。美好的語言、如一朶朶花、盛開。 ​		,等等梅梅,//weibo.com/2605628620/G3VBK8laR?refer_flag=1001030103_
示威; 2018-02-20; 1; 25,87,		“一个非典型女孩的成长史” ​		,神奇的吐槽君,//weibo.com/3948798687/G3VBkEqgn?refer_flag=1001030103_
示威; 2018-02-20; 1; 25,88,		耳不闻人之非，目不视人之短，口不言人之过。 ​​​​		,正能量录,//weibo.com/2183437642/G3VBLjc12?refer_flag=1001030103_
示威; 2018-02-20; 1; 25,89,		【 红运年年 … 】 ​		,中国书画诗词院,//weibo.com/2804506181/G3VBkEqgE?refer_flag=1001030103_
示威; 2018-02-20; 1; 25,90,		【迎财神】戊戌年正月初五日——恭请五路财神：神光普照，镇宅光明，全家平安，事业兴隆，财源广进，身体健康，利路亨通，财力顺利，四时无灾，八节有庆，男添百福，女纳千祥，老者添福寿，少者保平安，年年进财，万事如意！  更多精彩内容敬请关注：@书画界 #书画界##书画知识大全##文房四宝# ​​​			...展开全文c,书画界,//weibo.com/3876734080/G3VBklp9i?refer_flag=1001030103_
示威; 2018-02-20; 1; 25,91,		正月初五迎财神，福满多多，大吉大利 ​		,张萌_萌姐,//weibo.com/3756237190/G3VAmFG5O?refer_flag=1001030103_
示威; 2018-02-20; 1; 25,92,		这个点没睡呢 还是睡醒了 我睡醒了硬躺了半个小时了 ​		,粽粽粽粽粽粽粽,//weibo.com/1991194723/G3VHOwvnv?refer_flag=1001030103_
示威; 2018-02-20; 1; 25,93,		【 红运年年 … 】 ​		,中国书画诗词院,//weibo.com/2804506181/G3VBkEqgE?refer_flag=1001030103_
示威; 2018-02-20; 1; 25,94,		“实在太心疼我妈了，提醒大家选择伴侣时一定要门当户对！” ​		,北美吐槽君,//weibo.com/3177527181/G3VBklp9B?refer_flag=1001030103_
示威; 2018-02-20; 1; 25,95,		这个点没睡呢 还是睡醒了 我睡醒了硬躺了半个小时了 ​		,粽粽粽粽粽粽粽,//weibo.com/1991194723/G3VHOwvnv?refer_flag=1001030103_
示威; 2018-02-20; 1; 25,96,		耳不闻人之非，目不视人之短，口不言人之过。 ​​​​		,正能量录,//weibo.com/2183437642/G3VBLjc12?refer_flag=1001030103_
示威; 2018-02-20; 1; 25,97,		正月初五迎财神，福满多多，大吉大利 ​		,张萌_萌姐,//weibo.com/3756237190/G3VAmFG5O?refer_flag=1001030103_
示威; 2018-02-20; 1; 25,98,		正月初五迎财神，福满多多，大吉大利 ​		,张萌_萌姐,//weibo.com/3756237190/G3VAmFG5O?refer_flag=1001030103_
示威; 2018-02-20; 1; 25,99,		【迎财神】戊戌年正月初五日——恭请五路财神：神光普照，镇宅光明，全家平安，事业兴隆，财源广进，身体健康，利路亨通，财力顺利，四时无灾，八节有庆，男添百福，女纳千祥，老者添福寿，少者保平安，年年进财，万事如意！  更多精彩内容敬请关注：@书画界 #书画界##书画知识大全##文房四宝# ​​​			...展开全文c,书画界,//weibo.com/3876734080/G3VBklp9i?refer_flag=1001030103_
示威; 2018-02-20; 1; 25,100,#一日一花# #早安# 香雪球。美好的語言、如一朶朶花、盛開。 ​		,等等梅梅,//weibo.com/2605628620/G3VBK8laR?refer_flag=1001030103_
示威; 2018-02-20; 1; 25,101,		“实在太心疼我妈了，提醒大家选择伴侣时一定要门当户对！” ​		,北美吐槽君,//weibo.com/3177527181/G3VBklp9B?refer_flag=1001030103_
示威; 2018-02-20; 1; 25,102,		【法国移民新提案：难民入境6个月自动获工作许可？】法国执政党议员Aurélien Taché周一(2月19日)向法国政府提交关于改革难民融入制度的72条建议。建议要点包括①难民递交材料六个月后，无论材料是否批复都能自动获得工作许可(德国目前仅为3个月)。②申请被拒后必须被遣返，曾持有工作许可的不算非法 ​			...展开全文c,欧洲时报,//weibo.com/1763351504/G3VCy0ErO?refer_flag=1001030103_
示威; 2018-02-20; 1; 25,103,		【 红运年年 … 】 ​		,中国书画诗词院,//weibo.com/2804506181/G3VBkEqgE?refer_flag=1001030103_
示威; 2018-02-20; 1; 25,104,#一日一花# #早安# 香雪球。美好的語言、如一朶朶花、盛開。 ​		,等等梅梅,//weibo.com/2605628620/G3VBK8laR?refer_flag=1001030103_
示威; 2018-02-20; 1; 25,105,		这个点没睡呢 还是睡醒了 我睡醒了硬躺了半个小时了 ​		,粽粽粽粽粽粽粽,//weibo.com/1991194723/G3VHOwvnv?refer_flag=1001030103_
示威; 2018-02-20; 1; 25,106,		耳不闻人之非，目不视人之短，口不言人之过。 ​​​​		,正能量录,//weibo.com/2183437642/G3VBLjc12?refer_flag=1001030103_
示威; 2018-02-20; 1; 25,107,		“实在太心疼我妈了，提醒大家选择伴侣时一定要门当户对！” ​		,北美吐槽君,//weibo.com/3177527181/G3VBklp9B?refer_flag=1001030103_
示威; 2018-02-20; 1; 25,108,		正月初五迎财神，福满多多，大吉大利 ​		,张萌_萌姐,//weibo.com/3756237190/G3VAmFG5O?refer_flag=1001030103_
示威; 2018-02-20; 1; 25,109,		【迎财神】戊戌年正月初五日——恭请五路财神：神光普照，镇宅光明，全家平安，事业兴隆，财源广进，身体健康，利路亨通，财力顺利，四时无灾，八节有庆，男添百福，女纳千祥，老者添福寿，少者保平安，年年进财，万事如意！  更多精彩内容敬请关注：@书画界 #书画界##书画知识大全##文房四宝# ​​​			...展开全文c,书画界,//weibo.com/3876734080/G3VBklp9i?refer_flag=1001030103_
示威; 2018-02-20; 1; 25,110,#一日一花# #早安# 香雪球。美好的語言、如一朶朶花、盛開。 ​		,等等梅梅,//weibo.com/2605628620/G3VBK8laR?refer_flag=1001030103_
示威; 2018-02-20; 1; 25,111,		【 红运年年 … 】 ​		,中国书画诗词院,//weibo.com/2804506181/G3VBkEqgE?refer_flag=1001030103_
示威; 2018-02-20; 1; 25,112,		焦糖色怎么才能穿出高级感？ ​		,挑款师Zoe,//weibo.com/3650121242/G3VBLhPsW?refer_flag=1001030103_
示威; 2018-02-20; 1; 25,113,		“一个非典型女孩的成长史” ​		,神奇的吐槽君,//weibo.com/3948798687/G3VBkEqgn?refer_flag=1001030103_
示威; 2018-02-20; 1; 25,114,#一日一花# #早安# 香雪球。美好的語言、如一朶朶花、盛開。 ​		,等等梅梅,//weibo.com/2605628620/G3VBK8laR?refer_flag=1001030103_
示威; 2018-02-20; 1; 25,115,		【 红运年年 … 】 ​		,中国书画诗词院,//weibo.com/2804506181/G3VBkEqgE?refer_flag=1001030103_
示威; 2018-02-20; 1; 25,116,		“实在太心疼我妈了，提醒大家选择伴侣时一定要门当户对！” ​		,北美吐槽君,//weibo.com/3177527181/G3VBklp9B?refer_flag=1001030103_
示威; 2018-02-20; 1; 25,117,		这个点没睡呢 还是睡醒了 我睡醒了硬躺了半个小时了 ​		,粽粽粽粽粽粽粽,//weibo.com/1991194723/G3VHOwvnv?refer_flag=1001030103_
示威; 2018-02-20; 1; 25,118,		焦糖色怎么才能穿出高级感？ ​		,挑款师Zoe,//weibo.com/3650121242/G3VBLhPsW?refer_flag=1001030103_
示威; 2018-02-20; 1; 25,119,		【 红运年年 … 】 ​		,中国书画诗词院,//weibo.com/2804506181/G3VBkEqgE?refer_flag=1001030103_
示威; 2018-02-20; 1; 25,120,		耳不闻人之非，目不视人之短，口不言人之过。 ​​​​		,正能量录,//weibo.com/2183437642/G3VBLjc12?refer_flag=1001030103_
示威; 2018-02-20; 1; 25,121,		“一个非典型女孩的成长史” ​		,神奇的吐槽君,//weibo.com/3948798687/G3VBkEqgn?refer_flag=1001030103_
示威; 2018-02-20; 1; 25,122,		【法国移民新提案：难民入境6个月自动获工作许可？】法国执政党议员Aurélien Taché周一(2月19日)向法国政府提交关于改革难民融入制度的72条建议。建议要点包括①难民递交材料六个月后，无论材料是否批复都能自动获得工作许可(德国目前仅为3个月)。②申请被拒后必须被遣返，曾持有工作许可的不算非法 ​			...展开全文c,欧洲时报,//weibo.com/1763351504/G3VCy0ErO?refer_flag=1001030103_
示威; 2018-02-20; 1; 25,123,		“实在太心疼我妈了，提醒大家选择伴侣时一定要门当户对！” ​		,北美吐槽君,//weibo.com/3177527181/G3VBklp9B?refer_flag=1001030103_
示威; 2018-02-20; 1; 25,124,		这个点没睡呢 还是睡醒了 我睡醒了硬躺了半个小时了 ​		,粽粽粽粽粽粽粽,//weibo.com/1991194723/G3VHOwvnv?refer_flag=1001030103_
示威; 2018-02-20; 1; 25,125,		【法国移民新提案：难民入境6个月自动获工作许可？】法国执政党议员Aurélien Taché周一(2月19日)向法国政府提交关于改革难民融入制度的72条建议。建议要点包括①难民递交材料六个月后，无论材料是否批复都能自动获得工作许可(德国目前仅为3个月)。②申请被拒后必须被遣返，曾持有工作许可的不算非法 ​			...展开全文c,欧洲时报,//weibo.com/1763351504/G3VCy0ErO?refer_flag=1001030103_
示威; 2018-02-20; 1; 25,126,#一日一花# #早安# 香雪球。美好的語言、如一朶朶花、盛開。 ​		,等等梅梅,//weibo.com/2605628620/G3VBK8laR?refer_flag=1001030103_
示威; 2018-02-20; 1; 25,127,		【 红运年年 … 】 ​		,中国书画诗词院,//weibo.com/2804506181/G3VBkEqgE?refer_flag=1001030103_
示威; 2018-02-20; 1; 25,128,		这个点没睡呢 还是睡醒了 我睡醒了硬躺了半个小时了 ​		,粽粽粽粽粽粽粽,//weibo.com/1991194723/G3VHOwvnv?refer_flag=1001030103_
示威; 2018-02-20; 1; 25,129,		“一个非典型女孩的成长史” ​		,神奇的吐槽君,//weibo.com/3948798687/G3VBkEqgn?refer_flag=1001030103_
示威; 2018-02-20; 1; 25,130,		“实在太心疼我妈了，提醒大家选择伴侣时一定要门当户对！” ​		,北美吐槽君,//weibo.com/3177527181/G3VBklp9B?refer_flag=1001030103_
示威; 2018-02-20; 1; 25,131,		耳不闻人之非，目不视人之短，口不言人之过。 ​​​​		,正能量录,//weibo.com/2183437642/G3VBLjc12?refer_flag=1001030103_
示威; 2018-02-20; 1; 25,132,		【法国移民新提案：难民入境6个月自动获工作许可？】法国执政党议员Aurélien Taché周一(2月19日)向法国政府提交关于改革难民融入制度的72条建议。建议要点包括①难民递交材料六个月后，无论材料是否批复都能自动获得工作许可(德国目前仅为3个月)。②申请被拒后必须被遣返，曾持有工作许可的不算非法 ​			...展开全文c,欧洲时报,//weibo.com/1763351504/G3VCy0ErO?refer_flag=1001030103_
