query,Post ID,Post Content,nickname,link
示威; 2018-02-20; 1; 25,1,#王牌对王牌#节目组这是在向粉丝示威吗，你们家wt大导演为了一个不是王源粉丝的人公开艾特王源，自己剪辑差还不让人说了是吗，每期都打情感牌，就想问一句你们现场尬不尬呀，要不是王源你们收视率还不知道往哪跌呢，我们家源源录节目录到半夜，一身湿漉漉的，不是你们家孩子你们当然不心疼了，结果呢， ​			...展开全文c,我们家的源儿小哥哥,//weibo.com/6330031511/G3TGugZJL?refer_flag=1001030103_
示威; 2018-02-20; 1; 25,2,		//@子夜读味:再讲一个，2001年报中美南海撞机，中方牺牲一名飞行员。当时有人去美领馆示威，有几家媒体的记者去了现场，我也去了，刚到没多久，就听到一个便衣在角落打电话，说有五家报纸的人，没几分钟我接到领导电话让我撤。我当时真特玛震惊呀，他怎么知道有5家甚至我是谁都知道的？这说明我们根本		,常识很奢侈,//weibo.com//G3QDeyijj?refer_flag=1001030103_
示威; 2018-02-20; 1; 25,3,	  抱歉，由于作者设置，你暂时没有这条微博的查看权限哦。查看帮助：http://t.cn/RfdBWwP ​	,NA,//weibo.com/2619135871/G3TDOxo0b?refer_flag=1001030103_
示威; 2018-02-20; 1; 25,4,		ULC997?内马车上淫杀媚娘，然后以特殊手法令马儿临死前拖着车子往边荒集奔来，向我们示威。? ​		,席席_fjy,//weibo.com/6436028885/G3TDIyJoB?refer_flag=1001030103_
示威; 2018-02-20; 1; 25,5,		再讲一个，2001年报中美南海撞机，中方牺牲一名飞行员。当时有人去美领馆示威，有几家媒体的记者去了现场，我也去了，刚到没多久，就听到一个便衣在角落打电话，说有五家报纸的人，没几分钟我接到领导电话让我撤。我当时真特玛震惊呀，他怎么知道有5家甚至我是谁都知道的？这说明我们根本就是透明的。		,子夜读味,//weibo.com//G3QDeyijj?refer_flag=1001030103_
示威; 2018-02-20; 1; 25,6,	  抱歉，由于作者设置，你暂时没有这条微博的查看权限哦。查看帮助：http://t.cn/RfdBWwP ​	,NA,//weibo.com/1228064843/G3TDs5Epy?refer_flag=1001030103_
示威; 2018-02-20; 1; 25,7,		初五迎财神的两个小诀窍：读书和健身。读书使你觉得钱不重要；健身使你很多时候不用花钱（严肃脸）。#我应该是整个微博最正能量的博主了吧# ​		,马薇薇,//weibo.com/1720788860/G3TYmq5hm?refer_flag=1001030103_
示威; 2018-02-20; 1; 25,8,http://t.cn/RJB2sUV ​		,胖虎哥哥哥,//weibo.com/5430358445/G3U7Bn5G2?refer_flag=1001030103_
示威; 2018-02-20; 1; 25,9,		各位有空来我家溜达溜达哈！ ​		,喵爷-吴淼,//weibo.com/1677875323/G3TZ49UKm?refer_flag=1001030103_
示威; 2018-02-20; 1; 25,10,		结冰的蹦床 http://t.cn/RRD505C ​		,狮鸢,//weibo.com/1678366407/G3TZ2Bifm?refer_flag=1001030103_
示威; 2018-02-20; 1; 25,11,		当有人突然从你的生命中消失，不用问为什么，只是他或她到了该走的时候了，你只需要接受就好，不论朋友还是恋人。所谓成熟，就是知道有些事情终究无能为力。 ​		,季箐,//weibo.com/3071912693/G3U3FwCuF?refer_flag=1001030103_
示威; 2018-02-20; 1; 25,12,		当有人突然从你的生命中消失，不用问为什么，只是他或她到了该走的时候了，你只需要接受就好，不论朋友还是恋人。所谓成熟，就是知道有些事情终究无能为力。 ​		,季箐,//weibo.com/3071912693/G3U3FwCuF?refer_flag=1001030103_
示威; 2018-02-20; 1; 25,13,		大年初五大家都在迎财神，我来送你们一个大的 ​		,毒奶色,//weibo.com/1817472001/G3U2A9YqD?refer_flag=1001030103_
示威; 2018-02-20; 1; 25,14,		结冰的蹦床 http://t.cn/RRD505C ​		,狮鸢,//weibo.com/1678366407/G3TZ2Bifm?refer_flag=1001030103_
示威; 2018-02-20; 1; 25,15,		【抄台词】“浪是海的名作。” ​		,李诞,//weibo.com/1288345514/G3UblkBSk?refer_flag=1001030103_
示威; 2018-02-20; 1; 25,16,		各位有空来我家溜达溜达哈！ ​		,喵爷-吴淼,//weibo.com/1677875323/G3TZ49UKm?refer_flag=1001030103_
示威; 2018-02-20; 1; 25,17,		【重庆民警过年执勤被刺牺牲 行凶男子被批捕】2月18日大年初三，@重庆交巡警 杨雪峰执行公务时被一男子刺伤，因失血过多不幸殉职。据@平安渝北 通报称，张某因不满杨雪峰纠违，拿尖刀趁其不备行凶。19日，渝北区检察院通报，经审查决定依法对张某以涉嫌故意杀人罪批准逮捕。@时间视频 ​			...展开全文c,头条新闻,//weibo.com/1618051664/G3U14ve8h?refer_flag=1001030103_
示威; 2018-02-20; 1; 25,18,Happy Birthday Rihanna ～ ​		,复古写真馆,//weibo.com/2734116907/G3U4m6am3?refer_flag=1001030103_
示威; 2018-02-20; 1; 25,19,		各位有空来我家溜达溜达哈！ ​		,喵爷-吴淼,//weibo.com/1677875323/G3TZ49UKm?refer_flag=1001030103_
示威; 2018-02-20; 1; 25,20,		当有人突然从你的生命中消失，不用问为什么，只是他或她到了该走的时候了，你只需要接受就好，不论朋友还是恋人。所谓成熟，就是知道有些事情终究无能为力。 ​		,季箐,//weibo.com/3071912693/G3U3FwCuF?refer_flag=1001030103_
示威; 2018-02-20; 1; 25,21,"		""突如其来的脾气大概是积攒了很久的委屈。"" ​​​​		",思想聚焦,//weibo.com/1742566624/G3U1w10Pu?refer_flag=1001030103_
示威; 2018-02-20; 1; 25,22,		初五迎财神的两个小诀窍：读书和健身。读书使你觉得钱不重要；健身使你很多时候不用花钱（严肃脸）。#我应该是整个微博最正能量的博主了吧# ​		,马薇薇,//weibo.com/1720788860/G3TYmq5hm?refer_flag=1001030103_
示威; 2018-02-20; 1; 25,23,Happy Birthday Rihanna ～ ​		,复古写真馆,//weibo.com/2734116907/G3U4m6am3?refer_flag=1001030103_
示威; 2018-02-20; 1; 25,24,		当有人突然从你的生命中消失，不用问为什么，只是他或她到了该走的时候了，你只需要接受就好，不论朋友还是恋人。所谓成熟，就是知道有些事情终究无能为力。 ​		,季箐,//weibo.com/3071912693/G3U3FwCuF?refer_flag=1001030103_
示威; 2018-02-20; 1; 25,25,"		""突如其来的脾气大概是积攒了很久的委屈。"" ​​​​		",思想聚焦,//weibo.com/1742566624/G3U1w10Pu?refer_flag=1001030103_
示威; 2018-02-20; 1; 25,26,		结冰的蹦床 http://t.cn/RRD505C ​		,狮鸢,//weibo.com/1678366407/G3TZ2Bifm?refer_flag=1001030103_
示威; 2018-02-20; 1; 25,27,		【重庆民警过年执勤被刺牺牲 行凶男子被批捕】2月18日大年初三，@重庆交巡警 杨雪峰执行公务时被一男子刺伤，因失血过多不幸殉职。据@平安渝北 通报称，张某因不满杨雪峰纠违，拿尖刀趁其不备行凶。19日，渝北区检察院通报，经审查决定依法对张某以涉嫌故意杀人罪批准逮捕。@时间视频 ​			...展开全文c,头条新闻,//weibo.com/1618051664/G3U14ve8h?refer_flag=1001030103_
示威; 2018-02-20; 1; 25,28,		【抄台词】“浪是海的名作。” ​		,李诞,//weibo.com/1288345514/G3UblkBSk?refer_flag=1001030103_
示威; 2018-02-20; 1; 25,29,		结冰的蹦床 http://t.cn/RRD505C ​		,狮鸢,//weibo.com/1678366407/G3TZ2Bifm?refer_flag=1001030103_
示威; 2018-02-20; 1; 25,30,http://t.cn/RJB2sUV ​		,胖虎哥哥哥,//weibo.com/5430358445/G3U7Bn5G2?refer_flag=1001030103_
示威; 2018-02-20; 1; 25,31,		各位有空来我家溜达溜达哈！ ​		,喵爷-吴淼,//weibo.com/1677875323/G3TZ49UKm?refer_flag=1001030103_
示威; 2018-02-20; 1; 25,32,"		""突如其来的脾气大概是积攒了很久的委屈。"" ​​​​		",思想聚焦,//weibo.com/1742566624/G3U1w10Pu?refer_flag=1001030103_
示威; 2018-02-20; 1; 25,33,http://t.cn/RJB2sUV ​		,胖虎哥哥哥,//weibo.com/5430358445/G3U7Bn5G2?refer_flag=1001030103_
示威; 2018-02-20; 1; 25,34,		【抄台词】“浪是海的名作。” ​		,李诞,//weibo.com/1288345514/G3UblkBSk?refer_flag=1001030103_
示威; 2018-02-20; 1; 25,35,		初五迎财神的两个小诀窍：读书和健身。读书使你觉得钱不重要；健身使你很多时候不用花钱（严肃脸）。#我应该是整个微博最正能量的博主了吧# ​		,马薇薇,//weibo.com/1720788860/G3TYmq5hm?refer_flag=1001030103_
示威; 2018-02-20; 1; 25,36,		当有人突然从你的生命中消失，不用问为什么，只是他或她到了该走的时候了，你只需要接受就好，不论朋友还是恋人。所谓成熟，就是知道有些事情终究无能为力。 ​		,季箐,//weibo.com/3071912693/G3U3FwCuF?refer_flag=1001030103_
示威; 2018-02-20; 1; 25,37,		当有人突然从你的生命中消失，不用问为什么，只是他或她到了该走的时候了，你只需要接受就好，不论朋友还是恋人。所谓成熟，就是知道有些事情终究无能为力。 ​		,季箐,//weibo.com/3071912693/G3U3FwCuF?refer_flag=1001030103_
示威; 2018-02-20; 1; 25,38,		各位有空来我家溜达溜达哈！ ​		,喵爷-吴淼,//weibo.com/1677875323/G3TZ49UKm?refer_flag=1001030103_
示威; 2018-02-20; 1; 25,39,		大年初五大家都在迎财神，我来送你们一个大的 ​		,毒奶色,//weibo.com/1817472001/G3U2A9YqD?refer_flag=1001030103_
示威; 2018-02-20; 1; 25,40,		结冰的蹦床 http://t.cn/RRD505C ​		,狮鸢,//weibo.com/1678366407/G3TZ2Bifm?refer_flag=1001030103_
示威; 2018-02-20; 1; 25,41,		【抄台词】“浪是海的名作。” ​		,李诞,//weibo.com/1288345514/G3UblkBSk?refer_flag=1001030103_
示威; 2018-02-20; 1; 25,42,Happy Birthday Rihanna ～ ​		,复古写真馆,//weibo.com/2734116907/G3U4m6am3?refer_flag=1001030103_
示威; 2018-02-20; 1; 25,43,		结冰的蹦床 http://t.cn/RRD505C ​		,狮鸢,//weibo.com/1678366407/G3TZ2Bifm?refer_flag=1001030103_
示威; 2018-02-20; 1; 25,44,		【重庆民警过年执勤被刺牺牲 行凶男子被批捕】2月18日大年初三，@重庆交巡警 杨雪峰执行公务时被一男子刺伤，因失血过多不幸殉职。据@平安渝北 通报称，张某因不满杨雪峰纠违，拿尖刀趁其不备行凶。19日，渝北区检察院通报，经审查决定依法对张某以涉嫌故意杀人罪批准逮捕。@时间视频 ​			...展开全文c,头条新闻,//weibo.com/1618051664/G3U14ve8h?refer_flag=1001030103_
示威; 2018-02-20; 1; 25,45,		初五迎财神的两个小诀窍：读书和健身。读书使你觉得钱不重要；健身使你很多时候不用花钱（严肃脸）。#我应该是整个微博最正能量的博主了吧# ​		,马薇薇,//weibo.com/1720788860/G3TYmq5hm?refer_flag=1001030103_
示威; 2018-02-20; 1; 25,46,"		""突如其来的脾气大概是积攒了很久的委屈。"" ​​​​		",思想聚焦,//weibo.com/1742566624/G3U1w10Pu?refer_flag=1001030103_
示威; 2018-02-20; 1; 25,47,		当有人突然从你的生命中消失，不用问为什么，只是他或她到了该走的时候了，你只需要接受就好，不论朋友还是恋人。所谓成熟，就是知道有些事情终究无能为力。 ​		,季箐,//weibo.com/3071912693/G3U3FwCuF?refer_flag=1001030103_
示威; 2018-02-20; 1; 25,48,		大年初五大家都在迎财神，我来送你们一个大的 ​		,毒奶色,//weibo.com/1817472001/G3U2A9YqD?refer_flag=1001030103_
示威; 2018-02-20; 1; 25,49,		各位有空来我家溜达溜达哈！ ​		,喵爷-吴淼,//weibo.com/1677875323/G3TZ49UKm?refer_flag=1001030103_
示威; 2018-02-20; 1; 25,50,		【重庆民警过年执勤被刺牺牲 行凶男子被批捕】2月18日大年初三，@重庆交巡警 杨雪峰执行公务时被一男子刺伤，因失血过多不幸殉职。据@平安渝北 通报称，张某因不满杨雪峰纠违，拿尖刀趁其不备行凶。19日，渝北区检察院通报，经审查决定依法对张某以涉嫌故意杀人罪批准逮捕。@时间视频 ​			...展开全文c,头条新闻,//weibo.com/1618051664/G3U14ve8h?refer_flag=1001030103_
示威; 2018-02-20; 1; 25,51,http://t.cn/RJB2sUV ​		,胖虎哥哥哥,//weibo.com/5430358445/G3U7Bn5G2?refer_flag=1001030103_
示威; 2018-02-20; 1; 25,52,		【抄台词】“浪是海的名作。” ​		,李诞,//weibo.com/1288345514/G3UblkBSk?refer_flag=1001030103_
示威; 2018-02-20; 1; 25,53,Happy Birthday Rihanna ～ ​		,复古写真馆,//weibo.com/2734116907/G3U4m6am3?refer_flag=1001030103_
示威; 2018-02-20; 1; 25,54,		初五迎财神的两个小诀窍：读书和健身。读书使你觉得钱不重要；健身使你很多时候不用花钱（严肃脸）。#我应该是整个微博最正能量的博主了吧# ​		,马薇薇,//weibo.com/1720788860/G3TYmq5hm?refer_flag=1001030103_
示威; 2018-02-20; 1; 25,55,		当有人突然从你的生命中消失，不用问为什么，只是他或她到了该走的时候了，你只需要接受就好，不论朋友还是恋人。所谓成熟，就是知道有些事情终究无能为力。 ​		,季箐,//weibo.com/3071912693/G3U3FwCuF?refer_flag=1001030103_
示威; 2018-02-20; 1; 25,56,http://t.cn/RJB2sUV ​		,胖虎哥哥哥,//weibo.com/5430358445/G3U7Bn5G2?refer_flag=1001030103_
示威; 2018-02-20; 1; 25,57,		结冰的蹦床 http://t.cn/RRD505C ​		,狮鸢,//weibo.com/1678366407/G3TZ2Bifm?refer_flag=1001030103_
示威; 2018-02-20; 1; 25,58,"		""突如其来的脾气大概是积攒了很久的委屈。"" ​​​​		",思想聚焦,//weibo.com/1742566624/G3U1w10Pu?refer_flag=1001030103_
示威; 2018-02-20; 1; 25,59,		各位有空来我家溜达溜达哈！ ​		,喵爷-吴淼,//weibo.com/1677875323/G3TZ49UKm?refer_flag=1001030103_
示威; 2018-02-20; 1; 25,60,http://t.cn/RJB2sUV ​		,胖虎哥哥哥,//weibo.com/5430358445/G3U7Bn5G2?refer_flag=1001030103_
示威; 2018-02-20; 1; 25,61,		初五迎财神的两个小诀窍：读书和健身。读书使你觉得钱不重要；健身使你很多时候不用花钱（严肃脸）。#我应该是整个微博最正能量的博主了吧# ​		,马薇薇,//weibo.com/1720788860/G3TYmq5hm?refer_flag=1001030103_
示威; 2018-02-20; 1; 25,62,"		""突如其来的脾气大概是积攒了很久的委屈。"" ​​​​		",思想聚焦,//weibo.com/1742566624/G3U1w10Pu?refer_flag=1001030103_
示威; 2018-02-20; 1; 25,63,		当有人突然从你的生命中消失，不用问为什么，只是他或她到了该走的时候了，你只需要接受就好，不论朋友还是恋人。所谓成熟，就是知道有些事情终究无能为力。 ​		,季箐,//weibo.com/3071912693/G3U3FwCuF?refer_flag=1001030103_
示威; 2018-02-20; 1; 25,64,Happy Birthday Rihanna ～ ​		,复古写真馆,//weibo.com/2734116907/G3U4m6am3?refer_flag=1001030103_
示威; 2018-02-20; 1; 25,65,		各位有空来我家溜达溜达哈！ ​		,喵爷-吴淼,//weibo.com/1677875323/G3TZ49UKm?refer_flag=1001030103_
示威; 2018-02-20; 1; 25,66,		结冰的蹦床 http://t.cn/RRD505C ​		,狮鸢,//weibo.com/1678366407/G3TZ2Bifm?refer_flag=1001030103_
示威; 2018-02-20; 1; 25,67,		当有人突然从你的生命中消失，不用问为什么，只是他或她到了该走的时候了，你只需要接受就好，不论朋友还是恋人。所谓成熟，就是知道有些事情终究无能为力。 ​		,季箐,//weibo.com/3071912693/G3U3FwCuF?refer_flag=1001030103_
示威; 2018-02-20; 1; 25,68,Happy Birthday Rihanna ～ ​		,复古写真馆,//weibo.com/2734116907/G3U4m6am3?refer_flag=1001030103_
示威; 2018-02-20; 1; 25,69,		大年初五大家都在迎财神，我来送你们一个大的 ​		,毒奶色,//weibo.com/1817472001/G3U2A9YqD?refer_flag=1001030103_
示威; 2018-02-20; 1; 25,70,		初五迎财神的两个小诀窍：读书和健身。读书使你觉得钱不重要；健身使你很多时候不用花钱（严肃脸）。#我应该是整个微博最正能量的博主了吧# ​		,马薇薇,//weibo.com/1720788860/G3TYmq5hm?refer_flag=1001030103_
示威; 2018-02-20; 1; 25,71,"		""突如其来的脾气大概是积攒了很久的委屈。"" ​​​​		",思想聚焦,//weibo.com/1742566624/G3U1w10Pu?refer_flag=1001030103_
示威; 2018-02-20; 1; 25,72,		【重庆民警过年执勤被刺牺牲 行凶男子被批捕】2月18日大年初三，@重庆交巡警 杨雪峰执行公务时被一男子刺伤，因失血过多不幸殉职。据@平安渝北 通报称，张某因不满杨雪峰纠违，拿尖刀趁其不备行凶。19日，渝北区检察院通报，经审查决定依法对张某以涉嫌故意杀人罪批准逮捕。@时间视频 ​			...展开全文c,头条新闻,//weibo.com/1618051664/G3U14ve8h?refer_flag=1001030103_
示威; 2018-02-20; 1; 25,73,		大年初五大家都在迎财神，我来送你们一个大的 ​		,毒奶色,//weibo.com/1817472001/G3U2A9YqD?refer_flag=1001030103_
示威; 2018-02-20; 1; 25,74,		各位有空来我家溜达溜达哈！ ​		,喵爷-吴淼,//weibo.com/1677875323/G3TZ49UKm?refer_flag=1001030103_
示威; 2018-02-20; 1; 25,75,		当有人突然从你的生命中消失，不用问为什么，只是他或她到了该走的时候了，你只需要接受就好，不论朋友还是恋人。所谓成熟，就是知道有些事情终究无能为力。 ​		,季箐,//weibo.com/3071912693/G3U3FwCuF?refer_flag=1001030103_
示威; 2018-02-20; 1; 25,76,http://t.cn/RJB2sUV ​		,胖虎哥哥哥,//weibo.com/5430358445/G3U7Bn5G2?refer_flag=1001030103_
示威; 2018-02-20; 1; 25,77,		各位有空来我家溜达溜达哈！ ​		,喵爷-吴淼,//weibo.com/1677875323/G3TZ49UKm?refer_flag=1001030103_
示威; 2018-02-20; 1; 25,78,		结冰的蹦床 http://t.cn/RRD505C ​		,狮鸢,//weibo.com/1678366407/G3TZ2Bifm?refer_flag=1001030103_
示威; 2018-02-20; 1; 25,79,		初五迎财神的两个小诀窍：读书和健身。读书使你觉得钱不重要；健身使你很多时候不用花钱（严肃脸）。#我应该是整个微博最正能量的博主了吧# ​		,马薇薇,//weibo.com/1720788860/G3TYmq5hm?refer_flag=1001030103_
示威; 2018-02-20; 1; 25,80,http://t.cn/RJB2sUV ​		,胖虎哥哥哥,//weibo.com/5430358445/G3U7Bn5G2?refer_flag=1001030103_
示威; 2018-02-20; 1; 25,81,		【抄台词】“浪是海的名作。” ​		,李诞,//weibo.com/1288345514/G3UblkBSk?refer_flag=1001030103_
示威; 2018-02-20; 1; 25,82,		当有人突然从你的生命中消失，不用问为什么，只是他或她到了该走的时候了，你只需要接受就好，不论朋友还是恋人。所谓成熟，就是知道有些事情终究无能为力。 ​		,季箐,//weibo.com/3071912693/G3U3FwCuF?refer_flag=1001030103_
示威; 2018-02-20; 1; 25,83,		【重庆民警过年执勤被刺牺牲 行凶男子被批捕】2月18日大年初三，@重庆交巡警 杨雪峰执行公务时被一男子刺伤，因失血过多不幸殉职。据@平安渝北 通报称，张某因不满杨雪峰纠违，拿尖刀趁其不备行凶。19日，渝北区检察院通报，经审查决定依法对张某以涉嫌故意杀人罪批准逮捕。@时间视频 ​			...展开全文c,头条新闻,//weibo.com/1618051664/G3U14ve8h?refer_flag=1001030103_
示威; 2018-02-20; 1; 25,84,		大年初五大家都在迎财神，我来送你们一个大的 ​		,毒奶色,//weibo.com/1817472001/G3U2A9YqD?refer_flag=1001030103_
示威; 2018-02-20; 1; 25,85,Happy Birthday Rihanna ～ ​		,复古写真馆,//weibo.com/2734116907/G3U4m6am3?refer_flag=1001030103_
示威; 2018-02-20; 1; 25,86,		结冰的蹦床 http://t.cn/RRD505C ​		,狮鸢,//weibo.com/1678366407/G3TZ2Bifm?refer_flag=1001030103_
示威; 2018-02-20; 1; 25,87,		初五迎财神的两个小诀窍：读书和健身。读书使你觉得钱不重要；健身使你很多时候不用花钱（严肃脸）。#我应该是整个微博最正能量的博主了吧# ​		,马薇薇,//weibo.com/1720788860/G3TYmq5hm?refer_flag=1001030103_
示威; 2018-02-20; 1; 25,88,		各位有空来我家溜达溜达哈！ ​		,喵爷-吴淼,//weibo.com/1677875323/G3TZ49UKm?refer_flag=1001030103_
示威; 2018-02-20; 1; 25,89,		结冰的蹦床 http://t.cn/RRD505C ​		,狮鸢,//weibo.com/1678366407/G3TZ2Bifm?refer_flag=1001030103_
示威; 2018-02-20; 1; 25,90,		【重庆民警过年执勤被刺牺牲 行凶男子被批捕】2月18日大年初三，@重庆交巡警 杨雪峰执行公务时被一男子刺伤，因失血过多不幸殉职。据@平安渝北 通报称，张某因不满杨雪峰纠违，拿尖刀趁其不备行凶。19日，渝北区检察院通报，经审查决定依法对张某以涉嫌故意杀人罪批准逮捕。@时间视频 ​			...展开全文c,头条新闻,//weibo.com/1618051664/G3U14ve8h?refer_flag=1001030103_
示威; 2018-02-20; 1; 25,91,		当有人突然从你的生命中消失，不用问为什么，只是他或她到了该走的时候了，你只需要接受就好，不论朋友还是恋人。所谓成熟，就是知道有些事情终究无能为力。 ​		,季箐,//weibo.com/3071912693/G3U3FwCuF?refer_flag=1001030103_
示威; 2018-02-20; 1; 25,92,"		""突如其来的脾气大概是积攒了很久的委屈。"" ​​​​		",思想聚焦,//weibo.com/1742566624/G3U1w10Pu?refer_flag=1001030103_
示威; 2018-02-20; 1; 25,93,		【抄台词】“浪是海的名作。” ​		,李诞,//weibo.com/1288345514/G3UblkBSk?refer_flag=1001030103_
示威; 2018-02-20; 1; 25,94,Happy Birthday Rihanna ～ ​		,复古写真馆,//weibo.com/2734116907/G3U4m6am3?refer_flag=1001030103_
示威; 2018-02-20; 1; 25,95,		当有人突然从你的生命中消失，不用问为什么，只是他或她到了该走的时候了，你只需要接受就好，不论朋友还是恋人。所谓成熟，就是知道有些事情终究无能为力。 ​		,季箐,//weibo.com/3071912693/G3U3FwCuF?refer_flag=1001030103_
示威; 2018-02-20; 1; 25,96,		【重庆民警过年执勤被刺牺牲 行凶男子被批捕】2月18日大年初三，@重庆交巡警 杨雪峰执行公务时被一男子刺伤，因失血过多不幸殉职。据@平安渝北 通报称，张某因不满杨雪峰纠违，拿尖刀趁其不备行凶。19日，渝北区检察院通报，经审查决定依法对张某以涉嫌故意杀人罪批准逮捕。@时间视频 ​			...展开全文c,头条新闻,//weibo.com/1618051664/G3U14ve8h?refer_flag=1001030103_
示威; 2018-02-20; 1; 25,97,		大年初五大家都在迎财神，我来送你们一个大的 ​		,毒奶色,//weibo.com/1817472001/G3U2A9YqD?refer_flag=1001030103_
示威; 2018-02-20; 1; 25,98,		初五迎财神的两个小诀窍：读书和健身。读书使你觉得钱不重要；健身使你很多时候不用花钱（严肃脸）。#我应该是整个微博最正能量的博主了吧# ​		,马薇薇,//weibo.com/1720788860/G3TYmq5hm?refer_flag=1001030103_
示威; 2018-02-20; 1; 25,99,		各位有空来我家溜达溜达哈！ ​		,喵爷-吴淼,//weibo.com/1677875323/G3TZ49UKm?refer_flag=1001030103_
示威; 2018-02-20; 1; 25,100,		当有人突然从你的生命中消失，不用问为什么，只是他或她到了该走的时候了，你只需要接受就好，不论朋友还是恋人。所谓成熟，就是知道有些事情终究无能为力。 ​		,季箐,//weibo.com/3071912693/G3U3FwCuF?refer_flag=1001030103_
示威; 2018-02-20; 1; 25,101,"		""突如其来的脾气大概是积攒了很久的委屈。"" ​​​​		",思想聚焦,//weibo.com/1742566624/G3U1w10Pu?refer_flag=1001030103_
示威; 2018-02-20; 1; 25,102,		【抄台词】“浪是海的名作。” ​		,李诞,//weibo.com/1288345514/G3UblkBSk?refer_flag=1001030103_
示威; 2018-02-20; 1; 25,103,		大年初五大家都在迎财神，我来送你们一个大的 ​		,毒奶色,//weibo.com/1817472001/G3U2A9YqD?refer_flag=1001030103_
示威; 2018-02-20; 1; 25,104,		初五迎财神的两个小诀窍：读书和健身。读书使你觉得钱不重要；健身使你很多时候不用花钱（严肃脸）。#我应该是整个微博最正能量的博主了吧# ​		,马薇薇,//weibo.com/1720788860/G3TYmq5hm?refer_flag=1001030103_
示威; 2018-02-20; 1; 25,105,		结冰的蹦床 http://t.cn/RRD505C ​		,狮鸢,//weibo.com/1678366407/G3TZ2Bifm?refer_flag=1001030103_
示威; 2018-02-20; 1; 25,106,Happy Birthday Rihanna ～ ​		,复古写真馆,//weibo.com/2734116907/G3U4m6am3?refer_flag=1001030103_
示威; 2018-02-20; 1; 25,107,		结冰的蹦床 http://t.cn/RRD505C ​		,狮鸢,//weibo.com/1678366407/G3TZ2Bifm?refer_flag=1001030103_
示威; 2018-02-20; 1; 25,108,		各位有空来我家溜达溜达哈！ ​		,喵爷-吴淼,//weibo.com/1677875323/G3TZ49UKm?refer_flag=1001030103_
示威; 2018-02-20; 1; 25,109,"		""突如其来的脾气大概是积攒了很久的委屈。"" ​​​​		",思想聚焦,//weibo.com/1742566624/G3U1w10Pu?refer_flag=1001030103_
示威; 2018-02-20; 1; 25,110,Happy Birthday Rihanna ～ ​		,复古写真馆,//weibo.com/2734116907/G3U4m6am3?refer_flag=1001030103_
示威; 2018-02-20; 1; 25,111,		初五迎财神的两个小诀窍：读书和健身。读书使你觉得钱不重要；健身使你很多时候不用花钱（严肃脸）。#我应该是整个微博最正能量的博主了吧# ​		,马薇薇,//weibo.com/1720788860/G3TYmq5hm?refer_flag=1001030103_
示威; 2018-02-20; 1; 25,112,"		""突如其来的脾气大概是积攒了很久的委屈。"" ​​​​		",思想聚焦,//weibo.com/1742566624/G3U1w10Pu?refer_flag=1001030103_
示威; 2018-02-20; 1; 25,113,		【抄台词】“浪是海的名作。” ​		,李诞,//weibo.com/1288345514/G3UblkBSk?refer_flag=1001030103_
示威; 2018-02-20; 1; 25,114,		初五迎财神的两个小诀窍：读书和健身。读书使你觉得钱不重要；健身使你很多时候不用花钱（严肃脸）。#我应该是整个微博最正能量的博主了吧# ​		,马薇薇,//weibo.com/1720788860/G3TYmq5hm?refer_flag=1001030103_
示威; 2018-02-20; 1; 25,115,		当有人突然从你的生命中消失，不用问为什么，只是他或她到了该走的时候了，你只需要接受就好，不论朋友还是恋人。所谓成熟，就是知道有些事情终究无能为力。 ​		,季箐,//weibo.com/3071912693/G3U3FwCuF?refer_flag=1001030103_
示威; 2018-02-20; 1; 25,116,		【重庆民警过年执勤被刺牺牲 行凶男子被批捕】2月18日大年初三，@重庆交巡警 杨雪峰执行公务时被一男子刺伤，因失血过多不幸殉职。据@平安渝北 通报称，张某因不满杨雪峰纠违，拿尖刀趁其不备行凶。19日，渝北区检察院通报，经审查决定依法对张某以涉嫌故意杀人罪批准逮捕。@时间视频 ​			...展开全文c,头条新闻,//weibo.com/1618051664/G3U14ve8h?refer_flag=1001030103_
示威; 2018-02-20; 1; 25,117,http://t.cn/RJB2sUV ​		,胖虎哥哥哥,//weibo.com/5430358445/G3U7Bn5G2?refer_flag=1001030103_
示威; 2018-02-20; 1; 25,118,		【抄台词】“浪是海的名作。” ​		,李诞,//weibo.com/1288345514/G3UblkBSk?refer_flag=1001030103_
示威; 2018-02-20; 1; 25,119,		结冰的蹦床 http://t.cn/RRD505C ​		,狮鸢,//weibo.com/1678366407/G3TZ2Bifm?refer_flag=1001030103_
示威; 2018-02-20; 1; 25,120,		大年初五大家都在迎财神，我来送你们一个大的 ​		,毒奶色,//weibo.com/1817472001/G3U2A9YqD?refer_flag=1001030103_
示威; 2018-02-20; 1; 25,121,"		""突如其来的脾气大概是积攒了很久的委屈。"" ​​​​		",思想聚焦,//weibo.com/1742566624/G3U1w10Pu?refer_flag=1001030103_
