query,Post ID,Post Content,nickname,link
示威; 2018-02-20; 1; 25,1,		中学生白宫外卧地示威，呼吁国会严格控枪时差视频的...（上#秒拍#看我的最新短视频，下载秒拍->网页链接） ​		,lady故笙诉离歌,//weibo.com/5842584970/G42Aq2dxv?refer_flag=1001030103_
示威; 2018-02-20; 1; 25,2,		一个人对你发脾气，表面是在示威，其实是在求助。 ​		,骑蚊子看唱本,//weibo.com/6270408824/G42viFeln?refer_flag=1001030103_
示威; 2018-02-20; 1; 25,3,		【俄罗斯爆发全国反普京示威 300余人被捕】2018俄罗斯大选将于今年3月18日举行，而反对派领袖纳瓦尼被当局禁止参选。1月28日，纳瓦尼在俄罗斯全国超过100个城市及市镇发起示威，数以千计的俄罗斯人手持标语走上街头。警方随后拘捕纳瓦尼，但目前他已获释。ABC新闻报道称，示威期间还有300余人被捕。 ​			...展开全文c,度日如年年年scuba,//weibo.com/6140718460/G42uN61XB?refer_flag=1001030103_
示威; 2018-02-20; 1; 25,4,#黔城视野# 佛罗里达州一所高中发生17死的枪击案后，控枪再次成为讨论的话题。19日，许多高中生聚集到白宫外面呐喊示威，呼吁国会采取行动遏制校园枪击暴力。中学生白宫... ​		,黔城视界,//weibo.com/5794562790/G42sC2r11?refer_flag=1001030103_
示威; 2018-02-20; 1; 25,5,		美国双航母向中国示威 中方霸气回应派10艘来南海也没用！ 西瓜视频 网页链接 ​		,用户646386463838355,//weibo.com/6463838355/G42kYjvR6?refer_flag=1001030103_
示威; 2018-02-20; 1; 25,6,#电影红海行动#乌克兰示威者“血洗”欧元!当地时间2014年2月3日，乌克兰基辅，乌克兰民主联盟成员及其他活动家在德意志银行前集会，要求这家银行停止与乌总统维克托·亚努科维奇家族之间的合作。 ​		,不想长大de世界,//weibo.com/5966790966/G42dLh95z?refer_flag=1001030103_
示威; 2018-02-20; 1; 25,7,		一个人对你发脾气、表面是在示威、其实是在求助 、主动吵架的那个人很凶、但是她们心里一定也很疼～ ​		,Away洁宝儿,//weibo.com/2018676357/G42cZ7o48?refer_flag=1001030103_
示威; 2018-02-20; 1; 25,8,		美国双航母向中国示威 中方霸气回应派10艘来南海也没用！ 你狗日的美国人不要太猖狂可耻敢来跟中国s示威你美国真不要脸的美国老中国，以尽狗日的美国人你十搜航母中国也让你狗日的美国航母全部跟击沉不信就试试看 网页链接 ​		,大江南北002,//weibo.com/6426233010/G42701om1?refer_flag=1001030103_
示威; 2018-02-20; 1; 25,9,		反杜特尔特视频：菲律宾民众举行反总统示威 杜特尔特变身“恶龙”遭焚烧 网页链接 ​		,鬼怎么迷了我的心窍,//weibo.com/3151110784/G426mESuY?refer_flag=1001030103_
示威; 2018-02-20; 1; 25,10,		中学生白宫外卧地示威，呼吁国会严格控枪 - 时差视频的秒拍视频 时差视频的... ​		,AliceSakuya,//weibo.com/5529164967/G41SmcaN1?refer_flag=1001030103_
示威; 2018-02-20; 1; 25,11,		昔日向我示威的我的欢儿 ​		,阿孑zz,//weibo.com/6473356445/G41RJdnlT?refer_flag=1001030103_
示威; 2018-02-20; 1; 25,12,		中环三剑客 中银 花旗和工行大厦 都过了20年了 轮们还是坚韧不拔在最繁华的地角示威，信仰的力量太强大了 |香港特别行... ​		,imLaoLiu,//weibo.com/1451062382/G41Qtv0IG?refer_flag=1001030103_
示威; 2018-02-20; 1; 25,13,		一台实用性比较强的笔记本电脑，上网本随我征战四方（也就大学和高中而已）最近频繁抗议死机示威,小豆豆的谍者洵喵喵喵,//weibo.com/5859973320/G3JhDkLMx?refer_flag=1001030103_
示威; 2018-02-20; 1; 25,14,	  评论说出你想买的东西，凡10000以内，我包买，想自己买，叔打10000给他。21号抽这位小幸运… @微博抽奖平台 ​	,NA,//weibo.com/5416724367/G41O4ArgZ?refer_flag=1001030103_
示威; 2018-02-20; 1; 25,15,		【中学生于白宫外卧地示威，呼吁国会严格控枪】14日，美国佛罗里达州一所高中发生17死、14伤的枪击惨案后，控枪再次成为全美民众热烈讨论的话题。19日，许多高中生聚集到白宫外面呐喊示威，呼吁国会采取行动，通过立法遏制愈演愈烈的校园枪击暴力。@时差视频 时差视频的... ​​​		,从宇宙黑洞飞出火凤凰,//weibo.com/5586933121/G41HVEOGE?refer_flag=1001030103_
示威; 2018-02-20; 1; 25,16,		【中学生于白宫外卧地示威，呼吁国会严格控枪】14日，美国佛罗里达州一所高中发生17死、14伤的枪击惨案后，控枪再次成为全美民众热烈讨论的话题。19日，许多高中生聚集到白宫外面呐喊示威，呼吁国会采取行动，通过立法遏制愈演愈烈的校园枪击暴力。 时差视频的... ​​​		,宿迁同城会,//weibo.com/3042809437/G41FlvU00?refer_flag=1001030103_
示威; 2018-02-20; 1; 25,17,		我发现我教育孩子的方法总是和一些权威倡导的理念背道而驰。比如搞不定小孩的时候就会诱导她:“现在乖乖听话，明天我会买你喜欢的巧克力/冰激凌/玩具等等”……虽然有效，但这就是不太好的“交易式沟通”。再就是情绪来了我也会发脾气，动手打两下来示威一下主权。这就是一大一小独处的时候，大人动 ​			...展开全文c,西卡酱,//weibo.com/1750330263/G41BF8UJA?refer_flag=1001030103_
示威; 2018-02-20; 1; 25,18,		【中学生于白宫外卧地示威，呼吁国会严格控枪】14日，美国佛罗里达州一所高中发生17死、14伤的枪击惨案后，控枪再次成为全美民众热烈讨论的话题。19日，许多高中生聚集到白宫外面呐喊示威，呼吁国会采取行动，通过立法遏制愈演愈烈的校园枪击暴力。 时差视频的... ​		,时差视频,//weibo.com/6002842109/G41zznuex?refer_flag=1001030103_
示威; 2018-02-20; 1; 25,19,		自由民主国度的示威也是别具一格，问题是酱紫有个卵用？拿枪干丫的啊,时事评论之忽悠9527号,//weibo.com/1887344341/G41eMbnPi?refer_flag=1001030103_
示威; 2018-02-20; 1; 25,20,	  【美国“总统日”，百名青少年在白宫外“躺尸”】美国佛罗里达州校园枪击案发生近一周后，约百名青少年在本周一（19日）美国“总统日”当天于白宫外“躺尸”，呼吁政府出台更为严格的枪控法案。一个被称为青少年枪支改革的组织策划了这场示威活动，他们找到了17名青少年，这17人在白宫外面横躺了3分钟 ​		...展开全文c,NA,//weibo.com/1493308137/G41xj1gON?refer_flag=1001030103_
示威; 2018-02-20; 1; 25,21,		　【7名前港警穿囚衣分送三间监狱服刑】香港7名前警员因在2014年“占中”清场期间殴打非法集会示威者曾健超，17日被判全部入狱2年，不可缓刑，近日，七人在惩教署人员押解下，身穿囚衣登上囚车，前往所分配的监狱　网页链接 ​		,兴奋fffd_89,//weibo.com/6448727898/G41uaCRIT?refer_flag=1001030103_
示威; 2018-02-20; 1; 25,22,		你们这不是自驾游，你们这是自杀游！有旅行团你不跟团玩儿，省心省力！挤在市区，还集体按喇叭示威！滚出海南！海南不欢迎你们这些蝗虫！！！ ​		,benny吴彬,//weibo.com/5641281863/G41t5bXu9?refer_flag=1001030103_
示威; 2018-02-20; 1; 25,23,		中国队被判罚？？？？！！！！要点脸么！！！！！裁判是专业的么……真是无语了……确定这是正式的国际赛事么？？？？中国代表队还不如罢赛示威得了……真是日了狗了……#2018年平昌冬季奥运会# 啥玩意儿啊办的……就是个笑话…… ​		,MO-V-MO,//weibo.com/1830023042/G41pbtWmN?refer_flag=1001030103_
示威; 2018-02-20; 1; 25,24,		美国人民有枪也不敢造反，只敢示威,李政1222955747,//weibo.com/1887344341/G41eMbnPi?refer_flag=1001030103_
示威; 2018-02-20; 1; 25,25,	  【美国“总统日”，百名青少年在白宫外“躺尸”】美国佛罗里达州校园枪击案发生近一周后，约百名青少年在本周一（19日）美国“总统日”当天于白宫外“躺尸”，呼吁政府出台更为严格的枪控法案。一个被称为青少年枪支改革的组织策划了这场示威活动，他们找到了17名青少年，这17人在白宫外面横躺了3分钟 ​		...展开全文c,NA,//weibo.com/2450208007/G41jxB0Eg?refer_flag=1001030103_
示威; 2018-02-20; 1; 25,26,		【雾大怕你死停航，你还特么鸣笛示威】因为大雾外地车辆滞留海口，把街道都占满了，本地居民不得不绕道而行，甚至有家不能回，却没有半句怨言，还投奔现场充当自愿者，为滞留人员送吃送喝。最后，滞留路上的车辆却集体鸣笛以示“抗议”，扰得周边居民无法正常生活。 海南微时代... ​		,智敏HN,//weibo.com/2117640520/G41j2CAJ5?refer_flag=1001030103_
示威; 2018-02-20; 1; 25,27,		【美国“总统日”，百名青少年在白宫外“躺尸”】美国佛罗里达州校园枪击案发生近一周后，约百名青少年在本周一（19日）美国“总统日”当天于白宫外“躺尸”，呼吁政府出台更为严格的枪控法案。一个被称为青少年枪支改革的组织策划了这场示威活动，他们找到了17名青少年，这17人在白宫外面横躺了3分钟 ​			...展开全文c,观察者网,//weibo.com/1887344341/G41eMbnPi?refer_flag=1001030103_
示威; 2018-02-20; 1; 25,28,		【佛州枪手上庭全程低头 抗议者白宫外平躺示威】（美国中文网） 四月网的秒... ​		,四月网,//weibo.com/2001369965/G41cChqD6?refer_flag=1001030103_
示威; 2018-02-20; 1; 25,29,		品品sesderma这位小编道歉声明下的评论，还觉得自己可委屈呢，还谢谢宝贝，自己找水军再自己谢谢是为向消费者示威吗？谁给你的脸呢，普天之下皆你妈了，上岗培训过吗？#sesderma# ​		,哈哈哈哈哈哈哈哈杰西卡O_o,//weibo.com/3200606927/G417B75KF?refer_flag=1001030103_
示威; 2018-02-20; 1; 25,30,		【百名青少年白宫外“躺尸” 要求政府出台更严枪控法】美国佛罗里达州校园枪击案发生近一周后，约百名青少年在本周一（2月19日）美国“总统日”当天于白宫外“躺尸”，呼吁政府出台更为严格的枪控法案。一个被称为青少年枪支改革（Teens for Gun Reform）的组织策划了这场示威活动，他们找到了17名青少 ​			...展开全文c,凤凰卫视欧洲台,//weibo.com/1741801024/G417ob8By?refer_flag=1001030103_
示威; 2018-02-20; 1; 25,31,		美国多地发生老百姓示威……工友你帮助我？吊动一组工作人员和地方部门工作人员按照以前一样…… ​		,爱国和平联盟,//weibo.com/5603299626/G416rFIHB?refer_flag=1001030103_
示威; 2018-02-20; 1; 25,32,		调侃和玩笑只是调味剂，不要让它成为要挟和示威的工具。温暖就像牛肉大米饭，主食才是持续活下去的能量。 ​		,怪咖蜀黍803,//weibo.com/5994609384/G413rqN2H?refer_flag=1001030103_
示威; 2018-02-20; 1; 25,33,		豆豆在车里不停的叫唤，我只要一摸她的头就会乖巧下来。只养了她两天，却觉得她长大了许多，会上下楼梯了，会去挑衅“大哥了”，还会对陌生人示威了。家里有个小牵挂，回家会更加期待了吧。 ​		,潘先森的小姑凉,//weibo.com/5516603955/G40YuuEfj?refer_flag=1001030103_
示威; 2018-02-20; 1; 25,34,		今天给爪子洗了澡，在浴室大声哀嚎，但是比上次洗澡好多了，上次简直是逃命似的。洗澡的时候那么生气也没有乱抓乱咬，洗完梳毛的时候示威似的往我手臂咬一口。是有多讨厌疏毛啊你！洗完澡整个喵都是香香白白的大可爱！ ​		,爪子and橘子喵生日常,//weibo.com/3517671963/G40PGF6uk?refer_flag=1001030103_
示威; 2018-02-20; 1; 25,35,		从叙利亚剧情可以看到美国的阴毒和狗血！先以民主为幌子煽动示威动摇巴沙尔，接下来鼓动军队政变成立自由军；自由军被IS利用并变节，IS猛攻政府军，俄罗斯被拉下水；培养库尔德武装占地盘，土耳其不干了，发动政变推翻埃尔多安未遂，埃尔多安倒向俄罗斯，加强对库尔德支持，土耳其被迫出兵，...... ​		,红海淘金,//weibo.com/1409419952/G40LPAZOJ?refer_flag=1001030103_
示威; 2018-02-20; 1; 25,36,		公益资讯目前，印尼境内的苏门答腊虎只留存不到只。近日，印尼雅加达，“绿色和平”组织的成员身着老虎装抱树参加抗议示威，呼吁政府加大措施保护苏门答腊虎。想问问大家对此事有何看法 ​		,c荿僦莮,//weibo.com/3989037543/G40KMne2K?refer_flag=1001030103_
示威; 2018-02-20; 1; 25,37,		很多人生气吵架后，几天、几周甚至几个月不理对方。以此示威，以此表示自己很牛，并曰：不能输给他/她，不能掉架子。不错，你没掉架子，掉的是把握亲密关系的能力和经营幸福的水平；没输给他/她，输的是自己的健康和生命。亲们：气不能过夜！ ​​​​		,步进昌盛,//weibo.com/2343613257/G40FhnAr1?refer_flag=1001030103_
示威; 2018-02-20; 1; 25,38,		反动派瓦解中共社会结构，天空示威！ ​		,谋将模式之不败君王,//weibo.com/6027481610/G40BZ9hoT?refer_flag=1001030103_
示威; 2018-02-20; 1; 25,39,		022002一位老奶奶奔波于以色[做鬼脸]列军警和巴勒斯坦示威民众之间，充当起冲突的义务调停人。她时而伸出手指训斥扔石块的抗议者，时而走到荷枪实弹的以色列大兵面前，劝诫他们不要动武。在拉架期间，老奶奶还被抗议民众碰倒在地…但她最终阻止了一场战火！人性的光辉，和平的宝贵，感谢老奶奶的勇敢！ ​			...展开全文c,湃菲,//weibo.com/2391131915/G40wv5DsF?refer_flag=1001030103_
示威; 2018-02-20; 1; 25,40,		美国：由悲转怒 学生抗议示威要求禁枪 警汪铲屎官... ​		,警汪铲屎官,//weibo.com/6244719052/G40vKDRdh?refer_flag=1001030103_
示威; 2018-02-20; 1; 25,41,		過年了 包工頭李哥還沒把工資結清 童工小文和食堂老鄭在公司樓下示威 ​		,尖東李太,//weibo.com/5984242853/G40uh1EEY?refer_flag=1001030103_
示威; 2018-02-20; 1; 25,42,		很多人生气吵架后，几天、几周甚至几个月不理对方。以此示威，以此表示自己很牛，并曰：不能输给他/她，不能掉架子。不错，你没掉架子，掉的是把握亲密关系的能力和经营幸福的水平；没输给她，输的是爱人的健康和生命。亲们：气不能过夜！ ​		,娜娜11210101,//weibo.com/2919026240/G40u2yyGn?refer_flag=1001030103_
示威; 2018-02-20; 1; 25,43,		公益资讯目前，印尼境内的苏门答腊虎只留存不到只。近日，印尼雅加达，“绿色和平”组织的成员身着老虎装抱树参加抗议示威，呼吁政府加大措施保护苏门答腊虎。想问问大家对此事有何看法 ​		,诳蕖u,//weibo.com/3974726112/G40oRkeXq?refer_flag=1001030103_
示威; 2018-02-20; 1; 25,44,		//@唱响内蒙古大学:“近朱者赤，近墨者黑”，像内蒙古大学让冯福林（为了捞钱招生造假已经违纪违法至今逍遥法外不说，还在网上上蹿下跳很是活跃！）负责学生工作能搞好吗？更奇葩的是冯福林竟被内大评为“教书育人”的先进！不知道内大党委书记朱炳文想要干什么？向谁示威？这场闹剧还要演到何时收场？		,拯救内大,//weibo.com/2974325495/FerWA9nsj?refer_flag=1001030103_
示威; 2018-02-20; 1; 25,45,	  【非思政课专业教师应特别增强授课中的思想政治教育意识】专业课的教学过程也是育人过程，需要从思想政治教育的高度，把好方向、把牢大局，认识到自身的世界观、价值倾向和道德品行会影响青年学生，甚至自身不经意的一句话，一个动作，处理的一件小事都会给学生一生留下印象、产生影响。via红旗文稿 ​	,NA,//weibo.com/1986080860/G40ottexc?refer_flag=1001030103_
示威; 2018-02-20; 1; 25,46,		【佛州枪案受害者母亲呐喊：总统，求你做点什么】18日，佛州枪案受害者家属举行示威，呼吁政府通过控枪法案。中学生们对政客喊话，“你们只有两个选择，与我们一起或者与我们为敌。当你们无所作为的时候，我们正在被杀害”。一位出席示威的受害者母亲，声泪俱下地对特朗普呐喊，“你得做点什么！” ​			...展开全文c,90后,//weibo.com/1308236857/G40jb7Y2F?refer_flag=1001030103_
示威; 2018-02-20; 1; 25,47,		转 // #天天快报# 《霸气！中国齐射10枚东风导弹向老美示威》霸气！中国齐射10枚东风导弹向老美示威 |霸气！中国... 霸气！中国... ​		,顺然远程1983,//weibo.com/5620996237/G40gS6YKd?refer_flag=1001030103_
示威; 2018-02-20; 1; 25,48,		（流星）一对青梅竹马，在学校参加过暴动，反抗，示威，然后为自己的理想，放弃了写东西，放弃了自己的家人，一无返顾的参军，一个去了前线，一个后勤，说等战争结束，就去那个地方，结婚@陈欧 @TFBOYS-王俊凯 @Mr_凡先生 @M鹿M @王思聪 @努力努力再努力x |宜宾·南溪... ​		,我只不过是疯了,//weibo.com/6190937326/G40gQkqUB?refer_flag=1001030103_
示威; 2018-02-20; 1; 25,49,		乌克兰示威者 要求弹劾总统 | 联合早报 |乌克兰示威... ​		,jc-清风明月,//weibo.com/1147953907/G40fwbZE0?refer_flag=1001030103_
示威; 2018-02-20; 1; 25,50,		转 // #天天快报# 《军事专家：这次不能忍！日本准航母闯南海示威 中国将使出必杀技！》军事专家：这次不能忍！日本准航母闯南海示威 中国将使出必杀技！ |军事专家：... 军事专家：... ​		,顺然远程1983,//weibo.com/5620996237/G408uEEAL?refer_flag=1001030103_
示威; 2018-02-20; 1; 25,51,		梵蒂冈现女权组织成【刘恺威澄清】员裸身抗议  12月25日，梵蒂冈，梵蒂冈宪兵将一名在圣，乐山大佛几乎被挤哭，彼得广场示威的女权组织Femen成员，鹿晗更新ins，带走。据媒体报道，这名女子在其赤裸的前胸上写着“上帝是女的”。 ​		,不想不念不犯贱丶,//weibo.com/6409008112/G406095p8?refer_flag=1001030103_
示威; 2018-02-20; 1; 25,52,		//@HHHHHaresss:示威,2327家的爱炫,//weibo.com/2313719642/G3Yxx5LvQ?refer_flag=1001030103_
示威; 2018-02-20; 1; 25,53,	  你们在门上贴佑猴照片干嘛 ​	,NA,//weibo.com/1768453260/G402Iuqsz?refer_flag=1001030103_
示威; 2018-02-20; 1; 25,54,示威不成的孙唔空 口袋哒的秒... ​		,口袋哒,//weibo.com/5864410917/G3ZZYhve2?refer_flag=1001030103_
示威; 2018-02-20; 1; 25,55,#电影红海行动#sh5969sh黑柴柴Maron今年三岁，虽然主人给他买了很多的玩具，可它还是喜欢让主人陪自己玩，经常叼着自己的玩具来到主人面前展开眼神攻势。如果主人不陪它，它就会换别的东西过来示威……看到最后一样东西简直哭笑不得！ ​		,Nona第9,//weibo.com/1924734734/G3ZTXoClR?refer_flag=1001030103_
示威; 2018-02-20; 1; 25,56,		［我說陽光會不見 你說你不後悔］［需要陽光的寶貝啊 別氣我不懂 別向我示威無論我多想是個太陽 卻只是另一株向日葵］這個詞真是太溫柔了啊，小心翼翼地妥協著，卻依旧拥有游刃有餘的氣力，突然想起在楊瀾訪談里她反駁說，我的將愛裏的“愛”，不是仅仅指愛情（原話並記不太清楚）。將愛進行到底， ​			...展开全文c,捌六叔叔,//weibo.com/1926080491/G3ZNNicPa?refer_flag=1001030103_
示威; 2018-02-20; 1; 25,57,		很多人生气吵架后，几天、几周甚至几个月不理对方。以此示威，以此表示自己很牛，并曰：不能输给他/她，不能掉架子。不错，你没掉架子，掉的是把握亲密关系的能力和经营幸福的水平；没输给他/她，输的是自己的健康和生命。亲们：气不能过夜！ ​​​		,安妮飞菲,//weibo.com/5851801453/G3ZNACje7?refer_flag=1001030103_
示威; 2018-02-20; 1; 25,58,赌博对社会最大的贡献，是把多余人员关进了房里，腾出就业机会，减少了社会失业压力！要是没有赌博吸引住大批闲散人员，这工作就更不好找，压力无处释放，会上街闹亊示威！中国政府始终不依从“社会科学性规律学”，老把自己意识形态当鞭子，这打一下，那抽一下，搅屎棍一样。		,埋了的影子说客,//weibo.com/2328516855/G3ZflaURB?refer_flag=1001030103_
示威; 2018-02-20; 1; 25,59,	  【十赌九输的科学证明，就算是胜负五五开赌徒也必定倾家荡产】张磊：早在18世纪初，那群热爱赌博的概率论数学家们，就提出了那个让赌徒们闻风丧胆的“赌徒破产定理”（Gambler’s ruin）。所谓赌徒破产定理，指的是在“公平”的赌博中，任何一个拥有有限赌本的赌徒，只要长期赌下去，必然有一天会输个 ​		...展开全文c,NA,//weibo.com/2649628562/G3ZNbvXTM?refer_flag=1001030103_
示威; 2018-02-20; 1; 25,60,		【佛州枪案受害者母亲呐喊：总统，求你做点什么】18日，佛州枪案受害者家属举行示威，呼吁政府通过控枪法案。中学生们对政客喊话，“你们只有两个选择，与我们一起或者与我们为敌。当你们无所作为的时候，我们正在被杀害”。一位出席示威的受害者母亲，声泪俱下地对特朗普呐喊，“你得做点什么！” ​			...展开全文c,90后,//weibo.com/1308236857/G40jb7Y2F?refer_flag=1001030103_
示威; 2018-02-20; 1; 25,61,		转 // #天天快报# 《霸气！中国齐射10枚东风导弹向老美示威》霸气！中国齐射10枚东风导弹向老美示威 |霸气！中国... 霸气！中国... ​		,顺然远程1983,//weibo.com/5620996237/G40gS6YKd?refer_flag=1001030103_
示威; 2018-02-20; 1; 25,62,		（流星）一对青梅竹马，在学校参加过暴动，反抗，示威，然后为自己的理想，放弃了写东西，放弃了自己的家人，一无返顾的参军，一个去了前线，一个后勤，说等战争结束，就去那个地方，结婚@陈欧 @TFBOYS-王俊凯 @Mr_凡先生 @M鹿M @王思聪 @努力努力再努力x |宜宾·南溪... ​		,我只不过是疯了,//weibo.com/6190937326/G40gQkqUB?refer_flag=1001030103_
示威; 2018-02-20; 1; 25,63,		乌克兰示威者 要求弹劾总统 | 联合早报 |乌克兰示威... ​		,jc-清风明月,//weibo.com/1147953907/G40fwbZE0?refer_flag=1001030103_
示威; 2018-02-20; 1; 25,64,		转 // #天天快报# 《军事专家：这次不能忍！日本准航母闯南海示威 中国将使出必杀技！》军事专家：这次不能忍！日本准航母闯南海示威 中国将使出必杀技！ |军事专家：... 军事专家：... ​		,顺然远程1983,//weibo.com/5620996237/G408uEEAL?refer_flag=1001030103_
示威; 2018-02-20; 1; 25,65,		梵蒂冈现女权组织成【刘恺威澄清】员裸身抗议  12月25日，梵蒂冈，梵蒂冈宪兵将一名在圣，乐山大佛几乎被挤哭，彼得广场示威的女权组织Femen成员，鹿晗更新ins，带走。据媒体报道，这名女子在其赤裸的前胸上写着“上帝是女的”。 ​		,不想不念不犯贱丶,//weibo.com/6409008112/G406095p8?refer_flag=1001030103_
示威; 2018-02-20; 1; 25,66,		//@HHHHHaresss:示威,2327家的爱炫,//weibo.com/2313719642/G3Yxx5LvQ?refer_flag=1001030103_
示威; 2018-02-20; 1; 25,67,	  你们在门上贴佑猴照片干嘛 ​	,NA,//weibo.com/1768453260/G402Iuqsz?refer_flag=1001030103_
示威; 2018-02-20; 1; 25,68,示威不成的孙唔空 口袋哒的秒... ​		,口袋哒,//weibo.com/5864410917/G3ZZYhve2?refer_flag=1001030103_
示威; 2018-02-20; 1; 25,69,#电影红海行动#sh5969sh黑柴柴Maron今年三岁，虽然主人给他买了很多的玩具，可它还是喜欢让主人陪自己玩，经常叼着自己的玩具来到主人面前展开眼神攻势。如果主人不陪它，它就会换别的东西过来示威……看到最后一样东西简直哭笑不得！ ​		,Nona第9,//weibo.com/1924734734/G3ZTXoClR?refer_flag=1001030103_
示威; 2018-02-20; 1; 25,70,		［我說陽光會不見 你說你不後悔］［需要陽光的寶貝啊 別氣我不懂 別向我示威無論我多想是個太陽 卻只是另一株向日葵］這個詞真是太溫柔了啊，小心翼翼地妥協著，卻依旧拥有游刃有餘的氣力，突然想起在楊瀾訪談里她反駁說，我的將愛裏的“愛”，不是仅仅指愛情（原話並記不太清楚）。將愛進行到底， ​			...展开全文c,捌六叔叔,//weibo.com/1926080491/G3ZNNicPa?refer_flag=1001030103_
示威; 2018-02-20; 1; 25,71,		很多人生气吵架后，几天、几周甚至几个月不理对方。以此示威，以此表示自己很牛，并曰：不能输给他/她，不能掉架子。不错，你没掉架子，掉的是把握亲密关系的能力和经营幸福的水平；没输给他/她，输的是自己的健康和生命。亲们：气不能过夜！ ​​​		,安妮飞菲,//weibo.com/5851801453/G3ZNACje7?refer_flag=1001030103_
示威; 2018-02-20; 1; 25,72,赌博对社会最大的贡献，是把多余人员关进了房里，腾出就业机会，减少了社会失业压力！要是没有赌博吸引住大批闲散人员，这工作就更不好找，压力无处释放，会上街闹亊示威！中国政府始终不依从“社会科学性规律学”，老把自己意识形态当鞭子，这打一下，那抽一下，搅屎棍一样。		,埋了的影子说客,//weibo.com/2328516855/G3ZflaURB?refer_flag=1001030103_
示威; 2018-02-20; 1; 25,73,	  【十赌九输的科学证明，就算是胜负五五开赌徒也必定倾家荡产】张磊：早在18世纪初，那群热爱赌博的概率论数学家们，就提出了那个让赌徒们闻风丧胆的“赌徒破产定理”（Gambler’s ruin）。所谓赌徒破产定理，指的是在“公平”的赌博中，任何一个拥有有限赌本的赌徒，只要长期赌下去，必然有一天会输个 ​		...展开全文c,NA,//weibo.com/2649628562/G3ZNbvXTM?refer_flag=1001030103_
示威; 2018-02-20; 1; 25,74,		【佛州枪案受害者母亲呐喊：总统，求你做点什么】18日，佛州枪案受害者家属举行示威，呼吁政府通过控枪法案。中学生们对政客喊话，“你们只有两个选择，与我们一起或者与我们为敌。当你们无所作为的时候，我们正在被杀害”。一位出席示威的受害者母亲，声泪俱下地对特朗普呐喊，“你得做点什么！” ​			...展开全文c,90后,//weibo.com/1308236857/G40jb7Y2F?refer_flag=1001030103_
示威; 2018-02-20; 1; 25,75,		转 // #天天快报# 《霸气！中国齐射10枚东风导弹向老美示威》霸气！中国齐射10枚东风导弹向老美示威 |霸气！中国... 霸气！中国... ​		,顺然远程1983,//weibo.com/5620996237/G40gS6YKd?refer_flag=1001030103_
示威; 2018-02-20; 1; 25,76,		（流星）一对青梅竹马，在学校参加过暴动，反抗，示威，然后为自己的理想，放弃了写东西，放弃了自己的家人，一无返顾的参军，一个去了前线，一个后勤，说等战争结束，就去那个地方，结婚@陈欧 @TFBOYS-王俊凯 @Mr_凡先生 @M鹿M @王思聪 @努力努力再努力x |宜宾·南溪... ​		,我只不过是疯了,//weibo.com/6190937326/G40gQkqUB?refer_flag=1001030103_
示威; 2018-02-20; 1; 25,77,		乌克兰示威者 要求弹劾总统 | 联合早报 |乌克兰示威... ​		,jc-清风明月,//weibo.com/1147953907/G40fwbZE0?refer_flag=1001030103_
示威; 2018-02-20; 1; 25,78,		转 // #天天快报# 《军事专家：这次不能忍！日本准航母闯南海示威 中国将使出必杀技！》军事专家：这次不能忍！日本准航母闯南海示威 中国将使出必杀技！ |军事专家：... 军事专家：... ​		,顺然远程1983,//weibo.com/5620996237/G408uEEAL?refer_flag=1001030103_
示威; 2018-02-20; 1; 25,79,		梵蒂冈现女权组织成【刘恺威澄清】员裸身抗议  12月25日，梵蒂冈，梵蒂冈宪兵将一名在圣，乐山大佛几乎被挤哭，彼得广场示威的女权组织Femen成员，鹿晗更新ins，带走。据媒体报道，这名女子在其赤裸的前胸上写着“上帝是女的”。 ​		,不想不念不犯贱丶,//weibo.com/6409008112/G406095p8?refer_flag=1001030103_
示威; 2018-02-20; 1; 25,80,		//@HHHHHaresss:示威,2327家的爱炫,//weibo.com/2313719642/G3Yxx5LvQ?refer_flag=1001030103_
示威; 2018-02-20; 1; 25,81,	  你们在门上贴佑猴照片干嘛 ​	,NA,//weibo.com/1768453260/G402Iuqsz?refer_flag=1001030103_
示威; 2018-02-20; 1; 25,82,示威不成的孙唔空 口袋哒的秒... ​		,口袋哒,//weibo.com/5864410917/G3ZZYhve2?refer_flag=1001030103_
示威; 2018-02-20; 1; 25,83,#电影红海行动#sh5969sh黑柴柴Maron今年三岁，虽然主人给他买了很多的玩具，可它还是喜欢让主人陪自己玩，经常叼着自己的玩具来到主人面前展开眼神攻势。如果主人不陪它，它就会换别的东西过来示威……看到最后一样东西简直哭笑不得！ ​		,Nona第9,//weibo.com/1924734734/G3ZTXoClR?refer_flag=1001030103_
示威; 2018-02-20; 1; 25,84,		［我說陽光會不見 你說你不後悔］［需要陽光的寶貝啊 別氣我不懂 別向我示威無論我多想是個太陽 卻只是另一株向日葵］這個詞真是太溫柔了啊，小心翼翼地妥協著，卻依旧拥有游刃有餘的氣力，突然想起在楊瀾訪談里她反駁說，我的將愛裏的“愛”，不是仅仅指愛情（原話並記不太清楚）。將愛進行到底， ​			...展开全文c,捌六叔叔,//weibo.com/1926080491/G3ZNNicPa?refer_flag=1001030103_
示威; 2018-02-20; 1; 25,85,		很多人生气吵架后，几天、几周甚至几个月不理对方。以此示威，以此表示自己很牛，并曰：不能输给他/她，不能掉架子。不错，你没掉架子，掉的是把握亲密关系的能力和经营幸福的水平；没输给他/她，输的是自己的健康和生命。亲们：气不能过夜！ ​​​		,安妮飞菲,//weibo.com/5851801453/G3ZNACje7?refer_flag=1001030103_
示威; 2018-02-20; 1; 25,86,赌博对社会最大的贡献，是把多余人员关进了房里，腾出就业机会，减少了社会失业压力！要是没有赌博吸引住大批闲散人员，这工作就更不好找，压力无处释放，会上街闹亊示威！中国政府始终不依从“社会科学性规律学”，老把自己意识形态当鞭子，这打一下，那抽一下，搅屎棍一样。		,埋了的影子说客,//weibo.com/2328516855/G3ZflaURB?refer_flag=1001030103_
示威; 2018-02-20; 1; 25,87,	  【十赌九输的科学证明，就算是胜负五五开赌徒也必定倾家荡产】张磊：早在18世纪初，那群热爱赌博的概率论数学家们，就提出了那个让赌徒们闻风丧胆的“赌徒破产定理”（Gambler’s ruin）。所谓赌徒破产定理，指的是在“公平”的赌博中，任何一个拥有有限赌本的赌徒，只要长期赌下去，必然有一天会输个 ​		...展开全文c,NA,//weibo.com/2649628562/G3ZNbvXTM?refer_flag=1001030103_
示威; 2018-02-20; 1; 25,88,#中国赞##公益资讯#目前，印尼境内的苏门答腊虎只留存不到400只。近日，印尼雅加达，“绿色和平”组织的成员身着老虎装抱树参加抗议示威，呼吁政府加大措施保护苏门答腊虎。想问问大家对此事有何看法t.cn/zOllWcd ​		,一路狂飙001,//weibo.com/3166200777/G3Yq2vlYQ?refer_flag=1001030103_
示威; 2018-02-20; 1; 25,89,		“近朱者赤，近墨者黑”，像内蒙古大学让冯福林（为了捞钱招生造假已经违纪违法至今逍遥法外不说，还在网上上蹿下跳很是活跃！）负责学生工作能搞好吗？更奇葩的是冯福林竟被内大评为“教书育人”的先进！不知道内大党委书记朱炳文之流想要干什么？向谁示威？这场闹剧还要演到何时收场？@清风内蒙古,拯救内大,//weibo.com/2974325495/FerWA9nsj?refer_flag=1001030103_
示威; 2018-02-20; 1; 25,90,	  【非思政课专业教师应特别增强授课中的思想政治教育意识】专业课的教学过程也是育人过程，需要从思想政治教育的高度，把好方向、把牢大局，认识到自身的世界观、价值倾向和道德品行会影响青年学生，甚至自身不经意的一句话，一个动作，处理的一件小事都会给学生一生留下印象、产生影响。via红旗文稿 ​	,NA,//weibo.com/1986080860/G3YphvVHy?refer_flag=1001030103_
示威; 2018-02-20; 1; 25,91,#中国赞##公益资讯#目前，印尼境内的苏门答腊虎只留存不到400只。近日，印尼雅加达，“绿色和平”组织的成员身着老虎装抱树参加抗议示威，呼吁政府加大措施保护苏门答腊虎。想问问大家对此事有何看法t.cn/zOllWcd ​		,傲慢的dfefdfdfdf,//weibo.com/2592434881/G3Yjwys06?refer_flag=1001030103_
示威; 2018-02-20; 1; 25,92,		强的巾帼，大有示威挑VWN871衅的味道，确令人疑惑。” 在座者都是久经场面的老江湖，思虑周? ​		,和车_kte,//weibo.com/6450239429/G3YiMseSw?refer_flag=1001030103_
示威; 2018-02-20; 1; 25,93,		真是受不了有的人，三观有问题还整天装蠢，明明是心机婊却搞得一群人都觉得她天真无邪，说话绵里藏针暗地挤兑别人，所有人都要围着她转，别人渐渐厌烦了就马上装作胸怀宽阔，再想方设法拼命找人玩顺便发个空间示威，真搞不懂您得天独厚的存在感哪里来的，您现在已经活得像个目光短浅的米虫了知道吗昨 ​			...展开全文c,裙摆藏风,//weibo.com/2114742535/G3YaSz7XU?refer_flag=1001030103_
示威; 2018-02-20; 1; 25,94,		公益资讯目前，印尼境内的苏门答腊虎只留存不到只。近日，印尼雅加达，“绿色和平”组织的成员身着老虎装抱树参加抗议示威，呼吁政府加大措施保护苏门答腊虎。想问问大家对此事有何看法 ​		,小帅哥苏曲朗,//weibo.com/5045950082/G3Y9eky2E?refer_flag=1001030103_
示威; 2018-02-20; 1; 25,95,		??之。而其发生的时间，正值钟VWN871楼议会召开的一刻，更充满挑战示威的意图。 究竟是花妖继 ​		,濮水扶_ysuo,//weibo.com/6449856306/G3XYga4MT?refer_flag=1001030103_
示威; 2018-02-20; 1; 25,96,		【佛州枪案受害者母亲呐喊：总统，求你做点什么】18日，佛州枪案受害者家属举行示威，呼吁政府通过控枪法案。中学生们对政客喊话，“你们只有两个选择，与我们一起或者与我们为敌。当你们无所作为的时候，我们正在被杀害”。一位出席示威的受害者母亲，声泪俱下地对特朗普呐喊，“你得做点什么！” ​			...展开全文c,常德网警巡查执法,//weibo.com/5925579843/G3XWOfCdr?refer_flag=1001030103_
示威; 2018-02-20; 1; 25,97,		你确定那些示威的不是国民党带过去的大陆移民？本地岛民有多少去的？		,感受幸福的轨迹,//weibo.com/5333693607/Ft6hvbvAM?refer_flag=1001030103_
示威; 2018-02-20; 1; 25,98,	  【珍貴視頻】當年美國轟炸中國駐南斯拉夫大使館之後，台灣爆發大規模遊.行，抗議美國侵犯中國主權！請注意當時我們的口號和標語。事情過去快20年了，如今的台灣恍如兩個世界！誰該為今天兩岸的局面負責？！！ ​​​ 秒拍视频 ​	,NA,//weibo.com/2117483494/G3XWnlTQM?refer_flag=1001030103_
示威; 2018-02-20; 1; 25,99,		【蔡英文走春“下台”声不绝 警员扮民众阻抗议】农历春节期间，台湾地区领导人蔡英文从大年初一到初三前后“走春”（春节拜访）17个县市，三天行程中屡遇示威抗议。18日大年初三，蔡英文来到彰化南瑶宫，两名男子藉着领红包时靠近蔡英文高喊“蔡英文下台”。网页链接 ​		,香港衛視HKS,//weibo.com/2712601544/G3XVIzNLg?refer_flag=1001030103_
示威; 2018-02-20; 1; 25,100,		【加西晚间新闻】2月19日: 有华人团体指责英文主流媒体恶意歪曲，把要求总理道歉的示威称为反移民示威。详情请留意西岸时间今晚7:30播出的节目 ​		,加拿大城市電視,//weibo.com/2026649215/G3XRGCpkX?refer_flag=1001030103_
示威; 2018-02-20; 1; 25,101,#中国赞##公益资讯#目前，印尼境内的苏门答腊虎只留存不到400只。近日，印尼雅加达，“绿色和平”组织的成员身着老虎装抱树参加抗议示威，呼吁政府加大措施保护苏门答腊虎。想问问大家对此事有何看法t.cn/zOllWcd ​		,一路狂飙001,//weibo.com/3166200777/G3Yq2vlYQ?refer_flag=1001030103_
示威; 2018-02-20; 1; 25,102,		“近朱者赤，近墨者黑”，像内蒙古大学让冯福林（为了捞钱招生造假已经违纪违法至今逍遥法外不说，还在网上上蹿下跳很是活跃！）负责学生工作能搞好吗？更奇葩的是冯福林竟被内大评为“教书育人”的先进！不知道内大党委书记朱炳文之流想要干什么？向谁示威？这场闹剧还要演到何时收场？@清风内蒙古,拯救内大,//weibo.com/2974325495/FerWA9nsj?refer_flag=1001030103_
示威; 2018-02-20; 1; 25,103,	  【非思政课专业教师应特别增强授课中的思想政治教育意识】专业课的教学过程也是育人过程，需要从思想政治教育的高度，把好方向、把牢大局，认识到自身的世界观、价值倾向和道德品行会影响青年学生，甚至自身不经意的一句话，一个动作，处理的一件小事都会给学生一生留下印象、产生影响。via红旗文稿 ​	,NA,//weibo.com/1986080860/G3YphvVHy?refer_flag=1001030103_
示威; 2018-02-20; 1; 25,104,#中国赞##公益资讯#目前，印尼境内的苏门答腊虎只留存不到400只。近日，印尼雅加达，“绿色和平”组织的成员身着老虎装抱树参加抗议示威，呼吁政府加大措施保护苏门答腊虎。想问问大家对此事有何看法t.cn/zOllWcd ​		,傲慢的dfefdfdfdf,//weibo.com/2592434881/G3Yjwys06?refer_flag=1001030103_
示威; 2018-02-20; 1; 25,105,		强的巾帼，大有示威挑VWN871衅的味道，确令人疑惑。” 在座者都是久经场面的老江湖，思虑周? ​		,和车_kte,//weibo.com/6450239429/G3YiMseSw?refer_flag=1001030103_
示威; 2018-02-20; 1; 25,106,		真是受不了有的人，三观有问题还整天装蠢，明明是心机婊却搞得一群人都觉得她天真无邪，说话绵里藏针暗地挤兑别人，所有人都要围着她转，别人渐渐厌烦了就马上装作胸怀宽阔，再想方设法拼命找人玩顺便发个空间示威，真搞不懂您得天独厚的存在感哪里来的，您现在已经活得像个目光短浅的米虫了知道吗昨 ​			...展开全文c,裙摆藏风,//weibo.com/2114742535/G3YaSz7XU?refer_flag=1001030103_
示威; 2018-02-20; 1; 25,107,		公益资讯目前，印尼境内的苏门答腊虎只留存不到只。近日，印尼雅加达，“绿色和平”组织的成员身着老虎装抱树参加抗议示威，呼吁政府加大措施保护苏门答腊虎。想问问大家对此事有何看法 ​		,小帅哥苏曲朗,//weibo.com/5045950082/G3Y9eky2E?refer_flag=1001030103_
示威; 2018-02-20; 1; 25,108,		??之。而其发生的时间，正值钟VWN871楼议会召开的一刻，更充满挑战示威的意图。 究竟是花妖继 ​		,濮水扶_ysuo,//weibo.com/6449856306/G3XYga4MT?refer_flag=1001030103_
示威; 2018-02-20; 1; 25,109,		【佛州枪案受害者母亲呐喊：总统，求你做点什么】18日，佛州枪案受害者家属举行示威，呼吁政府通过控枪法案。中学生们对政客喊话，“你们只有两个选择，与我们一起或者与我们为敌。当你们无所作为的时候，我们正在被杀害”。一位出席示威的受害者母亲，声泪俱下地对特朗普呐喊，“你得做点什么！” ​			...展开全文c,常德网警巡查执法,//weibo.com/5925579843/G3XWOfCdr?refer_flag=1001030103_
示威; 2018-02-20; 1; 25,110,		你确定那些示威的不是国民党带过去的大陆移民？本地岛民有多少去的？		,感受幸福的轨迹,//weibo.com/5333693607/Ft6hvbvAM?refer_flag=1001030103_
示威; 2018-02-20; 1; 25,111,	  【珍貴視頻】當年美國轟炸中國駐南斯拉夫大使館之後，台灣爆發大規模遊.行，抗議美國侵犯中國主權！請注意當時我們的口號和標語。事情過去快20年了，如今的台灣恍如兩個世界！誰該為今天兩岸的局面負責？！！ ​​​ 秒拍视频 ​	,NA,//weibo.com/2117483494/G3XWnlTQM?refer_flag=1001030103_
示威; 2018-02-20; 1; 25,112,		【蔡英文走春“下台”声不绝 警员扮民众阻抗议】农历春节期间，台湾地区领导人蔡英文从大年初一到初三前后“走春”（春节拜访）17个县市，三天行程中屡遇示威抗议。18日大年初三，蔡英文来到彰化南瑶宫，两名男子藉着领红包时靠近蔡英文高喊“蔡英文下台”。网页链接 ​		,香港衛視HKS,//weibo.com/2712601544/G3XVIzNLg?refer_flag=1001030103_
示威; 2018-02-20; 1; 25,113,		【加西晚间新闻】2月19日: 有华人团体指责英文主流媒体恶意歪曲，把要求总理道歉的示威称为反移民示威。详情请留意西岸时间今晚7:30播出的节目 ​		,加拿大城市電視,//weibo.com/2026649215/G3XRGCpkX?refer_flag=1001030103_
示威; 2018-02-20; 1; 25,114,#中国赞##公益资讯#目前，印尼境内的苏门答腊虎只留存不到400只。近日，印尼雅加达，“绿色和平”组织的成员身着老虎装抱树参加抗议示威，呼吁政府加大措施保护苏门答腊虎。想问问大家对此事有何看法t.cn/zOllWcd ​		,一路狂飙001,//weibo.com/3166200777/G3Yq2vlYQ?refer_flag=1001030103_
示威; 2018-02-20; 1; 25,115,		“近朱者赤，近墨者黑”，像内蒙古大学让冯福林（为了捞钱招生造假已经违纪违法至今逍遥法外不说，还在网上上蹿下跳很是活跃！）负责学生工作能搞好吗？更奇葩的是冯福林竟被内大评为“教书育人”的先进！不知道内大党委书记朱炳文之流想要干什么？向谁示威？这场闹剧还要演到何时收场？@清风内蒙古,拯救内大,//weibo.com/2974325495/FerWA9nsj?refer_flag=1001030103_
示威; 2018-02-20; 1; 25,116,	  【非思政课专业教师应特别增强授课中的思想政治教育意识】专业课的教学过程也是育人过程，需要从思想政治教育的高度，把好方向、把牢大局，认识到自身的世界观、价值倾向和道德品行会影响青年学生，甚至自身不经意的一句话，一个动作，处理的一件小事都会给学生一生留下印象、产生影响。via红旗文稿 ​	,NA,//weibo.com/1986080860/G3YphvVHy?refer_flag=1001030103_
示威; 2018-02-20; 1; 25,117,#中国赞##公益资讯#目前，印尼境内的苏门答腊虎只留存不到400只。近日，印尼雅加达，“绿色和平”组织的成员身着老虎装抱树参加抗议示威，呼吁政府加大措施保护苏门答腊虎。想问问大家对此事有何看法t.cn/zOllWcd ​		,傲慢的dfefdfdfdf,//weibo.com/2592434881/G3Yjwys06?refer_flag=1001030103_
示威; 2018-02-20; 1; 25,118,		强的巾帼，大有示威挑VWN871衅的味道，确令人疑惑。” 在座者都是久经场面的老江湖，思虑周? ​		,和车_kte,//weibo.com/6450239429/G3YiMseSw?refer_flag=1001030103_
示威; 2018-02-20; 1; 25,119,		真是受不了有的人，三观有问题还整天装蠢，明明是心机婊却搞得一群人都觉得她天真无邪，说话绵里藏针暗地挤兑别人，所有人都要围着她转，别人渐渐厌烦了就马上装作胸怀宽阔，再想方设法拼命找人玩顺便发个空间示威，真搞不懂您得天独厚的存在感哪里来的，您现在已经活得像个目光短浅的米虫了知道吗昨 ​			...展开全文c,裙摆藏风,//weibo.com/2114742535/G3YaSz7XU?refer_flag=1001030103_
示威; 2018-02-20; 1; 25,120,		公益资讯目前，印尼境内的苏门答腊虎只留存不到只。近日，印尼雅加达，“绿色和平”组织的成员身着老虎装抱树参加抗议示威，呼吁政府加大措施保护苏门答腊虎。想问问大家对此事有何看法 ​		,小帅哥苏曲朗,//weibo.com/5045950082/G3Y9eky2E?refer_flag=1001030103_
示威; 2018-02-20; 1; 25,121,		??之。而其发生的时间，正值钟VWN871楼议会召开的一刻，更充满挑战示威的意图。 究竟是花妖继 ​		,濮水扶_ysuo,//weibo.com/6449856306/G3XYga4MT?refer_flag=1001030103_
示威; 2018-02-20; 1; 25,122,		【佛州枪案受害者母亲呐喊：总统，求你做点什么】18日，佛州枪案受害者家属举行示威，呼吁政府通过控枪法案。中学生们对政客喊话，“你们只有两个选择，与我们一起或者与我们为敌。当你们无所作为的时候，我们正在被杀害”。一位出席示威的受害者母亲，声泪俱下地对特朗普呐喊，“你得做点什么！” ​			...展开全文c,常德网警巡查执法,//weibo.com/5925579843/G3XWOfCdr?refer_flag=1001030103_
示威; 2018-02-20; 1; 25,123,		你确定那些示威的不是国民党带过去的大陆移民？本地岛民有多少去的？		,感受幸福的轨迹,//weibo.com/5333693607/Ft6hvbvAM?refer_flag=1001030103_
示威; 2018-02-20; 1; 25,124,	  【珍貴視頻】當年美國轟炸中國駐南斯拉夫大使館之後，台灣爆發大規模遊.行，抗議美國侵犯中國主權！請注意當時我們的口號和標語。事情過去快20年了，如今的台灣恍如兩個世界！誰該為今天兩岸的局面負責？！！ ​​​ 秒拍视频 ​	,NA,//weibo.com/2117483494/G3XWnlTQM?refer_flag=1001030103_
示威; 2018-02-20; 1; 25,125,		【蔡英文走春“下台”声不绝 警员扮民众阻抗议】农历春节期间，台湾地区领导人蔡英文从大年初一到初三前后“走春”（春节拜访）17个县市，三天行程中屡遇示威抗议。18日大年初三，蔡英文来到彰化南瑶宫，两名男子藉着领红包时靠近蔡英文高喊“蔡英文下台”。网页链接 ​		,香港衛視HKS,//weibo.com/2712601544/G3XVIzNLg?refer_flag=1001030103_
示威; 2018-02-20; 1; 25,126,		【加西晚间新闻】2月19日: 有华人团体指责英文主流媒体恶意歪曲，把要求总理道歉的示威称为反移民示威。详情请留意西岸时间今晚7:30播出的节目 ​		,加拿大城市電視,//weibo.com/2026649215/G3XRGCpkX?refer_flag=1001030103_
示威; 2018-02-20; 1; 25,127,		发表了一篇转载博文《[转载]示威》|[转载]示威 ​		,好想云雨9,//weibo.com/6407117199/G3WBKr0gm?refer_flag=1001030103_
示威; 2018-02-20; 1; 25,128,"今天我们要学的词是picket [ˈpɪkɪt] 。 Picket, 是抗议示威的意思。美国编剧协会跟电影电视制作人联盟的谈判失败，决定举行抗议示威， ""Writers in Los Angeles plan to picket outside of 14 studios until a new deal is reached."" 在洛杉矶，剧作家们计划在14个制片公司外面抗议，直到达成 ​			...展开全文c",英语舌,//weibo.com/5092177710/G3WzOv3fU?refer_flag=1001030103_
示威; 2018-02-20; 1; 25,129,		世界观都要崩塌了 西游记的版权真的给他们了吗 这样瞎演西游记 毁了我们的西游记 这是韩国向中国示威？？？		,那些可悲而又傻X的执着,//weibo.com/3985287068/G3y0l0VNa?refer_flag=1001030103_
示威; 2018-02-20; 1; 25,130,#李昇基# #吴涟序#《#花游记#》第15集船戏难道剧情是这样的吗？先是三藏诱惑，说时迟那时快，我们悟空一个翻身，轻抚三藏面颊，接着三藏为悟空宽衣……死守今晚直播！！！ ​​​​	,NA,//weibo.com/1912535993/G3WjurRoQ?refer_flag=1001030103_
示威; 2018-02-20; 1; 25,131,#华晨宇第一# 【电影#法外之徒#】影片以1962年，法国政府被迫承认阿尔及利亚独立的这段历史为背景，讲述三兄弟因参与独立运动而各奔东西的故事。在戛纳电影节上映时有超过千名示威者手拿标语在影院外抗议，他们指责政府允许这样一部反法的影片在法国公映。 ​		,夏之谦生活汇,//weibo.com/2098999867/G3WfRe8Bq?refer_flag=1001030103_
示威; 2018-02-20; 1; 25,132,		//分享网易新闻:《校园枪击案频发 美国学生示威要求修改法令控枪 》 |校园枪击案... @网易新闻客户端 #网易新闻#好 ​		,飞立王人,//weibo.com/6079106806/G3Wfd3aaj?refer_flag=1001030103_
示威; 2018-02-20; 1; 25,133,#中国赞##公益资讯#目前，印尼境内的苏门答腊虎只留存不到400只。近日，印尼雅加达，“绿色和平”组织的成员身着老虎装抱树参加抗议示威，呼吁政府加大措施保护苏门答腊虎。想问问大家对此事有何看法t.cn/zOllWcd ​		,松松大人ohyeah,//weibo.com/5267768796/G3W1EmAOY?refer_flag=1001030103_
示威; 2018-02-20; 1; 25,134,#中国赞##公益资讯#目前，印尼境内的苏门答腊虎只留存不到400只。近日，印尼雅加达，“绿色和平”组织的成员身着老虎装抱树参加抗议示威，呼吁政府加大措施保护苏门答腊虎。想问问大家对此事有何看法t.cn/zOllWcd ​		,蓝紫花雨,//weibo.com/2631068620/G3VZ0DPlq?refer_flag=1001030103_
示威; 2018-02-20; 1; 25,135,		?内马车上淫杀媚娘，然后以特殊手法令马儿WRT944临死前拖着车子往边荒集奔来，向我们示威。? ​		,御姐范病例毓,//weibo.com/6432968254/G3VWz6t5C?refer_flag=1001030103_
示威; 2018-02-20; 1; 25,136,		严厉控枪诉求升级  美国学生策划全国示威 ​		,婉儿的维度,//weibo.com/3085542327/G3VSk7xTo?refer_flag=1001030103_
示威; 2018-02-20; 1; 25,137,		//@时事-辩论会:【从伦敦到北京 英拉兄妹谋划卷土重来？】有分析人士认为，英拉兄妹突然露面显然不仅仅意味着要“庆祝春节”：他们应该会在2018年这个“大选年”有所作为。加之曼谷也在10日发生小规模示威，示威者要求军政府“尽快开始大选”。这就让外界的猜测逐渐变得相对合理起来。		,不重要789,//weibo.com/2056098365/G2A1U3E7T?refer_flag=1001030103_
示威; 2018-02-20; 1; 25,138,	  据泰国《每日新闻》（Daily News）报导，泰国前两届总理他信和莫拉兄妹俩，近日藉中国农历春节之机，飞赴中国北京探访友人，期间俩人还去了天安门附近的王府井步行街购物。据悉，兄妹将在中国待到春节。 ​	,NA,//weibo.com/3028228322/G3VKm34mg?refer_flag=1001030103_
示威; 2018-02-20; 1; 25,139,		从女绿不经证实的诬陷可以看得出加拿大华人的政治地位如何了//@青苔树懒Q: 一个女msl说被华裔威胁要摘掉头巾，结果华裔成了政客和媒体的围攻对象。事后女子承认虚构故事，政客和媒体就当什么都没发生过。//@Annie的春天公主:到底发生了什么事啊？这么多华人示威是因为什么？请知情者告诉我一下。谢谢！		,一个萝卜坑一筐土豆,//weibo.com/5603237555/G3TY4BIke?refer_flag=1001030103_
示威; 2018-02-20; 1; 25,140,	  【现场画面】2月18日，在渥太华国会山庄门口，几百华裔抗议加拿大政客在虚假头巾袭击事件中的言行，要求特鲁多总理道歉。 空耳同传君... ​	,NA,//weibo.com/6436483660/G3VHBwh52?refer_flag=1001030103_
示威; 2018-02-20; 1; 25,141,		动之以情，晓之以理，示之以威-《德川家康》。以前只闻前二，不知其三，即能示威，必有亲德、识道、勇谋，专注其事 ​		,卡诺普斯,//weibo.com/1261754411/G3VFC2U0a?refer_flag=1001030103_
示威; 2018-02-20; 1; 25,142,		强的巾帼，大有示威挑衅的味道，确令人疑惑。” 在座者都是QLA823久经场面的老江湖，思虑周? ​		,硪的袏手邊是你麽要阳光,//weibo.com/6220326534/G3VAO8PkC?refer_flag=1001030103_
示威; 2018-02-20; 1; 25,143,		【佛州校园枪击引数百DC青少年躺卧白宫前抗议】今天是一年一度的总统日。周一中午12：15，DC数百位青少年学生和家长自发组织到白宫前。其中，17名学生静卧在地上抗议示威，呼吁川普和两党领导人采取措施限制枪支管理，避免校园枪击事件再次发生。wjla ​		,华盛顿快报,//weibo.com/3214572481/G3Vnwnt2q?refer_flag=1001030103_
示威; 2018-02-20; 1; 25,144,		无休无止的噩梦被关进动物园猩猩处，恶霸猩猩追赶着我，想要吃我，还吃了幼猩向我示威，我死里逃生到二伯父家，遇到过完春节正要启程返程的他们，连母亲都在，他们说吃完粥就走了，我饥肠辘辘心力交瘁，他们却没问我吃不吃。场景切换到学校教师，我每天最后一个走，将每个教室里的垃圾都丢完，时常 ​			...展开全文c,玻璃拉链6486128114,//weibo.com/6486128114/G3Vgn7D8K?refer_flag=1001030103_
示威; 2018-02-20; 1; 25,145,		欢迎公子大驾光临，请登楼！” 梁定都一脸DIT752得意之色的别头，向众人示威和邀功，待要作? ​		,暗恋沉闷岚,//weibo.com/6443582697/G3VfK933j?refer_flag=1001030103_
示威; 2018-02-20; 1; 25,146,		021801一位老奶奶奔波于以色列军警和巴勒斯坦示威民众之间，充当起冲突的义务调停人。她时而伸出手指训斥扔石块的抗议者，时而走到荷枪实弹的以色列大兵面前，劝诫他们不要动武。在拉架期间，老奶奶还被抗议民众碰倒在地…但她最终阻止了一场战火！人性的光辉，和平的宝贵，感谢老奶奶的勇敢 ​			...展开全文c,因为所以之歌_608,//weibo.com/3695635205/G3VcsvbFb?refer_flag=1001030103_
示威; 2018-02-20; 1; 25,147,		一句“不过春节”都能从中读出宗教示威来，联想力丰富到扯J8蛋的地步了！//@王小山: 我匿了他ID啊，还要怎样？		,西风rhythm,//weibo.com/1497390470/G3S6NyyMZ?refer_flag=1001030103_
示威; 2018-02-20; 1; 25,148,	  什么叫虚伪，我有例子。 ​	,NA,//weibo.com/2338924601/G3V57rOCG?refer_flag=1001030103_
示威; 2018-02-20; 1; 25,149,#中国赞##公益资讯#目前，印尼境内的苏门答腊虎只留存不到400只。近日，印尼雅加达，“绿色和平”组织的成员身着老虎装抱树参加抗议示威，呼吁政府加大措施保护苏门答腊虎。想问问大家对此事有何看法t.cn/zOllWcd ​		,mm1304_601,//weibo.com/1972444513/G3UMif1nl?refer_flag=1001030103_
示威; 2018-02-20; 1; 25,150,		考没有丝毫错乱。摇头道：“我以为慕容垂是要逞威风哩！特QLA823别是向徐爷示威，因为徐爷争 ​		,儒雅的每天都想睡到自然醒的娃儿,//weibo.com/6141965912/G3UBdvyj0?refer_flag=1001030103_
示威; 2018-02-20; 1; 25,151,#中国赞##公益资讯#目前，印尼境内的苏门答腊虎只留存不到400只。近日，印尼雅加达，“绿色和平”组织的成员身着老虎装抱树参加抗议示威，呼吁政府加大措施保护苏门答腊虎。想问问大家对此事有何看法t.cn/zOllWcd ​		,谁还会想起我,//weibo.com/1804654553/G3Ux9e1f9?refer_flag=1001030103_
示威; 2018-02-20; 1; 25,152,		??之。而其发生的时间VPQ362，正值钟楼议会召开的一刻，更充满挑战示威的意图。 究竟是花妖继 ​		,得体小怪兽飘,//weibo.com/6437536990/G3Urf36OJ?refer_flag=1001030103_
示威; 2018-02-20; 1; 25,153,		乌克兰示威者“血洗”欧元!当地时间2014年2月3日，乌克兰基辅，乌克兰民主联盟成员及其他活动家在德意志银行前集会，要求这家银行停止与乌总统维克托·亚努科维奇家族之间的合作。 ​		,樵汐洪o悟滨,//weibo.com/2325481842/G3TYxkVDP?refer_flag=1001030103_
示威; 2018-02-20; 1; 25,154,		佛州枪击案幸存学生示威呼吁控枪，特朗普不接招 网页链接 ​		,无名yoyo,//weibo.com/2601998952/G3TU5BDvO?refer_flag=1001030103_
示威; 2018-02-20; 1; 25,155,		//@子夜读味:再讲一个，2001年报中美南海撞机，中方牺牲一名飞行员。当时有人去美领馆示威，有几家媒体的记者去了现场，我也去了，刚到没多久，就听到一个便衣在角落打电话，说有五家报纸的人，没几分钟我接到领导电话让我撤。我当时真特玛震惊呀，他怎么知道有5家甚至我是谁都知道的？这说明我们根本		,75年的老虎,//weibo.com//G3QDeyijj?refer_flag=1001030103_
示威; 2018-02-20; 1; 25,156,	  抱歉，由于作者设置，你暂时没有这条微博的查看权限哦。查看帮助：http://t.cn/RfdBWwP ​	,NA,//weibo.com/2199282900/G3TRffer4?refer_flag=1001030103_
示威; 2018-02-20; 1; 25,157,@子夜读味:2001年报中美南海撞机，中方牺牲一名飞行员。当时有人去美领馆示威，有几家媒体的记者去了现场，我也去了，刚到没多久，就听到一个便衣在角落打电话，说有五家报纸的人，没几分钟我接到领导电话让我撤。我当时真特玛震惊呀，他怎么知道有5家甚至我是谁都知道的？这说明我们根本就是透明的		,神经浪游者南,//weibo.com//G3QDeyijj?refer_flag=1001030103_
示威; 2018-02-20; 1; 25,158,	  抱歉，由于作者设置，你暂时没有这条微博的查看权限哦。查看帮助：http://t.cn/RfdBWwP ​	,NA,//weibo.com/6448813950/G3TQgEXc1?refer_flag=1001030103_
示威; 2018-02-20; 1; 25,159,		星島標題：八大校長籲政府與學生對話 近千示威者夜圍特首辦 ​		,凡先生的A6478702023,//weibo.com/6478702023/G3TOHrHyC?refer_flag=1001030103_
示威; 2018-02-20; 1; 25,160,		//@子夜读味:2001年报中美南海撞机，中方牺牲一名飞行员。当时有人去美领馆示威，有几家媒体的记者去了现场，我也去了，刚到没多久，就听到一个便衣在角落打电话，说有五家报纸的人，没几分钟我接到领导电话让我撤。我当时真特玛震惊呀，他怎么知道有5家甚至我是谁都知道的？这说明我们根本就是透明的		,读书养猪两不误,//weibo.com//G3QDeyijj?refer_flag=1001030103_
示威; 2018-02-20; 1; 25,161,	  抱歉，由于作者设置，你暂时没有这条微博的查看权限哦。查看帮助：http://t.cn/RfdBWwP ​	,NA,//weibo.com/2280869732/G3TNt9pC5?refer_flag=1001030103_
示威; 2018-02-20; 1; 25,162,		//@子夜读味:再讲一个，2001年报中美南海撞机，中方牺牲一名飞行员当时有人去美领馆示威有几家媒体的记者去了现场，我也去了，刚到没多久，就听到一个便衣在角落打电话说有五家报纸的人没几分钟我接到领导电话让我撤。我当时真特玛震惊呀他怎么知道有5家甚至我是谁都知道的这说明我们根本就是透明的。		,小丸子掌柜,//weibo.com//G3QDeyijj?refer_flag=1001030103_
示威; 2018-02-20; 1; 25,163,	  抱歉，由于作者设置，你暂时没有这条微博的查看权限哦。查看帮助：http://t.cn/RfdBWwP ​	,NA,//weibo.com/1864423865/G3TIVfHjx?refer_flag=1001030103_
示威; 2018-02-20; 1; 25,164,#中国赞##公益资讯#目前，印尼境内的苏门答腊虎只留存不到400只。近日，印尼雅加达，“绿色和平”组织的成员身着老虎装抱树参加抗议示威，呼吁政府加大措施保护苏门答腊虎。想问问大家对此事有何看法t.cn/zOllWcd ​		,帅哥胖墩儿,//weibo.com/2643539132/G3TIz8CVR?refer_flag=1001030103_
示威; 2018-02-20; 1; 25,165,		那个人不是王源粉丝，只是观众给你提意见罢了，艾特王源干什么？示威么？而且，初八是没有王源了吗？为什么预告里，连另一个队长也不发？什么意思？收视率……，况且，不论是观众还是谁，都清楚地知道，剪辑骂你的事！这很XTY一点关系也没有！！！！@吴彤 ​​​也没别的意思，就是觉得 ​			...展开全文c,WANG薄荷味,//weibo.com/5983681292/G3TGT51yt?refer_flag=1001030103_
示威; 2018-02-20; 1; 25,166,#王牌对王牌#节目组这是在向粉丝示威吗，你们家wt大导演为了一个不是王源粉丝的人公开艾特王源，自己剪辑差还不让人说了是吗，每期都打情感牌，就想问一句你们现场尬不尬呀，要不是王源你们收视率还不知道往哪跌呢，我们家源源录节目录到半夜，一身湿漉漉的，不是你们家孩子你们当然不心疼了，结果呢， ​			...展开全文c,我们家的源儿小哥哥,//weibo.com/6330031511/G3TGugZJL?refer_flag=1001030103_
示威; 2018-02-20; 1; 25,167,		//@子夜读味:再讲一个，2001年报中美南海撞机，中方牺牲一名飞行员。当时有人去美领馆示威，有几家媒体的记者去了现场，我也去了，刚到没多久，就听到一个便衣在角落打电话，说有五家报纸的人，没几分钟我接到领导电话让我撤。我当时真特玛震惊呀，他怎么知道有5家甚至我是谁都知道的？这说明我们根本		,常识很奢侈,//weibo.com//G3QDeyijj?refer_flag=1001030103_
示威; 2018-02-20; 1; 25,168,	  抱歉，由于作者设置，你暂时没有这条微博的查看权限哦。查看帮助：http://t.cn/RfdBWwP ​	,NA,//weibo.com/2619135871/G3TDOxo0b?refer_flag=1001030103_
示威; 2018-02-20; 1; 25,169,		ULC997?内马车上淫杀媚娘，然后以特殊手法令马儿临死前拖着车子往边荒集奔来，向我们示威。? ​		,席席_fjy,//weibo.com/6436028885/G3TDIyJoB?refer_flag=1001030103_
示威; 2018-02-20; 1; 25,170,		再讲一个，2001年报中美南海撞机，中方牺牲一名飞行员。当时有人去美领馆示威，有几家媒体的记者去了现场，我也去了，刚到没多久，就听到一个便衣在角落打电话，说有五家报纸的人，没几分钟我接到领导电话让我撤。我当时真特玛震惊呀，他怎么知道有5家甚至我是谁都知道的？这说明我们根本就是透明的。		,子夜读味,//weibo.com//G3QDeyijj?refer_flag=1001030103_
示威; 2018-02-20; 1; 25,171,	  抱歉，由于作者设置，你暂时没有这条微博的查看权限哦。查看帮助：http://t.cn/RfdBWwP ​	,NA,//weibo.com/1228064843/G3TDs5Epy?refer_flag=1001030103_
示威; 2018-02-20; 1; 25,172,		怎样系统地练字？ ​		,思想聚焦,//weibo.com/1742566624/G42FI2L15?refer_flag=1001030103_
示威; 2018-02-20; 1; 25,173,		小腚也是个狠角色啊 国民老岳父... ​		,国民老岳父公,//weibo.com/5634753105/G42DWrrfP?refer_flag=1001030103_
示威; 2018-02-20; 1; 25,174,		【知情人：张扣扣作案后高喊“22年终于把仇报了”】2月15日，大年三十。陕西汉中三门村71岁的村民王自新及其长子王校军、三子王正军被同村村民张扣扣杀死。据同村友人说，案发后张扣扣高喊：22年了，今天我终于把仇报了！三条人命，我死定了。我妈死了22年，今天我终于把仇报了！|知情人：张... ​		,头条新闻,//weibo.com/1618051664/G42JGu86O?refer_flag=1001030103_
示威; 2018-02-20; 1; 25,175,		你名字里姓的首字母加bb打出来是什么？ ​		,当时我就震惊了,//weibo.com/1764222885/G42Fs5xHx?refer_flag=1001030103_
示威; 2018-02-20; 1; 25,176,		【夜读：情商越高的人，越是“嘴拙”】始终想在言语上胜过别人，除了满足一点虚荣心，还有什么意义呢？不仅妨碍正常的思想交流，更是职场和亲密关系的杀手。始终要在言语上胜过他人，是情商最低的行为之一。懂得在恰当的时候认输，是一种高情商，也是一种大智慧。 |【夜读】情... ​		,人民日报,//weibo.com/2803301701/G42HlEaGZ?refer_flag=1001030103_
示威; 2018-02-20; 1; 25,177,		唐探2里有段话：一阴一阳为之道，无论是白天救人的神，还是夜晚屠杀的兽，都将阴阳割裂走向了极端，可二者之间，才是抱阴负阳冲气以为和的人性，你曲解了道的含义，不是做神，就是做兽，却忘记了怎么做人。 ​我妈有群朋友总定时组织行善活动，具体就是去市场买大批大批的鱼啊王八啊什么的然后放生。 ​			...展开全文c,丁一晨DYC,//weibo.com/1810632930/G42ECC4Cl?refer_flag=1001030103_
示威; 2018-02-20; 1; 25,178,		小腚也是个狠角色啊 国民老岳父... ​		,国民老岳父公,//weibo.com/5634753105/G42DWrrfP?refer_flag=1001030103_
示威; 2018-02-20; 1; 25,179,		【夜读：情商越高的人，越是“嘴拙”】始终想在言语上胜过别人，除了满足一点虚荣心，还有什么意义呢？不仅妨碍正常的思想交流，更是职场和亲密关系的杀手。始终要在言语上胜过他人，是情商最低的行为之一。懂得在恰当的时候认输，是一种高情商，也是一种大智慧。 |【夜读】情... ​		,人民日报,//weibo.com/2803301701/G42HlEaGZ?refer_flag=1001030103_
示威; 2018-02-20; 1; 25,180,		也不知道这次调完色是不是显得好点儿 ​		,张新成,//weibo.com/1955957617/G42HwChxJ?refer_flag=1001030103_
示威; 2018-02-20; 1; 25,181,		说到撒娇，这只柴犬的功力简直让人不得不服！面对这磨人的小妖精还能忍这么久不摸摸，主人的定力也太好了吧！ 每日一狗的... ​		,每日一狗,//weibo.com/1774662372/G42Bw35nR?refer_flag=1001030103_
示威; 2018-02-20; 1; 25,182,		【知情人：张扣扣作案后高喊“22年终于把仇报了”】2月15日，大年三十。陕西汉中三门村71岁的村民王自新及其长子王校军、三子王正军被同村村民张扣扣杀死。据同村友人说，案发后张扣扣高喊：22年了，今天我终于把仇报了！三条人命，我死定了。我妈死了22年，今天我终于把仇报了！|知情人：张... ​		,头条新闻,//weibo.com/1618051664/G42JGu86O?refer_flag=1001030103_
示威; 2018-02-20; 1; 25,183,		唐探2里有段话：一阴一阳为之道，无论是白天救人的神，还是夜晚屠杀的兽，都将阴阳割裂走向了极端，可二者之间，才是抱阴负阳冲气以为和的人性，你曲解了道的含义，不是做神，就是做兽，却忘记了怎么做人。 ​我妈有群朋友总定时组织行善活动，具体就是去市场买大批大批的鱼啊王八啊什么的然后放生。 ​			...展开全文c,丁一晨DYC,//weibo.com/1810632930/G42ECC4Cl?refer_flag=1001030103_
示威; 2018-02-20; 1; 25,184,		初五迎财神，点拿钱！祝你发发发！后天见！ ​		,全球热门视频,//weibo.com/2142488127/G42KKDsoz?refer_flag=1001030103_
示威; 2018-02-20; 1; 25,185,		也不知道这次调完色是不是显得好点儿 ​		,张新成,//weibo.com/1955957617/G42HwChxJ?refer_flag=1001030103_
示威; 2018-02-20; 1; 25,186,		你名字里姓的首字母加bb打出来是什么？ ​		,当时我就震惊了,//weibo.com/1764222885/G42Fs5xHx?refer_flag=1001030103_
示威; 2018-02-20; 1; 25,187,		你名字里姓的首字母加bb打出来是什么？ ​		,当时我就震惊了,//weibo.com/1764222885/G42Fs5xHx?refer_flag=1001030103_
示威; 2018-02-20; 1; 25,188,		唐探2里有段话：一阴一阳为之道，无论是白天救人的神，还是夜晚屠杀的兽，都将阴阳割裂走向了极端，可二者之间，才是抱阴负阳冲气以为和的人性，你曲解了道的含义，不是做神，就是做兽，却忘记了怎么做人。 ​我妈有群朋友总定时组织行善活动，具体就是去市场买大批大批的鱼啊王八啊什么的然后放生。 ​			...展开全文c,丁一晨DYC,//weibo.com/1810632930/G42ECC4Cl?refer_flag=1001030103_
示威; 2018-02-20; 1; 25,189,		8分钟学完所有音标，坚持跟读，你的发音也很地道——建议收藏！ 最神奇的视... ​		,最神奇的视频,//weibo.com/2141823055/G42HD81Ad?refer_flag=1001030103_
示威; 2018-02-20; 1; 25,190,		也不知道这次调完色是不是显得好点儿 ​		,张新成,//weibo.com/1955957617/G42HwChxJ?refer_flag=1001030103_
示威; 2018-02-20; 1; 25,191,		【夜读：情商越高的人，越是“嘴拙”】始终想在言语上胜过别人，除了满足一点虚荣心，还有什么意义呢？不仅妨碍正常的思想交流，更是职场和亲密关系的杀手。始终要在言语上胜过他人，是情商最低的行为之一。懂得在恰当的时候认输，是一种高情商，也是一种大智慧。 |【夜读】情... ​		,人民日报,//weibo.com/2803301701/G42HlEaGZ?refer_flag=1001030103_
示威; 2018-02-20; 1; 25,192,		【夜读：情商越高的人，越是“嘴拙”】始终想在言语上胜过别人，除了满足一点虚荣心，还有什么意义呢？不仅妨碍正常的思想交流，更是职场和亲密关系的杀手。始终要在言语上胜过他人，是情商最低的行为之一。懂得在恰当的时候认输，是一种高情商，也是一种大智慧。 |【夜读】情... ​		,人民日报,//weibo.com/2803301701/G42HlEaGZ?refer_flag=1001030103_
示威; 2018-02-20; 1; 25,193,		你名字里姓的首字母加bb打出来是什么？ ​		,当时我就震惊了,//weibo.com/1764222885/G42Fs5xHx?refer_flag=1001030103_
示威; 2018-02-20; 1; 25,194,		【知情人：张扣扣作案后高喊“22年终于把仇报了”】2月15日，大年三十。陕西汉中三门村71岁的村民王自新及其长子王校军、三子王正军被同村村民张扣扣杀死。据同村友人说，案发后张扣扣高喊：22年了，今天我终于把仇报了！三条人命，我死定了。我妈死了22年，今天我终于把仇报了！|知情人：张... ​		,头条新闻,//weibo.com/1618051664/G42JGu86O?refer_flag=1001030103_
示威; 2018-02-20; 1; 25,195,		唐探2里有段话：一阴一阳为之道，无论是白天救人的神，还是夜晚屠杀的兽，都将阴阳割裂走向了极端，可二者之间，才是抱阴负阳冲气以为和的人性，你曲解了道的含义，不是做神，就是做兽，却忘记了怎么做人。 ​我妈有群朋友总定时组织行善活动，具体就是去市场买大批大批的鱼啊王八啊什么的然后放生。 ​			...展开全文c,丁一晨DYC,//weibo.com/1810632930/G42ECC4Cl?refer_flag=1001030103_
示威; 2018-02-20; 1; 25,196,		8分钟学完所有音标，坚持跟读，你的发音也很地道——建议收藏！ 最神奇的视... ​		,最神奇的视频,//weibo.com/2141823055/G42HD81Ad?refer_flag=1001030103_
示威; 2018-02-20; 1; 25,197,		小腚也是个狠角色啊 国民老岳父... ​		,国民老岳父公,//weibo.com/5634753105/G42DWrrfP?refer_flag=1001030103_
示威; 2018-02-20; 1; 25,198,		也不知道这次调完色是不是显得好点儿 ​		,张新成,//weibo.com/1955957617/G42HwChxJ?refer_flag=1001030103_
示威; 2018-02-20; 1; 25,199,		说到撒娇，这只柴犬的功力简直让人不得不服！面对这磨人的小妖精还能忍这么久不摸摸，主人的定力也太好了吧！ 每日一狗的... ​		,每日一狗,//weibo.com/1774662372/G42Bw35nR?refer_flag=1001030103_
示威; 2018-02-20; 1; 25,200,		初五迎财神，点拿钱！祝你发发发！后天见！ ​		,全球热门视频,//weibo.com/2142488127/G42KKDsoz?refer_flag=1001030103_
示威; 2018-02-20; 1; 25,201,		8分钟学完所有音标，坚持跟读，你的发音也很地道——建议收藏！ 最神奇的视... ​		,最神奇的视频,//weibo.com/2141823055/G42HD81Ad?refer_flag=1001030103_
示威; 2018-02-20; 1; 25,202,		说到撒娇，这只柴犬的功力简直让人不得不服！面对这磨人的小妖精还能忍这么久不摸摸，主人的定力也太好了吧！ 每日一狗的... ​		,每日一狗,//weibo.com/1774662372/G42Bw35nR?refer_flag=1001030103_
示威; 2018-02-20; 1; 25,203,		【夜读：情商越高的人，越是“嘴拙”】始终想在言语上胜过别人，除了满足一点虚荣心，还有什么意义呢？不仅妨碍正常的思想交流，更是职场和亲密关系的杀手。始终要在言语上胜过他人，是情商最低的行为之一。懂得在恰当的时候认输，是一种高情商，也是一种大智慧。 |【夜读】情... ​		,人民日报,//weibo.com/2803301701/G42HlEaGZ?refer_flag=1001030103_
示威; 2018-02-20; 1; 25,204,		【知情人：张扣扣作案后高喊“22年终于把仇报了”】2月15日，大年三十。陕西汉中三门村71岁的村民王自新及其长子王校军、三子王正军被同村村民张扣扣杀死。据同村友人说，案发后张扣扣高喊：22年了，今天我终于把仇报了！三条人命，我死定了。我妈死了22年，今天我终于把仇报了！|知情人：张... ​		,头条新闻,//weibo.com/1618051664/G42JGu86O?refer_flag=1001030103_
示威; 2018-02-20; 1; 25,205,		小腚也是个狠角色啊 国民老岳父... ​		,国民老岳父公,//weibo.com/5634753105/G42DWrrfP?refer_flag=1001030103_
示威; 2018-02-20; 1; 25,206,		你名字里姓的首字母加bb打出来是什么？ ​		,当时我就震惊了,//weibo.com/1764222885/G42Fs5xHx?refer_flag=1001030103_
示威; 2018-02-20; 1; 25,207,		小腚也是个狠角色啊 国民老岳父... ​		,国民老岳父公,//weibo.com/5634753105/G42DWrrfP?refer_flag=1001030103_
示威; 2018-02-20; 1; 25,208,		也不知道这次调完色是不是显得好点儿 ​		,张新成,//weibo.com/1955957617/G42HwChxJ?refer_flag=1001030103_
示威; 2018-02-20; 1; 25,209,		初五迎财神，点拿钱！祝你发发发！后天见！ ​		,全球热门视频,//weibo.com/2142488127/G42KKDsoz?refer_flag=1001030103_
示威; 2018-02-20; 1; 25,210,		唐探2里有段话：一阴一阳为之道，无论是白天救人的神，还是夜晚屠杀的兽，都将阴阳割裂走向了极端，可二者之间，才是抱阴负阳冲气以为和的人性，你曲解了道的含义，不是做神，就是做兽，却忘记了怎么做人。 ​我妈有群朋友总定时组织行善活动，具体就是去市场买大批大批的鱼啊王八啊什么的然后放生。 ​			...展开全文c,丁一晨DYC,//weibo.com/1810632930/G42ECC4Cl?refer_flag=1001030103_
示威; 2018-02-20; 1; 25,211,		说到撒娇，这只柴犬的功力简直让人不得不服！面对这磨人的小妖精还能忍这么久不摸摸，主人的定力也太好了吧！ 每日一狗的... ​		,每日一狗,//weibo.com/1774662372/G42Bw35nR?refer_flag=1001030103_
示威; 2018-02-20; 1; 25,212,		初五迎财神，点拿钱！祝你发发发！后天见！ ​		,全球热门视频,//weibo.com/2142488127/G42KKDsoz?refer_flag=1001030103_
示威; 2018-02-20; 1; 25,213,		怎样系统地练字？ ​		,思想聚焦,//weibo.com/1742566624/G42FI2L15?refer_flag=1001030103_
示威; 2018-02-20; 1; 25,214,		也不知道这次调完色是不是显得好点儿 ​		,张新成,//weibo.com/1955957617/G42HwChxJ?refer_flag=1001030103_
示威; 2018-02-20; 1; 25,215,		说到撒娇，这只柴犬的功力简直让人不得不服！面对这磨人的小妖精还能忍这么久不摸摸，主人的定力也太好了吧！ 每日一狗的... ​		,每日一狗,//weibo.com/1774662372/G42Bw35nR?refer_flag=1001030103_
示威; 2018-02-20; 1; 25,216,		【夜读：情商越高的人，越是“嘴拙”】始终想在言语上胜过别人，除了满足一点虚荣心，还有什么意义呢？不仅妨碍正常的思想交流，更是职场和亲密关系的杀手。始终要在言语上胜过他人，是情商最低的行为之一。懂得在恰当的时候认输，是一种高情商，也是一种大智慧。 |【夜读】情... ​		,人民日报,//weibo.com/2803301701/G42HlEaGZ?refer_flag=1001030103_
