query,Post ID,Post Content,nickname,link
反腐; 2018-02-20; 1; 25,1, 反腐倡廉警钟 http://t.cn/RRXKxrF ​		,竹林弈贤,//weibo.com/3218199195/G3WCW0co0?refer_flag=1001030103_
反腐; 2018-02-20; 1; 25,2,@任瑞存反腐依理打胜@任瑞存冀查案办结应有期@任瑞存依法依理打倒腐败@任瑞存依法打击军地腐败@任瑞存法理反腐@任瑞存反腐反侵@任瑞存天天举报腐败@任瑞存希望依法如律办案@苦大仇深者任瑞存@任瑞存铁证反腐者@反腐战士老任@任瑞存理直气壮哥@任瑞存2@任瑞存A@任瑞存盼天晴@任瑞存:制止人为破坏长微博2		,任瑞存反腐依理打胜,//weibo.com/5120043639/FxbB332He?refer_flag=1001030103_
反腐; 2018-02-20; 1; 25,3,	  亟请@腾讯微博:依法修复我账号【@renruicunfanfu4:@renruicunfanfu3:@renruicunfanfuxin:@renruicunyanshuo@renruicunfanfu:@renruicunfanfu2:@renruicunfanfu1:@hufarengao:@weiguojiarengao:@pingfaligao:@gongzhengwugao:】自2017年9月20日后编辑长微博不到2分钟就被破坏掉的故障，请制止惩治人为破 ​		...展开全文c,NA,//weibo.com/5120043639/G3WBG0SA1?refer_flag=1001030103_
反腐; 2018-02-20; 1; 25,4,@任瑞存反腐依理打胜@任瑞存冀查案办结应有期@任瑞存依法依理打倒腐败@任瑞存依法打击军地腐败@任瑞存法理反腐@任瑞存反腐反侵@任瑞存天天举报腐败@任瑞存希望依法如律办案@苦大仇深者任瑞存@任瑞存铁证反腐者@反腐战士老任@任瑞存理直气壮哥@任瑞存2@任瑞存A@任瑞存盼天晴@任瑞存:制止人为破坏长微博1		,任瑞存反腐依理打胜,//weibo.com/1898257847/Fo9FZBFLQ?refer_flag=1001030103_
反腐; 2018-02-20; 1; 25,5,	  腾讯微博及版主与管理人员：您们好！请费心依法尽快全面彻底帮助修复自2017年9月20日早至今我账号不能编辑长微博的故障、亦或解除人为故意限制（9月28、29日各好一会就被破坏），以及彻底解除与全面修复2017年7月7日起至今被查封的账号【@renruicunyanshuo:】恢复正常（现偶尔显示的不是原样），谢谢！ ​	,NA,//weibo.com/5120043639/G3WBnoobr?refer_flag=1001030103_
反腐; 2018-02-20; 1; 25,6,"		无锡法官腐败透顶，执法犯法，收此杀人凶手朱静芬几十万贿赂〈证据，由法制报记者交江苏省政法委〉。无锡法官和党中央唱对台戏，公然对抗党中央""有腐必惩，反腐永远在路上""的决策，袒护腐败，庇护恐怖残暴杀人凶手！违纪违法，对抗法律，不执行省检察院抗，不执行最高院督办组亲临无锡法院督办此案重审		",用户6312834748,//weibo.com/6312834748/FF3JIpv3Z?refer_flag=1001030103_
反腐; 2018-02-20; 1; 25,7,	  分享视频 http://t.cn/RxguGYv http://t.cn/RQ9ST7Z ​	,NA,//weibo.com/6312834748/G3WBk9nCA?refer_flag=1001030103_
反腐; 2018-02-20; 1; 25,8,		【新闻敲诈的式微】对21世纪系的打击，官媒的自我审查，都说明了依靠新闻敲诈获取盈利再也不可能光明正大走下去了。今年上半年一家非常著名的杂志盈利才50万，若无各类活动支撑，早就办不下了。纸媒的衰败面临市场和反腐的双重夹击，媒体人除了转型、出走和创业别无他法。树倒猢狲散的场景迟早到来。 ​		,树上藤庆,//weibo.com/3584451670/G3Wz43H0X?refer_flag=1001030103_
反腐; 2018-02-20; 1; 25,9,		//@少雄-严89: //@mks粉丝43://@暖阳晴天201712: 赶快抓防移民跑了//@流浪男人2://@六国虹://@林起:儿媳妇也成反腐利器了。//@一叶知秋足彩:@林起  @人民日报  //@林建楊:右边是举报者本尊。这是最新情况，大家有问题也可以问她。//@王燕茹实名举报：我是本人，现在黄宇停职了，他爸还		,玉树临风-凹MMGD凸HGMG,//weibo.com/1432458327/G3vuF1NGU?refer_flag=1001030103_
反腐; 2018-02-20; 1; 25,10,	  【实名举报，一定转】“我是王燕茹，女，32岁，扬州中行员工，现实名举报原扬州市国资委主任，中共党员黄道龙（65岁）和其子扬州市资源交易中心政府采购科科长、中共党员黄宇（36岁），拥有来历不明的房产、珠宝、书画、成套的红木家具、豪华轿车及大量的银行卡和现金，资产高达几千万。” ​	,NA,//weibo.com/2467715375/G3WyrCpBa?refer_flag=1001030103_
反腐; 2018-02-20; 1; 25,11,"		为了响应党中央（反腐倡廉整党整风）的号召,腐败就必须得从源头抓起，尤其是地方政府的领导干部他们的权力大于国法，比如公检法司的领导干部能把小案子办成累案或者是冤假错案，老百姓苦不堪言、冤声再到。我相信党中央必须把这些祸国殃民地方的《地痞流氓无赖恶霸》腐败的领导干部一网打尽绳之于法。		",陈老三5945913558,//weibo.com/5945913558/ElWMAB1yj?refer_flag=1001030103_
反腐; 2018-02-20; 1; 25,12,	  我发表了头条文章:《陈老三说事？？？？？》 http://t.cn/RIUgejF ​	,NA,//weibo.com/5945913558/G3WxMkPRJ?refer_flag=1001030103_
反腐; 2018-02-20; 1; 25,13,		国家必须立法 : 哪个政府工作人员或者执法个人导致他人上访、民告官的，追究其党纪国法责任！不能让党和政府当被告，更不能让党和政府替这样的违纪违法人员背黑锅！『控告齐齐哈尔市公安局龙沙分局非法拘禁人质拿钱放人！_公安反腐网』http://t.cn/RRDKUDP ​		,公安反腐网,//weibo.com/1631791244/G3Wxb5F4J?refer_flag=1001030103_
反腐; 2018-02-20; 1; 25,14,		【新闻敲诈的式微】对21世纪系的打击，官媒的自我审查，都说明了依靠新闻敲诈获取盈利再也不可能光明正大走下去了。今年上半年一家非常著名的杂志盈利才50万，若无各类活动支撑，早就办不下了。纸媒的衰败面临市场和反腐的双重夹击，媒体人除了转型、出走和创业别无他法。树倒猢狲散的场景迟早到来。 ​		,幸福的遥相辉映的小屋,//weibo.com/2292281105/G3Wx7g7iP?refer_flag=1001030103_
反腐; 2018-02-20; 1; 25,15,"#罗晋归去来# #罗晋书澈# 故事给人耳目一新的感觉,时尚励志,反腐正能量,且看罗晋如何演绎不一样的官二代,如何在纷繁之中不忘初心,实现自我价值 @罗晋http://t.cn/R4LsFhf @超级应援 http://t.cn/Rp7TUC6 ​		",桃之妖妖·,//weibo.com/3512186014/G3WvL0HE4?refer_flag=1001030103_
反腐; 2018-02-20; 1; 25,16,		我分享了 @反腐惊天大案 的头条文章 http://t.cn/RREL4JL ​		,反腐惊天大案,//weibo.com/1113931184/G3Wqnpi8Y?refer_flag=1001030103_
反腐; 2018-02-20; 1; 25,17,		而却把亲信巨贪保护起来。培育了一帮阿谀逢迎阴奉阳违弱智小官僚：━━━冯骥才.；小和尚成心念歪了！现在的问题有二；因为生命的力量在于不顺从！比如规定反腐：一是规定没错[ali想] ​		,木雪烟,//weibo.com/2892246857/G3WpfCT9g?refer_flag=1001030103_
反腐; 2018-02-20; 1; 25,18,		【新闻敲诈的式微】对21世纪系的打击，官媒的自我审查，都说明了依靠新闻敲诈获取盈利再也不可能光明正大走下去了。今年上半年一家非常著名的杂志盈利才50万，若无各类活动支撑，早就办不下了。纸媒的衰败面临市场和反腐的双重夹击，媒体人除了转型、出走和创业别无他法。树倒猢狲散的场景迟早到来。 ​		,popularibibi,//weibo.com/6173043194/G3WoTuAvY?refer_flag=1001030103_
反腐; 2018-02-20; 1; 25,19,		独家图片末代甲收官战国际天津 开赛前成耀东表情严肃。足坛第二批反腐案今日开庭。原上海国际球员申思、祁宏、李明、江津等出庭受审。四人曾在年末代甲收官战中收受贿赂，每人获得万元。他们故意输给天津，天津保住中超资格，申花同时在深圳也输球，但依然以一分优势获得冠军。 ​		,nii敲wo的脑袋,//weibo.com/3886171047/G3WoR8xQU?refer_flag=1001030103_
反腐; 2018-02-20; 1; 25,20,@05孙利珍反腐敢死队队员: @大连时空: @南通陆德平维权:@人民风采高峰:@不再沉默着:@九里梁: 谁欺压人民，谁就是反动派//@冉桂珍:/@营口冤案2:@初爱国F: /@李魔军:@南通0点零: @任瑞存希望依法如律办案: @用户GXL57220291: @徐宝云绽放人生:                       http://t.cn/RJw1E9R,心亡者-怪妖-RMD,//weibo.com/5880661848/EgfTa3Pvu?refer_flag=1001030103_
反腐; 2018-02-20; 1; 25,21,	  分享视频 http://t.cn/RfvNmTd . ​	,NA,//weibo.com/5880661848/G3Wnazavu?refer_flag=1001030103_
反腐; 2018-02-20; 1; 25,22,		【新闻敲诈的式微】对21世纪系的打击，官媒的自我审查，都说明了依靠新闻敲诈获取盈利再也不可能光明正大走下去了。今年上半年一家非常著名的杂志盈利才50万，若无各类活动支撑，早就办不下了。纸媒的衰败面临市场和反腐的双重夹击，媒体人除了转型、出走和创业别无他法。树倒猢狲散的场景迟早到来。 ​		,乖乖豆花_516,//weibo.com/2032488702/G3WmDbjkn?refer_flag=1001030103_
反腐; 2018-02-20; 1; 25,23,#jane_zizi#【新闻敲诈的式微】对21世纪系的打击，官媒的自我审查，都说明了依靠新闻敲诈获取盈利再也不可能光明正大走下去了。今年上半年一家非常著名的杂志盈利才50万，若无各类活动支撑，早就办不下了。纸媒的衰败面临市场和反腐的双重夹击，媒体人除了转型、出走和创业别无他法。树倒猢狲散的场景 ​			...展开全文c,郭乐欣Alvin,//weibo.com/5974367800/G3WlG17k5?refer_flag=1001030103_
反腐; 2018-02-20; 1; 25,24,@紫光阁#紫光阁反腐##紫光阁社评##紫光阁独家##国家赔偿行政诉讼##国家监察委员会##盘点2017##微党课##平安北京# #案件微播报##人民日报##国家公务员##山东公务员##法治中国##法律##新闻##头条##2017城市记忆# 丧失人性，泯灭党性！胆大妄为，胡作非为的流氓无赖！以人民的名义，要求政府，严惩罪犯！		,淄博内幕新闻,//weibo.com/6375051228/G2fBRvN5F?refer_flag=1001030103_
反腐; 2018-02-20; 1; 25,25,#首都警务报道##实事警务传真##警务创客·强警惠民##国内警务要闻##警务实战##警务动态##中国警务新闻##百姓警务室##公安##警察##警察·说#『实名举报：职务侵占罪罪行滔天，经侦“不予立案”_淄博内幕新闻』http://t.cn/RW1Qql2 ​​​	,NA,//weibo.com/5893679918/G3WkyhEBt?refer_flag=1001030103_
反腐; 2018-02-20; 1; 25,26,@紫光阁#紫光阁反腐##紫光阁社评##紫光阁独家##国家赔偿行政诉讼##国家监察委员会##盘点2017##微党课##平安北京# #案件微播报##人民日报##国家公务员##山东公务员##法治中国##法律##新闻##头条##2017城市记忆# 丧失人性，泯灭党性！胆大妄为，胡作非为的流氓无赖！以人民的名义，要求政府，严惩罪犯！		,淄博内幕新闻,//weibo.com/6400654123/G1J3MvwOH?refer_flag=1001030103_
反腐; 2018-02-20; 1; 25,27,#警方通报##公安新闻##案件微播报##人民日报# @人民日报 @检察日报 @南方周末 @CCTV焦点访谈 @CCTV今日说法 @人民的名义官微 @人民公安报总编室 @CCTV看点 @法制网 @法制晚报 @民主与法制网官方 @央视新闻 @中央人民广播电台@人民公安报@山东省公安厅经侦总队 @人民网山东频道 @山东警务督察    ​		...展开全文c,NA,//weibo.com/5893679918/G3WktgrG7?refer_flag=1001030103_
反腐; 2018-02-20; 1; 25,28,@紫光阁#紫光阁反腐##紫光阁社评##紫光阁独家##国家赔偿行政诉讼##国家监察委员会##盘点2017##微党课##平安北京# #案件微播报##人民日报##国家公务员##山东公务员##法治中国##法律##新闻##头条##2017城市记忆# 丧失人性，泯灭党性！胆大妄为，胡作非为的流氓无赖！以人民的名义，要求政府，严惩罪犯！		,淄博内幕新闻,//weibo.com/6400654123/FvYofhn8x?refer_flag=1001030103_
反腐; 2018-02-20; 1; 25,29,http://t.cn/RWNmIXlhttp://t.cn/RIetAXr ​​​http://t.cn/Rp4BFJ3 ​​​	,NA,//weibo.com/5893679918/G3WkqBMYe?refer_flag=1001030103_
反腐; 2018-02-20; 1; 25,30,@紫光阁#紫光阁反腐##紫光阁社评##紫光阁独家##国家赔偿行政诉讼##国家监察委员会##盘点2017##微党课##平安北京# #案件微播报##人民日报##国家公务员##山东公务员##法治中国##法律##新闻##头条##2017城市记忆# 丧失人性，泯灭党性！胆大妄为，胡作非为的流氓无赖！以人民的名义，要求政府，严惩罪犯！		,淄博内幕新闻,//weibo.com/6400654123/FvceGcbLj?refer_flag=1001030103_
反腐; 2018-02-20; 1; 25,31,#公安新闻##案件微播报##人民日报# @人民日报 @检察日报 @南方周末 @CCTV焦点访谈 @CCTV今日说法 @人民的名义官微 @人民公安报总编室 @CCTV看点 @法制网 @法制晚报 @民主与法制网官方 @央视新闻 @中央人民广播电台@人民公安报@山东省公安厅经侦总队 @人民网山东频道 @山东警务督察     ​		...展开全文c,NA,//weibo.com/5893679918/G3WkogXFb?refer_flag=1001030103_
反腐; 2018-02-20; 1; 25,32,@紫光阁#紫光阁反腐##紫光阁社评##紫光阁独家##国家赔偿行政诉讼##国家监察委员会##盘点2017##微党课##平安北京# #案件微播报##人民日报##国家公务员##山东公务员##法治中国##法律##新闻##头条##2017城市记忆# 丧失人性，泯灭党性！胆大妄为，胡作非为的流氓无赖！以人民的名义，要求政府，严惩罪犯！		,淄博内幕新闻,//weibo.com/6400654123/Fvcemlja4?refer_flag=1001030103_
反腐; 2018-02-20; 1; 25,33,#公安新闻##案件微播报##人民日报# @人民日报 @检察日报 @南方周末 @CCTV焦点访谈 @CCTV今日说法 @人民的名义官微 @人民公安报总编室 @CCTV看点 @法制网 @法制晚报 @民主与法制网官方 @央视新闻 @中央人民广播电台@人民公安报@山东省公安厅经侦总队 @人民网山东频道 @山东警务督察     ​		...展开全文c,NA,//weibo.com/5893679918/G3WklhvF5?refer_flag=1001030103_
反腐; 2018-02-20; 1; 25,34,		【新闻敲诈的式微】对21世纪系的打击，官媒的自我审查，都说明了依靠新闻敲诈获取盈利再也不可能光明正大走下去了。今年上半年一家非常著名的杂志盈利才50万，若无各类活动支撑，早就办不下了。纸媒的衰败面临市场和反腐的双重夹击，媒体人除了转型、出走和创业别无他法。树倒猢狲散的场景迟早到来。 ​		,jackieMM007敏,//weibo.com/3584458590/G3Wkjx5Kx?refer_flag=1001030103_
反腐; 2018-02-20; 1; 25,35,@紫光阁#紫光阁反腐##紫光阁社评##紫光阁独家##国家赔偿行政诉讼##国家监察委员会##盘点2017##微党课##平安北京# #案件微播报##人民日报##国家公务员##山东公务员##法治中国##法律##新闻##头条##2017城市记忆# 丧失人性，泯灭党性！胆大妄为，胡作非为的流氓无赖！以人民的名义，要求政府，严惩罪犯！		,淄博内幕新闻,//weibo.com/2748538993/EBhn2372H?refer_flag=1001030103_
反腐; 2018-02-20; 1; 25,36,#万象##感动中国##新闻##淄博新鲜事##2017两会##今日热点##视野#要求政府，严惩罪犯！！！史上最牛！淄博博山牛B党员欺男霸女，谋夺他人巨额财产，《焦裕禄故里的毒苍蝇 》山东省淄博市博山区党员干部残害残疾人！ http://t.cn/RxpNMjm ​​​ http://t.cn/RiABQ2p http://t.cn/RJZbt5d ​​​『民众 ​		...展开全文c,NA,//weibo.com/5893679918/G3Wkee1AL?refer_flag=1001030103_
反腐; 2018-02-20; 1; 25,37,@紫光阁#紫光阁反腐##紫光阁社评##紫光阁独家##国家赔偿行政诉讼##国家监察委员会##盘点2017##微党课##平安北京# #案件微播报##人民日报##国家公务员##山东公务员##法治中国##法律##新闻##头条##2017城市记忆# 丧失人性，泯灭党性！胆大妄为，胡作非为的流氓无赖！以人民的名义，要求政府，严惩罪犯！		,淄博内幕新闻,//weibo.com/2748538993/EBhnlfEVI?refer_flag=1001030103_
反腐; 2018-02-20; 1; 25,38,	  分享自正义律师法制 《民众版的“王宝强和马蓉事件”》 - ... (来自 @头条博客) - http://t.cn/RJGOSAh ​​​『山东省淄博市博山区党员干部残害残疾人！谋夺他人巨额财产！(转载) -天涯社区』http://t.cn/Rxh07vI 『马上被删，速看！_淄博内幕新闻』http://t.cn/RJL4Wtp ​​​	,NA,//weibo.com/5893679918/G3Wkaq4Fg?refer_flag=1001030103_
反腐; 2018-02-20; 1; 25,39,@紫光阁#紫光阁反腐##紫光阁社评##紫光阁独家##国家赔偿行政诉讼##国家监察委员会##盘点2017##微党课##平安北京# #案件微播报##人民日报##国家公务员##山东公务员##法治中国##法律##新闻##头条##2017城市记忆# 丧失人性，泯灭党性！胆大妄为，胡作非为的流氓无赖！以人民的名义，要求政府，严惩罪犯！		,淄博内幕新闻,//weibo.com/2748538993/EBhnunSPL?refer_flag=1001030103_
反腐; 2018-02-20; 1; 25,40,	  焦裕禄故里的毒苍蝇 山东省淄博市博山区党员干部残害残疾人！谋夺他人巨额财产！(转载) http://t.cn/RxpNMjm ​​​ http://t.cn/RJZbt5d ​​​『民众版的“王宝强和马蓉事件”_凤凰财经』http://t.cn/RIetAXr ​​​  http://t.cn/RJugfak ​​​	,NA,//weibo.com/5893679918/G3Wk80R4o?refer_flag=1001030103_
反腐; 2018-02-20; 1; 25,41,@紫光阁#紫光阁反腐##紫光阁社评##紫光阁独家##国家赔偿行政诉讼##国家监察委员会##盘点2017##微党课##平安北京# #案件微播报##人民日报##国家公务员##山东公务员##法治中国##法律##新闻##头条##2017城市记忆# 丧失人性，泯灭党性！胆大妄为，胡作非为的流氓无赖！以人民的名义，要求政府，严惩罪犯！		,淄博内幕新闻,//weibo.com/2748538993/EBhLWidSk?refer_flag=1001030103_
反腐; 2018-02-20; 1; 25,42,#万象##感动中国##新闻##淄博新鲜事##2017两会##今日热点##视野#要求政府，严惩罪犯！！！史上最牛！淄博博山牛B党员欺男霸女，谋夺他人巨额财产，《焦裕禄故里的毒苍蝇 》山东省淄博市博山区党员干部残害残疾人！ http://t.cn/RxpNMjm ​​​ http://t.cn/RiABQ2p http://t.cn/RJZbt5d ​​​『民众 ​		...展开全文c,NA,//weibo.com/5893679918/G3Wk5BDIk?refer_flag=1001030103_
反腐; 2018-02-20; 1; 25,43,@紫光阁#紫光阁反腐##紫光阁社评##紫光阁独家##国家赔偿行政诉讼##国家监察委员会##盘点2017##微党课##平安北京# #案件微播报##人民日报##国家公务员##山东公务员##法治中国##法律##新闻##头条##2017城市记忆# 丧失人性，泯灭党性！胆大妄为，胡作非为的流氓无赖！以人民的名义，要求政府，严惩罪犯！		,淄博内幕新闻,//weibo.com/2748538993/EBhMgCmNj?refer_flag=1001030103_
反腐; 2018-02-20; 1; 25,44,	  分享自正义律师法制 《民众版的“王宝强和马蓉事件”》 - ... (来自 @头条博客) - http://t.cn/RJGOSAh ​​​『山东省淄博市博山区党员干部残害残疾人！谋夺他人巨额财产！(转载) -天涯社区』http://t.cn/Rxh07vI 『马上被删，速看！_淄博内幕新闻』http://t.cn/RJL4Wtp ​​​	,NA,//weibo.com/5893679918/G3Wk0ELdo?refer_flag=1001030103_
反腐; 2018-02-20; 1; 25,45,@紫光阁#紫光阁反腐##紫光阁社评##紫光阁独家##国家赔偿行政诉讼##国家监察委员会##盘点2017##微党课##平安北京# #案件微播报##人民日报##国家公务员##山东公务员##法治中国##法律##新闻##头条##2017城市记忆# 丧失人性，泯灭党性！胆大妄为，胡作非为的流氓无赖！以人民的名义，要求政府，严惩罪犯！		,淄博内幕新闻,//weibo.com/2748538993/EBhMr1jYm?refer_flag=1001030103_
反腐; 2018-02-20; 1; 25,46,	  焦裕禄故里的毒苍蝇 山东省淄博市博山区党员干部残害残疾人！谋夺他人巨额财产！(转载) http://t.cn/RxpNMjm ​​​ http://t.cn/RJZbt5d ​​​『民众版的“王宝强和马蓉事件”_凤凰财经』http://t.cn/RIetAXr ​​​  http://t.cn/RJugfak ​​​	,NA,//weibo.com/5893679918/G3WjYAD43?refer_flag=1001030103_
反腐; 2018-02-20; 1; 25,47,@紫光阁#紫光阁反腐##紫光阁社评##紫光阁独家##国家赔偿行政诉讼##国家监察委员会##盘点2017##微党课##平安北京# #案件微播报##人民日报##国家公务员##山东公务员##法治中国##法律##新闻##头条##2017城市记忆# 丧失人性，泯灭党性！胆大妄为，胡作非为的流氓无赖！以人民的名义，要求政府，严惩罪犯！		,淄博内幕新闻,//weibo.com/2748538993/EBiaSg5B6?refer_flag=1001030103_
反腐; 2018-02-20; 1; 25,48,#万象##感动中国##新闻##淄博新鲜事##2017两会##今日热点##视野#要求政府，严惩罪犯！！！史上最牛！淄博博山牛B党员欺男霸女，谋夺他人巨额财产，《焦裕禄故里的毒苍蝇 》山东省淄博市博山区党员干部残害残疾人！ http://t.cn/RxpNMjm ​​​ http://t.cn/RiABQ2p http://t.cn/RJZbt5d ​​​『民众 ​		...展开全文c,NA,//weibo.com/5893679918/G3WjWcfl1?refer_flag=1001030103_
反腐; 2018-02-20; 1; 25,49,@紫光阁#紫光阁反腐##紫光阁社评##紫光阁独家##国家赔偿行政诉讼##国家监察委员会##盘点2017##微党课##平安北京# #案件微播报##人民日报##国家公务员##山东公务员##法治中国##法律##新闻##头条##2017城市记忆# 丧失人性，泯灭党性！胆大妄为，胡作非为的流氓无赖！以人民的名义，要求政府，严惩罪犯！		,淄博内幕新闻,//weibo.com/2748538993/EBiba27Js?refer_flag=1001030103_
反腐; 2018-02-20; 1; 25,50,	  分享自正义律师法制 《民众版的“王宝强和马蓉事件”》 - ... (来自 @头条博客) - http://t.cn/RJGOSAh ​​​『山东省淄博市博山区党员干部残害残疾人！谋夺他人巨额财产！(转载) -天涯社区』http://t.cn/Rxh07vI 『马上被删，速看！_淄博内幕新闻』http://t.cn/RJL4Wtp ​​​	,NA,//weibo.com/5893679918/G3WjR93wK?refer_flag=1001030103_
反腐; 2018-02-20; 1; 25,51,@紫光阁#紫光阁反腐##紫光阁社评##紫光阁独家##国家赔偿行政诉讼##国家监察委员会##盘点2017##微党课##平安北京# #案件微播报##人民日报##国家公务员##山东公务员##法治中国##法律##新闻##头条##2017城市记忆# 丧失人性，泯灭党性！胆大妄为，胡作非为的流氓无赖！以人民的名义，要求政府，严惩罪犯！		,淄博内幕新闻,//weibo.com/2748538993/EBibhnDxC?refer_flag=1001030103_
反腐; 2018-02-20; 1; 25,52,	  焦裕禄故里的毒苍蝇 山东省淄博市博山区党员干部残害残疾人！谋夺他人巨额财产！(转载) http://t.cn/RxpNMjm ​​​ http://t.cn/RJZbt5d ​​​『民众版的“王宝强和马蓉事件”_凤凰财经』http://t.cn/RIetAXr ​​​  http://t.cn/RJugfak ​​​	,NA,//weibo.com/5893679918/G3WjP6FX5?refer_flag=1001030103_
反腐; 2018-02-20; 1; 25,53,		我分享了 @反腐惊天大案 的头条文章: http://t.cn/RREL4JL ​		,铁血陈江国,//weibo.com/6184081063/G3Wj6vnqW?refer_flag=1001030103_
反腐; 2018-02-20; 1; 25,54,		【新闻敲诈的式微】对21世纪系的打击，官媒的自我审查，都说明了依靠新闻敲诈获取盈利再也不可能光明正大走下去了。今年上半年一家非常著名的杂志盈利才50万，若无各类活动支撑，早就办不下了。纸媒的衰败面临市场和反腐的双重夹击，媒体人除了转型、出走和创业别无他法。树倒猢狲散的场景迟早到来。 ​		,XMMX班,//weibo.com/3533620431/G3WiLd0MJ?refer_flag=1001030103_
反腐; 2018-02-20; 1; 25,55,#我等你!#【新闻敲诈的式微】对21世纪系的打击，官媒的自我审查，都说明了依靠新闻敲诈获取盈利再也不可能光明正大走下去了。今年上半年一家非常著名的杂志盈利才50万，若无各类活动支撑，早就办不下了。纸媒的衰败面临市场和反腐的双重夹击，媒体人除了转型、出走和创业别无他法。树倒猢狲散的场景迟 ​			...展开全文c,紫林溪1994,//weibo.com/5974103178/G3WhE7eMJ?refer_flag=1001030103_
反腐; 2018-02-20; 1; 25,56,		//@环境保护主义者联盟:在腐败制度下反腐是无济于事的 //@热血秋歌:其一，由皇权独揽到高度集权，真正起作用的不是法治而是人治。其二，严格吏治的实施，并不是为以法治国，而是权力斗争需要。其三，反腐缺乏标本兼治，一味酷刑严律，只能是前“捕”后继。		,济南观察团,//weibo.com/6403339793/G3PFczVAh?refer_flag=1001030103_
反腐; 2018-02-20; 1; 25,57,	  【朱元璋铁腕治贪为何贪官越杀越多？】#逸事拾遗# 煞费苦心想缔造一个至纯至清的全新王朝的朱元璋，最终无奈地发出绝世悲叹：“我欲除贪赃官吏，奈何朝杀而暮犯？”#驴言片语# 为什么满朝文武“擢用之时，并效忠良，任用既久，俱系奸贪”呢？ http://t.cn/RRgXazq ​	,NA,//weibo.com/2169988003/G3Wen6mox?refer_flag=1001030103_
反腐; 2018-02-20; 1; 25,58,#中国赞#独家图片#末代甲A收官战国际VS天津# 开赛前成耀东表情严肃。中国足坛第二批反腐案今日开庭。原上海国际球员申思、祁宏、李明、江津等出庭受审。四人曾在2003年末代甲A收官战中收受贿赂，每人获得200万元。他们故意输给天津，天津保住中超资格，申花同时在深圳也输球，但依然以一分优势获得冠军 ​			...展开全文c,冬不眠本人,//weibo.com/2618735243/G3WdDgCiX?refer_flag=1001030103_
反腐; 2018-02-20; 1; 25,59,反腐倡廉必须拿出毛爷爷当年杀无赦的态度出来， http://t.cn/RRDJ2dN ​		,ZSS230,//weibo.com/2761691775/G3Wav6MzB?refer_flag=1001030103_
反腐; 2018-02-20; 1; 25,60,		看预告很吸引人了@毒舌北大lu @充满热情的儿科1 @反腐要从基层抓起,爱动脑筋的磁道uo,//weibo.com/1218981184/G3KBOv7Im?refer_flag=1001030103_
反腐; 2018-02-20; 1; 25,61,	  好消息，各位粉丝走过路过一定不能错过啦，还记得王叔说要帮你们争取#唐人街探案2#的电影票么，感谢可耐的片方鼎力支持，特别送出20张电影票给粉丝们，全国万达影城可看！参与方法很简单：关注王叔@电影王 ，转发本条微博并@ 三位好友，即有机会得到两张《唐人街探案2》电影票，王叔会选出10位粉丝2月 ​		...展开全文c,NA,//weibo.com/6244548711/G3W98lXwv?refer_flag=1001030103_
反腐; 2018-02-20; 1; 25,62,		//@魏剑美:所谓反腐，大多是本末倒置，以强化权力来反腐，其实就是抱薪救火		,猫咪好玩,//weibo.com/6403339793/G3PFczVAh?refer_flag=1001030103_
反腐; 2018-02-20; 1; 25,63,	  【朱元璋铁腕治贪为何贪官越杀越多？】#逸事拾遗# 煞费苦心想缔造一个至纯至清的全新王朝的朱元璋，最终无奈地发出绝世悲叹：“我欲除贪赃官吏，奈何朝杀而暮犯？”#驴言片语# 为什么满朝文武“擢用之时，并效忠良，任用既久，俱系奸贪”呢？ http://t.cn/RRgXazq ​	,NA,//weibo.com/1960054465/G3W75hM6O?refer_flag=1001030103_
反腐; 2018-02-20; 1; 25,64,		儿媳也是反腐主力军。		,与命运抗争者,//weibo.com/6471000656/G3UybhNAe?refer_flag=1001030103_
反腐; 2018-02-20; 1; 25,65,	  上百度了 ​	,NA,//weibo.com/3128856992/G3W4D3gc7?refer_flag=1001030103_
反腐; 2018-02-20; 1; 25,66,		生日那天，老公在市里最好的饭店给我订了一桌生日宴。我感动之余又责怪他太破费，不料老公却说：“花不了多少钱。”我一脸不相信：“听说这里随便一桌都要千儿八百的，而且还常常挤满了顾客。”谁知老公听了哈哈大笑说：“那是以前，现在反腐这么厉害，这里早已转型为平价饭店了。” ​		,萨琪妈,//weibo.com/2175819662/G3W3Wf0X4?refer_flag=1001030103_
反腐; 2018-02-20; 1; 25,67,		39xyz你可真背运。妻子对老公抱怨说，前几年花那么多钱，你却只弄到个小科长。本想着投资该有回报了吧，可偏又遇到大反腐。我一点儿都不背运。老公对妻子说，你给我的钱，我压根一分钱都没送，科长是靠我实干得来的。你再看看那些买官卖官的人，现在有的被免了职，有的还坐了牢。他们才可悲呢。 ​		,施敏269,//weibo.com/3820719043/G3W3i2iv5?refer_flag=1001030103_
反腐; 2018-02-20; 1; 25,68,#陈伟霆##徐海乔夜天子#《夜天子》这本书，讲述了叶小天从一个男孩成长到男人的故事，家国天下，朝堂江湖，反贪反腐，有情有义！重点关叔说他:“眼神灵动唇形优美肤若皓雪秀若子房见之词穷”这简直就是徐海乔好嘛！#徐海乔# ​		,五月未央De夏梦,//weibo.com/2722500751/G3W0u06LA?refer_flag=1001030103_
反腐; 2018-02-20; 1; 25,69,		//@中国刘学刚:这是拼了身家性命在反腐啊！//@阿依土豪公主://@白星跃:得查！//@京都观潮:不管举报者出于什么目的，但是实名举报不能置之不理。//@李仲伟律师: 得查啊，//@鄢烈山:转发微博		,岳阳山巅,//weibo.com/1432458327/G3vuF1NGU?refer_flag=1001030103_
反腐; 2018-02-20; 1; 25,70,	  【实名举报，一定转】“我是王燕茹，女，32岁，扬州中行员工，现实名举报原扬州市国资委主任，中共党员黄道龙（65岁）和其子扬州市资源交易中心政府采购科科长、中共党员黄宇（36岁），拥有来历不明的房产、珠宝、书画、成套的红木家具、豪华轿车及大量的银行卡和现金，资产高达几千万。” ​	,NA,//weibo.com/5499111041/G3VYKoLz5?refer_flag=1001030103_
反腐; 2018-02-20; 1; 25,71,		//@道路以目时代:旧的冤假错案还没有系统纠正，大量的上访群众还在苦苦呐喊，新的冤假错案又被制造出来了。//@迟夙生律师工作室: 博主大号何时解禁？ //@新面包树:一定是真正的腐败分子栽赃廉洁的人。//@假装大律师:反腐成了冤案重灾区		,母亲为儿申冤重庆孔祥文冤案,//weibo.com/1782415244/EuDkcpTe0?refer_flag=1001030103_
反腐; 2018-02-20; 1; 25,72,	  到重庆长寿，为涉嫌受贿的孔祥文辩护，今天上午到法院交手续、阅卷，下午会见，孔祥文大呼冤枉。晚上住长寿古镇，篝火广场舞热闹非凡，朋友说孔祥文为长寿建设做了很大贡献，古镇就是时任长寿区开投公司董事长孔祥文引进建设的。@重庆孔祥文冤案 ​	,NA,//weibo.com/6236016700/G3VS0AXCm?refer_flag=1001030103_
反腐; 2018-02-20; 1; 25,73,"		//@111111asd在行动:@重庆检察 此人造假骗钱骗色，@长寿检察 院检察长梁经顺等一小撮枉法者披着组织的外衣，借反腐之名，徇私枉法，滥用职权，""做""证据，炮制假案，造假陷害无辜，异曲同工。		",母亲为儿申冤重庆孔祥文冤案,//weibo.com/5915215161/Fxakxmev0?refer_flag=1001030103_
反腐; 2018-02-20; 1; 25,74,	  【南通无业游民冒充公务员5年诈骗两百万，一女教师被骗婚生子】无业人员魏某冒充政府工作人员，5年间，每天假装去政府机关上班，潜入各大会议现场，伺机与领导合照，然后发到朋友圈，以此博得信任，先后骗取他人200多万元。出人意料的是，他居然还以公务员身份，蒙骗了一名女老师，与其结婚生子，直到 ​		...展开全文c,NA,//weibo.com/6236016700/G3VRBwHeb?refer_flag=1001030103_
反腐; 2018-02-20; 1; 25,75,@民生新闻调查评论网:有很多驻京办在京行贿官员，截访或者非法关押进京上访人员。百姓遇到的问题如果在当地能够得到解决，为啥要到北京去上访呢？傻子都明白的道理，难道官员们不明白？贪污腐败、执法犯法，让信访百姓的维权之路难上加难。希望反腐之剑早日斩断腐败的黑手，让信访的百姓早日拨云见日		,07一2,//weibo.com/3942029945/FiRwK0JUr?refer_flag=1001030103_
反腐; 2018-02-20; 1; 25,76,	  我发表了头条文章:《反贪腐 反迫害 (修改版)》 http://t.cn/RCnv0wu http://t.cn/R2WJ0Tr ​	,NA,//weibo.com/6199945317/G3VMzqiFQ?refer_flag=1001030103_
反腐; 2018-02-20; 1; 25,77,@07魏克燕反腐敢死队队员:反腐维权的访民还有出头之日吗？！//@511678aa:比打鬼子要难百倍！//@07魏克燕反腐敢死队队员: 难道比打鬼子还难吗？//@郁垒002:冤案的推动，是持久战，是背水一战!//@郁垒002:反迫害，反贪腐——和党中央高度一致呀！//@公益大使20171012:转发微博		,07一2,//weibo.com/3942029945/FiRwK0JUr?refer_flag=1001030103_
反腐; 2018-02-20; 1; 25,78,	  我发表了头条文章:《反贪腐 反迫害 (修改版)》 http://t.cn/RCnv0wu http://t.cn/R2WJ0Tr ​	,NA,//weibo.com/6199945317/G3VMa2Ah2?refer_flag=1001030103_
反腐; 2018-02-20; 1; 25,79,		//@眉中王:→_→//@佛山纺织染色师傅霸者007:李开腹还在中国各地演讲，这种反共反中的货为什么在中国这么有市场？反腐不仅在经济上，政治上更要反腐，反须把党内与李开腹勾结的人全部纠出来。		,馋猫的鱼_2000,//weibo.com/2811244260/G3FG69d6P?refer_flag=1001030103_
反腐; 2018-02-20; 1; 25,80,	  他是特洛伊木马、诺基亚噩梦，外来的和尚好坑爹。2010年，诺基亚聘微软业务部总裁埃洛普，担任执行总裁兼CEO，这一年，诺基亚手机份额是30%。埃洛普上任后，全球裁减员工，引进美国高管，挑起内部争斗，全面与微软合作。2013年，诺基亚份额降至18%，2014年，微软成功收购诺基亚，之后埃洛普重返微软。 ​	,NA,//weibo.com/3205637880/G3VM1bokz?refer_flag=1001030103_
反腐; 2018-02-20; 1; 25,81,		“反腐不应该反职工福利”坚决支持！怎么每次好事挨不到，坏事每次都是老百姓跟着受牵连。。。 ​		,女王范喜剧演员TN,//weibo.com/6436929808/G3VLPlZzz?refer_flag=1001030103_
反腐; 2018-02-20; 1; 25,82,#中国赞#独家图片#末代甲A收官战国际VS天津# 开赛前成耀东表情严肃。中国足坛第二批反腐案今日开庭。原上海国际球员申思、祁宏、李明、江津等出庭受审。四人曾在2003年末代甲A收官战中收受贿赂，每人获得200万元。他们故意输给天津，天津保住中超资格，申花同时在深圳也输球，但依然以一分优势获得冠军 ​			...展开全文c,海盼聆风,//weibo.com/3264024773/G3VK6qsK5?refer_flag=1001030103_
反腐; 2018-02-20; 1; 25,83,"		//@111111asd在行动:@重庆检察 此人造假骗钱骗色，@长寿检察 院检察长梁经顺等一小撮枉法者披着组织的外衣，借反腐之名，徇私枉法，滥用职权，""做""证据，炮制假案，造假陷害无辜，异曲同工。		",111111asd在行动,//weibo.com/5915215161/Fxakxmev0?refer_flag=1001030103_
反腐; 2018-02-20; 1; 25,84,	  【南通无业游民冒充公务员5年诈骗两百万，一女教师被骗婚生子】无业人员魏某冒充政府工作人员，5年间，每天假装去政府机关上班，潜入各大会议现场，伺机与领导合照，然后发到朋友圈，以此博得信任，先后骗取他人200多万元。出人意料的是，他居然还以公务员身份，蒙骗了一名女老师，与其结婚生子，直到 ​		...展开全文c,NA,//weibo.com/6014391960/G3VJHwOYF?refer_flag=1001030103_
反腐; 2018-02-20; 1; 25,85,		//@马仙家://@魏剑美: 所谓反腐，大多是本末倒置，以强化权力来反腐，其实就是抱薪救火		,悲夫-愚夫,//weibo.com/6403339793/G3PFczVAh?refer_flag=1001030103_
反腐; 2018-02-20; 1; 25,86,	  【朱元璋铁腕治贪为何贪官越杀越多？】#逸事拾遗# 煞费苦心想缔造一个至纯至清的全新王朝的朱元璋，最终无奈地发出绝世悲叹：“我欲除贪赃官吏，奈何朝杀而暮犯？”#驴言片语# 为什么满朝文武“擢用之时，并效忠良，任用既久，俱系奸贪”呢？ http://t.cn/RRgXazq ​	,NA,//weibo.com/2075091051/G3VHA5qJG?refer_flag=1001030103_
反腐; 2018-02-20; 1; 25,87,		【新闻敲诈的式微】对21世纪系的打击，官媒的自我审查，都说明了依靠新闻敲诈获取盈利再也不可能光明正大走下去了。今年上半年一家非常著名的杂志盈利才50万，若无各类活动支撑，早就办不下了。纸媒的衰败面临市场和反腐的双重夹击，媒体人除了转型、出走和创业别无他法。树倒猢狲散的场景迟早到来。 ​		,baiyun503英,//weibo.com/3525565885/G3VHrwwPG?refer_flag=1001030103_
反腐; 2018-02-20; 1; 25,88,		【新闻敲诈的式微】对21世纪系的打击，官媒的自我审查，都说明了依靠新闻敲诈获取盈利再也不可能光明正大走下去了。今年上半年一家非常著名的杂志盈利才50万，若无各类活动支撑，早就办不下了。纸媒的衰败面临市场和反腐的双重夹击，媒体人除了转型、出走和创业别无他法。树倒猢狲散的场景迟早到来。 ​		,Tatachp武,//weibo.com/3525568250/G3VGLwUnv?refer_flag=1001030103_
反腐; 2018-02-20; 1; 25,89,		“反腐不应该反职工福利”坚决支持！怎么每次好事挨不到，坏事每次都是老百姓跟着受牵连。。。 ​		,萝莉SuperJsweet,//weibo.com/6438991969/G3VGqjjWD?refer_flag=1001030103_
反腐; 2018-02-20; 1; 25,90,@民生新闻调查评论网:有很多驻京办在京行贿官员，截访或者非法关押进京上访人员。百姓遇到的问题如果在当地能够得到解决，为啥要到北京去上访呢？傻子都明白的道理，难道官员们不明白？贪污腐败、执法犯法，让信访百姓的维权之路难上加难。希望反腐之剑早日斩断腐败的黑手，让信访的百姓早日拨云见日		,07魏克燕反腐敢死队队员,//weibo.com/3942029945/FiRwK0JUr?refer_flag=1001030103_
反腐; 2018-02-20; 1; 25,91,	  我发表了头条文章:《反贪腐 反迫害 (修改版)》 http://t.cn/RCnv0wu http://t.cn/R2WJ0Tr ​	,NA,//weibo.com/3942029945/G3VFPi2gX?refer_flag=1001030103_
反腐; 2018-02-20; 1; 25,92,反腐维权的访民还有出头之日吗？！//@511678aa:比打鬼子要难百倍！//@07魏克燕反腐敢死队队员: 难道比打鬼子还难吗？//@郁垒002:冤案的推动，是持久战，是背水一战!//@郁垒002:反迫害，反贪腐——和党中央高度一致呀！//@公益大使20171012:转发微博		,07魏克燕反腐敢死队队员,//weibo.com/3942029945/FiRwK0JUr?refer_flag=1001030103_
反腐; 2018-02-20; 1; 25,93,	  我发表了头条文章:《反贪腐 反迫害 (修改版)》 http://t.cn/RCnv0wu http://t.cn/R2WJ0Tr ​	,NA,//weibo.com/3942029945/G3VFwEQDM?refer_flag=1001030103_
反腐; 2018-02-20; 1; 25,94,		一位董事长举报都需要靠媒体！我又何选择！反腐不彻底！言路不通！ http://t.cn/RRD6bke ​		,爱国行动派,//weibo.com/6046845674/G3VFicgwz?refer_flag=1001030103_
反腐; 2018-02-20; 1; 25,95,@08反腐敢死队队员:不为民办实事的政府官员，要坚持揭发，受到党纪国法惩办，中央一贯是保障人民群众最低基本保障！		,07魏克燕反腐敢死队队员,//weibo.com/3942029945/FooJwgJRs?refer_flag=1001030103_
反腐; 2018-02-20; 1; 25,96,	  我发表了头条文章:《九洲线缆公司用谎言瞒上欺下，违纪违法，市国资委百般庇护》 http://t.cn/R0u0jjR ​	,NA,//weibo.com/3942029945/G3VFfiZnq?refer_flag=1001030103_
反腐; 2018-02-20; 1; 25,97,@行者骑兵:严惩腐败是当今中国最重要的政治需要，要打一场反腐败的人民战争，全民参战，人人反腐，让腐败份子在中国没有藏身之处。 ​​​		,07魏克燕反腐敢死队队员,//weibo.com/3942029945/FxGXPpSme?refer_flag=1001030103_
反腐; 2018-02-20; 1; 25,98,	  我发表了头条文章:《 为什么生活困难问题久拖不解决？》 http://t.cn/RYC8iqc ​	,NA,//weibo.com/3942029945/G3VF7BNMX?refer_flag=1001030103_
反腐; 2018-02-20; 1; 25,99,@行者骑兵:严惩腐败是当今中国最重要的政治需要，要打一场反腐败的人民战争，全民参战，人人反腐，让腐败份子在中国没有藏身之处。 ​​​		,07魏克燕反腐敢死队队员,//weibo.com/3942029945/FxGXPpSme?refer_flag=1001030103_
反腐; 2018-02-20; 1; 25,100,	  我发表了头条文章:《 为什么生活困难问题久拖不解决？》 http://t.cn/RYC8iqc ​	,NA,//weibo.com/3942029945/G3VEziYwt?refer_flag=1001030103_
反腐; 2018-02-20; 1; 25,101,@511678aa:腐反腐，谁反谁，/@正义6089560608:反腐应从基层反起，基层腐败才是最大的危害//@民心天下也:官僚主义腐败依然猖獗，主要是他们都多少存在腐败，相互保护，危害国家和人民利益。		,07魏克燕反腐敢死队队员,//weibo.com/3942029945/FiRwK0JUr?refer_flag=1001030103_
反腐; 2018-02-20; 1; 25,102,	  我发表了头条文章:《反贪腐 反迫害 (修改版)》 http://t.cn/RCnv0wu http://t.cn/R2WJ0Tr ​	,NA,//weibo.com/3942029945/G3VEwEFjQ?refer_flag=1001030103_
反腐; 2018-02-20; 1; 25,103,		【新闻敲诈的式微】对21世纪系的打击，官媒的自我审查，都说明了依靠新闻敲诈获取盈利再也不可能光明正大走下去了。今年上半年一家非常著名的杂志盈利才50万，若无各类活动支撑，早就办不下了。纸媒的衰败面临市场和反腐的双重夹击，媒体人除了转型、出走和创业别无他法。树倒猢狲散的场景迟早到来。 ​		,用户82mbou80pb,//weibo.com/3655647797/G3VBx5tSt?refer_flag=1001030103_
反腐; 2018-02-20; 1; 25,104,		//@魏剑美:所谓反腐，大多是本末倒置，以强化权力来反腐，其实就是抱薪救火		,明月出天山苍茫人海间,//weibo.com/6403339793/G3PFczVAh?refer_flag=1001030103_
反腐; 2018-02-20; 1; 25,105,	  【朱元璋铁腕治贪为何贪官越杀越多？】#逸事拾遗# 煞费苦心想缔造一个至纯至清的全新王朝的朱元璋，最终无奈地发出绝世悲叹：“我欲除贪赃官吏，奈何朝杀而暮犯？”#驴言片语# 为什么满朝文武“擢用之时，并效忠良，任用既久，俱系奸贪”呢？ http://t.cn/RRgXazq ​	,NA,//weibo.com/1956405181/G3VzsePmZ?refer_flag=1001030103_
反腐; 2018-02-20; 1; 25,106,		【大江东去】导演雷献禾继《大雪无痕》《绝不放过你》之后的反腐打黑三部曲终结篇、取材自震惊全国的“沈阳慕马大案”、于2003年拍竣。是一部集反腐与打黑为一体的现实主义力作！少部分外景取自大连！该剧在沈阳实景拍摄。 ​		,hey禁令heylee,//weibo.com/1793596485/G3Vtw79SR?refer_flag=1001030103_
反腐; 2018-02-20; 1; 25,107,		比如规定反腐；二是这种不公正个别的低能施政行为。老问题经没错：错在实施规定的人有意错为甚至贼喊捉贼！ ​		,搜集资料人,//weibo.com/3967119337/G3VsVqhE1?refer_flag=1001030103_
反腐; 2018-02-20; 1; 25,108,		【新闻敲诈的式微】对21世纪系的打击，官媒的自我审查，都说明了依靠新闻敲诈获取盈利再也不可能光明正大走下去了。今年上半年一家非常著名的杂志盈利才50万，若无各类活动支撑，早就办不下了。纸媒的衰败面临市场和反腐的双重夹击，媒体人除了转型、出走和创业别无他法。树倒猢狲散的场景迟早到来。 ​		,X_倩映,//weibo.com/3533609354/G3VsnpTuN?refer_flag=1001030103_
反腐; 2018-02-20; 1; 25,109,		【新闻敲诈的式微】对21世纪系的打击，官媒的自我审查，都说明了依靠新闻敲诈获取盈利再也不可能光明正大走下去了。今年上半年一家非常著名的杂志盈利才50万，若无各类活动支撑，早就办不下了。纸媒的衰败面临市场和反腐的双重夹击，媒体人除了转型、出走和创业别无他法。树倒猢狲散的场景迟早到来。 ​		,asfdfaf_132,//weibo.com/2627759012/G3VpYv0Ix?refer_flag=1001030103_
反腐; 2018-02-20; 1; 25,110,		个人觉醒以及所谓的微博反腐，是无法阻挡制度性腐败的，也无法劝说一流人才不去当公务员，趋利避害永远是多数人的选择。若无制度性的变革，市场的机会越来越少，政府的权力越来越大，那么公务员只会越来越热，热到这个国家破产，再也供养不起寄生虫为止。 ​		,双子臎軱獨,//weibo.com/5307650672/G3Vnwmdsp?refer_flag=1001030103_
反腐; 2018-02-20; 1; 25,111,		二是这种不公正个别的低能施政行为。培育了一帮阿谀逢迎阴奉阳违弱智小官僚：现在的问题有二：小和尚成心念歪了、比如规定反腐！而却把亲信巨贪保护起来[笑眯眯] http://t.cn/R08mnDh ​		,则说当场Rp车库,//weibo.com/6023729844/G3Vl6z4kf?refer_flag=1001030103_
反腐; 2018-02-20; 1; 25,112,		【新闻敲诈的式微】对21世纪系的打击，官媒的自我审查，都说明了依靠新闻敲诈获取盈利再也不可能光明正大走下去了。今年上半年一家非常著名的杂志盈利才50万，若无各类活动支撑，早就办不下了。纸媒的衰败面临市场和反腐的双重夹击，媒体人除了转型、出走和创业别无他法。树倒猢狲散的场景迟早到来。 ​		,唐一菲f茗,//weibo.com/3583881333/G3ViQbBIB?refer_flag=1001030103_
反腐; 2018-02-20; 1; 25,113,#反腐天天见# 我向 @中华正纲网 提问：我们依法维权，同时也在依身试法，依命试法，何时是尽头？中国法律就这样软弱无能为力吗？不！！！。是看谁的来用，若是手撑政权的中央领导家人招到我们这样的事，准保立马处理得妥妥的。人权分三，六，九等就是不一个样。我们平民百性就应该是受这含冤曲辱底人一 ​			...展开全文c,族风6202828955,//weibo.com/6202828955/G3VgQm4Tx?refer_flag=1001030103_
反腐; 2018-02-20; 1; 25,114,		武汉大学教授陈国恩认为；时间过得飞快……宋晨光。年就在那儿，刘志军20年间先后因贪腐而落马，其中：至少有6位省部级以上、别说两句就挂：【盯紧“王林”或是反腐新切入口】仅就目前曝光的合影看、不能回家的就给父母打个电话…… ​		,ns_LVd1,//weibo.com/5735482011/G3Vc9jvit?refer_flag=1001030103_
反腐; 2018-02-20; 1; 25,115,		【新闻敲诈的式微】对21世纪系的打击，官媒的自我审查，都说明了依靠新闻敲诈获取盈利再也不可能光明正大走下去了。今年上半年一家非常著名的杂志盈利才50万，若无各类活动支撑，早就办不下了。纸媒的衰败面临市场和反腐的双重夹击，媒体人除了转型、出走和创业别无他法。树倒猢狲散的场景迟早到来。 ​		,jack船长的屋子程,//weibo.com/3533618562/G3Vc8orea?refer_flag=1001030103_
反腐; 2018-02-20; 1; 25,116,		【新闻敲诈的式微】对21世纪系的打击，官媒的自我审查，都说明了依靠新闻敲诈获取盈利再也不可能光明正大走下去了。今年上半年一家非常著名的杂志盈利才50万，若无各类活动支撑，早就办不下了。纸媒的衰败面临市场和反腐的双重夹击，媒体人除了转型、出走和创业别无他法。树倒猢狲散的场景迟早到来。 ​		,别致思韵Hilary,//weibo.com/6347073156/G3Vbl6WjT?refer_flag=1001030103_
反腐; 2018-02-20; 1; 25,117,		【新闻敲诈的式微】对21世纪系的打击，官媒的自我审查，都说明了依靠新闻敲诈获取盈利再也不可能光明正大走下去了。今年上半年一家非常著名的杂志盈利才50万，若无各类活动支撑，早就办不下了。纸媒的衰败面临市场和反腐的双重夹击，媒体人除了转型、出走和创业别无他法。树倒猢狲散的场景迟早到来。 ​		,槐树岭218_392,//weibo.com/1436066652/G3VaEyfwG?refer_flag=1001030103_
反腐; 2018-02-20; 1; 25,118,		【新闻敲诈的式微】对21世纪系的打击，官媒的自我审查，都说明了依靠新闻敲诈获取盈利再也不可能光明正大走下去了。今年上半年一家非常著名的杂志盈利才50万，若无各类活动支撑，早就办不下了。纸媒的衰败面临市场和反腐的双重夹击，媒体人除了转型、出走和创业别无他法。树倒猢狲散的场景迟早到来。 ​		,liu050110,//weibo.com/3484272487/G3V9Gw9KD?refer_flag=1001030103_
反腐; 2018-02-20; 1; 25,119,		刘志军20年间先后因贪腐而落马、与王林有来往的官员：极有可能出于个别人贪腐后的忐忑和心虚心理！【盯紧“王林”或是反腐新切入口】仅就目前曝光的合影看！ ​		,bwoshiaia,//weibo.com/6019559092/G3V8W8Hc4?refer_flag=1001030103_
反腐; 2018-02-20; 1; 25,120,		越吹越傻；5法制喊得义正言辞……越为越贵：3为民喊得情真意切！越反越腐。越走越卡……2反腐喊得铿锵有力！I can make it through the rain. I can stand up once again on my own. 我可以穿越云雨。8崛起喊得底气十足…… http://t.cn/ROrkxmL ​		,注册浮云哥8_154,//weibo.com/2896274713/G3V7g8500?refer_flag=1001030103_
反腐; 2018-02-20; 1; 25,121,		【新闻敲诈的式微】对21世纪系的打击，官媒的自我审查，都说明了依靠新闻敲诈获取盈利再也不可能光明正大走下去了。今年上半年一家非常著名的杂志盈利才50万，若无各类活动支撑，早就办不下了。纸媒的衰败面临市场和反腐的双重夹击，媒体人除了转型、出走和创业别无他法。树倒猢狲散的场景迟早到来。 ​		,淳于祥名uoolr,//weibo.com/5827523856/G3V19yTv8?refer_flag=1001030103_
反腐; 2018-02-20; 1; 25,122,		【新闻敲诈的式微】对21世纪系的打击，官媒的自我审查，都说明了依靠新闻敲诈获取盈利再也不可能光明正大走下去了。今年上半年一家非常著名的杂志盈利才50万，若无各类活动支撑，早就办不下了。纸媒的衰败面临市场和反腐的双重夹击，媒体人除了转型、出走和创业别无他法。树倒猢狲散的场景迟早到来。 ​		,天使暮暮1234,//weibo.com/3175742341/G3V0Z1xl4?refer_flag=1001030103_
反腐; 2018-02-20; 1; 25,123,#中国赞#独家图片#末代甲A收官战国际VS天津# 开赛前成耀东表情严肃。中国足坛第二批反腐案今日开庭。原上海国际球员申思、祁宏、李明、江津等出庭受审。四人曾在2003年末代甲A收官战中收受贿赂，每人获得200万元。他们故意输给天津，天津保住中超资格，申花同时在深圳也输球，但依然以一分优势获得冠军 ​			...展开全文c,信天游5626,//weibo.com/3208471583/G3V0YmbQg?refer_flag=1001030103_
反腐; 2018-02-20; 1; 25,124,		他们便借反腐除掉对手；而却把亲信巨贪保护起来；小和尚成心念歪了：形成上下恶性循环！ http://t.cn/R6zenQ6 ​		,SSeeminglyHappy,//weibo.com/6021439480/G3UYcDFUf?refer_flag=1001030103_
反腐; 2018-02-20; 1; 25,125,		香上海反腐战士 ​		,2芭比安琪儿,//weibo.com/6026303785/G3UXF2Vx2?refer_flag=1001030103_
反腐; 2018-02-20; 1; 25,126,		【新闻敲诈的式微】对21世纪系的打击，官媒的自我审查，都说明了依靠新闻敲诈获取盈利再也不可能光明正大走下去了。今年上半年一家非常著名的杂志盈利才50万，若无各类活动支撑，早就办不下了。纸媒的衰败面临市场和反腐的双重夹击，媒体人除了转型、出走和创业别无他法。树倒猢狲散的场景迟早到来。 ​		,你我他她6688,//weibo.com/2694158723/G3UXho4CE?refer_flag=1001030103_
反腐; 2018-02-20; 1; 25,127,		像反腐。很多整治劳民伤财、整治结果都变成上司整治下属！似乎初衷应是百姓投诉政府部门的、像12315……很多已成排除异己手段、官员整治百姓的行为！如今成了政府整治下属干活；如今问题在于 ​		,yingrenfue,//weibo.com/5754959993/G3UUi7eTE?refer_flag=1001030103_
反腐; 2018-02-20; 1; 25,128,		【新闻敲诈的式微】对21世纪系的打击，官媒的自我审查，都说明了依靠新闻敲诈获取盈利再也不可能光明正大走下去了。今年上半年一家非常著名的杂志盈利才50万，若无各类活动支撑，早就办不下了。纸媒的衰败面临市场和反腐的双重夹击，媒体人除了转型、出走和创业别无他法。树倒猢狲散的场景迟早到来。 ​		,妩媚的王铁,//weibo.com/2636158487/G3UR6pwMY?refer_flag=1001030103_
反腐; 2018-02-20; 1; 25,129,		【新闻敲诈的式微】对21世纪系的打击，官媒的自我审查，都说明了依靠新闻敲诈获取盈利再也不可能光明正大走下去了。今年上半年一家非常著名的杂志盈利才50万，若无各类活动支撑，早就办不下了。纸媒的衰败面临市场和反腐的双重夹击，媒体人除了转型、出走和创业别无他法。树倒猢狲散的场景迟早到来。 ​		,misch2004,//weibo.com/1781632321/G3UQjov3Y?refer_flag=1001030103_
反腐; 2018-02-20; 1; 25,130,		而中国！正职嘴严。只要组织上真想办谁……组织都能摆平，想搬倒个大人物很难；中央反腐厉害。这就是组织的力量。很难连成一股巨大的力量！从审计入手。制度自信就在这儿。 ​		,大帅粉可爱_630,//weibo.com/3147279222/G3UPRi1mj?refer_flag=1001030103_
反腐; 2018-02-20; 1; 25,131,		【新闻敲诈的式微】对21世纪系的打击，官媒的自我审查，都说明了依靠新闻敲诈获取盈利再也不可能光明正大走下去了。今年上半年一家非常著名的杂志盈利才50万，若无各类活动支撑，早就办不下了。纸媒的衰败面临市场和反腐的双重夹击，媒体人除了转型、出走和创业别无他法。树倒猢狲散的场景迟早到来。 ​		,谈判官啊,//weibo.com/6447790439/G3UL0ahUo?refer_flag=1001030103_
反腐; 2018-02-20; 1; 25,132,		【新闻敲诈的式微】对21世纪系的打击，官媒的自我审查，都说明了依靠新闻敲诈获取盈利再也不可能光明正大走下去了。今年上半年一家非常著名的杂志盈利才50万，若无各类活动支撑，早就办不下了。纸媒的衰败面临市场和反腐的双重夹击，媒体人除了转型、出走和创业别无他法。树倒猢狲散的场景迟早到来。 ​		,琳andjiang琳lin,//weibo.com/3127297655/G3UJcbP63?refer_flag=1001030103_
反腐; 2018-02-20; 1; 25,133,		【新闻敲诈的式微】对21世纪系的打击，官媒的自我审查，都说明了依靠新闻敲诈获取盈利再也不可能光明正大走下去了。今年上半年一家非常著名的杂志盈利才50万，若无各类活动支撑，早就办不下了。纸媒的衰败面临市场和反腐的双重夹击，媒体人除了转型、出走和创业别无他法。树倒猢狲散的场景迟早到来。 ​		,4082紫鹃intake,//weibo.com/6390524495/G3UHYdPmg?refer_flag=1001030103_
反腐; 2018-02-20; 1; 25,134,		老问题经没错！比如规定反腐。有人会想起曾经被爱。 ​		,金针度人1,//weibo.com/5598489974/G3UG43mdH?refer_flag=1001030103_
反腐; 2018-02-20; 1; 25,135,		老百姓见了心欢喜，反腐英雄赵红霞、妹骚辣妹骚、四。一个被人爱的人才幸福：来骚必倒霉；日落西山红霞飞，视频飞到北京去！ ​		,建文毒杀蒙古,//weibo.com/6019700457/G3UEmgiTF?refer_flag=1001030103_
反腐; 2018-02-20; 1; 25,136,		【新闻敲诈的式微】对21世纪系的打击，官媒的自我审查，都说明了依靠新闻敲诈获取盈利再也不可能光明正大走下去了。今年上半年一家非常著名的杂志盈利才50万，若无各类活动支撑，早就办不下了。纸媒的衰败面临市场和反腐的双重夹击，媒体人除了转型、出走和创业别无他法。树倒猢狲散的场景迟早到来。 ​		,瞿澜,//weibo.com/2200719103/G3UE8lTXk?refer_flag=1001030103_
反腐; 2018-02-20; 1; 25,137,		那吊荷王提前了一天上班、艹：是一部集反腐与打黑为一体的现实主义力作：于2003年拍竣，之后在全国各省市电视台热播，【大江东去】导演雷献禾继《大雪无痕》《绝不放过你》之后的反腐打黑三部曲终结篇！ ​		,加快团契出恭,//weibo.com/6028476952/G3UBQzvjX?refer_flag=1001030103_
反腐; 2018-02-20; 1; 25,138,@铁城fys群众监督、制度反腐在政治和司法清明时无疑是起作用的。但在群腐、吏治糜烂时还能起作用吗？！媒体网络反腐也如此，因为贪腐的官吏虽然不能左右中央，但却能支配任地、周边(邻近协防)上一级(乃为其提拔)甚至两级(关系)故反腐企望常法不过是抱薪救火，真正实现政治清明吏治清廉必须引进新的机制		,用户河北哥6389479884,//weibo.com/5392982119/FdHgozdUp?refer_flag=1001030103_
反腐; 2018-02-20; 1; 25,139,	  分享视频 http://t.cn/RKDWlfp ​	,NA,//weibo.com/6389479884/G3UBvxN1C?refer_flag=1001030103_
反腐; 2018-02-20; 1; 25,140,		民主，法制，人权，爱国，反腐。M ​		,甜不知齿S,//weibo.com/5984141762/G3UAK2hA9?refer_flag=1001030103_
反腐; 2018-02-20; 1; 25,141,#中国赞#独家图片#末代甲A收官战国际VS天津# 开赛前成耀东表情严肃。中国足坛第二批反腐案今日开庭。原上海国际球员申思、祁宏、李明、江津等出庭受审。四人曾在2003年末代甲A收官战中收受贿赂，每人获得200万元。他们故意输给天津，天津保住中超资格，申花同时在深圳也输球，但依然以一分优势获得冠军 ​			...展开全文c,速速到碗里来,//weibo.com/2013434252/G3UzladaF?refer_flag=1001030103_
反腐; 2018-02-20; 1; 25,142,#罗晋归去来# #罗晋书澈#  时下热门的反腐、青春热血的碰撞，加上异国他乡追梦的真挚情感。好班底好制作，合作愉快，期待刘导新作，期待罗晋演绎与普遍认知不一样的官二代书澈@罗晋 //@罗晋: 了，確實沒見過沒聽過，見證了你的成長和進步，特別高興！加油...		,阿果200709,//weibo.com/1825329153/G1igewfrG?refer_flag=1001030103_
反腐; 2018-02-20; 1; 25,143,#边江声临其境##边江# Hello，我在这里正式向你的耳朵提出邀请，http://t.cn/R8SJxrh 。你见过没见过的、听过没听过的边江都在这里。记得来哦～等你～～ ​	,NA,//weibo.com/5953933318/G3UyPvGf8?refer_flag=1001030103_
反腐; 2018-02-20; 1; 25,144,		【新闻敲诈的式微】对21世纪系的打击，官媒的自我审查，都说明了依靠新闻敲诈获取盈利再也不可能光明正大走下去了。今年上半年一家非常著名的杂志盈利才50万，若无各类活动支撑，早就办不下了。纸媒的衰败面临市场和反腐的双重夹击，媒体人除了转型、出走和创业别无他法。树倒猢狲散的场景迟早到来。 ​		,SmileyFace8聚,//weibo.com/3584451032/G3UxWcNLd?refer_flag=1001030103_
反腐; 2018-02-20; 1; 25,145,		【新闻敲诈的式微】对21世纪系的打击，官媒的自我审查，都说明了依靠新闻敲诈获取盈利再也不可能光明正大走下去了。今年上半年一家非常著名的杂志盈利才50万，若无各类活动支撑，早就办不下了。纸媒的衰败面临市场和反腐的双重夹击，媒体人除了转型、出走和创业别无他法。树倒猢狲散的场景迟早到来。 ​		,打倒日本和印尼延,//weibo.com/3584458572/G3UwoctK9?refer_flag=1001030103_
反腐; 2018-02-20; 1; 25,146,#中国赞##中國古代反腐倡廉思想#“同床”。它指的是尊贵夫人，受宠宫妾等；“在旁”。它指的是亲信侍从等；“父兄”。它指的是人主的叔伯兄弟等；“养殃”。它指的是以重金修饰君主所喜欢的宫室台池，以娛其主而亂其心。 池等； ​		,445983966BTle,//weibo.com/1784903102/G3Uuo8nkT?refer_flag=1001030103_
反腐; 2018-02-20; 1; 25,147,		【新闻敲诈的式微】对21世纪系的打击，官媒的自我审查，都说明了依靠新闻敲诈获取盈利再也不可能光明正大走下去了。今年上半年一家非常著名的杂志盈利才50万，若无各类活动支撑，早就办不下了。纸媒的衰败面临市场和反腐的双重夹击，媒体人除了转型、出走和创业别无他法。树倒猢狲散的场景迟早到来。 ​		,孙钦华_38173,//weibo.com/3519663934/G3UuacxUT?refer_flag=1001030103_
反腐; 2018-02-20; 1; 25,148,		看了不少反腐的电视剧，发现很多问题都是我们party自己给自己制造的！！！ ​		,烟雾与镜像,//weibo.com/1768636231/G3UtzyCa6?refer_flag=1001030103_
反腐; 2018-02-20; 1; 25,149,		【大江东去】导演雷献禾继《大雪无痕》《绝不放过你》之后的反腐打黑三部曲终结篇，取材自震惊全国的“沈阳慕马大案”。——黄小琥《没那么简单》钢琴曲！才会觉得更有意义！干净利落，黄小琥…… http://t.cn/8F9T8xy ​		,石首电脑出售,//weibo.com/2243435657/G3Ut62jGI?refer_flag=1001030103_
反腐; 2018-02-20; 1; 25,150,		【新闻敲诈的式微】对21世纪系的打击，官媒的自我审查，都说明了依靠新闻敲诈获取盈利再也不可能光明正大走下去了。今年上半年一家非常著名的杂志盈利才50万，若无各类活动支撑，早就办不下了。纸媒的衰败面临市场和反腐的双重夹击，媒体人除了转型、出走和创业别无他法。树倒猢狲散的场景迟早到来。 ​		,疯狂锁屏济宁分公司,//weibo.com/2521281897/G3UrDAPXe?refer_flag=1001030103_
反腐; 2018-02-20; 1; 25,151,		独家图片末代甲收官战国际天津 开赛前成耀东表情严肃。足坛第二批反腐案今日开庭。原上海国际球员申思、祁宏、李明、江津等出庭受审。四人曾在年末代甲收官战中收受贿赂，每人获得万元。他们故意输给天津，天津保住中超资格，申花同时在深圳也输球，但依然以一分优势获得冠军。 ​		,囝淡幸讣,//weibo.com/3984864580/G3UqGceVC?refer_flag=1001030103_
反腐; 2018-02-20; 1; 25,152,		【新闻敲诈的式微】对21世纪系的打击，官媒的自我审查，都说明了依靠新闻敲诈获取盈利再也不可能光明正大走下去了。今年上半年一家非常著名的杂志盈利才50万，若无各类活动支撑，早就办不下了。纸媒的衰败面临市场和反腐的双重夹击，媒体人除了转型、出走和创业别无他法。树倒猢狲散的场景迟早到来。 ​		,Hara-foe,//weibo.com/2982433270/G3UoHxRBd?refer_flag=1001030103_
反腐; 2018-02-20; 1; 25,153,反腐反腐，出租车行当的腐败怎么没见反？//@隋彭生民商法://@甘肃王律师: 生活艰难啊。不管也不行，管了就这样。//@卞修全:罚款原因是什么？,问道山人V,//weibo.com/1894788733/G2noCcWHz?refer_flag=1001030103_
反腐; 2018-02-20; 1; 25,154,	  【襄阳一滴滴司机交通局喝农药身亡 此前曾被罚款2万元】2月7日上午11时许，在襄阳市交通局二楼会议室内，滴滴司机肖志新喝下敌敌畏，后经抢救无效死亡。#盛氏微言# 是非曲直，姑且不论。服毒者痛苦挣扎，旁观者袖手旁观，俺很不解：是不是一定要等120过来？能不能赶紧送往医院？ http://t.cn/R8kQp66 ​	,NA,//weibo.com/3246260173/G3UoBCHsD?refer_flag=1001030103_
反腐; 2018-02-20; 1; 25,155,		清除体制内 两面人！//@响铛铛一颗铜豌豆://@眉中王: →_→//@佛山纺织染色师傅霸者007:李开腹还在中国各地演讲，这种反共反中的货为什么在中国这么有市场？反腐不仅在经济上，政治上更要反腐，反须把党内与李开腹勾结的人全部纠出来。		,汉唐999_60099,//weibo.com/2811244260/G3FG69d6P?refer_flag=1001030103_
反腐; 2018-02-20; 1; 25,156,	  他是特洛伊木马、诺基亚噩梦，外来的和尚好坑爹。2010年，诺基亚聘微软业务部总裁埃洛普，担任执行总裁兼CEO，这一年，诺基亚手机份额是30%。埃洛普上任后，全球裁减员工，引进美国高管，挑起内部争斗，全面与微软合作。2013年，诺基亚份额降至18%，2014年，微软成功收购诺基亚，之后埃洛普重返微软。 ​	,NA,//weibo.com/6324526788/G3Uhkrtj6?refer_flag=1001030103_
反腐; 2018-02-20; 1; 25,157,		//@zwq泉水:老兵莫哭，有无数的网友在你身后支持你，八旬老人站在反腐前沿，为老兵呐喊助威，向老兵，敬礼//@营口86岁老兵举报腐败进监狱://@营口冤案3: //@我本张立: 老兵给官员打下了江山，官员给老兵打造了监狱。//@苦难的特色人民1://@高温下的冻鸽://@就叫未来_5366://@景洪东生://@营口冤案,风萧萧兮----易水寒,//weibo.com/6354818069/FwoXFAJ7l?refer_flag=1001030103_
反腐; 2018-02-20; 1; 25,158,	  发布了头条文章：《86岁解放战争老兵举报腐败官员低价，贱卖土地被关监狱》 http://t.cn/RYwY6xm ​	,NA,//weibo.com/1889935885/G3UdFtIyF?refer_flag=1001030103_
反腐; 2018-02-20; 1; 25,159,@解放日报 #新华网# #光明网评# #人民网微评# 请领导同志，及微友看看李峰投毒仇举报人十七年！手段过程残忍比宋朝“秦桧”就现在扫黑除恶，公检法，反腐从严治党，及其监察委员会这是多强大的法治阵容！却不敢彻查仇杀举报人腐黑恶的无赖！您说这棍硬不？光舞文弄墨斗文章这就是中国法治遵严？		,暗黑向雪鹰1314,//weibo.com/6231414576/FAe2dv1tm?refer_flag=1001030103_
反腐; 2018-02-20; 1; 25,160,	  我发表了头条文章:《严肃党纪国法！维护法治遵严！严惩邪恶投毒帮派势力！》 http://t.cn/RTTEpmw http://t.cn/z8celjM ​	,NA,//weibo.com/6231414576/G3UcoBJoj?refer_flag=1001030103_
反腐; 2018-02-20; 1; 25,161,		全是这样！邪恶//@寒草莫默:权力唯我独尊便是恶。//@很好看哦: @演员蔡明宇:→_→//@向上游的鱼V:文章最后“唯一能真正肃贪的路，就只有法治一条路”这个结论并不完全准确。腐败源自公权力不受限制，没有监督，所以唯有分权制衡，确保没有任何人和机构能够掌握绝对的权力，这才是真正的反腐肃贪之道。		,Mollyyan1971,//weibo.com/6403339793/G3PFczVAh?refer_flag=1001030103_
反腐; 2018-02-20; 1; 25,162,	  【朱元璋铁腕治贪为何贪官越杀越多？】#逸事拾遗# 煞费苦心想缔造一个至纯至清的全新王朝的朱元璋，最终无奈地发出绝世悲叹：“我欲除贪赃官吏，奈何朝杀而暮犯？”#驴言片语# 为什么满朝文武“擢用之时，并效忠良，任用既久，俱系奸贪”呢？ http://t.cn/RRgXazq ​	,NA,//weibo.com/1620345682/G3Ubtzbd1?refer_flag=1001030103_
反腐; 2018-02-20; 1; 25,163,		谁讲真话，谁讲真相，谁活得象陈佩斯，狗官奸商早已勾结成死党从资本到司法无恶不敢作！//:文章最后“唯一能真正肃贪的路，就只有法治一条路”这个结论并不完全准确。腐败源自公权力不受限制，没有监督，所以唯有分权制衡，确保没有任何人和机构能够掌握绝对的权力，这才是真正的反腐肃贪之道。		,Mollyyan1971,//weibo.com/6403339793/G3PFczVAh?refer_flag=1001030103_
反腐; 2018-02-20; 1; 25,164,	  【朱元璋铁腕治贪为何贪官越杀越多？】#逸事拾遗# 煞费苦心想缔造一个至纯至清的全新王朝的朱元璋，最终无奈地发出绝世悲叹：“我欲除贪赃官吏，奈何朝杀而暮犯？”#驴言片语# 为什么满朝文武“擢用之时，并效忠良，任用既久，俱系奸贪”呢？ http://t.cn/RRgXazq ​	,NA,//weibo.com/1620345682/G3Ub5kjbr?refer_flag=1001030103_
反腐; 2018-02-20; 1; 25,165,		在这个国家永远做不到！一党专政，永远都是梦想//@演员蔡明宇:→_→//@向上游的鱼V:文章最后“唯一能真正肃贪的路，就只有法治一条路”这个结论并不完全准确。腐败源自公权力不受限制，没有监督，所以唯有分权制衡，确保没有任何人和机构能够掌握绝对的权力，这才是真正的反腐肃贪之道。		,Mollyyan1971,//weibo.com/6403339793/G3PFczVAh?refer_flag=1001030103_
反腐; 2018-02-20; 1; 25,166,	  【朱元璋铁腕治贪为何贪官越杀越多？】#逸事拾遗# 煞费苦心想缔造一个至纯至清的全新王朝的朱元璋，最终无奈地发出绝世悲叹：“我欲除贪赃官吏，奈何朝杀而暮犯？”#驴言片语# 为什么满朝文武“擢用之时，并效忠良，任用既久，俱系奸贪”呢？ http://t.cn/RRgXazq ​	,NA,//weibo.com/1620345682/G3Ua9acCB?refer_flag=1001030103_
反腐; 2018-02-20; 1; 25,167,		//@眉中王: →_→//@佛山纺织染色师傅霸者007:李开腹还在中国各地演讲，这种反共反中的货为什么在中国这么有市场？反腐不仅在经济上，政治上更要反腐，反须把党内与李开腹勾结的人全部纠出来。		,响铛铛一颗铜豌豆,//weibo.com/2811244260/G3FG69d6P?refer_flag=1001030103_
反腐; 2018-02-20; 1; 25,168,	  他是特洛伊木马、诺基亚噩梦，外来的和尚好坑爹。2010年，诺基亚聘微软业务部总裁埃洛普，担任执行总裁兼CEO，这一年，诺基亚手机份额是30%。埃洛普上任后，全球裁减员工，引进美国高管，挑起内部争斗，全面与微软合作。2013年，诺基亚份额降至18%，2014年，微软成功收购诺基亚，之后埃洛普重返微软。 ​	,NA,//weibo.com/5124612240/G3U9m7A6W?refer_flag=1001030103_
反腐; 2018-02-20; 1; 25,169,"#女儿国到底好不好看##让红包飞##老板喊你上船#他在教室里大声宣讲反“腐”知识，一脸憎恶，没发现身后班长满是玩味的表情。下课后，“你你你…你要干什么！!！”“你不是要反腐吗？而且只是说到同性恋就一脸厌恶,想必和我一起也很勉强吧,那我们就到此为止好了。”“别啊啊啊，我错了QAQ ”“那今天晚 ​			...展开全文c",茶盘说噢我知道了,//weibo.com/3942908391/G3U72twnt?refer_flag=1001030103_
反腐; 2018-02-20; 1; 25,170,		老兵莫哭，有无数的网友在你身后支持你，八旬老人站在反腐前沿，为老兵呐喊助威，向老兵，敬礼//@营口86岁老兵举报腐败进监狱://@营口冤案3: //@我本张立: 老兵给官员打下了江山，官员给老兵打造了监狱。//@苦难的特色人民1://@高温下的冻鸽://@就叫未来_5366://@景洪东生://@营口冤案3:转发微博		,zwq泉水,//weibo.com/6354818069/FwoXFAJ7l?refer_flag=1001030103_
反腐; 2018-02-20; 1; 25,171,	  发布了头条文章：《86岁解放战争老兵举报腐败官员低价，贱卖土地被关监狱》 http://t.cn/RYwY6xm ​	,NA,//weibo.com/6461299621/G3U6Anm1c?refer_flag=1001030103_
反腐; 2018-02-20; 1; 25,172,		警惕披着年俗外衣的“四风”--反腐倡廉-人民网 （分享自 @人民网） http://t.cn/RRd07bH ​		,东郭师傅,//weibo.com/2379657257/G3U6thQ3e?refer_flag=1001030103_
反腐; 2018-02-20; 1; 25,173,		//@魏剑美:所谓反腐，大多是本末倒置，以强化权力来反腐，其实就是抱薪救火		,沅江河边永安小村,//weibo.com/6403339793/G3PFczVAh?refer_flag=1001030103_
反腐; 2018-02-20; 1; 25,174,	  【朱元璋铁腕治贪为何贪官越杀越多？】#逸事拾遗# 煞费苦心想缔造一个至纯至清的全新王朝的朱元璋，最终无奈地发出绝世悲叹：“我欲除贪赃官吏，奈何朝杀而暮犯？”#驴言片语# 为什么满朝文武“擢用之时，并效忠良，任用既久，俱系奸贪”呢？ http://t.cn/RRgXazq ​	,NA,//weibo.com/2032719540/G3U5zaDew?refer_flag=1001030103_
反腐; 2018-02-20; 1; 25,175,#三亚# 反腐倡廉容不得半点虚假、来不得半点浮飘，一名纪检人，要有“明知山有虎，偏向虎山行”的勇气，坚持矛盾面前不闪躲、挑战面前不畏惧、困难面前不退缩，关键时刻豁得出、顶得上、担得起、拿得下，敢于把责任扛在肩头、把任务记在心头、把工作抓在手头。敢于较真碰硬， ​			...展开全文c,京v热点爆料,//weibo.com/5876731807/G3U4N3Sdk?refer_flag=1001030103_
反腐; 2018-02-20; 1; 25,176,		//@热血秋歌:其一，由皇权独揽到高度集权，真正起作用的不是法治而是人治。其二，严格吏治的实施，并不是为以法治国，而是权力斗争需要。其三，反腐缺乏标本兼治，一味酷刑严律，只能是前“捕”后继。		,石头-未开化,//weibo.com/6403339793/G3PFczVAh?refer_flag=1001030103_
反腐; 2018-02-20; 1; 25,177,	  【朱元璋铁腕治贪为何贪官越杀越多？】#逸事拾遗# 煞费苦心想缔造一个至纯至清的全新王朝的朱元璋，最终无奈地发出绝世悲叹：“我欲除贪赃官吏，奈何朝杀而暮犯？”#驴言片语# 为什么满朝文武“擢用之时，并效忠良，任用既久，俱系奸贪”呢？ http://t.cn/RRgXazq ​	,NA,//weibo.com/2617451075/G3U43tLYo?refer_flag=1001030103_
反腐; 2018-02-20; 1; 25,178,//@魏剑美: 所谓反腐，大多是本末倒置，以强化权力来反腐，其实就是抱薪救火		,马仙家,//weibo.com/6403339793/G3PFczVAh?refer_flag=1001030103_
反腐; 2018-02-20; 1; 25,179,	  【朱元璋铁腕治贪为何贪官越杀越多？】#逸事拾遗# 煞费苦心想缔造一个至纯至清的全新王朝的朱元璋，最终无奈地发出绝世悲叹：“我欲除贪赃官吏，奈何朝杀而暮犯？”#驴言片语# 为什么满朝文武“擢用之时，并效忠良，任用既久，俱系奸贪”呢？ http://t.cn/RRgXazq ​	,NA,//weibo.com/2105816605/G3U3qwxyT?refer_flag=1001030103_
反腐; 2018-02-20; 1; 25,180,		→_→//@佛山纺织染色师傅霸者007:李开腹还在中国各地演讲，这种反共反中的货为什么在中国这么有市场？反腐不仅在经济上，政治上更要反腐，反须把党内与李开腹勾结的人全部纠出来。		,眉中王,//weibo.com/2811244260/G3FG69d6P?refer_flag=1001030103_
反腐; 2018-02-20; 1; 25,181,	  他是特洛伊木马、诺基亚噩梦，外来的和尚好坑爹。2010年，诺基亚聘微软业务部总裁埃洛普，担任执行总裁兼CEO，这一年，诺基亚手机份额是30%。埃洛普上任后，全球裁减员工，引进美国高管，挑起内部争斗，全面与微软合作。2013年，诺基亚份额降至18%，2014年，微软成功收购诺基亚，之后埃洛普重返微软。 ​	,NA,//weibo.com/2811244260/G3U25v4CB?refer_flag=1001030103_
反腐; 2018-02-20; 1; 25,182,		【新闻敲诈的式微】对21世纪系的打击，官媒的自我审查，都说明了依靠新闻敲诈获取盈利再也不可能光明正大走下去了。今年上半年一家非常著名的杂志盈利才50万，若无各类活动支撑，早就办不下了。纸媒的衰败面临市场和反腐的双重夹击，媒体人除了转型、出走和创业别无他法。树倒猢狲散的场景迟早到来。 ​		,妖媚近乎妖_4lx4,//weibo.com/6355030410/G3U1LnWHj?refer_flag=1001030103_
反腐; 2018-02-20; 1; 25,183,		所谓反腐，大多是本末倒置，以强化权力来反腐，其实就是抱薪救火		,魏剑美,//weibo.com/6403339793/G3PFczVAh?refer_flag=1001030103_
反腐; 2018-02-20; 1; 25,184,	  【朱元璋铁腕治贪为何贪官越杀越多？】#逸事拾遗# 煞费苦心想缔造一个至纯至清的全新王朝的朱元璋，最终无奈地发出绝世悲叹：“我欲除贪赃官吏，奈何朝杀而暮犯？”#驴言片语# 为什么满朝文武“擢用之时，并效忠良，任用既久，俱系奸贪”呢？ http://t.cn/RRgXazq ​	,NA,//weibo.com/1286236741/G3TYsCByu?refer_flag=1001030103_
反腐; 2018-02-20; 1; 25,185,		【新闻敲诈的式微】对21世纪系的打击，官媒的自我审查，都说明了依靠新闻敲诈获取盈利再也不可能光明正大走下去了。今年上半年一家非常著名的杂志盈利才50万，若无各类活动支撑，早就办不下了。纸媒的衰败面临市场和反腐的双重夹击，媒体人除了转型、出走和创业别无他法。树倒猢狲散的场景迟早到来。 ​		,缘分天空闵缘分天_496,//weibo.com/6331283502/G3TPP8bzw?refer_flag=1001030103_
反腐; 2018-02-20; 1; 25,186,#今天雨水##李小璐#dfu888反腐剧《人民的名义》：李达康书记参加新闻发布会。~~~~饰演者：吴刚。老戏骨的实力真是厉害。 ​		,韩世离啊,//weibo.com/1954373267/G3TO5ysD5?refer_flag=1001030103_
反腐; 2018-02-20; 1; 25,187,		【新闻敲诈的式微】对21世纪系的打击，官媒的自我审查，都说明了依靠新闻敲诈获取盈利再也不可能光明正大走下去了。今年上半年一家非常著名的杂志盈利才50万，若无各类活动支撑，早就办不下了。纸媒的衰败面临市场和反腐的双重夹击，媒体人除了转型、出走和创业别无他法。树倒猢狲散的场景迟早到来。 ​		,小小_xiao敏韦辨,//weibo.com/3583883683/G3TN5epSf?refer_flag=1001030103_
反腐; 2018-02-20; 1; 25,188,		发表了博文《拉脱维亚央行行长被捕总理大力安抚欧洲》&#65279;拉脱维亚央行行长里姆塞维克斯2018年2月19日拉脱维亚反腐警察星期六逮捕了该国央行行长之后，拉脱维亚总理古金斯基向全国以及欧洲保证，http://t.cn/RRDyKYD ​		,法律窗口,//weibo.com/2143652601/G3TKq5Fvs?refer_flag=1001030103_
反腐; 2018-02-20; 1; 25,189,		大胆设想:局长不反腐，则其也必是同类项。//@茂名市公务员朱国瑜:小不忍，则乱大谋；腐不反，蚊子变大象：该局被检方和法院一致认定向局长李天福行贿买官的卢汝刚等7个警察败类，结果用重金向局长梁起等人求得了免职但保留待遇的应付式处理。受此鼓舞，该局三位数警察败类继续且顶风地向梁起行贿买官。		,听相声的小学生发上等愿,//weibo.com/1766596400/EqaJi2Uno?refer_flag=1001030103_
反腐; 2018-02-20; 1; 25,190,	  发表了博文《高州市连续三任公安局长竞相地卖官》在官场极度疯狂了10多年的茂名，连续两任市委书记罗荫国和周镇宏，以及隔任的梁毅民，都因卖官等贪腐问题接连被抓，而在茂名官场腐败重灾区的高州，高州市公安局的http://t.cn/RMJS7R4 ​	,NA,//weibo.com/6182737275/G3THelF4c?refer_flag=1001030103_
反腐; 2018-02-20; 1; 25,191,		//@中国刘学刚:这是拼了身家性命在反腐啊！//@阿依土豪公主://@白星跃:得查！//@京都观潮:不管举报者出于什么目的，但是实名举报不能置之不理。//@李仲伟律师: 得查啊，//@鄢烈山:转发微博		,苦难的特色人民1,//weibo.com/1432458327/G3vuF1NGU?refer_flag=1001030103_
反腐; 2018-02-20; 1; 25,192,	  【实名举报，一定转】“我是王燕茹，女，32岁，扬州中行员工，现实名举报原扬州市国资委主任，中共党员黄道龙（65岁）和其子扬州市资源交易中心政府采购科科长、中共党员黄宇（36岁），拥有来历不明的房产、珠宝、书画、成套的红木家具、豪华轿车及大量的银行卡和现金，资产高达几千万。” ​	,NA,//weibo.com/6386111482/G3THckrvS?refer_flag=1001030103_
反腐; 2018-02-20; 1; 25,193,		这是拼了身家性命在反腐啊！//@阿依土豪公主://@白星跃:得查！//@京都观潮:不管举报者出于什么目的，但是实名举报不能置之不理。//@李仲伟律师: 得查啊，//@鄢烈山:转发微博		,中国刘学刚,//weibo.com/1432458327/G3vuF1NGU?refer_flag=1001030103_
反腐; 2018-02-20; 1; 25,194,	  【实名举报，一定转】“我是王燕茹，女，32岁，扬州中行员工，现实名举报原扬州市国资委主任，中共党员黄道龙（65岁）和其子扬州市资源交易中心政府采购科科长、中共党员黄宇（36岁），拥有来历不明的房产、珠宝、书画、成套的红木家具、豪华轿车及大量的银行卡和现金，资产高达几千万。” ​	,NA,//weibo.com/2186063514/G3TGWnz4g?refer_flag=1001030103_
反腐; 2018-02-20; 1; 25,195,		【新闻敲诈的式微】对21世纪系的打击，官媒的自我审查，都说明了依靠新闻敲诈获取盈利再也不可能光明正大走下去了。今年上半年一家非常著名的杂志盈利才50万，若无各类活动支撑，早就办不下了。纸媒的衰败面临市场和反腐的双重夹击，媒体人除了转型、出走和创业别无他法。树倒猢狲散的场景迟早到来。 ​		,亚当丽子,//weibo.com/5403177637/G3TEZxIDU?refer_flag=1001030103_
反腐; 2018-02-20; 1; 25,196,		【大江东去】导演雷献禾继《大雪无痕》《绝不放过你》之后的反腐打黑三部曲终结篇。取材自震惊全国的“沈阳慕马大案”，是一部集反腐与打黑为一体的现实主义力作。该剧在沈阳实景拍摄，少部分外景取自大连，于2003年拍竣，之后在全国各省市电视台热播。 ​		,人生是一部6462430887,//weibo.com/6462430887/G3TEY1BxO?refer_flag=1001030103_
反腐; 2018-02-20; 1; 25,197,		//@巴西小熊://@Laruence:反腐还是要靠窝里斗啊//@Easy://@不知霜舞哀伤udspj: 23333//@ShiningRay://@leotso:Repost		,苦行僧inging,//weibo.com/1432458327/G3vuF1NGU?refer_flag=1001030103_
反腐; 2018-02-20; 1; 25,198,	  【实名举报，一定转】“我是王燕茹，女，32岁，扬州中行员工，现实名举报原扬州市国资委主任，中共党员黄道龙（65岁）和其子扬州市资源交易中心政府采购科科长、中共党员黄宇（36岁），拥有来历不明的房产、珠宝、书画、成套的红木家具、豪华轿车及大量的银行卡和现金，资产高达几千万。” ​	,NA,//weibo.com/2214453283/G3TDFo9VZ?refer_flag=1001030103_
反腐; 2018-02-20; 1; 25,199,		//@巴西小熊://@Laruence:反腐还是要靠窝里斗啊//@Easy://@不知霜舞哀伤udspj: 23333//@ShiningRay://@leotso:Repost		,廣州男一號,//weibo.com/1432458327/G3vuF1NGU?refer_flag=1001030103_
反腐; 2018-02-20; 1; 25,200,	  【实名举报，一定转】“我是王燕茹，女，32岁，扬州中行员工，现实名举报原扬州市国资委主任，中共党员黄道龙（65岁）和其子扬州市资源交易中心政府采购科科长、中共党员黄宇（36岁），拥有来历不明的房产、珠宝、书画、成套的红木家具、豪华轿车及大量的银行卡和现金，资产高达几千万。” ​	,NA,//weibo.com/1359405270/G3TDDyup2?refer_flag=1001030103_
反腐; 2018-02-20; 1; 25,201,		初五，迎财神啰[爱心][抱拳] ​		,苏芒,//weibo.com/5234797239/G3VZUhIVg?refer_flag=1001030103_
反腐; 2018-02-20; 1; 25,202,		经过各路唆使，我终于停止了贫贱夫妻的想法 ​		,神奇的吐槽君,//weibo.com/3948798687/G3VVCxwmn?refer_flag=1001030103_
反腐; 2018-02-20; 1; 25,203,		你今天为何早起？ ​		,清南师兄,//weibo.com/2309846073/G3W0mikZR?refer_flag=1001030103_
反腐; 2018-02-20; 1; 25,204,#吃货# 好好吃！拥有美国厨神之称的 Gordon Ramsay 教你制作最完美牛排！ 手把手教学，在家也能享受美食啦。尤其是趁着年假在家，还不赶紧给家人露一手？ http://t.cn/RRg4hrO ​		,北美美容快报,//weibo.com/3042094223/G3W1jpbwP?refer_flag=1001030103_
反腐; 2018-02-20; 1; 25,205,		【 正月初五 迎财神 … 】 ​		,中国书画诗词院,//weibo.com/2804506181/G3W1IxBPt?refer_flag=1001030103_
反腐; 2018-02-20; 1; 25,206,		破五了#中国赞##于芷晴##狗年旺旺旺# 给全世界最好的你们❤️一组饺子❤️（希望女粉不要砸拖鞋～～因为最近性感图有点多）评论抽20个最欠的图片表情送秋裤			...展开全文c,于芷晴MINI,//weibo.com/1559877383/G3W9O1l89?refer_flag=1001030103_
反腐; 2018-02-20; 1; 25,207,		你今天为何早起？ ​		,清南师兄,//weibo.com/2309846073/G3W0mikZR?refer_flag=1001030103_
反腐; 2018-02-20; 1; 25,208,		【 正月初五 迎财神 … 】 ​		,中国书画诗词院,//weibo.com/2804506181/G3W1IxBPt?refer_flag=1001030103_
反腐; 2018-02-20; 1; 25,209,		戊戌年初五，财神生日，转发点赞恭迎财神！祝福大家财源滚滚，幸福吉祥……  更多精彩内容敬请关注：@书画界 #书画界##书画知识大全##文房四宝# ​​​​		,书画界,//weibo.com/3876734080/G3Wbsx11J?refer_flag=1001030103_
反腐; 2018-02-20; 1; 25,210,		聊聊坎昆旅行时的糟心事和暖心事，顺便分享一些坎昆旅游小tips ​		,北美吐槽君,//weibo.com/3177527181/G3VY4dqu3?refer_flag=1001030103_
反腐; 2018-02-20; 1; 25,211,		经过各路唆使，我终于停止了贫贱夫妻的想法 ​		,神奇的吐槽君,//weibo.com/3948798687/G3VVCxwmn?refer_flag=1001030103_
反腐; 2018-02-20; 1; 25,212,		聊聊坎昆旅行时的糟心事和暖心事，顺便分享一些坎昆旅游小tips ​		,北美吐槽君,//weibo.com/3177527181/G3VY4dqu3?refer_flag=1001030103_
反腐; 2018-02-20; 1; 25,213,		【 正月初五 迎财神 … 】 ​		,中国书画诗词院,//weibo.com/2804506181/G3W1IxBPt?refer_flag=1001030103_
反腐; 2018-02-20; 1; 25,214,#吃货# 好好吃！拥有美国厨神之称的 Gordon Ramsay 教你制作最完美牛排！ 手把手教学，在家也能享受美食啦。尤其是趁着年假在家，还不赶紧给家人露一手？ http://t.cn/RRg4hrO ​		,北美美容快报,//weibo.com/3042094223/G3W1jpbwP?refer_flag=1001030103_
反腐; 2018-02-20; 1; 25,215,		你今天为何早起？ ​		,清南师兄,//weibo.com/2309846073/G3W0mikZR?refer_flag=1001030103_
反腐; 2018-02-20; 1; 25,216,		你今天为何早起？ ​		,清南师兄,//weibo.com/2309846073/G3W0mikZR?refer_flag=1001030103_
反腐; 2018-02-20; 1; 25,217,		首先要厘清“养育之恩”这个概念，我觉得“养”不是恩，在当下社会完全可以定义为是一种义务；“育”是恩，才值得孩子去感恩。对于家长而言，育的内容也没有那么难理解，无非是给孩子塑造一个普世价值观、确保孩子有一个健全的人格；至于思维方式和智力水平，这恐怕是教育体系和家庭环境的共同结果了 ​			...展开全文c,虎掰掰,//weibo.com/2154058603/G3W2Tbwzq?refer_flag=1001030103_
反腐; 2018-02-20; 1; 25,218,		【惊了！一家13口挤进5座车 4个孩子塞后备箱】2月13日，广西@贺州交警 在巡查中发现一辆5座的SUV里竟塞进了13个人，除了副驾上两个，后排座上的一堆，后备箱里还有4个小孩…他们称自己是探望老人后返回。交警对司机进行了口头教育，处150元罚款。@时间视频http://t.cn/RRDXAC1 ​		,头条新闻,//weibo.com/1618051664/G3VVdbpMU?refer_flag=1001030103_
反腐; 2018-02-20; 1; 25,219,		【 正月初五 迎财神 … 】 ​		,中国书画诗词院,//weibo.com/2804506181/G3W1IxBPt?refer_flag=1001030103_
反腐; 2018-02-20; 1; 25,220,#吃货# 好好吃！拥有美国厨神之称的 Gordon Ramsay 教你制作最完美牛排！ 手把手教学，在家也能享受美食啦。尤其是趁着年假在家，还不赶紧给家人露一手？ http://t.cn/RRg4hrO ​		,北美美容快报,//weibo.com/3042094223/G3W1jpbwP?refer_flag=1001030103_
反腐; 2018-02-20; 1; 25,221,		【惊了！一家13口挤进5座车 4个孩子塞后备箱】2月13日，广西@贺州交警 在巡查中发现一辆5座的SUV里竟塞进了13个人，除了副驾上两个，后排座上的一堆，后备箱里还有4个小孩…他们称自己是探望老人后返回。交警对司机进行了口头教育，处150元罚款。@时间视频http://t.cn/RRDXAC1 ​		,头条新闻,//weibo.com/1618051664/G3VVdbpMU?refer_flag=1001030103_
反腐; 2018-02-20; 1; 25,222,		经过各路唆使，我终于停止了贫贱夫妻的想法 ​		,神奇的吐槽君,//weibo.com/3948798687/G3VVCxwmn?refer_flag=1001030103_
反腐; 2018-02-20; 1; 25,223,#吃货# 好好吃！拥有美国厨神之称的 Gordon Ramsay 教你制作最完美牛排！ 手把手教学，在家也能享受美食啦。尤其是趁着年假在家，还不赶紧给家人露一手？ http://t.cn/RRg4hrO ​		,北美美容快报,//weibo.com/3042094223/G3W1jpbwP?refer_flag=1001030103_
反腐; 2018-02-20; 1; 25,224,		【 正月初五 迎财神 … 】 ​		,中国书画诗词院,//weibo.com/2804506181/G3W1IxBPt?refer_flag=1001030103_
反腐; 2018-02-20; 1; 25,225,		破五了#中国赞##于芷晴##狗年旺旺旺# 给全世界最好的你们❤️一组饺子❤️（希望女粉不要砸拖鞋～～因为最近性感图有点多）评论抽20个最欠的图片表情送秋裤			...展开全文c,于芷晴MINI,//weibo.com/1559877383/G3W9O1l89?refer_flag=1001030103_
反腐; 2018-02-20; 1; 25,226,		首先要厘清“养育之恩”这个概念，我觉得“养”不是恩，在当下社会完全可以定义为是一种义务；“育”是恩，才值得孩子去感恩。对于家长而言，育的内容也没有那么难理解，无非是给孩子塑造一个普世价值观、确保孩子有一个健全的人格；至于思维方式和智力水平，这恐怕是教育体系和家庭环境的共同结果了 ​			...展开全文c,虎掰掰,//weibo.com/2154058603/G3W2Tbwzq?refer_flag=1001030103_
反腐; 2018-02-20; 1; 25,227,		经过各路唆使，我终于停止了贫贱夫妻的想法 ​		,神奇的吐槽君,//weibo.com/3948798687/G3VVCxwmn?refer_flag=1001030103_
反腐; 2018-02-20; 1; 25,228,#吃货# 好好吃！拥有美国厨神之称的 Gordon Ramsay 教你制作最完美牛排！ 手把手教学，在家也能享受美食啦。尤其是趁着年假在家，还不赶紧给家人露一手？ http://t.cn/RRg4hrO ​		,北美美容快报,//weibo.com/3042094223/G3W1jpbwP?refer_flag=1001030103_
反腐; 2018-02-20; 1; 25,229,		聊聊坎昆旅行时的糟心事和暖心事，顺便分享一些坎昆旅游小tips ​		,北美吐槽君,//weibo.com/3177527181/G3VY4dqu3?refer_flag=1001030103_
反腐; 2018-02-20; 1; 25,230,		戊戌年初五，财神生日，转发点赞恭迎财神！祝福大家财源滚滚，幸福吉祥……  更多精彩内容敬请关注：@书画界 #书画界##书画知识大全##文房四宝# ​​​​		,书画界,//weibo.com/3876734080/G3Wbsx11J?refer_flag=1001030103_
反腐; 2018-02-20; 1; 25,231,		经过各路唆使，我终于停止了贫贱夫妻的想法 ​		,神奇的吐槽君,//weibo.com/3948798687/G3VVCxwmn?refer_flag=1001030103_
反腐; 2018-02-20; 1; 25,232,		你今天为何早起？ ​		,清南师兄,//weibo.com/2309846073/G3W0mikZR?refer_flag=1001030103_
反腐; 2018-02-20; 1; 25,233,		破五了#中国赞##于芷晴##狗年旺旺旺# 给全世界最好的你们❤️一组饺子❤️（希望女粉不要砸拖鞋～～因为最近性感图有点多）评论抽20个最欠的图片表情送秋裤			...展开全文c,于芷晴MINI,//weibo.com/1559877383/G3W9O1l89?refer_flag=1001030103_
反腐; 2018-02-20; 1; 25,234,		首先要厘清“养育之恩”这个概念，我觉得“养”不是恩，在当下社会完全可以定义为是一种义务；“育”是恩，才值得孩子去感恩。对于家长而言，育的内容也没有那么难理解，无非是给孩子塑造一个普世价值观、确保孩子有一个健全的人格；至于思维方式和智力水平，这恐怕是教育体系和家庭环境的共同结果了 ​			...展开全文c,虎掰掰,//weibo.com/2154058603/G3W2Tbwzq?refer_flag=1001030103_
反腐; 2018-02-20; 1; 25,235,#吃货# 好好吃！拥有美国厨神之称的 Gordon Ramsay 教你制作最完美牛排！ 手把手教学，在家也能享受美食啦。尤其是趁着年假在家，还不赶紧给家人露一手？ http://t.cn/RRg4hrO ​		,北美美容快报,//weibo.com/3042094223/G3W1jpbwP?refer_flag=1001030103_
反腐; 2018-02-20; 1; 25,236,		破五了#中国赞##于芷晴##狗年旺旺旺# 给全世界最好的你们❤️一组饺子❤️（希望女粉不要砸拖鞋～～因为最近性感图有点多）评论抽20个最欠的图片表情送秋裤			...展开全文c,于芷晴MINI,//weibo.com/1559877383/G3W9O1l89?refer_flag=1001030103_
反腐; 2018-02-20; 1; 25,237,		首先要厘清“养育之恩”这个概念，我觉得“养”不是恩，在当下社会完全可以定义为是一种义务；“育”是恩，才值得孩子去感恩。对于家长而言，育的内容也没有那么难理解，无非是给孩子塑造一个普世价值观、确保孩子有一个健全的人格；至于思维方式和智力水平，这恐怕是教育体系和家庭环境的共同结果了 ​			...展开全文c,虎掰掰,//weibo.com/2154058603/G3W2Tbwzq?refer_flag=1001030103_
反腐; 2018-02-20; 1; 25,238,		聊聊坎昆旅行时的糟心事和暖心事，顺便分享一些坎昆旅游小tips ​		,北美吐槽君,//weibo.com/3177527181/G3VY4dqu3?refer_flag=1001030103_
反腐; 2018-02-20; 1; 25,239,		【惊了！一家13口挤进5座车 4个孩子塞后备箱】2月13日，广西@贺州交警 在巡查中发现一辆5座的SUV里竟塞进了13个人，除了副驾上两个，后排座上的一堆，后备箱里还有4个小孩…他们称自己是探望老人后返回。交警对司机进行了口头教育，处150元罚款。@时间视频http://t.cn/RRDXAC1 ​		,头条新闻,//weibo.com/1618051664/G3VVdbpMU?refer_flag=1001030103_
反腐; 2018-02-20; 1; 25,240,		戊戌年初五，财神生日，转发点赞恭迎财神！祝福大家财源滚滚，幸福吉祥……  更多精彩内容敬请关注：@书画界 #书画界##书画知识大全##文房四宝# ​​​​		,书画界,//weibo.com/3876734080/G3Wbsx11J?refer_flag=1001030103_
反腐; 2018-02-20; 1; 25,241,		首先要厘清“养育之恩”这个概念，我觉得“养”不是恩，在当下社会完全可以定义为是一种义务；“育”是恩，才值得孩子去感恩。对于家长而言，育的内容也没有那么难理解，无非是给孩子塑造一个普世价值观、确保孩子有一个健全的人格；至于思维方式和智力水平，这恐怕是教育体系和家庭环境的共同结果了 ​			...展开全文c,虎掰掰,//weibo.com/2154058603/G3W2Tbwzq?refer_flag=1001030103_
反腐; 2018-02-20; 1; 25,242,		破五了#中国赞##于芷晴##狗年旺旺旺# 给全世界最好的你们❤️一组饺子❤️（希望女粉不要砸拖鞋～～因为最近性感图有点多）评论抽20个最欠的图片表情送秋裤			...展开全文c,于芷晴MINI,//weibo.com/1559877383/G3W9O1l89?refer_flag=1001030103_
反腐; 2018-02-20; 1; 25,243,		经过各路唆使，我终于停止了贫贱夫妻的想法 ​		,神奇的吐槽君,//weibo.com/3948798687/G3VVCxwmn?refer_flag=1001030103_
反腐; 2018-02-20; 1; 25,244,		聊聊坎昆旅行时的糟心事和暖心事，顺便分享一些坎昆旅游小tips ​		,北美吐槽君,//weibo.com/3177527181/G3VY4dqu3?refer_flag=1001030103_
反腐; 2018-02-20; 1; 25,245,#吃货# 好好吃！拥有美国厨神之称的 Gordon Ramsay 教你制作最完美牛排！ 手把手教学，在家也能享受美食啦。尤其是趁着年假在家，还不赶紧给家人露一手？ http://t.cn/RRg4hrO ​		,北美美容快报,//weibo.com/3042094223/G3W1jpbwP?refer_flag=1001030103_
反腐; 2018-02-20; 1; 25,246,		聊聊坎昆旅行时的糟心事和暖心事，顺便分享一些坎昆旅游小tips ​		,北美吐槽君,//weibo.com/3177527181/G3VY4dqu3?refer_flag=1001030103_
反腐; 2018-02-20; 1; 25,247,		【惊了！一家13口挤进5座车 4个孩子塞后备箱】2月13日，广西@贺州交警 在巡查中发现一辆5座的SUV里竟塞进了13个人，除了副驾上两个，后排座上的一堆，后备箱里还有4个小孩…他们称自己是探望老人后返回。交警对司机进行了口头教育，处150元罚款。@时间视频http://t.cn/RRDXAC1 ​		,头条新闻,//weibo.com/1618051664/G3VVdbpMU?refer_flag=1001030103_
反腐; 2018-02-20; 1; 25,248,		戊戌年初五，财神生日，转发点赞恭迎财神！祝福大家财源滚滚，幸福吉祥……  更多精彩内容敬请关注：@书画界 #书画界##书画知识大全##文房四宝# ​​​​		,书画界,//weibo.com/3876734080/G3Wbsx11J?refer_flag=1001030103_
反腐; 2018-02-20; 1; 25,249,		破五了#中国赞##于芷晴##狗年旺旺旺# 给全世界最好的你们❤️一组饺子❤️（希望女粉不要砸拖鞋～～因为最近性感图有点多）评论抽20个最欠的图片表情送秋裤			...展开全文c,于芷晴MINI,//weibo.com/1559877383/G3W9O1l89?refer_flag=1001030103_
反腐; 2018-02-20; 1; 25,250,#吃货# 好好吃！拥有美国厨神之称的 Gordon Ramsay 教你制作最完美牛排！ 手把手教学，在家也能享受美食啦。尤其是趁着年假在家，还不赶紧给家人露一手？ http://t.cn/RRg4hrO ​		,北美美容快报,//weibo.com/3042094223/G3W1jpbwP?refer_flag=1001030103_
反腐; 2018-02-20; 1; 25,251,		【惊了！一家13口挤进5座车 4个孩子塞后备箱】2月13日，广西@贺州交警 在巡查中发现一辆5座的SUV里竟塞进了13个人，除了副驾上两个，后排座上的一堆，后备箱里还有4个小孩…他们称自己是探望老人后返回。交警对司机进行了口头教育，处150元罚款。@时间视频http://t.cn/RRDXAC1 ​		,头条新闻,//weibo.com/1618051664/G3VVdbpMU?refer_flag=1001030103_
反腐; 2018-02-20; 1; 25,252,		戊戌年初五，财神生日，转发点赞恭迎财神！祝福大家财源滚滚，幸福吉祥……  更多精彩内容敬请关注：@书画界 #书画界##书画知识大全##文房四宝# ​​​​		,书画界,//weibo.com/3876734080/G3Wbsx11J?refer_flag=1001030103_
反腐; 2018-02-20; 1; 25,253,		首先要厘清“养育之恩”这个概念，我觉得“养”不是恩，在当下社会完全可以定义为是一种义务；“育”是恩，才值得孩子去感恩。对于家长而言，育的内容也没有那么难理解，无非是给孩子塑造一个普世价值观、确保孩子有一个健全的人格；至于思维方式和智力水平，这恐怕是教育体系和家庭环境的共同结果了 ​			...展开全文c,虎掰掰,//weibo.com/2154058603/G3W2Tbwzq?refer_flag=1001030103_
反腐; 2018-02-20; 1; 25,254,		破五了#中国赞##于芷晴##狗年旺旺旺# 给全世界最好的你们❤️一组饺子❤️（希望女粉不要砸拖鞋～～因为最近性感图有点多）评论抽20个最欠的图片表情送秋裤			...展开全文c,于芷晴MINI,//weibo.com/1559877383/G3W9O1l89?refer_flag=1001030103_
反腐; 2018-02-20; 1; 25,255,		聊聊坎昆旅行时的糟心事和暖心事，顺便分享一些坎昆旅游小tips ​		,北美吐槽君,//weibo.com/3177527181/G3VY4dqu3?refer_flag=1001030103_
