query,Post ID,Post Content,nickname,link
集体行动; 2018-02-20; 1; 25,1,http://t.cn/RJB2sUV ​		,胖虎哥哥哥,//weibo.com/5430358445/G3U7Bn5G2?refer_flag=1001030103_
集体行动; 2018-02-20; 1; 25,2,		结冰的蹦床 http://t.cn/RRD505C ​		,狮鸢,//weibo.com/1678366407/G3TZ2Bifm?refer_flag=1001030103_
集体行动; 2018-02-20; 1; 25,3,"		""突如其来的脾气大概是积攒了很久的委屈。"" ​​​​		",思想聚焦,//weibo.com/1742566624/G3U1w10Pu?refer_flag=1001030103_
集体行动; 2018-02-20; 1; 25,4,		【重庆民警过年执勤被刺牺牲 行凶男子被批捕】2月18日大年初三，@重庆交巡警 杨雪峰执行公务时被一男子刺伤，因失血过多不幸殉职。据@平安渝北 通报称，张某因不满杨雪峰纠违，拿尖刀趁其不备行凶。19日，渝北区检察院通报，经审查决定依法对张某以涉嫌故意杀人罪批准逮捕。@时间视频 ​			...展开全文c,头条新闻,//weibo.com/1618051664/G3U14ve8h?refer_flag=1001030103_
集体行动; 2018-02-20; 1; 25,5,		各位有空来我家溜达溜达哈！ ​		,喵爷-吴淼,//weibo.com/1677875323/G3TZ49UKm?refer_flag=1001030103_
集体行动; 2018-02-20; 1; 25,6,"		""突如其来的脾气大概是积攒了很久的委屈。"" ​​​​		",思想聚焦,//weibo.com/1742566624/G3U1w10Pu?refer_flag=1001030103_
集体行动; 2018-02-20; 1; 25,7,		当有人突然从你的生命中消失，不用问为什么，只是他或她到了该走的时候了，你只需要接受就好，不论朋友还是恋人。所谓成熟，就是知道有些事情终究无能为力。 ​		,季箐,//weibo.com/3071912693/G3U3FwCuF?refer_flag=1001030103_
集体行动; 2018-02-20; 1; 25,8,		【重庆民警过年执勤被刺牺牲 行凶男子被批捕】2月18日大年初三，@重庆交巡警 杨雪峰执行公务时被一男子刺伤，因失血过多不幸殉职。据@平安渝北 通报称，张某因不满杨雪峰纠违，拿尖刀趁其不备行凶。19日，渝北区检察院通报，经审查决定依法对张某以涉嫌故意杀人罪批准逮捕。@时间视频 ​			...展开全文c,头条新闻,//weibo.com/1618051664/G3U14ve8h?refer_flag=1001030103_
集体行动; 2018-02-20; 1; 25,9,		初五迎财神的两个小诀窍：读书和健身。读书使你觉得钱不重要；健身使你很多时候不用花钱（严肃脸）。#我应该是整个微博最正能量的博主了吧# ​		,马薇薇,//weibo.com/1720788860/G3TYmq5hm?refer_flag=1001030103_
集体行动; 2018-02-20; 1; 25,10,		结冰的蹦床 http://t.cn/RRD505C ​		,狮鸢,//weibo.com/1678366407/G3TZ2Bifm?refer_flag=1001030103_
集体行动; 2018-02-20; 1; 25,11,		【抄台词】“浪是海的名作。” ​		,李诞,//weibo.com/1288345514/G3UblkBSk?refer_flag=1001030103_
集体行动; 2018-02-20; 1; 25,12,Happy Birthday Rihanna ～ ​		,复古写真馆,//weibo.com/2734116907/G3U4m6am3?refer_flag=1001030103_
集体行动; 2018-02-20; 1; 25,13,		大年初五大家都在迎财神，我来送你们一个大的 ​		,毒奶色,//weibo.com/1817472001/G3U2A9YqD?refer_flag=1001030103_
集体行动; 2018-02-20; 1; 25,14,		各位有空来我家溜达溜达哈！ ​		,喵爷-吴淼,//weibo.com/1677875323/G3TZ49UKm?refer_flag=1001030103_
集体行动; 2018-02-20; 1; 25,15,		结冰的蹦床 http://t.cn/RRD505C ​		,狮鸢,//weibo.com/1678366407/G3TZ2Bifm?refer_flag=1001030103_
集体行动; 2018-02-20; 1; 25,16,http://t.cn/RJB2sUV ​		,胖虎哥哥哥,//weibo.com/5430358445/G3U7Bn5G2?refer_flag=1001030103_
集体行动; 2018-02-20; 1; 25,17,		各位有空来我家溜达溜达哈！ ​		,喵爷-吴淼,//weibo.com/1677875323/G3TZ49UKm?refer_flag=1001030103_
集体行动; 2018-02-20; 1; 25,18,Happy Birthday Rihanna ～ ​		,复古写真馆,//weibo.com/2734116907/G3U4m6am3?refer_flag=1001030103_
集体行动; 2018-02-20; 1; 25,19,"		""突如其来的脾气大概是积攒了很久的委屈。"" ​​​​		",思想聚焦,//weibo.com/1742566624/G3U1w10Pu?refer_flag=1001030103_
集体行动; 2018-02-20; 1; 25,20,		【抄台词】“浪是海的名作。” ​		,李诞,//weibo.com/1288345514/G3UblkBSk?refer_flag=1001030103_
集体行动; 2018-02-20; 1; 25,21,		【抄台词】“浪是海的名作。” ​		,李诞,//weibo.com/1288345514/G3UblkBSk?refer_flag=1001030103_
集体行动; 2018-02-20; 1; 25,22,		各位有空来我家溜达溜达哈！ ​		,喵爷-吴淼,//weibo.com/1677875323/G3TZ49UKm?refer_flag=1001030103_
集体行动; 2018-02-20; 1; 25,23,		初五迎财神的两个小诀窍：读书和健身。读书使你觉得钱不重要；健身使你很多时候不用花钱（严肃脸）。#我应该是整个微博最正能量的博主了吧# ​		,马薇薇,//weibo.com/1720788860/G3TYmq5hm?refer_flag=1001030103_
集体行动; 2018-02-20; 1; 25,24,		【重庆民警过年执勤被刺牺牲 行凶男子被批捕】2月18日大年初三，@重庆交巡警 杨雪峰执行公务时被一男子刺伤，因失血过多不幸殉职。据@平安渝北 通报称，张某因不满杨雪峰纠违，拿尖刀趁其不备行凶。19日，渝北区检察院通报，经审查决定依法对张某以涉嫌故意杀人罪批准逮捕。@时间视频 ​			...展开全文c,头条新闻,//weibo.com/1618051664/G3U14ve8h?refer_flag=1001030103_
集体行动; 2018-02-20; 1; 25,25,		当有人突然从你的生命中消失，不用问为什么，只是他或她到了该走的时候了，你只需要接受就好，不论朋友还是恋人。所谓成熟，就是知道有些事情终究无能为力。 ​		,季箐,//weibo.com/3071912693/G3U3FwCuF?refer_flag=1001030103_
集体行动; 2018-02-20; 1; 25,26,		结冰的蹦床 http://t.cn/RRD505C ​		,狮鸢,//weibo.com/1678366407/G3TZ2Bifm?refer_flag=1001030103_
集体行动; 2018-02-20; 1; 25,27,		【抄台词】“浪是海的名作。” ​		,李诞,//weibo.com/1288345514/G3UblkBSk?refer_flag=1001030103_
集体行动; 2018-02-20; 1; 25,28,Happy Birthday Rihanna ～ ​		,复古写真馆,//weibo.com/2734116907/G3U4m6am3?refer_flag=1001030103_
集体行动; 2018-02-20; 1; 25,29,"		""突如其来的脾气大概是积攒了很久的委屈。"" ​​​​		",思想聚焦,//weibo.com/1742566624/G3U1w10Pu?refer_flag=1001030103_
集体行动; 2018-02-20; 1; 25,30,		【重庆民警过年执勤被刺牺牲 行凶男子被批捕】2月18日大年初三，@重庆交巡警 杨雪峰执行公务时被一男子刺伤，因失血过多不幸殉职。据@平安渝北 通报称，张某因不满杨雪峰纠违，拿尖刀趁其不备行凶。19日，渝北区检察院通报，经审查决定依法对张某以涉嫌故意杀人罪批准逮捕。@时间视频 ​			...展开全文c,头条新闻,//weibo.com/1618051664/G3U14ve8h?refer_flag=1001030103_
集体行动; 2018-02-20; 1; 25,31,Happy Birthday Rihanna ～ ​		,复古写真馆,//weibo.com/2734116907/G3U4m6am3?refer_flag=1001030103_
集体行动; 2018-02-20; 1; 25,32,"		""突如其来的脾气大概是积攒了很久的委屈。"" ​​​​		",思想聚焦,//weibo.com/1742566624/G3U1w10Pu?refer_flag=1001030103_
集体行动; 2018-02-20; 1; 25,33,		大年初五大家都在迎财神，我来送你们一个大的 ​		,毒奶色,//weibo.com/1817472001/G3U2A9YqD?refer_flag=1001030103_
集体行动; 2018-02-20; 1; 25,34,		【重庆民警过年执勤被刺牺牲 行凶男子被批捕】2月18日大年初三，@重庆交巡警 杨雪峰执行公务时被一男子刺伤，因失血过多不幸殉职。据@平安渝北 通报称，张某因不满杨雪峰纠违，拿尖刀趁其不备行凶。19日，渝北区检察院通报，经审查决定依法对张某以涉嫌故意杀人罪批准逮捕。@时间视频 ​			...展开全文c,头条新闻,//weibo.com/1618051664/G3U14ve8h?refer_flag=1001030103_
集体行动; 2018-02-20; 1; 25,35,		当有人突然从你的生命中消失，不用问为什么，只是他或她到了该走的时候了，你只需要接受就好，不论朋友还是恋人。所谓成熟，就是知道有些事情终究无能为力。 ​		,季箐,//weibo.com/3071912693/G3U3FwCuF?refer_flag=1001030103_
集体行动; 2018-02-20; 1; 25,36,		当有人突然从你的生命中消失，不用问为什么，只是他或她到了该走的时候了，你只需要接受就好，不论朋友还是恋人。所谓成熟，就是知道有些事情终究无能为力。 ​		,季箐,//weibo.com/3071912693/G3U3FwCuF?refer_flag=1001030103_
集体行动; 2018-02-20; 1; 25,37,		初五迎财神的两个小诀窍：读书和健身。读书使你觉得钱不重要；健身使你很多时候不用花钱（严肃脸）。#我应该是整个微博最正能量的博主了吧# ​		,马薇薇,//weibo.com/1720788860/G3TYmq5hm?refer_flag=1001030103_
集体行动; 2018-02-20; 1; 25,38,http://t.cn/RJB2sUV ​		,胖虎哥哥哥,//weibo.com/5430358445/G3U7Bn5G2?refer_flag=1001030103_
集体行动; 2018-02-20; 1; 25,39,		【抄台词】“浪是海的名作。” ​		,李诞,//weibo.com/1288345514/G3UblkBSk?refer_flag=1001030103_
集体行动; 2018-02-20; 1; 25,40,		结冰的蹦床 http://t.cn/RRD505C ​		,狮鸢,//weibo.com/1678366407/G3TZ2Bifm?refer_flag=1001030103_
集体行动; 2018-02-20; 1; 25,41,		初五迎财神的两个小诀窍：读书和健身。读书使你觉得钱不重要；健身使你很多时候不用花钱（严肃脸）。#我应该是整个微博最正能量的博主了吧# ​		,马薇薇,//weibo.com/1720788860/G3TYmq5hm?refer_flag=1001030103_
集体行动; 2018-02-20; 1; 25,42,"		""突如其来的脾气大概是积攒了很久的委屈。"" ​​​​		",思想聚焦,//weibo.com/1742566624/G3U1w10Pu?refer_flag=1001030103_
集体行动; 2018-02-20; 1; 25,43,		各位有空来我家溜达溜达哈！ ​		,喵爷-吴淼,//weibo.com/1677875323/G3TZ49UKm?refer_flag=1001030103_
集体行动; 2018-02-20; 1; 25,44,		结冰的蹦床 http://t.cn/RRD505C ​		,狮鸢,//weibo.com/1678366407/G3TZ2Bifm?refer_flag=1001030103_
集体行动; 2018-02-20; 1; 25,45,		大年初五大家都在迎财神，我来送你们一个大的 ​		,毒奶色,//weibo.com/1817472001/G3U2A9YqD?refer_flag=1001030103_
集体行动; 2018-02-20; 1; 25,46,		结冰的蹦床 http://t.cn/RRD505C ​		,狮鸢,//weibo.com/1678366407/G3TZ2Bifm?refer_flag=1001030103_
集体行动; 2018-02-20; 1; 25,47,http://t.cn/RJB2sUV ​		,胖虎哥哥哥,//weibo.com/5430358445/G3U7Bn5G2?refer_flag=1001030103_
集体行动; 2018-02-20; 1; 25,48,		【抄台词】“浪是海的名作。” ​		,李诞,//weibo.com/1288345514/G3UblkBSk?refer_flag=1001030103_
集体行动; 2018-02-20; 1; 25,49,		【重庆民警过年执勤被刺牺牲 行凶男子被批捕】2月18日大年初三，@重庆交巡警 杨雪峰执行公务时被一男子刺伤，因失血过多不幸殉职。据@平安渝北 通报称，张某因不满杨雪峰纠违，拿尖刀趁其不备行凶。19日，渝北区检察院通报，经审查决定依法对张某以涉嫌故意杀人罪批准逮捕。@时间视频 ​			...展开全文c,头条新闻,//weibo.com/1618051664/G3U14ve8h?refer_flag=1001030103_
集体行动; 2018-02-20; 1; 25,50,		大年初五大家都在迎财神，我来送你们一个大的 ​		,毒奶色,//weibo.com/1817472001/G3U2A9YqD?refer_flag=1001030103_
集体行动; 2018-02-20; 1; 25,51,		结冰的蹦床 http://t.cn/RRD505C ​		,狮鸢,//weibo.com/1678366407/G3TZ2Bifm?refer_flag=1001030103_
集体行动; 2018-02-20; 1; 25,52,Happy Birthday Rihanna ～ ​		,复古写真馆,//weibo.com/2734116907/G3U4m6am3?refer_flag=1001030103_
集体行动; 2018-02-20; 1; 25,53,		初五迎财神的两个小诀窍：读书和健身。读书使你觉得钱不重要；健身使你很多时候不用花钱（严肃脸）。#我应该是整个微博最正能量的博主了吧# ​		,马薇薇,//weibo.com/1720788860/G3TYmq5hm?refer_flag=1001030103_
集体行动; 2018-02-20; 1; 25,54,		【重庆民警过年执勤被刺牺牲 行凶男子被批捕】2月18日大年初三，@重庆交巡警 杨雪峰执行公务时被一男子刺伤，因失血过多不幸殉职。据@平安渝北 通报称，张某因不满杨雪峰纠违，拿尖刀趁其不备行凶。19日，渝北区检察院通报，经审查决定依法对张某以涉嫌故意杀人罪批准逮捕。@时间视频 ​			...展开全文c,头条新闻,//weibo.com/1618051664/G3U14ve8h?refer_flag=1001030103_
集体行动; 2018-02-20; 1; 25,55,http://t.cn/RJB2sUV ​		,胖虎哥哥哥,//weibo.com/5430358445/G3U7Bn5G2?refer_flag=1001030103_
集体行动; 2018-02-20; 1; 25,56,		结冰的蹦床 http://t.cn/RRD505C ​		,狮鸢,//weibo.com/1678366407/G3TZ2Bifm?refer_flag=1001030103_
集体行动; 2018-02-20; 1; 25,57,		初五迎财神的两个小诀窍：读书和健身。读书使你觉得钱不重要；健身使你很多时候不用花钱（严肃脸）。#我应该是整个微博最正能量的博主了吧# ​		,马薇薇,//weibo.com/1720788860/G3TYmq5hm?refer_flag=1001030103_
集体行动; 2018-02-20; 1; 25,58,Happy Birthday Rihanna ～ ​		,复古写真馆,//weibo.com/2734116907/G3U4m6am3?refer_flag=1001030103_
集体行动; 2018-02-20; 1; 25,59,		大年初五大家都在迎财神，我来送你们一个大的 ​		,毒奶色,//weibo.com/1817472001/G3U2A9YqD?refer_flag=1001030103_
集体行动; 2018-02-20; 1; 25,60,http://t.cn/RJB2sUV ​		,胖虎哥哥哥,//weibo.com/5430358445/G3U7Bn5G2?refer_flag=1001030103_
集体行动; 2018-02-20; 1; 25,61,		【抄台词】“浪是海的名作。” ​		,李诞,//weibo.com/1288345514/G3UblkBSk?refer_flag=1001030103_
集体行动; 2018-02-20; 1; 25,62,		当有人突然从你的生命中消失，不用问为什么，只是他或她到了该走的时候了，你只需要接受就好，不论朋友还是恋人。所谓成熟，就是知道有些事情终究无能为力。 ​		,季箐,//weibo.com/3071912693/G3U3FwCuF?refer_flag=1001030103_
集体行动; 2018-02-20; 1; 25,63,		初五迎财神的两个小诀窍：读书和健身。读书使你觉得钱不重要；健身使你很多时候不用花钱（严肃脸）。#我应该是整个微博最正能量的博主了吧# ​		,马薇薇,//weibo.com/1720788860/G3TYmq5hm?refer_flag=1001030103_
集体行动; 2018-02-20; 1; 25,64,Happy Birthday Rihanna ～ ​		,复古写真馆,//weibo.com/2734116907/G3U4m6am3?refer_flag=1001030103_
集体行动; 2018-02-20; 1; 25,65,http://t.cn/RJB2sUV ​		,胖虎哥哥哥,//weibo.com/5430358445/G3U7Bn5G2?refer_flag=1001030103_
集体行动; 2018-02-20; 1; 25,66,		【抄台词】“浪是海的名作。” ​		,李诞,//weibo.com/1288345514/G3UblkBSk?refer_flag=1001030103_
集体行动; 2018-02-20; 1; 25,67,Happy Birthday Rihanna ～ ​		,复古写真馆,//weibo.com/2734116907/G3U4m6am3?refer_flag=1001030103_
集体行动; 2018-02-20; 1; 25,68,http://t.cn/RJB2sUV ​		,胖虎哥哥哥,//weibo.com/5430358445/G3U7Bn5G2?refer_flag=1001030103_
集体行动; 2018-02-20; 1; 25,69,		当有人突然从你的生命中消失，不用问为什么，只是他或她到了该走的时候了，你只需要接受就好，不论朋友还是恋人。所谓成熟，就是知道有些事情终究无能为力。 ​		,季箐,//weibo.com/3071912693/G3U3FwCuF?refer_flag=1001030103_
集体行动; 2018-02-20; 1; 25,70,		各位有空来我家溜达溜达哈！ ​		,喵爷-吴淼,//weibo.com/1677875323/G3TZ49UKm?refer_flag=1001030103_
集体行动; 2018-02-20; 1; 25,71,		结冰的蹦床 http://t.cn/RRD505C ​		,狮鸢,//weibo.com/1678366407/G3TZ2Bifm?refer_flag=1001030103_
集体行动; 2018-02-20; 1; 25,72,		各位有空来我家溜达溜达哈！ ​		,喵爷-吴淼,//weibo.com/1677875323/G3TZ49UKm?refer_flag=1001030103_
集体行动; 2018-02-20; 1; 25,73,		【重庆民警过年执勤被刺牺牲 行凶男子被批捕】2月18日大年初三，@重庆交巡警 杨雪峰执行公务时被一男子刺伤，因失血过多不幸殉职。据@平安渝北 通报称，张某因不满杨雪峰纠违，拿尖刀趁其不备行凶。19日，渝北区检察院通报，经审查决定依法对张某以涉嫌故意杀人罪批准逮捕。@时间视频 ​			...展开全文c,头条新闻,//weibo.com/1618051664/G3U14ve8h?refer_flag=1001030103_
集体行动; 2018-02-20; 1; 25,74,		【抄台词】“浪是海的名作。” ​		,李诞,//weibo.com/1288345514/G3UblkBSk?refer_flag=1001030103_
集体行动; 2018-02-20; 1; 25,75,		当有人突然从你的生命中消失，不用问为什么，只是他或她到了该走的时候了，你只需要接受就好，不论朋友还是恋人。所谓成熟，就是知道有些事情终究无能为力。 ​		,季箐,//weibo.com/3071912693/G3U3FwCuF?refer_flag=1001030103_
集体行动; 2018-02-20; 1; 25,76,"		""突如其来的脾气大概是积攒了很久的委屈。"" ​​​​		",思想聚焦,//weibo.com/1742566624/G3U1w10Pu?refer_flag=1001030103_
集体行动; 2018-02-20; 1; 25,77,		结冰的蹦床 http://t.cn/RRD505C ​		,狮鸢,//weibo.com/1678366407/G3TZ2Bifm?refer_flag=1001030103_
集体行动; 2018-02-20; 1; 25,78,http://t.cn/RJB2sUV ​		,胖虎哥哥哥,//weibo.com/5430358445/G3U7Bn5G2?refer_flag=1001030103_
集体行动; 2018-02-20; 1; 25,79,		【重庆民警过年执勤被刺牺牲 行凶男子被批捕】2月18日大年初三，@重庆交巡警 杨雪峰执行公务时被一男子刺伤，因失血过多不幸殉职。据@平安渝北 通报称，张某因不满杨雪峰纠违，拿尖刀趁其不备行凶。19日，渝北区检察院通报，经审查决定依法对张某以涉嫌故意杀人罪批准逮捕。@时间视频 ​			...展开全文c,头条新闻,//weibo.com/1618051664/G3U14ve8h?refer_flag=1001030103_
集体行动; 2018-02-20; 1; 25,80,		大年初五大家都在迎财神，我来送你们一个大的 ​		,毒奶色,//weibo.com/1817472001/G3U2A9YqD?refer_flag=1001030103_
集体行动; 2018-02-20; 1; 25,81,		结冰的蹦床 http://t.cn/RRD505C ​		,狮鸢,//weibo.com/1678366407/G3TZ2Bifm?refer_flag=1001030103_
集体行动; 2018-02-20; 1; 25,82,Happy Birthday Rihanna ～ ​		,复古写真馆,//weibo.com/2734116907/G3U4m6am3?refer_flag=1001030103_
集体行动; 2018-02-20; 1; 25,83,http://t.cn/RJB2sUV ​		,胖虎哥哥哥,//weibo.com/5430358445/G3U7Bn5G2?refer_flag=1001030103_
集体行动; 2018-02-20; 1; 25,84,		初五迎财神的两个小诀窍：读书和健身。读书使你觉得钱不重要；健身使你很多时候不用花钱（严肃脸）。#我应该是整个微博最正能量的博主了吧# ​		,马薇薇,//weibo.com/1720788860/G3TYmq5hm?refer_flag=1001030103_
集体行动; 2018-02-20; 1; 25,85,		【抄台词】“浪是海的名作。” ​		,李诞,//weibo.com/1288345514/G3UblkBSk?refer_flag=1001030103_
集体行动; 2018-02-20; 1; 25,86,		各位有空来我家溜达溜达哈！ ​		,喵爷-吴淼,//weibo.com/1677875323/G3TZ49UKm?refer_flag=1001030103_
集体行动; 2018-02-20; 1; 25,87,		大年初五大家都在迎财神，我来送你们一个大的 ​		,毒奶色,//weibo.com/1817472001/G3U2A9YqD?refer_flag=1001030103_
集体行动; 2018-02-20; 1; 25,88,Happy Birthday Rihanna ～ ​		,复古写真馆,//weibo.com/2734116907/G3U4m6am3?refer_flag=1001030103_
集体行动; 2018-02-20; 1; 25,89,"		""突如其来的脾气大概是积攒了很久的委屈。"" ​​​​		",思想聚焦,//weibo.com/1742566624/G3U1w10Pu?refer_flag=1001030103_
集体行动; 2018-02-20; 1; 25,90,		当有人突然从你的生命中消失，不用问为什么，只是他或她到了该走的时候了，你只需要接受就好，不论朋友还是恋人。所谓成熟，就是知道有些事情终究无能为力。 ​		,季箐,//weibo.com/3071912693/G3U3FwCuF?refer_flag=1001030103_
集体行动; 2018-02-20; 1; 25,91,		初五迎财神的两个小诀窍：读书和健身。读书使你觉得钱不重要；健身使你很多时候不用花钱（严肃脸）。#我应该是整个微博最正能量的博主了吧# ​		,马薇薇,//weibo.com/1720788860/G3TYmq5hm?refer_flag=1001030103_
集体行动; 2018-02-20; 1; 25,92,http://t.cn/RJB2sUV ​		,胖虎哥哥哥,//weibo.com/5430358445/G3U7Bn5G2?refer_flag=1001030103_
集体行动; 2018-02-20; 1; 25,93,		【抄台词】“浪是海的名作。” ​		,李诞,//weibo.com/1288345514/G3UblkBSk?refer_flag=1001030103_
集体行动; 2018-02-20; 1; 25,94,Happy Birthday Rihanna ～ ​		,复古写真馆,//weibo.com/2734116907/G3U4m6am3?refer_flag=1001030103_
集体行动; 2018-02-20; 1; 25,95,		大年初五大家都在迎财神，我来送你们一个大的 ​		,毒奶色,//weibo.com/1817472001/G3U2A9YqD?refer_flag=1001030103_
集体行动; 2018-02-20; 1; 25,96,http://t.cn/RJB2sUV ​		,胖虎哥哥哥,//weibo.com/5430358445/G3U7Bn5G2?refer_flag=1001030103_
集体行动; 2018-02-20; 1; 25,97,		结冰的蹦床 http://t.cn/RRD505C ​		,狮鸢,//weibo.com/1678366407/G3TZ2Bifm?refer_flag=1001030103_
集体行动; 2018-02-20; 1; 25,98,		当有人突然从你的生命中消失，不用问为什么，只是他或她到了该走的时候了，你只需要接受就好，不论朋友还是恋人。所谓成熟，就是知道有些事情终究无能为力。 ​		,季箐,//weibo.com/3071912693/G3U3FwCuF?refer_flag=1001030103_
集体行动; 2018-02-20; 1; 25,99,		大年初五大家都在迎财神，我来送你们一个大的 ​		,毒奶色,//weibo.com/1817472001/G3U2A9YqD?refer_flag=1001030103_
集体行动; 2018-02-20; 1; 25,100,		初五迎财神的两个小诀窍：读书和健身。读书使你觉得钱不重要；健身使你很多时候不用花钱（严肃脸）。#我应该是整个微博最正能量的博主了吧# ​		,马薇薇,//weibo.com/1720788860/G3TYmq5hm?refer_flag=1001030103_
集体行动; 2018-02-20; 1; 25,101,		当有人突然从你的生命中消失，不用问为什么，只是他或她到了该走的时候了，你只需要接受就好，不论朋友还是恋人。所谓成熟，就是知道有些事情终究无能为力。 ​		,季箐,//weibo.com/3071912693/G3U3FwCuF?refer_flag=1001030103_
集体行动; 2018-02-20; 1; 25,102,Happy Birthday Rihanna ～ ​		,复古写真馆,//weibo.com/2734116907/G3U4m6am3?refer_flag=1001030103_
集体行动; 2018-02-20; 1; 25,103,"		""突如其来的脾气大概是积攒了很久的委屈。"" ​​​​		",思想聚焦,//weibo.com/1742566624/G3U1w10Pu?refer_flag=1001030103_
集体行动; 2018-02-20; 1; 25,104,		大年初五大家都在迎财神，我来送你们一个大的 ​		,毒奶色,//weibo.com/1817472001/G3U2A9YqD?refer_flag=1001030103_
集体行动; 2018-02-20; 1; 25,105,http://t.cn/RJB2sUV ​		,胖虎哥哥哥,//weibo.com/5430358445/G3U7Bn5G2?refer_flag=1001030103_
集体行动; 2018-02-20; 1; 25,106,Happy Birthday Rihanna ～ ​		,复古写真馆,//weibo.com/2734116907/G3U4m6am3?refer_flag=1001030103_
集体行动; 2018-02-20; 1; 25,107,		【抄台词】“浪是海的名作。” ​		,李诞,//weibo.com/1288345514/G3UblkBSk?refer_flag=1001030103_
集体行动; 2018-02-20; 1; 25,108,		初五迎财神的两个小诀窍：读书和健身。读书使你觉得钱不重要；健身使你很多时候不用花钱（严肃脸）。#我应该是整个微博最正能量的博主了吧# ​		,马薇薇,//weibo.com/1720788860/G3TYmq5hm?refer_flag=1001030103_
集体行动; 2018-02-20; 1; 25,109,		大年初五大家都在迎财神，我来送你们一个大的 ​		,毒奶色,//weibo.com/1817472001/G3U2A9YqD?refer_flag=1001030103_
集体行动; 2018-02-20; 1; 25,110,		【重庆民警过年执勤被刺牺牲 行凶男子被批捕】2月18日大年初三，@重庆交巡警 杨雪峰执行公务时被一男子刺伤，因失血过多不幸殉职。据@平安渝北 通报称，张某因不满杨雪峰纠违，拿尖刀趁其不备行凶。19日，渝北区检察院通报，经审查决定依法对张某以涉嫌故意杀人罪批准逮捕。@时间视频 ​			...展开全文c,头条新闻,//weibo.com/1618051664/G3U14ve8h?refer_flag=1001030103_
集体行动; 2018-02-20; 1; 25,111,		各位有空来我家溜达溜达哈！ ​		,喵爷-吴淼,//weibo.com/1677875323/G3TZ49UKm?refer_flag=1001030103_
集体行动; 2018-02-20; 1; 25,112,http://t.cn/RJB2sUV ​		,胖虎哥哥哥,//weibo.com/5430358445/G3U7Bn5G2?refer_flag=1001030103_
集体行动; 2018-02-20; 1; 25,113,Happy Birthday Rihanna ～ ​		,复古写真馆,//weibo.com/2734116907/G3U4m6am3?refer_flag=1001030103_
集体行动; 2018-02-20; 1; 25,114,		初五迎财神的两个小诀窍：读书和健身。读书使你觉得钱不重要；健身使你很多时候不用花钱（严肃脸）。#我应该是整个微博最正能量的博主了吧# ​		,马薇薇,//weibo.com/1720788860/G3TYmq5hm?refer_flag=1001030103_
集体行动; 2018-02-20; 1; 25,115,		当有人突然从你的生命中消失，不用问为什么，只是他或她到了该走的时候了，你只需要接受就好，不论朋友还是恋人。所谓成熟，就是知道有些事情终究无能为力。 ​		,季箐,//weibo.com/3071912693/G3U3FwCuF?refer_flag=1001030103_
集体行动; 2018-02-20; 1; 25,116,http://t.cn/RJB2sUV ​		,胖虎哥哥哥,//weibo.com/5430358445/G3U7Bn5G2?refer_flag=1001030103_
集体行动; 2018-02-20; 1; 25,117,		初五迎财神的两个小诀窍：读书和健身。读书使你觉得钱不重要；健身使你很多时候不用花钱（严肃脸）。#我应该是整个微博最正能量的博主了吧# ​		,马薇薇,//weibo.com/1720788860/G3TYmq5hm?refer_flag=1001030103_
集体行动; 2018-02-20; 1; 25,118,"		""突如其来的脾气大概是积攒了很久的委屈。"" ​​​​		",思想聚焦,//weibo.com/1742566624/G3U1w10Pu?refer_flag=1001030103_
集体行动; 2018-02-20; 1; 25,119,		【重庆民警过年执勤被刺牺牲 行凶男子被批捕】2月18日大年初三，@重庆交巡警 杨雪峰执行公务时被一男子刺伤，因失血过多不幸殉职。据@平安渝北 通报称，张某因不满杨雪峰纠违，拿尖刀趁其不备行凶。19日，渝北区检察院通报，经审查决定依法对张某以涉嫌故意杀人罪批准逮捕。@时间视频 ​			...展开全文c,头条新闻,//weibo.com/1618051664/G3U14ve8h?refer_flag=1001030103_
集体行动; 2018-02-20; 1; 25,120,		各位有空来我家溜达溜达哈！ ​		,喵爷-吴淼,//weibo.com/1677875323/G3TZ49UKm?refer_flag=1001030103_
