query,Post ID,Post Content,nickname,link
反腐; 2018-02-20; 1; 25,1,		//@zwq泉水:老兵莫哭，有无数的网友在你身后支持你，八旬老人站在反腐前沿，为老兵呐喊助威，向老兵，敬礼//@营口86岁老兵举报腐败进监狱://@营口冤案3: //@我本张立: 老兵给官员打下了江山，官员给老兵打造了监狱。//@苦难的特色人民1://@高温下的冻鸽://@就叫未来_5366://@景洪东生://@营口冤案,风萧萧兮----易水寒,//weibo.com/6354818069/FwoXFAJ7l?refer_flag=1001030103_
反腐; 2018-02-20; 1; 25,2,	  发布了头条文章：《86岁解放战争老兵举报腐败官员低价，贱卖土地被关监狱》 http://t.cn/RYwY6xm ​	,NA,//weibo.com/1889935885/G3UdFtIyF?refer_flag=1001030103_
反腐; 2018-02-20; 1; 25,3,@解放日报 #新华网# #光明网评# #人民网微评# 请领导同志，及微友看看李峰投毒仇举报人十七年！手段过程残忍比宋朝“秦桧”就现在扫黑除恶，公检法，反腐从严治党，及其监察委员会这是多强大的法治阵容！却不敢彻查仇杀举报人腐黑恶的无赖！您说这棍硬不？光舞文弄墨斗文章这就是中国法治遵严？		,暗黑向雪鹰1314,//weibo.com/6231414576/FAe2dv1tm?refer_flag=1001030103_
反腐; 2018-02-20; 1; 25,4,	  我发表了头条文章:《严肃党纪国法！维护法治遵严！严惩邪恶投毒帮派势力！》 http://t.cn/RTTEpmw http://t.cn/z8celjM ​	,NA,//weibo.com/6231414576/G3UcoBJoj?refer_flag=1001030103_
反腐; 2018-02-20; 1; 25,5,		全是这样！邪恶//@寒草莫默:权力唯我独尊便是恶。//@很好看哦: @演员蔡明宇:→_→//@向上游的鱼V:文章最后“唯一能真正肃贪的路，就只有法治一条路”这个结论并不完全准确。腐败源自公权力不受限制，没有监督，所以唯有分权制衡，确保没有任何人和机构能够掌握绝对的权力，这才是真正的反腐肃贪之道。		,Mollyyan1971,//weibo.com/6403339793/G3PFczVAh?refer_flag=1001030103_
反腐; 2018-02-20; 1; 25,6,	  【朱元璋铁腕治贪为何贪官越杀越多？】#逸事拾遗# 煞费苦心想缔造一个至纯至清的全新王朝的朱元璋，最终无奈地发出绝世悲叹：“我欲除贪赃官吏，奈何朝杀而暮犯？”#驴言片语# 为什么满朝文武“擢用之时，并效忠良，任用既久，俱系奸贪”呢？ http://t.cn/RRgXazq ​	,NA,//weibo.com/1620345682/G3Ubtzbd1?refer_flag=1001030103_
反腐; 2018-02-20; 1; 25,7,		谁讲真话，谁讲真相，谁活得象陈佩斯，狗官奸商早已勾结成死党从资本到司法无恶不敢作！//:文章最后“唯一能真正肃贪的路，就只有法治一条路”这个结论并不完全准确。腐败源自公权力不受限制，没有监督，所以唯有分权制衡，确保没有任何人和机构能够掌握绝对的权力，这才是真正的反腐肃贪之道。		,Mollyyan1971,//weibo.com/6403339793/G3PFczVAh?refer_flag=1001030103_
反腐; 2018-02-20; 1; 25,8,	  【朱元璋铁腕治贪为何贪官越杀越多？】#逸事拾遗# 煞费苦心想缔造一个至纯至清的全新王朝的朱元璋，最终无奈地发出绝世悲叹：“我欲除贪赃官吏，奈何朝杀而暮犯？”#驴言片语# 为什么满朝文武“擢用之时，并效忠良，任用既久，俱系奸贪”呢？ http://t.cn/RRgXazq ​	,NA,//weibo.com/1620345682/G3Ub5kjbr?refer_flag=1001030103_
反腐; 2018-02-20; 1; 25,9,		在这个国家永远做不到！一党专政，永远都是梦想//@演员蔡明宇:→_→//@向上游的鱼V:文章最后“唯一能真正肃贪的路，就只有法治一条路”这个结论并不完全准确。腐败源自公权力不受限制，没有监督，所以唯有分权制衡，确保没有任何人和机构能够掌握绝对的权力，这才是真正的反腐肃贪之道。		,Mollyyan1971,//weibo.com/6403339793/G3PFczVAh?refer_flag=1001030103_
反腐; 2018-02-20; 1; 25,10,	  【朱元璋铁腕治贪为何贪官越杀越多？】#逸事拾遗# 煞费苦心想缔造一个至纯至清的全新王朝的朱元璋，最终无奈地发出绝世悲叹：“我欲除贪赃官吏，奈何朝杀而暮犯？”#驴言片语# 为什么满朝文武“擢用之时，并效忠良，任用既久，俱系奸贪”呢？ http://t.cn/RRgXazq ​	,NA,//weibo.com/1620345682/G3Ua9acCB?refer_flag=1001030103_
反腐; 2018-02-20; 1; 25,11,		//@眉中王: →_→//@佛山纺织染色师傅霸者007:李开腹还在中国各地演讲，这种反共反中的货为什么在中国这么有市场？反腐不仅在经济上，政治上更要反腐，反须把党内与李开腹勾结的人全部纠出来。		,响铛铛一颗铜豌豆,//weibo.com/2811244260/G3FG69d6P?refer_flag=1001030103_
反腐; 2018-02-20; 1; 25,12,	  他是特洛伊木马、诺基亚噩梦，外来的和尚好坑爹。2010年，诺基亚聘微软业务部总裁埃洛普，担任执行总裁兼CEO，这一年，诺基亚手机份额是30%。埃洛普上任后，全球裁减员工，引进美国高管，挑起内部争斗，全面与微软合作。2013年，诺基亚份额降至18%，2014年，微软成功收购诺基亚，之后埃洛普重返微软。 ​	,NA,//weibo.com/5124612240/G3U9m7A6W?refer_flag=1001030103_
反腐; 2018-02-20; 1; 25,13,"#女儿国到底好不好看##让红包飞##老板喊你上船#他在教室里大声宣讲反“腐”知识，一脸憎恶，没发现身后班长满是玩味的表情。下课后，“你你你…你要干什么！!！”“你不是要反腐吗？而且只是说到同性恋就一脸厌恶,想必和我一起也很勉强吧,那我们就到此为止好了。”“别啊啊啊，我错了QAQ ”“那今天晚 ​			...展开全文c",茶盘说噢我知道了,//weibo.com/3942908391/G3U72twnt?refer_flag=1001030103_
反腐; 2018-02-20; 1; 25,14,		老兵莫哭，有无数的网友在你身后支持你，八旬老人站在反腐前沿，为老兵呐喊助威，向老兵，敬礼//@营口86岁老兵举报腐败进监狱://@营口冤案3: //@我本张立: 老兵给官员打下了江山，官员给老兵打造了监狱。//@苦难的特色人民1://@高温下的冻鸽://@就叫未来_5366://@景洪东生://@营口冤案3:转发微博		,zwq泉水,//weibo.com/6354818069/FwoXFAJ7l?refer_flag=1001030103_
反腐; 2018-02-20; 1; 25,15,	  发布了头条文章：《86岁解放战争老兵举报腐败官员低价，贱卖土地被关监狱》 http://t.cn/RYwY6xm ​	,NA,//weibo.com/6461299621/G3U6Anm1c?refer_flag=1001030103_
反腐; 2018-02-20; 1; 25,16,		警惕披着年俗外衣的“四风”--反腐倡廉-人民网 （分享自 @人民网） http://t.cn/RRd07bH ​		,东郭师傅,//weibo.com/2379657257/G3U6thQ3e?refer_flag=1001030103_
反腐; 2018-02-20; 1; 25,17,		//@魏剑美:所谓反腐，大多是本末倒置，以强化权力来反腐，其实就是抱薪救火		,沅江河边永安小村,//weibo.com/6403339793/G3PFczVAh?refer_flag=1001030103_
反腐; 2018-02-20; 1; 25,18,	  【朱元璋铁腕治贪为何贪官越杀越多？】#逸事拾遗# 煞费苦心想缔造一个至纯至清的全新王朝的朱元璋，最终无奈地发出绝世悲叹：“我欲除贪赃官吏，奈何朝杀而暮犯？”#驴言片语# 为什么满朝文武“擢用之时，并效忠良，任用既久，俱系奸贪”呢？ http://t.cn/RRgXazq ​	,NA,//weibo.com/2032719540/G3U5zaDew?refer_flag=1001030103_
反腐; 2018-02-20; 1; 25,19,#三亚# 反腐倡廉容不得半点虚假、来不得半点浮飘，一名纪检人，要有“明知山有虎，偏向虎山行”的勇气，坚持矛盾面前不闪躲、挑战面前不畏惧、困难面前不退缩，关键时刻豁得出、顶得上、担得起、拿得下，敢于把责任扛在肩头、把任务记在心头、把工作抓在手头。敢于较真碰硬， ​			...展开全文c,京v热点爆料,//weibo.com/5876731807/G3U4N3Sdk?refer_flag=1001030103_
反腐; 2018-02-20; 1; 25,20,		//@热血秋歌:其一，由皇权独揽到高度集权，真正起作用的不是法治而是人治。其二，严格吏治的实施，并不是为以法治国，而是权力斗争需要。其三，反腐缺乏标本兼治，一味酷刑严律，只能是前“捕”后继。		,石头-未开化,//weibo.com/6403339793/G3PFczVAh?refer_flag=1001030103_
反腐; 2018-02-20; 1; 25,21,	  【朱元璋铁腕治贪为何贪官越杀越多？】#逸事拾遗# 煞费苦心想缔造一个至纯至清的全新王朝的朱元璋，最终无奈地发出绝世悲叹：“我欲除贪赃官吏，奈何朝杀而暮犯？”#驴言片语# 为什么满朝文武“擢用之时，并效忠良，任用既久，俱系奸贪”呢？ http://t.cn/RRgXazq ​	,NA,//weibo.com/2617451075/G3U43tLYo?refer_flag=1001030103_
反腐; 2018-02-20; 1; 25,22,//@魏剑美: 所谓反腐，大多是本末倒置，以强化权力来反腐，其实就是抱薪救火		,马仙家,//weibo.com/6403339793/G3PFczVAh?refer_flag=1001030103_
反腐; 2018-02-20; 1; 25,23,	  【朱元璋铁腕治贪为何贪官越杀越多？】#逸事拾遗# 煞费苦心想缔造一个至纯至清的全新王朝的朱元璋，最终无奈地发出绝世悲叹：“我欲除贪赃官吏，奈何朝杀而暮犯？”#驴言片语# 为什么满朝文武“擢用之时，并效忠良，任用既久，俱系奸贪”呢？ http://t.cn/RRgXazq ​	,NA,//weibo.com/2105816605/G3U3qwxyT?refer_flag=1001030103_
反腐; 2018-02-20; 1; 25,24,		→_→//@佛山纺织染色师傅霸者007:李开腹还在中国各地演讲，这种反共反中的货为什么在中国这么有市场？反腐不仅在经济上，政治上更要反腐，反须把党内与李开腹勾结的人全部纠出来。		,眉中王,//weibo.com/2811244260/G3FG69d6P?refer_flag=1001030103_
反腐; 2018-02-20; 1; 25,25,	  他是特洛伊木马、诺基亚噩梦，外来的和尚好坑爹。2010年，诺基亚聘微软业务部总裁埃洛普，担任执行总裁兼CEO，这一年，诺基亚手机份额是30%。埃洛普上任后，全球裁减员工，引进美国高管，挑起内部争斗，全面与微软合作。2013年，诺基亚份额降至18%，2014年，微软成功收购诺基亚，之后埃洛普重返微软。 ​	,NA,//weibo.com/2811244260/G3U25v4CB?refer_flag=1001030103_
反腐; 2018-02-20; 1; 25,26,		【新闻敲诈的式微】对21世纪系的打击，官媒的自我审查，都说明了依靠新闻敲诈获取盈利再也不可能光明正大走下去了。今年上半年一家非常著名的杂志盈利才50万，若无各类活动支撑，早就办不下了。纸媒的衰败面临市场和反腐的双重夹击，媒体人除了转型、出走和创业别无他法。树倒猢狲散的场景迟早到来。 ​		,妖媚近乎妖_4lx4,//weibo.com/6355030410/G3U1LnWHj?refer_flag=1001030103_
反腐; 2018-02-20; 1; 25,27,		所谓反腐，大多是本末倒置，以强化权力来反腐，其实就是抱薪救火		,魏剑美,//weibo.com/6403339793/G3PFczVAh?refer_flag=1001030103_
反腐; 2018-02-20; 1; 25,28,	  【朱元璋铁腕治贪为何贪官越杀越多？】#逸事拾遗# 煞费苦心想缔造一个至纯至清的全新王朝的朱元璋，最终无奈地发出绝世悲叹：“我欲除贪赃官吏，奈何朝杀而暮犯？”#驴言片语# 为什么满朝文武“擢用之时，并效忠良，任用既久，俱系奸贪”呢？ http://t.cn/RRgXazq ​	,NA,//weibo.com/1286236741/G3TYsCByu?refer_flag=1001030103_
反腐; 2018-02-20; 1; 25,29,		【新闻敲诈的式微】对21世纪系的打击，官媒的自我审查，都说明了依靠新闻敲诈获取盈利再也不可能光明正大走下去了。今年上半年一家非常著名的杂志盈利才50万，若无各类活动支撑，早就办不下了。纸媒的衰败面临市场和反腐的双重夹击，媒体人除了转型、出走和创业别无他法。树倒猢狲散的场景迟早到来。 ​		,缘分天空闵缘分天_496,//weibo.com/6331283502/G3TPP8bzw?refer_flag=1001030103_
反腐; 2018-02-20; 1; 25,30,#今天雨水##李小璐#dfu888反腐剧《人民的名义》：李达康书记参加新闻发布会。~~~~饰演者：吴刚。老戏骨的实力真是厉害。 ​		,韩世离啊,//weibo.com/1954373267/G3TO5ysD5?refer_flag=1001030103_
反腐; 2018-02-20; 1; 25,31,		【新闻敲诈的式微】对21世纪系的打击，官媒的自我审查，都说明了依靠新闻敲诈获取盈利再也不可能光明正大走下去了。今年上半年一家非常著名的杂志盈利才50万，若无各类活动支撑，早就办不下了。纸媒的衰败面临市场和反腐的双重夹击，媒体人除了转型、出走和创业别无他法。树倒猢狲散的场景迟早到来。 ​		,小小_xiao敏韦辨,//weibo.com/3583883683/G3TN5epSf?refer_flag=1001030103_
反腐; 2018-02-20; 1; 25,32,		发表了博文《拉脱维亚央行行长被捕总理大力安抚欧洲》&#65279;拉脱维亚央行行长里姆塞维克斯2018年2月19日拉脱维亚反腐警察星期六逮捕了该国央行行长之后，拉脱维亚总理古金斯基向全国以及欧洲保证，http://t.cn/RRDyKYD ​		,法律窗口,//weibo.com/2143652601/G3TKq5Fvs?refer_flag=1001030103_
反腐; 2018-02-20; 1; 25,33,		大胆设想:局长不反腐，则其也必是同类项。//@茂名市公务员朱国瑜:小不忍，则乱大谋；腐不反，蚊子变大象：该局被检方和法院一致认定向局长李天福行贿买官的卢汝刚等7个警察败类，结果用重金向局长梁起等人求得了免职但保留待遇的应付式处理。受此鼓舞，该局三位数警察败类继续且顶风地向梁起行贿买官。		,听相声的小学生发上等愿,//weibo.com/1766596400/EqaJi2Uno?refer_flag=1001030103_
反腐; 2018-02-20; 1; 25,34,	  发表了博文《高州市连续三任公安局长竞相地卖官》在官场极度疯狂了10多年的茂名，连续两任市委书记罗荫国和周镇宏，以及隔任的梁毅民，都因卖官等贪腐问题接连被抓，而在茂名官场腐败重灾区的高州，高州市公安局的http://t.cn/RMJS7R4 ​	,NA,//weibo.com/6182737275/G3THelF4c?refer_flag=1001030103_
反腐; 2018-02-20; 1; 25,35,		//@中国刘学刚:这是拼了身家性命在反腐啊！//@阿依土豪公主://@白星跃:得查！//@京都观潮:不管举报者出于什么目的，但是实名举报不能置之不理。//@李仲伟律师: 得查啊，//@鄢烈山:转发微博		,苦难的特色人民1,//weibo.com/1432458327/G3vuF1NGU?refer_flag=1001030103_
反腐; 2018-02-20; 1; 25,36,	  【实名举报，一定转】“我是王燕茹，女，32岁，扬州中行员工，现实名举报原扬州市国资委主任，中共党员黄道龙（65岁）和其子扬州市资源交易中心政府采购科科长、中共党员黄宇（36岁），拥有来历不明的房产、珠宝、书画、成套的红木家具、豪华轿车及大量的银行卡和现金，资产高达几千万。” ​	,NA,//weibo.com/6386111482/G3THckrvS?refer_flag=1001030103_
反腐; 2018-02-20; 1; 25,37,		这是拼了身家性命在反腐啊！//@阿依土豪公主://@白星跃:得查！//@京都观潮:不管举报者出于什么目的，但是实名举报不能置之不理。//@李仲伟律师: 得查啊，//@鄢烈山:转发微博		,中国刘学刚,//weibo.com/1432458327/G3vuF1NGU?refer_flag=1001030103_
反腐; 2018-02-20; 1; 25,38,	  【实名举报，一定转】“我是王燕茹，女，32岁，扬州中行员工，现实名举报原扬州市国资委主任，中共党员黄道龙（65岁）和其子扬州市资源交易中心政府采购科科长、中共党员黄宇（36岁），拥有来历不明的房产、珠宝、书画、成套的红木家具、豪华轿车及大量的银行卡和现金，资产高达几千万。” ​	,NA,//weibo.com/2186063514/G3TGWnz4g?refer_flag=1001030103_
反腐; 2018-02-20; 1; 25,39,		【新闻敲诈的式微】对21世纪系的打击，官媒的自我审查，都说明了依靠新闻敲诈获取盈利再也不可能光明正大走下去了。今年上半年一家非常著名的杂志盈利才50万，若无各类活动支撑，早就办不下了。纸媒的衰败面临市场和反腐的双重夹击，媒体人除了转型、出走和创业别无他法。树倒猢狲散的场景迟早到来。 ​		,亚当丽子,//weibo.com/5403177637/G3TEZxIDU?refer_flag=1001030103_
反腐; 2018-02-20; 1; 25,40,		【大江东去】导演雷献禾继《大雪无痕》《绝不放过你》之后的反腐打黑三部曲终结篇。取材自震惊全国的“沈阳慕马大案”，是一部集反腐与打黑为一体的现实主义力作。该剧在沈阳实景拍摄，少部分外景取自大连，于2003年拍竣，之后在全国各省市电视台热播。 ​		,人生是一部6462430887,//weibo.com/6462430887/G3TEY1BxO?refer_flag=1001030103_
反腐; 2018-02-20; 1; 25,41,		//@巴西小熊://@Laruence:反腐还是要靠窝里斗啊//@Easy://@不知霜舞哀伤udspj: 23333//@ShiningRay://@leotso:Repost		,苦行僧inging,//weibo.com/1432458327/G3vuF1NGU?refer_flag=1001030103_
反腐; 2018-02-20; 1; 25,42,	  【实名举报，一定转】“我是王燕茹，女，32岁，扬州中行员工，现实名举报原扬州市国资委主任，中共党员黄道龙（65岁）和其子扬州市资源交易中心政府采购科科长、中共党员黄宇（36岁），拥有来历不明的房产、珠宝、书画、成套的红木家具、豪华轿车及大量的银行卡和现金，资产高达几千万。” ​	,NA,//weibo.com/2214453283/G3TDFo9VZ?refer_flag=1001030103_
反腐; 2018-02-20; 1; 25,43,		//@巴西小熊://@Laruence:反腐还是要靠窝里斗啊//@Easy://@不知霜舞哀伤udspj: 23333//@ShiningRay://@leotso:Repost		,廣州男一號,//weibo.com/1432458327/G3vuF1NGU?refer_flag=1001030103_
反腐; 2018-02-20; 1; 25,44,	  【实名举报，一定转】“我是王燕茹，女，32岁，扬州中行员工，现实名举报原扬州市国资委主任，中共党员黄道龙（65岁）和其子扬州市资源交易中心政府采购科科长、中共党员黄宇（36岁），拥有来历不明的房产、珠宝、书画、成套的红木家具、豪华轿车及大量的银行卡和现金，资产高达几千万。” ​	,NA,//weibo.com/1359405270/G3TDDyup2?refer_flag=1001030103_
反腐; 2018-02-20; 1; 25,45,http://t.cn/RJB2sUV ​		,胖虎哥哥哥,//weibo.com/5430358445/G3U7Bn5G2?refer_flag=1001030103_
反腐; 2018-02-20; 1; 25,46,		【抄台词】“浪是海的名作。” ​		,李诞,//weibo.com/1288345514/G3UblkBSk?refer_flag=1001030103_
反腐; 2018-02-20; 1; 25,47,		【重庆民警过年执勤被刺牺牲 行凶男子被批捕】2月18日大年初三，@重庆交巡警 杨雪峰执行公务时被一男子刺伤，因失血过多不幸殉职。据@平安渝北 通报称，张某因不满杨雪峰纠违，拿尖刀趁其不备行凶。19日，渝北区检察院通报，经审查决定依法对张某以涉嫌故意杀人罪批准逮捕。@时间视频 ​			...展开全文c,头条新闻,//weibo.com/1618051664/G3U14ve8h?refer_flag=1001030103_
反腐; 2018-02-20; 1; 25,48,		当有人突然从你的生命中消失，不用问为什么，只是他或她到了该走的时候了，你只需要接受就好，不论朋友还是恋人。所谓成熟，就是知道有些事情终究无能为力。 ​		,季箐,//weibo.com/3071912693/G3U3FwCuF?refer_flag=1001030103_
反腐; 2018-02-20; 1; 25,49,		初五迎财神的两个小诀窍：读书和健身。读书使你觉得钱不重要；健身使你很多时候不用花钱（严肃脸）。#我应该是整个微博最正能量的博主了吧# ​		,马薇薇,//weibo.com/1720788860/G3TYmq5hm?refer_flag=1001030103_
反腐; 2018-02-20; 1; 25,50,"		""突如其来的脾气大概是积攒了很久的委屈。"" ​​​​		",思想聚焦,//weibo.com/1742566624/G3U1w10Pu?refer_flag=1001030103_
反腐; 2018-02-20; 1; 25,51,		结冰的蹦床 http://t.cn/RRD505C ​		,狮鸢,//weibo.com/1678366407/G3TZ2Bifm?refer_flag=1001030103_
反腐; 2018-02-20; 1; 25,52,		大年初五大家都在迎财神，我来送你们一个大的 ​		,毒奶色,//weibo.com/1817472001/G3U2A9YqD?refer_flag=1001030103_
反腐; 2018-02-20; 1; 25,53,		【重庆民警过年执勤被刺牺牲 行凶男子被批捕】2月18日大年初三，@重庆交巡警 杨雪峰执行公务时被一男子刺伤，因失血过多不幸殉职。据@平安渝北 通报称，张某因不满杨雪峰纠违，拿尖刀趁其不备行凶。19日，渝北区检察院通报，经审查决定依法对张某以涉嫌故意杀人罪批准逮捕。@时间视频 ​			...展开全文c,头条新闻,//weibo.com/1618051664/G3U14ve8h?refer_flag=1001030103_
反腐; 2018-02-20; 1; 25,54,		初五迎财神的两个小诀窍：读书和健身。读书使你觉得钱不重要；健身使你很多时候不用花钱（严肃脸）。#我应该是整个微博最正能量的博主了吧# ​		,马薇薇,//weibo.com/1720788860/G3TYmq5hm?refer_flag=1001030103_
反腐; 2018-02-20; 1; 25,55,		当有人突然从你的生命中消失，不用问为什么，只是他或她到了该走的时候了，你只需要接受就好，不论朋友还是恋人。所谓成熟，就是知道有些事情终究无能为力。 ​		,季箐,//weibo.com/3071912693/G3U3FwCuF?refer_flag=1001030103_
反腐; 2018-02-20; 1; 25,56,		大年初五大家都在迎财神，我来送你们一个大的 ​		,毒奶色,//weibo.com/1817472001/G3U2A9YqD?refer_flag=1001030103_
反腐; 2018-02-20; 1; 25,57,"		""突如其来的脾气大概是积攒了很久的委屈。"" ​​​​		",思想聚焦,//weibo.com/1742566624/G3U1w10Pu?refer_flag=1001030103_
反腐; 2018-02-20; 1; 25,58,		【重庆民警过年执勤被刺牺牲 行凶男子被批捕】2月18日大年初三，@重庆交巡警 杨雪峰执行公务时被一男子刺伤，因失血过多不幸殉职。据@平安渝北 通报称，张某因不满杨雪峰纠违，拿尖刀趁其不备行凶。19日，渝北区检察院通报，经审查决定依法对张某以涉嫌故意杀人罪批准逮捕。@时间视频 ​			...展开全文c,头条新闻,//weibo.com/1618051664/G3U14ve8h?refer_flag=1001030103_
反腐; 2018-02-20; 1; 25,59,		结冰的蹦床 http://t.cn/RRD505C ​		,狮鸢,//weibo.com/1678366407/G3TZ2Bifm?refer_flag=1001030103_
反腐; 2018-02-20; 1; 25,60,		当有人突然从你的生命中消失，不用问为什么，只是他或她到了该走的时候了，你只需要接受就好，不论朋友还是恋人。所谓成熟，就是知道有些事情终究无能为力。 ​		,季箐,//weibo.com/3071912693/G3U3FwCuF?refer_flag=1001030103_
反腐; 2018-02-20; 1; 25,61,		各位有空来我家溜达溜达哈！ ​		,喵爷-吴淼,//weibo.com/1677875323/G3TZ49UKm?refer_flag=1001030103_
反腐; 2018-02-20; 1; 25,62,		结冰的蹦床 http://t.cn/RRD505C ​		,狮鸢,//weibo.com/1678366407/G3TZ2Bifm?refer_flag=1001030103_
反腐; 2018-02-20; 1; 25,63,Happy Birthday Rihanna ～ ​		,复古写真馆,//weibo.com/2734116907/G3U4m6am3?refer_flag=1001030103_
反腐; 2018-02-20; 1; 25,64,		【重庆民警过年执勤被刺牺牲 行凶男子被批捕】2月18日大年初三，@重庆交巡警 杨雪峰执行公务时被一男子刺伤，因失血过多不幸殉职。据@平安渝北 通报称，张某因不满杨雪峰纠违，拿尖刀趁其不备行凶。19日，渝北区检察院通报，经审查决定依法对张某以涉嫌故意杀人罪批准逮捕。@时间视频 ​			...展开全文c,头条新闻,//weibo.com/1618051664/G3U14ve8h?refer_flag=1001030103_
反腐; 2018-02-20; 1; 25,65,		大年初五大家都在迎财神，我来送你们一个大的 ​		,毒奶色,//weibo.com/1817472001/G3U2A9YqD?refer_flag=1001030103_
反腐; 2018-02-20; 1; 25,66,		结冰的蹦床 http://t.cn/RRD505C ​		,狮鸢,//weibo.com/1678366407/G3TZ2Bifm?refer_flag=1001030103_
反腐; 2018-02-20; 1; 25,67,http://t.cn/RJB2sUV ​		,胖虎哥哥哥,//weibo.com/5430358445/G3U7Bn5G2?refer_flag=1001030103_
反腐; 2018-02-20; 1; 25,68,Happy Birthday Rihanna ～ ​		,复古写真馆,//weibo.com/2734116907/G3U4m6am3?refer_flag=1001030103_
反腐; 2018-02-20; 1; 25,69,		初五迎财神的两个小诀窍：读书和健身。读书使你觉得钱不重要；健身使你很多时候不用花钱（严肃脸）。#我应该是整个微博最正能量的博主了吧# ​		,马薇薇,//weibo.com/1720788860/G3TYmq5hm?refer_flag=1001030103_
反腐; 2018-02-20; 1; 25,70,		结冰的蹦床 http://t.cn/RRD505C ​		,狮鸢,//weibo.com/1678366407/G3TZ2Bifm?refer_flag=1001030103_
反腐; 2018-02-20; 1; 25,71,Happy Birthday Rihanna ～ ​		,复古写真馆,//weibo.com/2734116907/G3U4m6am3?refer_flag=1001030103_
反腐; 2018-02-20; 1; 25,72,		大年初五大家都在迎财神，我来送你们一个大的 ​		,毒奶色,//weibo.com/1817472001/G3U2A9YqD?refer_flag=1001030103_
反腐; 2018-02-20; 1; 25,73,		各位有空来我家溜达溜达哈！ ​		,喵爷-吴淼,//weibo.com/1677875323/G3TZ49UKm?refer_flag=1001030103_
反腐; 2018-02-20; 1; 25,74,"		""突如其来的脾气大概是积攒了很久的委屈。"" ​​​​		",思想聚焦,//weibo.com/1742566624/G3U1w10Pu?refer_flag=1001030103_
反腐; 2018-02-20; 1; 25,75,		结冰的蹦床 http://t.cn/RRD505C ​		,狮鸢,//weibo.com/1678366407/G3TZ2Bifm?refer_flag=1001030103_
反腐; 2018-02-20; 1; 25,76,		【抄台词】“浪是海的名作。” ​		,李诞,//weibo.com/1288345514/G3UblkBSk?refer_flag=1001030103_
反腐; 2018-02-20; 1; 25,77,http://t.cn/RJB2sUV ​		,胖虎哥哥哥,//weibo.com/5430358445/G3U7Bn5G2?refer_flag=1001030103_
反腐; 2018-02-20; 1; 25,78,		【重庆民警过年执勤被刺牺牲 行凶男子被批捕】2月18日大年初三，@重庆交巡警 杨雪峰执行公务时被一男子刺伤，因失血过多不幸殉职。据@平安渝北 通报称，张某因不满杨雪峰纠违，拿尖刀趁其不备行凶。19日，渝北区检察院通报，经审查决定依法对张某以涉嫌故意杀人罪批准逮捕。@时间视频 ​			...展开全文c,头条新闻,//weibo.com/1618051664/G3U14ve8h?refer_flag=1001030103_
反腐; 2018-02-20; 1; 25,79,Happy Birthday Rihanna ～ ​		,复古写真馆,//weibo.com/2734116907/G3U4m6am3?refer_flag=1001030103_
反腐; 2018-02-20; 1; 25,80,http://t.cn/RJB2sUV ​		,胖虎哥哥哥,//weibo.com/5430358445/G3U7Bn5G2?refer_flag=1001030103_
反腐; 2018-02-20; 1; 25,81,		【重庆民警过年执勤被刺牺牲 行凶男子被批捕】2月18日大年初三，@重庆交巡警 杨雪峰执行公务时被一男子刺伤，因失血过多不幸殉职。据@平安渝北 通报称，张某因不满杨雪峰纠违，拿尖刀趁其不备行凶。19日，渝北区检察院通报，经审查决定依法对张某以涉嫌故意杀人罪批准逮捕。@时间视频 ​			...展开全文c,头条新闻,//weibo.com/1618051664/G3U14ve8h?refer_flag=1001030103_
反腐; 2018-02-20; 1; 25,82,		【抄台词】“浪是海的名作。” ​		,李诞,//weibo.com/1288345514/G3UblkBSk?refer_flag=1001030103_
反腐; 2018-02-20; 1; 25,83,		各位有空来我家溜达溜达哈！ ​		,喵爷-吴淼,//weibo.com/1677875323/G3TZ49UKm?refer_flag=1001030103_
反腐; 2018-02-20; 1; 25,84,		当有人突然从你的生命中消失，不用问为什么，只是他或她到了该走的时候了，你只需要接受就好，不论朋友还是恋人。所谓成熟，就是知道有些事情终究无能为力。 ​		,季箐,//weibo.com/3071912693/G3U3FwCuF?refer_flag=1001030103_
反腐; 2018-02-20; 1; 25,85,		当有人突然从你的生命中消失，不用问为什么，只是他或她到了该走的时候了，你只需要接受就好，不论朋友还是恋人。所谓成熟，就是知道有些事情终究无能为力。 ​		,季箐,//weibo.com/3071912693/G3U3FwCuF?refer_flag=1001030103_
反腐; 2018-02-20; 1; 25,86,Happy Birthday Rihanna ～ ​		,复古写真馆,//weibo.com/2734116907/G3U4m6am3?refer_flag=1001030103_
反腐; 2018-02-20; 1; 25,87,		各位有空来我家溜达溜达哈！ ​		,喵爷-吴淼,//weibo.com/1677875323/G3TZ49UKm?refer_flag=1001030103_
反腐; 2018-02-20; 1; 25,88,		结冰的蹦床 http://t.cn/RRD505C ​		,狮鸢,//weibo.com/1678366407/G3TZ2Bifm?refer_flag=1001030103_
反腐; 2018-02-20; 1; 25,89,http://t.cn/RJB2sUV ​		,胖虎哥哥哥,//weibo.com/5430358445/G3U7Bn5G2?refer_flag=1001030103_
反腐; 2018-02-20; 1; 25,90,		大年初五大家都在迎财神，我来送你们一个大的 ​		,毒奶色,//weibo.com/1817472001/G3U2A9YqD?refer_flag=1001030103_
反腐; 2018-02-20; 1; 25,91,		初五迎财神的两个小诀窍：读书和健身。读书使你觉得钱不重要；健身使你很多时候不用花钱（严肃脸）。#我应该是整个微博最正能量的博主了吧# ​		,马薇薇,//weibo.com/1720788860/G3TYmq5hm?refer_flag=1001030103_
反腐; 2018-02-20; 1; 25,92,		结冰的蹦床 http://t.cn/RRD505C ​		,狮鸢,//weibo.com/1678366407/G3TZ2Bifm?refer_flag=1001030103_
反腐; 2018-02-20; 1; 25,93,http://t.cn/RJB2sUV ​		,胖虎哥哥哥,//weibo.com/5430358445/G3U7Bn5G2?refer_flag=1001030103_
反腐; 2018-02-20; 1; 25,94,Happy Birthday Rihanna ～ ​		,复古写真馆,//weibo.com/2734116907/G3U4m6am3?refer_flag=1001030103_
反腐; 2018-02-20; 1; 25,95,"		""突如其来的脾气大概是积攒了很久的委屈。"" ​​​​		",思想聚焦,//weibo.com/1742566624/G3U1w10Pu?refer_flag=1001030103_
反腐; 2018-02-20; 1; 25,96,		【重庆民警过年执勤被刺牺牲 行凶男子被批捕】2月18日大年初三，@重庆交巡警 杨雪峰执行公务时被一男子刺伤，因失血过多不幸殉职。据@平安渝北 通报称，张某因不满杨雪峰纠违，拿尖刀趁其不备行凶。19日，渝北区检察院通报，经审查决定依法对张某以涉嫌故意杀人罪批准逮捕。@时间视频 ​			...展开全文c,头条新闻,//weibo.com/1618051664/G3U14ve8h?refer_flag=1001030103_
反腐; 2018-02-20; 1; 25,97,		【抄台词】“浪是海的名作。” ​		,李诞,//weibo.com/1288345514/G3UblkBSk?refer_flag=1001030103_
反腐; 2018-02-20; 1; 25,98,		各位有空来我家溜达溜达哈！ ​		,喵爷-吴淼,//weibo.com/1677875323/G3TZ49UKm?refer_flag=1001030103_
反腐; 2018-02-20; 1; 25,99,		初五迎财神的两个小诀窍：读书和健身。读书使你觉得钱不重要；健身使你很多时候不用花钱（严肃脸）。#我应该是整个微博最正能量的博主了吧# ​		,马薇薇,//weibo.com/1720788860/G3TYmq5hm?refer_flag=1001030103_
反腐; 2018-02-20; 1; 25,100,		各位有空来我家溜达溜达哈！ ​		,喵爷-吴淼,//weibo.com/1677875323/G3TZ49UKm?refer_flag=1001030103_
反腐; 2018-02-20; 1; 25,101,		【抄台词】“浪是海的名作。” ​		,李诞,//weibo.com/1288345514/G3UblkBSk?refer_flag=1001030103_
反腐; 2018-02-20; 1; 25,102,		结冰的蹦床 http://t.cn/RRD505C ​		,狮鸢,//weibo.com/1678366407/G3TZ2Bifm?refer_flag=1001030103_
反腐; 2018-02-20; 1; 25,103,Happy Birthday Rihanna ～ ​		,复古写真馆,//weibo.com/2734116907/G3U4m6am3?refer_flag=1001030103_
反腐; 2018-02-20; 1; 25,104,		大年初五大家都在迎财神，我来送你们一个大的 ​		,毒奶色,//weibo.com/1817472001/G3U2A9YqD?refer_flag=1001030103_
反腐; 2018-02-20; 1; 25,105,Happy Birthday Rihanna ～ ​		,复古写真馆,//weibo.com/2734116907/G3U4m6am3?refer_flag=1001030103_
反腐; 2018-02-20; 1; 25,106,		各位有空来我家溜达溜达哈！ ​		,喵爷-吴淼,//weibo.com/1677875323/G3TZ49UKm?refer_flag=1001030103_
反腐; 2018-02-20; 1; 25,107,		初五迎财神的两个小诀窍：读书和健身。读书使你觉得钱不重要；健身使你很多时候不用花钱（严肃脸）。#我应该是整个微博最正能量的博主了吧# ​		,马薇薇,//weibo.com/1720788860/G3TYmq5hm?refer_flag=1001030103_
反腐; 2018-02-20; 1; 25,108,		大年初五大家都在迎财神，我来送你们一个大的 ​		,毒奶色,//weibo.com/1817472001/G3U2A9YqD?refer_flag=1001030103_
反腐; 2018-02-20; 1; 25,109,		当有人突然从你的生命中消失，不用问为什么，只是他或她到了该走的时候了，你只需要接受就好，不论朋友还是恋人。所谓成熟，就是知道有些事情终究无能为力。 ​		,季箐,//weibo.com/3071912693/G3U3FwCuF?refer_flag=1001030103_
反腐; 2018-02-20; 1; 25,110,Happy Birthday Rihanna ～ ​		,复古写真馆,//weibo.com/2734116907/G3U4m6am3?refer_flag=1001030103_
反腐; 2018-02-20; 1; 25,111,http://t.cn/RJB2sUV ​		,胖虎哥哥哥,//weibo.com/5430358445/G3U7Bn5G2?refer_flag=1001030103_
反腐; 2018-02-20; 1; 25,112,		当有人突然从你的生命中消失，不用问为什么，只是他或她到了该走的时候了，你只需要接受就好，不论朋友还是恋人。所谓成熟，就是知道有些事情终究无能为力。 ​		,季箐,//weibo.com/3071912693/G3U3FwCuF?refer_flag=1001030103_
反腐; 2018-02-20; 1; 25,113,		初五迎财神的两个小诀窍：读书和健身。读书使你觉得钱不重要；健身使你很多时候不用花钱（严肃脸）。#我应该是整个微博最正能量的博主了吧# ​		,马薇薇,//weibo.com/1720788860/G3TYmq5hm?refer_flag=1001030103_
反腐; 2018-02-20; 1; 25,114,		【重庆民警过年执勤被刺牺牲 行凶男子被批捕】2月18日大年初三，@重庆交巡警 杨雪峰执行公务时被一男子刺伤，因失血过多不幸殉职。据@平安渝北 通报称，张某因不满杨雪峰纠违，拿尖刀趁其不备行凶。19日，渝北区检察院通报，经审查决定依法对张某以涉嫌故意杀人罪批准逮捕。@时间视频 ​			...展开全文c,头条新闻,//weibo.com/1618051664/G3U14ve8h?refer_flag=1001030103_
反腐; 2018-02-20; 1; 25,115,http://t.cn/RJB2sUV ​		,胖虎哥哥哥,//weibo.com/5430358445/G3U7Bn5G2?refer_flag=1001030103_
反腐; 2018-02-20; 1; 25,116,		当有人突然从你的生命中消失，不用问为什么，只是他或她到了该走的时候了，你只需要接受就好，不论朋友还是恋人。所谓成熟，就是知道有些事情终究无能为力。 ​		,季箐,//weibo.com/3071912693/G3U3FwCuF?refer_flag=1001030103_
反腐; 2018-02-20; 1; 25,117,Happy Birthday Rihanna ～ ​		,复古写真馆,//weibo.com/2734116907/G3U4m6am3?refer_flag=1001030103_
反腐; 2018-02-20; 1; 25,118,		各位有空来我家溜达溜达哈！ ​		,喵爷-吴淼,//weibo.com/1677875323/G3TZ49UKm?refer_flag=1001030103_
反腐; 2018-02-20; 1; 25,119,		结冰的蹦床 http://t.cn/RRD505C ​		,狮鸢,//weibo.com/1678366407/G3TZ2Bifm?refer_flag=1001030103_
反腐; 2018-02-20; 1; 25,120,		当有人突然从你的生命中消失，不用问为什么，只是他或她到了该走的时候了，你只需要接受就好，不论朋友还是恋人。所谓成熟，就是知道有些事情终究无能为力。 ​		,季箐,//weibo.com/3071912693/G3U3FwCuF?refer_flag=1001030103_
反腐; 2018-02-20; 1; 25,121,		结冰的蹦床 http://t.cn/RRD505C ​		,狮鸢,//weibo.com/1678366407/G3TZ2Bifm?refer_flag=1001030103_
反腐; 2018-02-20; 1; 25,122,		各位有空来我家溜达溜达哈！ ​		,喵爷-吴淼,//weibo.com/1677875323/G3TZ49UKm?refer_flag=1001030103_
反腐; 2018-02-20; 1; 25,123,		大年初五大家都在迎财神，我来送你们一个大的 ​		,毒奶色,//weibo.com/1817472001/G3U2A9YqD?refer_flag=1001030103_
反腐; 2018-02-20; 1; 25,124,"		""突如其来的脾气大概是积攒了很久的委屈。"" ​​​​		",思想聚焦,//weibo.com/1742566624/G3U1w10Pu?refer_flag=1001030103_
反腐; 2018-02-20; 1; 25,125,		大年初五大家都在迎财神，我来送你们一个大的 ​		,毒奶色,//weibo.com/1817472001/G3U2A9YqD?refer_flag=1001030103_
反腐; 2018-02-20; 1; 25,126,		初五迎财神的两个小诀窍：读书和健身。读书使你觉得钱不重要；健身使你很多时候不用花钱（严肃脸）。#我应该是整个微博最正能量的博主了吧# ​		,马薇薇,//weibo.com/1720788860/G3TYmq5hm?refer_flag=1001030103_
反腐; 2018-02-20; 1; 25,127,		【抄台词】“浪是海的名作。” ​		,李诞,//weibo.com/1288345514/G3UblkBSk?refer_flag=1001030103_
反腐; 2018-02-20; 1; 25,128,		各位有空来我家溜达溜达哈！ ​		,喵爷-吴淼,//weibo.com/1677875323/G3TZ49UKm?refer_flag=1001030103_
反腐; 2018-02-20; 1; 25,129,		【重庆民警过年执勤被刺牺牲 行凶男子被批捕】2月18日大年初三，@重庆交巡警 杨雪峰执行公务时被一男子刺伤，因失血过多不幸殉职。据@平安渝北 通报称，张某因不满杨雪峰纠违，拿尖刀趁其不备行凶。19日，渝北区检察院通报，经审查决定依法对张某以涉嫌故意杀人罪批准逮捕。@时间视频 ​			...展开全文c,头条新闻,//weibo.com/1618051664/G3U14ve8h?refer_flag=1001030103_
反腐; 2018-02-20; 1; 25,130,		结冰的蹦床 http://t.cn/RRD505C ​		,狮鸢,//weibo.com/1678366407/G3TZ2Bifm?refer_flag=1001030103_
反腐; 2018-02-20; 1; 25,131,"		""突如其来的脾气大概是积攒了很久的委屈。"" ​​​​		",思想聚焦,//weibo.com/1742566624/G3U1w10Pu?refer_flag=1001030103_
反腐; 2018-02-20; 1; 25,132,http://t.cn/RJB2sUV ​		,胖虎哥哥哥,//weibo.com/5430358445/G3U7Bn5G2?refer_flag=1001030103_
反腐; 2018-02-20; 1; 25,133,Happy Birthday Rihanna ～ ​		,复古写真馆,//weibo.com/2734116907/G3U4m6am3?refer_flag=1001030103_
反腐; 2018-02-20; 1; 25,134,		【抄台词】“浪是海的名作。” ​		,李诞,//weibo.com/1288345514/G3UblkBSk?refer_flag=1001030103_
反腐; 2018-02-20; 1; 25,135,		结冰的蹦床 http://t.cn/RRD505C ​		,狮鸢,//weibo.com/1678366407/G3TZ2Bifm?refer_flag=1001030103_
反腐; 2018-02-20; 1; 25,136,Happy Birthday Rihanna ～ ​		,复古写真馆,//weibo.com/2734116907/G3U4m6am3?refer_flag=1001030103_
反腐; 2018-02-20; 1; 25,137,http://t.cn/RJB2sUV ​		,胖虎哥哥哥,//weibo.com/5430358445/G3U7Bn5G2?refer_flag=1001030103_
反腐; 2018-02-20; 1; 25,138,		当有人突然从你的生命中消失，不用问为什么，只是他或她到了该走的时候了，你只需要接受就好，不论朋友还是恋人。所谓成熟，就是知道有些事情终究无能为力。 ​		,季箐,//weibo.com/3071912693/G3U3FwCuF?refer_flag=1001030103_
反腐; 2018-02-20; 1; 25,139,		【抄台词】“浪是海的名作。” ​		,李诞,//weibo.com/1288345514/G3UblkBSk?refer_flag=1001030103_
反腐; 2018-02-20; 1; 25,140,Happy Birthday Rihanna ～ ​		,复古写真馆,//weibo.com/2734116907/G3U4m6am3?refer_flag=1001030103_
反腐; 2018-02-20; 1; 25,141,"		""突如其来的脾气大概是积攒了很久的委屈。"" ​​​​		",思想聚焦,//weibo.com/1742566624/G3U1w10Pu?refer_flag=1001030103_
反腐; 2018-02-20; 1; 25,142,		【抄台词】“浪是海的名作。” ​		,李诞,//weibo.com/1288345514/G3UblkBSk?refer_flag=1001030103_
反腐; 2018-02-20; 1; 25,143,		结冰的蹦床 http://t.cn/RRD505C ​		,狮鸢,//weibo.com/1678366407/G3TZ2Bifm?refer_flag=1001030103_
反腐; 2018-02-20; 1; 25,144,		各位有空来我家溜达溜达哈！ ​		,喵爷-吴淼,//weibo.com/1677875323/G3TZ49UKm?refer_flag=1001030103_
