query,Post ID,Post Content,nickname,link
集体行动; 2018-02-20; 1; 25,1,		//@看他穿小短袖:情敌越来越强大//@倒过来念的阿拉蕾://@若殿的蜜汁小裙摆://@BuTaU酱:彩姐这个行动力 都追去平昌了还拿着炮拍 记得以前彩还模仿过牛//@dreamer89143://@Hanyukoko: //@UKNOW-YUZU柚:hhhhh肥秋系到底多少妹子喜欢羽生结弦，该不是平时后台集体追星吧hhhhh		,柚子小天使的晗予Eimon,//weibo.com/5509421438/G3OvE4mma?refer_flag=1001030103_
集体行动; 2018-02-20; 1; 25,2,#山本彩# 180219 とくダネ cut  http://t.cn/RRdeJ2q ​	,NA,//weibo.com/3220802301/G3Ycv2Ux7?refer_flag=1001030103_
集体行动; 2018-02-20; 1; 25,3,		//@倒过来念的阿拉蕾://@若殿的蜜汁小裙摆://@BuTaU酱:彩姐这个行动力 都追去平昌了还拿着炮拍 记得以前彩还模仿过牛//@dreamer89143://@Hanyukoko: //@UKNOW-YUZU柚:hhhhh肥秋系到底多少妹子喜欢羽生结弦，该不是平时后台集体追星吧hhhhh		,相声演员托马斯,//weibo.com/5509421438/G3OvE4mma?refer_flag=1001030103_
集体行动; 2018-02-20; 1; 25,4,#山本彩# 180219 とくダネ cut  http://t.cn/RRdeJ2q ​	,NA,//weibo.com/3005263865/G3YbB9TbP?refer_flag=1001030103_
集体行动; 2018-02-20; 1; 25,5,		不得不说红海行动比战狼更真实残酷!带家人刚看完，电影院座无虚席太赞了!有战争就有流血有牺牲，现实中的军人没有个人英雄主义，只有集体责任感，直面战争的残酷和勇气!珍惜和平吧，这世界上没有什么比战争更残酷!没有长久的和平，只有负重前行的军人!军人殉国，魂佑疆土，愿他们的灵魂能够在故土安息		,落尘寰1990,//weibo.com/1662055430/G3IbZFleY?refer_flag=1001030103_
集体行动; 2018-02-20; 1; 25,6,	  我就这样静静地等着过5亿#电影红海行动# ​	,NA,//weibo.com/1959241797/G3YbABLlc?refer_flag=1001030103_
集体行动; 2018-02-20; 1; 25,7,		不得不说红海行动比战狼更真实残酷!带家人刚看完，电影院座无虚席太赞了!有战争就有流血有牺牲，现实中的军人没有个人英雄主义，只有集体责任感，直面战争的残酷和勇气!珍惜和平吧，这世界上没有什么比战争更残酷!没有长久的和平，只有负重前行的军人!军人殉国，魂佑疆土，愿他们的灵魂能够在故土安息		,落尘寰1990,//weibo.com/1289986124/G3SAMdcZE?refer_flag=1001030103_
集体行动; 2018-02-20; 1; 25,8,	  《红海行动》今天进入里程碑的一天！我们从初一排片10%的劣势起航，仅仅四天后...排片翻倍，单日票房翻倍，单日突破两亿关口.作为这个团队里一员，我要向全体红海行动的幕后人员敬礼！因为您们每一位对电影的爱，无言的辛劳付出才有了今天的有口皆碑！感谢你们！电影是个梦，你们才是圆梦的人[爱心] ​		...展开全文c,NA,//weibo.com/1959241797/G3Ybty1c6?refer_flag=1001030103_
集体行动; 2018-02-20; 1; 25,9,		哇直接飞平昌了//@hanyutopia:真是彩姐…我靠我居然跟彩姐坐在一个场子里我应该去握个小手啊//@若殿的蜜汁小裙摆://@BuTaU酱:彩姐这个行动力 都追去平昌了还拿着炮拍 记得以前彩还模仿过牛//@UKNOW-YUZU柚:hhhhh肥秋系到底多少妹子喜欢羽生结弦，该不是平时后台集体追星吧hhhhh		,麟玦玦玦,//weibo.com/5509421438/G3OvE4mma?refer_flag=1001030103_
集体行动; 2018-02-20; 1; 25,10,#山本彩# 180219 とくダネ cut  http://t.cn/RRdeJ2q ​	,NA,//weibo.com/3983275791/G3YaXzQFn?refer_flag=1001030103_
集体行动; 2018-02-20; 1; 25,11,		哇噢//@倒过来念的阿拉蕾: //@若殿的蜜汁小裙摆://@BuTaU酱:彩姐这个行动力 都追去平昌了还拿着炮拍 记得以前彩还模仿过牛//@dreamer89143://@Hanyukoko: //@UKNOW-YUZU柚:hhhhh肥秋系到底多少妹子喜欢羽生结弦，该不是平时后台集体追星吧hhhhh		,啾嚕Juru,//weibo.com/5509421438/G3OvE4mma?refer_flag=1001030103_
集体行动; 2018-02-20; 1; 25,12,#山本彩# 180219 とくダネ cut  http://t.cn/RRdeJ2q ​	,NA,//weibo.com/2889347634/G3Y9xxgoJ?refer_flag=1001030103_
集体行动; 2018-02-20; 1; 25,13,//@对着柚子汁喵喵喵alter://@倒过来念的阿拉蕾://@若殿的蜜汁小裙摆://@BuTaU酱:彩姐这个行动力 都追去平昌了还拿着炮拍 记得以前彩还模仿过牛//@Hanyukoko: //@UKNOW-YUZU柚:hhhhh肥秋系到底多少妹子喜欢羽生结弦，该不是平时后台集体追星吧hhhhh		,柚子味的镜梨_,//weibo.com/5509421438/G3OvE4mma?refer_flag=1001030103_
集体行动; 2018-02-20; 1; 25,14,#山本彩# 180219 とくダネ cut  http://t.cn/RRdeJ2q ​	,NA,//weibo.com/5497502594/G3Y4op81m?refer_flag=1001030103_
集体行动; 2018-02-20; 1; 25,15,		//@倒过来念的阿拉蕾://@若殿的蜜汁小裙摆://@BuTaU酱:彩姐这个行动力 都追去平昌了还拿着炮拍 记得以前彩还模仿过牛//@dreamer89143://@Hanyukoko: //@UKNOW-YUZU柚:hhhhh肥秋系到底多少妹子喜欢羽生结弦，该不是平时后台集体追星吧hhhhh		,OopsDDL,//weibo.com/5509421438/G3OvE4mma?refer_flag=1001030103_
集体行动; 2018-02-20; 1; 25,16,#山本彩# 180219 とくダネ cut  http://t.cn/RRdeJ2q ​	,NA,//weibo.com/3706876450/G3Y3auOng?refer_flag=1001030103_
集体行动; 2018-02-20; 1; 25,17,		48系不得了//@倒过来念的阿拉蕾://@若殿的蜜汁小裙摆://@BuTaU酱:彩姐这个行动力 都追去平昌了还拿着炮拍 记得以前彩还模仿过牛//@dreamer89143://@Hanyukoko: //@UKNOW-YUZU柚:hhhhh肥秋系到底多少妹子喜欢羽生结弦，该不是平时后台集体追星吧hhhhh		,二AngelLee二,//weibo.com/5509421438/G3OvE4mma?refer_flag=1001030103_
集体行动; 2018-02-20; 1; 25,18,#山本彩# 180219 とくダネ cut  http://t.cn/RRdeJ2q ​	,NA,//weibo.com/3021254197/G3Y2DlupZ?refer_flag=1001030103_
集体行动; 2018-02-20; 1; 25,19,		//@倒过来念的阿拉蕾://@若殿的蜜汁小裙摆://@BuTaU酱:彩姐这个行动力 都追去平昌了还拿着炮拍 记得以前彩还模仿过牛//@dreamer89143://@Hanyukoko: //@UKNOW-YUZU柚:hhhhh肥秋系到底多少妹子喜欢羽生结弦，该不是平时后台集体追星吧hhhhh		,豆奶豆奶拿铁拿铁,//weibo.com/5509421438/G3OvE4mma?refer_flag=1001030103_
集体行动; 2018-02-20; 1; 25,20,#山本彩# 180219 とくダネ cut  http://t.cn/RRdeJ2q ​	,NA,//weibo.com/2808698264/G3Y0nhn4G?refer_flag=1001030103_
集体行动; 2018-02-20; 1; 25,21,		花妖是除妖队的集体行动QLA823，我该如何向其他人交待呢？” 慕容战信心十足的微笑道：“即? ​		,当日的名单枝,//weibo.com/6443292424/G3XZhAtex?refer_flag=1001030103_
集体行动; 2018-02-20; 1; 25,22,		我的天啊彩姐直接拿个炮拍//@倒过来念的阿拉蕾://@若殿的蜜汁小裙摆://@BuTaU酱:彩姐这个行动力 都追去平昌了还拿着炮拍 记得以前彩还模仿过牛//@dreamer89143://@Hanyukoko: //@UKNOW-YUZU柚:hhhhh肥秋系到底多少妹子喜欢羽生结弦，该不是平时后台集体追星吧hh		,Doricric,//weibo.com/5509421438/G3OvE4mma?refer_flag=1001030103_
集体行动; 2018-02-20; 1; 25,23,#山本彩# 180219 とくダネ cut  http://t.cn/RRdeJ2q ​	,NA,//weibo.com/1771970597/G3XZ8aL4M?refer_flag=1001030103_
集体行动; 2018-02-20; 1; 25,24,//@倒过来念的阿拉蕾://@若殿的蜜汁小裙摆://@BuTaU酱:彩姐这个行动力 都追去平昌了还拿着炮拍 记得以前彩还模仿过牛//@dreamer89143://@Hanyukoko: //@UKNOW-YUZU柚:hhhhh肥秋系到底多少妹子喜欢羽生结弦，该不是平时后台集体追星吧hhhhh		,对着柚子汁喵喵喵alter,//weibo.com/5509421438/G3OvE4mma?refer_flag=1001030103_
集体行动; 2018-02-20; 1; 25,25,#山本彩# 180219 とくダネ cut  http://t.cn/RRdeJ2q ​	,NA,//weibo.com/1869551844/G3XYoopYe?refer_flag=1001030103_
集体行动; 2018-02-20; 1; 25,26,		【沃4G+金狗旺福】《红海行动》阵容保障：导演林超贤，出品方博纳、海政，张译、海清、张涵予等戏骨，黄景瑜、尹昉等潜力新人。本片根据也门撤侨事件改编，在此基础上进行艺术加工，脉络清晰，有迹可循。集体主义和家国情怀容易引起共鸣：令人深知幸福生活来之不易，眼前的岁月静好是因为有这样无私的 ​			...展开全文c,中国联通湖南客服,//weibo.com/2558420422/G3XYgEvSu?refer_flag=1001030103_
集体行动; 2018-02-20; 1; 25,27,		//@看他穿小短袖:情敌越来越强大//@倒过来念的阿拉蕾://@若殿的蜜汁小裙摆://@BuTaU酱:彩姐这个行动力 都追去平昌了还拿着炮拍 记得以前彩还模仿过牛//@Hanyukoko: //@UKNOW-YUZU柚:hhhhh肥秋系到底多少妹子喜欢羽生结弦，该不是平时后台集体追星吧hhhhh		,羽生霖rinn,//weibo.com/5509421438/G3OvE4mma?refer_flag=1001030103_
集体行动; 2018-02-20; 1; 25,28,#山本彩# 180219 とくダネ cut  http://t.cn/RRdeJ2q ​	,NA,//weibo.com/1254711041/G3XUJpdMe?refer_flag=1001030103_
集体行动; 2018-02-20; 1; 25,29,//@看他穿小短袖:情敌越来越强大//@倒过来念的阿拉蕾://@若殿的蜜汁小裙摆://@BuTaU酱:彩姐这个行动力 都追去平昌了还拿着炮拍 记得以前彩还模仿过牛//@dreamer89143://@Hanyukoko: //@UKNOW-YUZU柚:hhhhh肥秋系到底多少妹子喜欢羽生结弦，该不是平时后台集体追星吧hh		,AdoniaYuzu,//weibo.com/5509421438/G3OvE4mma?refer_flag=1001030103_
集体行动; 2018-02-20; 1; 25,30,#山本彩# 180219 とくダネ cut  http://t.cn/RRdeJ2q ​	,NA,//weibo.com/2250134977/G3XUs3LDE?refer_flag=1001030103_
集体行动; 2018-02-20; 1; 25,31,		//@看他穿小短袖:情敌越来越强大//@倒过来念的阿拉蕾://@若殿的蜜汁小裙摆://@BuTaU酱:彩姐这个行动力 都追去平昌了还拿着炮拍 记得以前彩还模仿过牛//@dreamer89143://@Hanyukoko: //@UKNOW-YUZU柚:hhhhh肥秋系到底多少妹子喜欢羽生结弦，该不是平时后台集体追星吧hhhhh		,一只萌-yuzu,//weibo.com/5509421438/G3OvE4mma?refer_flag=1001030103_
集体行动; 2018-02-20; 1; 25,32,#山本彩# 180219 とくダネ cut  http://t.cn/RRdeJ2q ​	,NA,//weibo.com/6085515033/G3XUcl4aY?refer_flag=1001030103_
集体行动; 2018-02-20; 1; 25,33,		小仓叔好可爱呀//@倒过来念的阿拉蕾://@若殿的蜜汁小裙摆://@BuTaU酱:彩姐这个行动力 都追去平昌了还拿着炮拍 记得以前彩还模仿过牛//@dreamer89143://@Hanyukoko: //@UKNOW-YUZU柚:hhhhh肥秋系到底多少妹子喜欢羽生结弦，该不是平时后台集体追星吧hhhhh		,sano_sweep,//weibo.com/5509421438/G3OvE4mma?refer_flag=1001030103_
集体行动; 2018-02-20; 1; 25,34,#山本彩# 180219 とくダネ cut  http://t.cn/RRdeJ2q ​	,NA,//weibo.com/5247065413/G3XRInBbQ?refer_flag=1001030103_
集体行动; 2018-02-20; 1; 25,35,//@倒过来念的阿拉蕾://@若殿的蜜汁小裙摆://@BuTaU酱:彩姐这个行动力 都追去平昌了还拿着炮拍 记得以前彩还模仿过牛//@dreamer89143://@Hanyukoko: //@UKNOW-YUZU柚:hhhhh肥秋系到底多少妹子喜欢羽生结弦，该不是平时后台集体追星吧hhhhh		,YornnA,//weibo.com/5509421438/G3OvE4mma?refer_flag=1001030103_
集体行动; 2018-02-20; 1; 25,36,#山本彩# 180219 とくダネ cut  http://t.cn/RRdeJ2q ​	,NA,//weibo.com/1687842290/G3XPSlYkO?refer_flag=1001030103_
集体行动; 2018-02-20; 1; 25,37,		哈哈哈哈哈哈哈哈彩姐，妹想到啊//@倒过来念的阿拉蕾://@BuTaU酱:彩姐这个行动力 都追去平昌了还拿着炮拍 记得以前彩还模仿过牛//@UKNOW-YUZU柚:hhhhh肥秋系到底多少妹子喜欢羽生结弦，该不是平时后台集体追星吧hhhhh		,朵朵_夜雨结弦,//weibo.com/5509421438/G3OvE4mma?refer_flag=1001030103_
集体行动; 2018-02-20; 1; 25,38,#山本彩# 180219 とくダネ cut  http://t.cn/RRdeJ2q ​	,NA,//weibo.com/5172589646/G3XE188sW?refer_flag=1001030103_
集体行动; 2018-02-20; 1; 25,39,		//@hanyutopia:真是彩姐…我靠我居然跟彩姐坐在一个场子里我应该去握个小手啊//@倒过来念的阿拉蕾://@若殿的蜜汁小裙摆://@BuTaU酱:彩姐这个行动力 都追去平昌了还拿着炮拍 记得以前彩还模仿过牛//@UKNOW-YUZU柚:hhhhh肥秋系到底多少妹子喜欢羽生结弦，该不是平时后台集体追星吧hh		,夜想花归葬,//weibo.com/5509421438/G3OvE4mma?refer_flag=1001030103_
集体行动; 2018-02-20; 1; 25,40,#山本彩# 180219 とくダネ cut  http://t.cn/RRdeJ2q ​	,NA,//weibo.com/2363964287/G3XDqdBc4?refer_flag=1001030103_
集体行动; 2018-02-20; 1; 25,41,		//@hanyutopia:真是彩姐…我靠我居然跟彩姐坐在一个场子里我应该去握个小手啊//@倒过来念的阿拉蕾://@若殿的蜜汁小裙摆://@BuTaU酱:彩姐这个行动力 都追去平昌了还拿着炮拍 记得以前彩还模仿过牛//@UKNOW-YUZU柚:hhhhh肥秋系到底多少妹子喜欢羽生结弦，该不是平时后台集体追星吧hh		,STAF-L,//weibo.com/5509421438/G3OvE4mma?refer_flag=1001030103_
集体行动; 2018-02-20; 1; 25,42,#山本彩# 180219 とくダネ cut  http://t.cn/RRdeJ2q ​	,NA,//weibo.com/5835553333/G3XDb7erQ?refer_flag=1001030103_
集体行动; 2018-02-20; 1; 25,43,		//@hanyutopia:真是彩姐…我靠我居然跟彩姐坐在一个场子里我应该去握个小手啊//@倒过来念的阿拉蕾://@若殿的蜜汁小裙摆://@BuTaU酱:彩姐这个行动力 都追去平昌了还拿着炮拍 记得以前彩还模仿过牛//@UKNOW-YUZU柚:hhhhh肥秋系到底多少妹子喜欢羽生结弦，该不是平时后台集体追星吧hh		,Symp_Reverie,//weibo.com/5509421438/G3OvE4mma?refer_flag=1001030103_
集体行动; 2018-02-20; 1; 25,44,#山本彩# 180219 とくダネ cut  http://t.cn/RRdeJ2q ​	,NA,//weibo.com/5847221778/G3XD4AU8i?refer_flag=1001030103_
集体行动; 2018-02-20; 1; 25,45,		哈哈哈//@倒过来念的阿拉蕾://@若殿的蜜汁小裙摆://@BuTaU酱:彩姐这个行动力 都追去平昌了还拿着炮拍 记得以前彩还模仿过牛//@dreamer89143://@Hanyukoko: //@UKNOW-YUZU柚:hhhhh肥秋系到底多少妹子喜欢羽生结弦，该不是平时后台集体追星吧hhhhh		,平身,//weibo.com/5509421438/G3OvE4mma?refer_flag=1001030103_
集体行动; 2018-02-20; 1; 25,46,#山本彩# 180219 とくダネ cut  http://t.cn/RRdeJ2q ​	,NA,//weibo.com/1899997627/G3XCJp07F?refer_flag=1001030103_
集体行动; 2018-02-20; 1; 25,47,		情敌越来越强大//@倒过来念的阿拉蕾://@若殿的蜜汁小裙摆://@BuTaU酱:彩姐这个行动力 都追去平昌了还拿着炮拍 记得以前彩还模仿过牛//@dreamer89143://@Hanyukoko: //@UKNOW-YUZU柚:hhhhh肥秋系到底多少妹子喜欢羽生结弦，该不是平时后台集体追星吧hhhhh		,看他穿小短袖,//weibo.com/5509421438/G3OvE4mma?refer_flag=1001030103_
集体行动; 2018-02-20; 1; 25,48,#山本彩# 180219 とくダネ cut  http://t.cn/RRdeJ2q ​	,NA,//weibo.com/2690805284/G3XCAeWPx?refer_flag=1001030103_
集体行动; 2018-02-20; 1; 25,49,		彩姐你什么时候去的韩国这两天是不是48G要停摆了//@BuTaU酱:彩姐这个行动力 都追去平昌了还拿着炮拍 记得以前彩还模仿过牛//@dreamer89143://@Hanyukoko: //@UKNOW-YUZU柚:hhhhh肥秋系到底多少妹子喜欢羽生结弦，该不是平时后台集体追星吧hhhhh		,犯了kaji病的某瑶,//weibo.com/5509421438/G3OvE4mma?refer_flag=1001030103_
集体行动; 2018-02-20; 1; 25,50,#山本彩# 180219 とくダネ cut  http://t.cn/RRdeJ2q ​	,NA,//weibo.com/1231619884/G3XCx0RHH?refer_flag=1001030103_
集体行动; 2018-02-20; 1; 25,51,		真是彩姐…我靠我居然跟彩姐坐在一个场子里我应该去握个小手啊//@倒过来念的阿拉蕾://@若殿的蜜汁小裙摆://@BuTaU酱:彩姐这个行动力 都追去平昌了还拿着炮拍 记得以前彩还模仿过牛//@UKNOW-YUZU柚:hhhhh肥秋系到底多少妹子喜欢羽生结弦，该不是平时后台集体追星吧hhhhh		,hanyutopia,//weibo.com/5509421438/G3OvE4mma?refer_flag=1001030103_
集体行动; 2018-02-20; 1; 25,52,#山本彩# 180219 とくダネ cut  http://t.cn/RRdeJ2q ​	,NA,//weibo.com/1278606555/G3XCjF0vB?refer_flag=1001030103_
集体行动; 2018-02-20; 1; 25,53,		//@倒过来念的阿拉蕾://@若殿的蜜汁小裙摆://@BuTaU酱:彩姐这个行动力 都追去平昌了还拿着炮拍 记得以前彩还模仿过牛//@dreamer89143://@Hanyukoko: //@UKNOW-YUZU柚:hhhhh肥秋系到底多少妹子喜欢羽生结弦，该不是平时后台集体追星吧hhhhh		,背着我家豆丁上花路,//weibo.com/5509421438/G3OvE4mma?refer_flag=1001030103_
集体行动; 2018-02-20; 1; 25,54,#山本彩# 180219 とくダネ cut  http://t.cn/RRdeJ2q ​	,NA,//weibo.com/1931639957/G3XCabk8q?refer_flag=1001030103_
集体行动; 2018-02-20; 1; 25,55,		彩姐//@倒过来念的阿拉蕾://@若殿的蜜汁小裙摆://@BuTaU酱:彩姐这个行动力 都追去平昌了还拿着炮拍 记得以前彩还模仿过牛//@dreamer89143://@Hanyukoko: //@UKNOW-YUZU柚:hhhhh肥秋系到底多少妹子喜欢羽生结弦，该不是平时后台集体追星吧hhhhh		,坂田attention,//weibo.com/5509421438/G3OvE4mma?refer_flag=1001030103_
集体行动; 2018-02-20; 1; 25,56,#山本彩# 180219 とくダネ cut  http://t.cn/RRdeJ2q ​	,NA,//weibo.com/1855164932/G3XBFcq52?refer_flag=1001030103_
集体行动; 2018-02-20; 1; 25,57,//@若殿的蜜汁小裙摆://@BuTaU酱:彩姐这个行动力 都追去平昌了还拿着炮拍 记得以前彩还模仿过牛//@dreamer89143://@Hanyukoko: //@UKNOW-YUZU柚:hhhhh肥秋系到底多少妹子喜欢羽生结弦，该不是平时后台集体追星吧hhhhh		,倒过来念的阿拉蕾,//weibo.com/5509421438/G3OvE4mma?refer_flag=1001030103_
集体行动; 2018-02-20; 1; 25,58,#山本彩# 180219 とくダネ cut  http://t.cn/RRdeJ2q ​	,NA,//weibo.com/1580373983/G3XBhd5T9?refer_flag=1001030103_
集体行动; 2018-02-20; 1; 25,59,		妈诶彩姐//@诺坎普里的一棵草://@若殿的蜜汁小裙摆://@BuTaU酱:彩姐这个行动力 都追去平昌了还拿着炮拍 记得以前彩还模仿过牛//@dreamer89143://@Hanyukoko: //@UKNOW-YUZU柚:hhhhh肥秋系到底多少妹子喜欢羽生结弦，该不是平时后台集体追星吧hhhhh		,睡前会吃向日葵柚子派,//weibo.com/5509421438/G3OvE4mma?refer_flag=1001030103_
集体行动; 2018-02-20; 1; 25,60,#山本彩# 180219 とくダネ cut  http://t.cn/RRdeJ2q ​	,NA,//weibo.com/6065053620/G3XAThQCW?refer_flag=1001030103_
集体行动; 2018-02-20; 1; 25,61,我还以为她在家里看的//@诺坎普里的一棵草://@若殿的蜜汁小裙摆://@BuTaU酱:彩姐这个行动力 都追去平昌了还拿着炮拍 记得以前彩还模仿过牛//@dreamer89143://@Hanyukoko: //@UKNOW-YUZU柚:hhhhh肥秋系到底多少妹子喜欢羽生结弦，该不是平时后台集体追星吧hhhhh		,羽生家的碳炉___ab君,//weibo.com/5509421438/G3OvE4mma?refer_flag=1001030103_
集体行动; 2018-02-20; 1; 25,62,#山本彩# 180219 とくダネ cut  http://t.cn/RRdeJ2q ​	,NA,//weibo.com/2800383732/G3XvBAzad?refer_flag=1001030103_
集体行动; 2018-02-20; 1; 25,63,		从老爸老妈说要和老哥去广州后，留守儿童就在想这年怎么过过好，没想到年前商量来商量去的行程瞬间变成了集体行动 ​		,JaneEyre1119,//weibo.com/1826344185/G3Xvvp7hN?refer_flag=1001030103_
集体行动; 2018-02-20; 1; 25,64,//@若殿的蜜汁小裙摆://@BuTaU酱:彩姐这个行动力 都追去平昌了还拿着炮拍 记得以前彩还模仿过牛//@dreamer89143://@Hanyukoko: //@UKNOW-YUZU柚:hhhhh肥秋系到底多少妹子喜欢羽生结弦，该不是平时后台集体追星吧hhhhh		,Mars柚子殿,//weibo.com/5509421438/G3OvE4mma?refer_flag=1001030103_
集体行动; 2018-02-20; 1; 25,65,#山本彩# 180219 とくダネ cut  http://t.cn/RRdeJ2q ​	,NA,//weibo.com/5516713564/G3XtKFI54?refer_flag=1001030103_
集体行动; 2018-02-20; 1; 25,66,		//@诺坎普里的一棵草://@若殿的蜜汁小裙摆://@BuTaU酱:彩姐这个行动力 都追去平昌了还拿着炮拍 记得以前彩还模仿过牛//@dreamer89143://@Hanyukoko: //@UKNOW-YUZU柚:hhhhh肥秋系到底多少妹子喜欢羽生结弦，该不是平时后台集体追星吧hhhhh		,青草香的雨天,//weibo.com/5509421438/G3OvE4mma?refer_flag=1001030103_
集体行动; 2018-02-20; 1; 25,67,#山本彩# 180219 とくダネ cut  http://t.cn/RRdeJ2q ​	,NA,//weibo.com/5325120891/G3XqLFWsA?refer_flag=1001030103_
集体行动; 2018-02-20; 1; 25,68,		大家都爱牛//@诺坎普里的一棵草://@若殿的蜜汁小裙摆://@BuTaU酱:彩姐这个行动力 都追去平昌了还拿着炮拍 记得以前彩还模仿过牛//@dreamer89143://@Hanyukoko: //@UKNOW-YUZU柚:hhhhh肥秋系到底多少妹子喜欢羽生结弦，该不是平时后台集体追星吧hhhhh		,美味牛舌kiyu,//weibo.com/5509421438/G3OvE4mma?refer_flag=1001030103_
集体行动; 2018-02-20; 1; 25,69,#山本彩# 180219 とくダネ cut  http://t.cn/RRdeJ2q ​	,NA,//weibo.com/3133005201/G3XpZbZlx?refer_flag=1001030103_
集体行动; 2018-02-20; 1; 25,70,		//@诺坎普里的一棵草://@若殿的蜜汁小裙摆://@BuTaU酱:彩姐这个行动力 都追去平昌了还拿着炮拍 记得以前彩还模仿过牛//@dreamer89143://@Hanyukoko: //@UKNOW-YUZU柚:hhhhh肥秋系到底多少妹子喜欢羽生结弦，该不是平时后台集体追星吧hhhhh		,柚柚柚一个甜柚子,//weibo.com/5509421438/G3OvE4mma?refer_flag=1001030103_
集体行动; 2018-02-20; 1; 25,71,#山本彩# 180219 とくダネ cut  http://t.cn/RRdeJ2q ​	,NA,//weibo.com/5214807557/G3XoewvL6?refer_flag=1001030103_
集体行动; 2018-02-20; 1; 25,72,		//@诺坎普里的一棵草://@若殿的蜜汁小裙摆://@BuTaU酱:彩姐这个行动力 都追去平昌了还拿着炮拍 记得以前彩还模仿过牛//@dreamer89143://@Hanyukoko: //@UKNOW-YUZU柚:hhhhh肥秋系到底多少妹子喜欢羽生结弦，该不是平时后台集体追星吧hhhhh		,薄荷果冻_今天也膜牛了吗,//weibo.com/5509421438/G3OvE4mma?refer_flag=1001030103_
集体行动; 2018-02-20; 1; 25,73,#山本彩# 180219 とくダネ cut  http://t.cn/RRdeJ2q ​	,NA,//weibo.com/6178105988/G3XkwiYPS?refer_flag=1001030103_
集体行动; 2018-02-20; 1; 25,74,		天//@诺坎普里的一棵草://@若殿的蜜汁小裙摆://@BuTaU酱:彩姐这个行动力 都追去平昌了还拿着炮拍 记得以前彩还模仿过牛//@dreamer89143://@Hanyukoko: //@UKNOW-YUZU柚:hhhhh肥秋系到底多少妹子喜欢羽生结弦，该不是平时后台集体追星吧hhhhh		,公子亦-Yuzu同款疤的Axel,//weibo.com/5509421438/G3OvE4mma?refer_flag=1001030103_
集体行动; 2018-02-20; 1; 25,75,#山本彩# 180219 とくダネ cut  http://t.cn/RRdeJ2q ​	,NA,//weibo.com/2265088385/G3XjBy4iK?refer_flag=1001030103_
集体行动; 2018-02-20; 1; 25,76,http://t.cn/R6cDVzi，感觉是集体版的战狼 ​		,KaiiTANG,//weibo.com/1756758293/G3Xi48sKj?refer_flag=1001030103_
集体行动; 2018-02-20; 1; 25,77,		哈哈哈哈哈哈哈//@威尼弗雷德Winifred://@BuTaU酱:彩姐这个行动力 都追去平昌了还拿着炮拍 记得以前彩还模仿过牛//@dreamer89143://@Hanyukoko: //@UKNOW-YUZU柚:hhhhh肥秋系到底多少妹子喜欢羽生结弦，该不是平时后台集体追星吧hhhhh		,哎哟少年啊,//weibo.com/5509421438/G3OvE4mma?refer_flag=1001030103_
集体行动; 2018-02-20; 1; 25,78,#山本彩# 180219 とくダネ cut  http://t.cn/RRdeJ2q ​	,NA,//weibo.com/2950278934/G3XffbDzS?refer_flag=1001030103_
集体行动; 2018-02-20; 1; 25,79,		卧槽还真去现场了//@若殿的蜜汁小裙摆://@BuTaU酱:彩姐这个行动力 都追去平昌了还拿着炮拍 记得以前彩还模仿过牛//@dreamer89143://@Hanyukoko: //@UKNOW-YUZU柚:hhhhh肥秋系到底多少妹子喜欢羽生结弦，该不是平时后台集体追星吧hhhhh		,天天都有柚子吃,//weibo.com/5509421438/G3OvE4mma?refer_flag=1001030103_
集体行动; 2018-02-20; 1; 25,80,#山本彩# 180219 とくダネ cut  http://t.cn/RRdeJ2q ​	,NA,//weibo.com/5598279613/G3XcMFDQr?refer_flag=1001030103_
集体行动; 2018-02-20; 1; 25,81,//@卷馨:哇//@诺坎普里的一棵草://@若殿的蜜汁小裙摆://@BuTaU酱:彩姐这个行动力 都追去平昌了还拿着炮拍 记得以前彩还模仿过牛//@dreamer89143://@Hanyukoko: //@UKNOW-YUZU柚:hhhhh肥秋系到底多少妹子喜欢羽生结弦，该不是平时后台集体追星吧hh		,sorayuzuu,//weibo.com/5509421438/G3OvE4mma?refer_flag=1001030103_
集体行动; 2018-02-20; 1; 25,82,#山本彩# 180219 とくダネ cut  http://t.cn/RRdeJ2q ​	,NA,//weibo.com/6284209885/G3XcochVf?refer_flag=1001030103_
集体行动; 2018-02-20; 1; 25,83,//@BuTaU酱:彩姐这个行动力 都追去平昌了还拿着炮拍 记得以前彩还模仿过牛//@dreamer89143://@Hanyukoko: //@UKNOW-YUZU柚:hhhhh肥秋系到底多少妹子喜欢羽生结弦，该不是平时后台集体追星吧hhhhh		,呀是哈牛啊,//weibo.com/5509421438/G3OvE4mma?refer_flag=1001030103_
集体行动; 2018-02-20; 1; 25,84,#山本彩# 180219 とくダネ cut  http://t.cn/RRdeJ2q ​	,NA,//weibo.com/6066288791/G3X5K1Vjv?refer_flag=1001030103_
集体行动; 2018-02-20; 1; 25,85,		//@BuTaU酱:彩姐这个行动力 都追去平昌了还拿着炮拍 记得以前彩还模仿过牛//@dreamer89143://@Hanyukoko: //@UKNOW-YUZU柚:hhhhh肥秋系到底多少妹子喜欢羽生结弦，该不是平时后台集体追星吧hhhhh		,二宫西柚_j家中毒_羽生结弦不足,//weibo.com/5509421438/G3OvE4mma?refer_flag=1001030103_
集体行动; 2018-02-20; 1; 25,86,#山本彩# 180219 とくダネ cut  http://t.cn/RRdeJ2q ​	,NA,//weibo.com/5228289099/G3X49z337?refer_flag=1001030103_
集体行动; 2018-02-20; 1; 25,87,http://t.cn/R6cDVzi，没有刻意凸显个人英雄主义大国情怀以及插科打诨的调情，集体主义和战争的真实的被展现，战争就有伤亡，枪声从头到尾，从海上打到陆地，山上打到沙漠，再从陆地打到直升机上，各种武器装备大饱眼福，节奏快到不敢眨眼，重点是，@张译 帅炸了！ ​		,太阳雪Y,//weibo.com/1738101330/G3X43EbuR?refer_flag=1001030103_
集体行动; 2018-02-20; 1; 25,88,		哇//@诺坎普里的一棵草://@若殿的蜜汁小裙摆://@BuTaU酱:彩姐这个行动力 都追去平昌了还拿着炮拍 记得以前彩还模仿过牛//@dreamer89143://@Hanyukoko: //@UKNOW-YUZU柚:hhhhh肥秋系到底多少妹子喜欢羽生结弦，该不是平时后台集体追星吧hhhhh		,卷馨,//weibo.com/5509421438/G3OvE4mma?refer_flag=1001030103_
集体行动; 2018-02-20; 1; 25,89,#山本彩# 180219 とくダネ cut  http://t.cn/RRdeJ2q ​	,NA,//weibo.com/2478249633/G3X1nhywM?refer_flag=1001030103_
集体行动; 2018-02-20; 1; 25,90,		大过年的最右道德警察们集体出动了//@大型须来:你妈死了//@一只没有咸鱼吃的死猫:很简单，自杀未遂进过医院的都是抑郁症，整天喊着自杀但是从来没有行动的是无病呻吟		,九思Dolores,//weibo.com//G2Ul4qUjh?refer_flag=1001030103_
集体行动; 2018-02-20; 1; 25,91,	  抱歉，此微博已被作者删除。查看帮助：http://t.cn/Rfd3rQV,NA,//weibo.com/5264396171/G3X1juDdc?refer_flag=1001030103_
集体行动; 2018-02-20; 1; 25,92,//@诺坎普里的一棵草://@若殿的蜜汁小裙摆://@BuTaU酱:彩姐这个行动力 都追去平昌了还拿着炮拍 记得以前彩还模仿过牛//@dreamer89143://@Hanyukoko: //@UKNOW-YUZU柚:hhhhh肥秋系到底多少妹子喜欢羽生结弦，该不是平时后台集体追星吧hhhhh		,JooZ,//weibo.com/5509421438/G3OvE4mma?refer_flag=1001030103_
集体行动; 2018-02-20; 1; 25,93,#山本彩# 180219 とくダネ cut  http://t.cn/RRdeJ2q ​	,NA,//weibo.com/5211913330/G3X1bvfO3?refer_flag=1001030103_
集体行动; 2018-02-20; 1; 25,94,//@诺坎普里的一棵草://@若殿的蜜汁小裙摆://@BuTaU酱:彩姐这个行动力 都追去平昌了还拿着炮拍 记得以前彩还模仿过牛//@dreamer89143://@Hanyukoko: //@UKNOW-YUZU柚:hhhhh肥秋系到底多少妹子喜欢羽生结弦，该不是平时后台集体追星吧hhhhh		,近畿柚子露,//weibo.com/5509421438/G3OvE4mma?refer_flag=1001030103_
集体行动; 2018-02-20; 1; 25,95,#山本彩# 180219 とくダネ cut  http://t.cn/RRdeJ2q ​	,NA,//weibo.com/5653161098/G3WYZfc62?refer_flag=1001030103_
集体行动; 2018-02-20; 1; 25,96,		我真不是个假惺惺的人 也做不到假惺惺 十分不喜欢集体活动 我觉得要照顾每个人 要小心翼翼说话 行动 迎合别人实在太累了 比起跟很多人 我更喜欢一个人 两个人 我离开校园太久也不参加公司任何聚会 我自私孤傲 我喜欢一个人把所有注意力都放我身上 我也可以把所有情绪都表达出来 想随时随地做自己 ​		,狐狸精的号,//weibo.com/5095785780/G3WXMcj8L?refer_flag=1001030103_
集体行动; 2018-02-20; 1; 25,97,		//@诺坎普里的一棵草://@若殿的蜜汁小裙摆://@BuTaU酱:彩姐这个行动力 都追去平昌了还拿着炮拍 记得以前彩还模仿过牛//@dreamer89143://@Hanyukoko: //@UKNOW-YUZU柚:hhhhh肥秋系到底多少妹子喜欢羽生结弦，该不是平时后台集体追星吧hhhhh		,柚生柚,//weibo.com/5509421438/G3OvE4mma?refer_flag=1001030103_
集体行动; 2018-02-20; 1; 25,98,#山本彩# 180219 とくダネ cut  http://t.cn/RRdeJ2q ​	,NA,//weibo.com/5347806696/G3WXC9bvA?refer_flag=1001030103_
集体行动; 2018-02-20; 1; 25,99,		//@诺坎普里的一棵草://@若殿的蜜汁小裙摆://@BuTaU酱:彩姐这个行动力 都追去平昌了还拿着炮拍 记得以前彩还模仿过牛//@dreamer89143://@Hanyukoko: //@UKNOW-YUZU柚:hhhhh肥秋系到底多少妹子喜欢羽生结弦，该不是平时后台集体追星吧hhhhh		,羽生結冰,//weibo.com/5509421438/G3OvE4mma?refer_flag=1001030103_
集体行动; 2018-02-20; 1; 25,100,#山本彩# 180219 とくダネ cut  http://t.cn/RRdeJ2q ​	,NA,//weibo.com/5542581803/G3WWQxwPC?refer_flag=1001030103_
集体行动; 2018-02-20; 1; 25,101,//@诺坎普里的一棵草://@若殿的蜜汁小裙摆://@BuTaU酱:彩姐这个行动力 都追去平昌了还拿着炮拍 记得以前彩还模仿过牛//@dreamer89143://@Hanyukoko: //@UKNOW-YUZU柚:hhhhh肥秋系到底多少妹子喜欢羽生结弦，该不是平时后台集体追星吧hhhhh		,牛柚第一定律,//weibo.com/5509421438/G3OvE4mma?refer_flag=1001030103_
集体行动; 2018-02-20; 1; 25,102,#山本彩# 180219 とくダネ cut  http://t.cn/RRdeJ2q ​	,NA,//weibo.com/6227249792/G3WVR6FEj?refer_flag=1001030103_
集体行动; 2018-02-20; 1; 25,103,		哇//@诺坎普里的一棵草://@若殿的蜜汁小裙摆://@BuTaU酱:彩姐这个行动力 都追去平昌了还拿着炮拍 记得以前彩还模仿过牛//@dreamer89143://@Hanyukoko: //@UKNOW-YUZU柚:hhhhh肥秋系到底多少妹子喜欢羽生结弦，该不是平时后台集体追星吧hhhhh		,牛柚小天使,//weibo.com/5509421438/G3OvE4mma?refer_flag=1001030103_
集体行动; 2018-02-20; 1; 25,104,#山本彩# 180219 とくダネ cut  http://t.cn/RRdeJ2q ​	,NA,//weibo.com/2707783852/G3WVckYl5?refer_flag=1001030103_
集体行动; 2018-02-20; 1; 25,105,//@诺坎普里的一棵草://@若殿的蜜汁小裙摆://@BuTaU酱:彩姐这个行动力 都追去平昌了还拿着炮拍 记得以前彩还模仿过牛//@dreamer89143://@Hanyukoko: //@UKNOW-YUZU柚:hhhhh肥秋系到底多少妹子喜欢羽生结弦，该不是平时后台集体追星吧hhhhh		,羽生SEIMEI,//weibo.com/5509421438/G3OvE4mma?refer_flag=1001030103_
集体行动; 2018-02-20; 1; 25,106,#山本彩# 180219 とくダネ cut  http://t.cn/RRdeJ2q ​	,NA,//weibo.com/6071904107/G3WUXjGQi?refer_flag=1001030103_
集体行动; 2018-02-20; 1; 25,107,		//@诺坎普里的一棵草://@若殿的蜜汁小裙摆://@BuTaU酱:彩姐这个行动力 都追去平昌了还拿着炮拍 记得以前彩还模仿过牛//@dreamer89143://@Hanyukoko: //@UKNOW-YUZU柚:hhhhh肥秋系到底多少妹子喜欢羽生结弦，该不是平时后台集体追星吧hhhhh		,晚霞_下辈子不选数学系,//weibo.com/5509421438/G3OvE4mma?refer_flag=1001030103_
集体行动; 2018-02-20; 1; 25,108,#山本彩# 180219 とくダネ cut  http://t.cn/RRdeJ2q ​	,NA,//weibo.com/3263317944/G3WU1o0k0?refer_flag=1001030103_
集体行动; 2018-02-20; 1; 25,109,		//@若殿的蜜汁小裙摆://@BuTaU酱:彩姐这个行动力 都追去平昌了还拿着炮拍 记得以前彩还模仿过牛//@dreamer89143://@Hanyukoko: //@UKNOW-YUZU柚:hhhhh肥秋系到底多少妹子喜欢羽生结弦，该不是平时后台集体追星吧hhhhh		,苏小然R_,//weibo.com/5509421438/G3OvE4mma?refer_flag=1001030103_
集体行动; 2018-02-20; 1; 25,110,#山本彩# 180219 とくダネ cut  http://t.cn/RRdeJ2q ​	,NA,//weibo.com/5849239399/G3WTsuKAd?refer_flag=1001030103_
集体行动; 2018-02-20; 1; 25,111,http://t.cn/R6cDVzi，绝对的良心制作，终于不是说孤胆英雄深入虎穴，而是国家派来一只正规部队营救战乱国家的侨民，体现了一只训练有素的海军小分队的集体智慧。战争场面是花了大心思，惊心动魄，荡气回肠，这些都值得肯定。但是有些画面太血腥了，而且整部电影时刻保持在高 ​			...展开全文c,西风梧井,//weibo.com/1110808441/G3WPtdxl0?refer_flag=1001030103_
集体行动; 2018-02-20; 1; 25,112,		……//@诺坎普里的一棵草://@若殿的蜜汁小裙摆://@BuTaU酱:彩姐这个行动力 都追去平昌了还拿着炮拍 记得以前彩还模仿过牛//@dreamer89143://@Hanyukoko: //@UKNOW-YUZU柚:hhhhh肥秋系到底多少妹子喜欢羽生结弦，该不是平时后台集体追星吧hhhhh		,紀之_,//weibo.com/5509421438/G3OvE4mma?refer_flag=1001030103_
集体行动; 2018-02-20; 1; 25,113,#山本彩# 180219 とくダネ cut  http://t.cn/RRdeJ2q ​	,NA,//weibo.com/5524290730/G3WMrfIlY?refer_flag=1001030103_
集体行动; 2018-02-20; 1; 25,114,//@若殿的蜜汁小裙摆://@BuTaU酱:彩姐这个行动力 都追去平昌了还拿着炮拍 记得以前彩还模仿过牛//@dreamer89143://@Hanyukoko: //@UKNOW-YUZU柚:hhhhh肥秋系到底多少妹子喜欢羽生结弦，该不是平时后台集体追星吧hhhhh		,诺坎普里的一棵草,//weibo.com/5509421438/G3OvE4mma?refer_flag=1001030103_
集体行动; 2018-02-20; 1; 25,115,#山本彩# 180219 とくダネ cut  http://t.cn/RRdeJ2q ​	,NA,//weibo.com/1779910953/G3WLPn2I7?refer_flag=1001030103_
集体行动; 2018-02-20; 1; 25,116,		//@BuTaU酱:彩姐这个行动力 都追去平昌了还拿着炮拍 记得以前彩还模仿过牛//@dreamer89143://@Hanyukoko: //@UKNOW-YUZU柚:hhhhh肥秋系到底多少妹子喜欢羽生结弦，该不是平时后台集体追星吧hhhhh		,gahey,//weibo.com/5509421438/G3OvE4mma?refer_flag=1001030103_
集体行动; 2018-02-20; 1; 25,117,#山本彩# 180219 とくダネ cut  http://t.cn/RRdeJ2q ​	,NA,//weibo.com/2024277033/G3WLGxYa7?refer_flag=1001030103_
集体行动; 2018-02-20; 1; 25,118,		//@BuTaU酱:彩姐这个行动力 都追去平昌了还拿着炮拍 记得以前彩还模仿过牛//@dreamer89143://@Hanyukoko: //@UKNOW-YUZU柚:hhhhh肥秋系到底多少妹子喜欢羽生结弦，该不是平时后台集体追星吧hhhhh		,若殿的蜜汁小裙摆,//weibo.com/5509421438/G3OvE4mma?refer_flag=1001030103_
集体行动; 2018-02-20; 1; 25,119,#山本彩# 180219 とくダネ cut  http://t.cn/RRdeJ2q ​	,NA,//weibo.com/3660463944/G3WKCmH4Z?refer_flag=1001030103_
集体行动; 2018-02-20; 1; 25,120,		哇！！！//@BuTaU酱:彩姐这个行动力 都追去平昌了还拿着炮拍 记得以前彩还模仿过牛//@dreamer89143://@Hanyukoko: //@UKNOW-YUZU柚:hhhhh肥秋系到底多少妹子喜欢羽生结弦，该不是平时后台集体追星吧hhhhh		,樱井山田鞘师_一生红担,//weibo.com/5509421438/G3OvE4mma?refer_flag=1001030103_
集体行动; 2018-02-20; 1; 25,121,#山本彩# 180219 とくダネ cut  http://t.cn/RRdeJ2q ​	,NA,//weibo.com/1775475711/G3WGSpEnF?refer_flag=1001030103_
集体行动; 2018-02-20; 1; 25,122,		开闭厉害了。。//@BuTaU酱:彩姐这个行动力 都追去平昌了还拿着炮拍 记得以前彩还模仿过牛//@dreamer89143://@Hanyukoko: //@UKNOW-YUZU柚:hhhhh肥秋系到底多少妹子喜欢羽生结弦，该不是平时后台集体追星吧hhhhh		,橙心柚啊,//weibo.com/5509421438/G3OvE4mma?refer_flag=1001030103_
集体行动; 2018-02-20; 1; 25,123,#山本彩# 180219 とくダネ cut  http://t.cn/RRdeJ2q ​	,NA,//weibo.com/5974218406/G3WEfgd3Y?refer_flag=1001030103_
集体行动; 2018-02-20; 1; 25,124,		收割48系//@威尼弗雷德Winifred://@BuTaU酱:彩姐这个行动力 都追去平昌了还拿着炮拍 记得以前彩还模仿过牛//@dreamer89143://@Hanyukoko: //@UKNOW-YUZU柚:hhhhh肥秋系到底多少妹子喜欢羽生结弦，该不是平时后台集体追星吧hhhhh		,牛丸Pooh面团,//weibo.com/5509421438/G3OvE4mma?refer_flag=1001030103_
集体行动; 2018-02-20; 1; 25,125,#山本彩# 180219 とくダネ cut  http://t.cn/RRdeJ2q ​	,NA,//weibo.com/3698161607/G3WDUArS7?refer_flag=1001030103_
集体行动; 2018-02-20; 1; 25,126,		//@BuTaU酱:彩姐这个行动力 都追去平昌了还拿着炮拍 记得以前彩还模仿过牛//@dreamer89143://@Hanyukoko: //@UKNOW-YUZU柚:hhhhh肥秋系到底多少妹子喜欢羽生结弦，该不是平时后台集体追星吧hhhhh		,威尼弗雷德Winifred,//weibo.com/5509421438/G3OvE4mma?refer_flag=1001030103_
集体行动; 2018-02-20; 1; 25,127,#山本彩# 180219 とくダネ cut  http://t.cn/RRdeJ2q ​	,NA,//weibo.com/1356871025/G3WCZf85G?refer_flag=1001030103_
集体行动; 2018-02-20; 1; 25,128,		噗彩姐//@BuTaU酱:彩姐这个行动力 都追去平昌了还拿着炮拍 记得以前彩还模仿过牛//@dreamer89143://@Hanyukoko: //@UKNOW-YUZU柚:hhhhh肥秋系到底多少妹子喜欢羽生结弦，该不是平时后台集体追星吧hhhhh		,听soda的频率,//weibo.com/5509421438/G3OvE4mma?refer_flag=1001030103_
集体行动; 2018-02-20; 1; 25,129,#山本彩# 180219 とくダネ cut  http://t.cn/RRdeJ2q ​	,NA,//weibo.com/3860697421/G3WyMBjLw?refer_flag=1001030103_
集体行动; 2018-02-20; 1; 25,130,		//@BuTaU酱:彩姐这个行动力 都追去平昌了还拿着炮拍 记得以前彩还模仿过牛//@dreamer89143://@Hanyukoko: //@UKNOW-YUZU柚:hhhhh肥秋系到底多少妹子喜欢羽生结弦，该不是平时后台集体追星吧hhhhh		,蓝色的蘑菇菇菇,//weibo.com/5509421438/G3OvE4mma?refer_flag=1001030103_
集体行动; 2018-02-20; 1; 25,131,#山本彩# 180219 とくダネ cut  http://t.cn/RRdeJ2q ​	,NA,//weibo.com/2365367085/G3Wy38euG?refer_flag=1001030103_
集体行动; 2018-02-20; 1; 25,132,		彩姐这个行动力 都追去平昌了还拿着炮拍 记得以前彩还模仿过牛//@dreamer89143://@Hanyukoko: //@UKNOW-YUZU柚:hhhhh肥秋系到底多少妹子喜欢羽生结弦，该不是平时后台集体追星吧hhhhh		,BuTaU酱,//weibo.com/5509421438/G3OvE4mma?refer_flag=1001030103_
集体行动; 2018-02-20; 1; 25,133,#山本彩# 180219 とくダネ cut  http://t.cn/RRdeJ2q ​	,NA,//weibo.com/5614090009/G3WxSdY5i?refer_flag=1001030103_
集体行动; 2018-02-20; 1; 25,134,		关于《红海行动》深夜场，现在才躺在床上2018第一场电影个人觉得比战狼好看，全程紧张，特别为中国军人而感到自豪，不个人英雄主义，重集体，很多直击人心的细节，看的又燃又感动。转粉黄景瑜哈哈，嚼口香糖的冷静狙击手，认真的样子真的很帅。太多太多，我的言语无法表达了，文化水平还不行 ​			...展开全文c,-MmmxxX-,//weibo.com/5014213677/G3Uk4nK1W?refer_flag=1001030103_
集体行动; 2018-02-20; 1; 25,135,		很嗨皮的一天，睡到自然醒，跟兄弟姐妹们在家倒饬个火锅，临时起意去看红海行动。时间没掐好，差点错过片头，6个人集体在影院外快奔➕呲笑，居然让我有种淋漓的赶脚，很肆意，很开心。绝对的好片子，国产大片也能和国外大片相媲美，只是意境不同罢了，从头燃到尾。这会洗完躺床上，边上那个不是看片子 ​			...展开全文c,依小妞儿儿儿,//weibo.com/2121802524/G3UiToJ91?refer_flag=1001030103_
集体行动; 2018-02-20; 1; 25,136,http://t.cn/R6cDVzi，很好的片子 很震撼 集体精神比个人英雄主义更吸引我 祝票房越来越高 ​		,RakiRika,//weibo.com/5957825351/G3Uil4G5t?refer_flag=1001030103_
集体行动; 2018-02-20; 1; 25,137,		看过《红海行动》，我评： 这是春节档我最想看的一部影片，今天一看，果然没有期待错。这部影片不再是个人英雄主义，他让你看到的是一个集体，突击队的8个人，少了一个都不行。并且，在这部影片里，第一次看到了真正女战士的样子，被佟莉震撼了。当然，庄羽和石头的牺牲 ​			...展开全文c,Mrs_私语,//weibo.com/2324893253/G3Uczx1fq?refer_flag=1001030103_
集体行动; 2018-02-20; 1; 25,138,		红海行动还不错，各种血腥场面直面战争的残酷。但是为了捧红海贬低战狼2就没啥意思了吧？战狼好歹开启了军事题材电影潮流，而且剧情场面都不错，紧张之余多了笑点和温情，情节更细腻。不管集体主义还是个人英雄主义我觉的只要三观正都OK ​		,十里桃花白浅浅,//weibo.com/1747673827/G3U0hrpb5?refer_flag=1001030103_
集体行动; 2018-02-20; 1; 25,139,		年三十一早就起床赶回家那时候天还没亮就踏上归途刚回到家就吃上热腾腾的鸡蛋面哈哈哈然后回村里面探望伯公到了晚上哈哈哈爸爸他们突发奇想第一次集体深夜行动回村里考蠔但是太晚了被伯公吊了几句哥哥拿了两箱烟花回来放但是都不敢近近拍照感叹还是看别人放烟花爽打道回府时候都1点多了洗洗睡看看时间 ​			...展开全文c,陈梦景的微博,//weibo.com/5705946373/G3TSKhGd4?refer_flag=1001030103_
集体行动; 2018-02-20; 1; 25,140,		去看了红海行动，场面真实得血腥了，情节紧凑，没有美式的个人英雄主义，讲究集体合作，值得去电影院看，希望票房能逆袭		,rong9595,//weibo.com/1887344341/G3TeO5OlK?refer_flag=1001030103_
集体行动; 2018-02-20; 1; 25,141,	  【春节假期过半中国电影票房已超30亿元，创历史新高】据中国之声《央广新闻》报道，今年春节的电影市场简直可以用“异常火爆”来形容。截至记者发稿前，这个刚刚过半的假期就已经拿下了超过30亿的票房，即将赶超去年档期总和。目前，《捉妖记2》以11亿的成绩暂列第一，不过只有5分左右的口碑；续集延续 ​		...展开全文c,NA,//weibo.com/5292417802/G3TQ8mgoj?refer_flag=1001030103_
集体行动; 2018-02-20; 1; 25,142,		红海行动，好看。集体精神。每个演员都演的很好。黄景瑜很帅。 ​​​#红海行动##黄景瑜# 顾#红海行动黄景瑜顾顺# 希望排片增加 ​		,燕z子y0,//weibo.com/5451810970/G3TPbhUxH?refer_flag=1001030103_
集体行动; 2018-02-20; 1; 25,143,http://t.cn/R6cDVzi，值得推荐的一部影片，俗话说三个臭皮匠赛过诸葛亮，没有个人英雄主义色彩，宣扬的是集体行动，每个人都很勇敢，都很优秀，让我们感受到祖国的伟大，对华人的责任心，以及对军人的致敬 ​		,Q9springing9Q,//weibo.com/5844427514/G3TLvpEgs?refer_flag=1001030103_
集体行动; 2018-02-20; 1; 25,144,		《红海行动》好看。这是一部非常燃的电影，又区别于《战狼2》的个人英雄主义，展现出了每个人在集体中应该具备的“协作”精神。里面一幕幕都是真枪实干拍出来的，用一张电影票来鼓励这样的好电影、好演员，我觉得值。#红海行动[电影]# ​		,社会你诚爷,//weibo.com/2168045005/G3TL6ABpZ?refer_flag=1001030103_
集体行动; 2018-02-20; 1; 25,145,看了三部电影的感想：《红海行动》中国海军，我们带你们回家！【二刷，从头打到尾，没办法有尿点。战狼2是孤胆英雄；红海，确切来说应该叫蛟龙一队，是集体主义。枪林弹雨中真切的血肉横飞。有一种残酷叫烽火连天，有一种离散叫家破人亡，有一种安稳叫海晏河清。】《西游记女儿国》我舍我 ​			...展开全文c,YueYang_C,//weibo.com/5516393521/G3TKL2xEQ?refer_flag=1001030103_
集体行动; 2018-02-20; 1; 25,146,		春节聚会，全家看电影这个娱乐在我家已经持续五年了。老少皆宜，集体出动，聚会人数在20人左右浮动。印象中看过西游降魔篇，澳门风云（讲赌博那个），成龙的功夫瑜伽，今年的红海行动……具体片名再核实。大家的口味不一样，从老家来的姑姑伯伯们进影院就是图个热闹。别人像我们这样的家庭聚会形式 ​			...展开全文c,zyzynanshan,//weibo.com/5512944658/G3TIC4Y0G?refer_flag=1001030103_
集体行动; 2018-02-20; 1; 25,147,#红海行动# 没我想象的那么好看在我心里还是湄公河为最红海变成集体战斗而且尺度真大，胳膊腿乱飞哄哄哄蹦蹦蹦biubiubiu没停过用剪刀剪开人皮咔嚓清脆的声音很惊心了中途还有两个妹子因为太恶心就走了			...展开全文c,瓶子微醺,//weibo.com/3706937094/G3TFufoUt?refer_flag=1001030103_
集体行动; 2018-02-20; 1; 25,148,		算是这四五天的集体行动了...明天爸妈就回去了...下次再见就是啥时候了...真是有点舍不得...看了两个口碑比较好的电影			...展开全文c,Curse丶GM,//weibo.com/5426742130/G3TEfFxHV?refer_flag=1001030103_
集体行动; 2018-02-20; 1; 25,149,		【这才是中国风骨】“不要人夸颜色好，只留清气满乾坤。” 这几年，谭维维一直坚持传递中国民族文化之美，用音乐实力展现经典文化的独特魅力。在经典咏流传的舞台上，她用20年沉淀绽放《墨梅》风骨。戳视频↓一起聆听！http://t.cn/RRDWFZq ​		,人民日报,//weibo.com/2803301701/G3XEam5vR?refer_flag=1001030103_
集体行动; 2018-02-20; 1; 25,150,		年初五，赢财神！祝首页各位财源滚滚来 ​		,我的前任是极品,//weibo.com/2182038504/G3XFf5kxh?refer_flag=1001030103_
集体行动; 2018-02-20; 1; 25,151,		(⺣◡⺣)初五♡恭喜发财！点赞财神到你家(ˊo̶̶̷ᴗo̶̶̷`) ​		,PINK-EVER,//weibo.com/2877075154/G3Xwkf6hY?refer_flag=1001030103_
集体行动; 2018-02-20; 1; 25,152,		初五接财神了，这点信仰还是要有的！快把自己的照片放中间！ ​		,丁一晨DYC,//weibo.com/1810632930/G3XxzFU3h?refer_flag=1001030103_
集体行动; 2018-02-20; 1; 25,153,		把它学会了，孩子过生日时做给他看肯定很喜欢！http://t.cn/RRDmCz4 ​		,最神奇的视频,//weibo.com/2141823055/G3XAdkyOF?refer_flag=1001030103_
集体行动; 2018-02-20; 1; 25,154,		大年初五，转发迎财神！2018财运满满，狗年财气旺！ ​		,当时我就震惊了,//weibo.com/1764222885/G3XzDitUc?refer_flag=1001030103_
集体行动; 2018-02-20; 1; 25,155,		【 接财神 … 】 ​		,中国书画诗词院,//weibo.com/2804506181/G3XyS0NGs?refer_flag=1001030103_
集体行动; 2018-02-20; 1; 25,156,		原来这就是风一样的男人 http://t.cn/RRDmNaz ​		,土味老爹,//weibo.com/5870045839/G3XAgi4Ou?refer_flag=1001030103_
集体行动; 2018-02-20; 1; 25,157,		【实用！快离家了，九图教你整理行李箱】转眼又快离家，老妈总怕你少这少那，恨不得让你把一切都打包带回去？①箱底放硬质重物；②顶层放柔软衣物；③薄衣服卷成卷、外套对折避免褶皱；④洗漱用品等零碎装进化妆包……戳图↓超实用装箱技能！学起来！ @人民日报 ​		,新华网,//weibo.com/2810373291/G3XyHoG1l?refer_flag=1001030103_
集体行动; 2018-02-20; 1; 25,158,		(⺣◡⺣)初五♡恭喜发财！点赞财神到你家(ˊo̶̶̷ᴗo̶̶̷`) ​		,PINK-EVER,//weibo.com/2877075154/G3Xwkf6hY?refer_flag=1001030103_
集体行动; 2018-02-20; 1; 25,159,		【这才是中国风骨】“不要人夸颜色好，只留清气满乾坤。” 这几年，谭维维一直坚持传递中国民族文化之美，用音乐实力展现经典文化的独特魅力。在经典咏流传的舞台上，她用20年沉淀绽放《墨梅》风骨。戳视频↓一起聆听！http://t.cn/RRDWFZq ​		,人民日报,//weibo.com/2803301701/G3XEam5vR?refer_flag=1001030103_
集体行动; 2018-02-20; 1; 25,160,		年初五，赢财神！祝首页各位财源滚滚来 ​		,我的前任是极品,//weibo.com/2182038504/G3XFf5kxh?refer_flag=1001030103_
集体行动; 2018-02-20; 1; 25,161,		【实用！快离家了，九图教你整理行李箱】转眼又快离家，老妈总怕你少这少那，恨不得让你把一切都打包带回去？①箱底放硬质重物；②顶层放柔软衣物；③薄衣服卷成卷、外套对折避免褶皱；④洗漱用品等零碎装进化妆包……戳图↓超实用装箱技能！学起来！ @人民日报 ​		,新华网,//weibo.com/2810373291/G3XyHoG1l?refer_flag=1001030103_
集体行动; 2018-02-20; 1; 25,162,		把它学会了，孩子过生日时做给他看肯定很喜欢！http://t.cn/RRDmCz4 ​		,最神奇的视频,//weibo.com/2141823055/G3XAdkyOF?refer_flag=1001030103_
集体行动; 2018-02-20; 1; 25,163,		初五接财神了，这点信仰还是要有的！快把自己的照片放中间！ ​		,丁一晨DYC,//weibo.com/1810632930/G3XxzFU3h?refer_flag=1001030103_
集体行动; 2018-02-20; 1; 25,164,		初五接财神了，这点信仰还是要有的！快把自己的照片放中间！ ​		,丁一晨DYC,//weibo.com/1810632930/G3XxzFU3h?refer_flag=1001030103_
集体行动; 2018-02-20; 1; 25,165,		年初五，赢财神！祝首页各位财源滚滚来 ​		,我的前任是极品,//weibo.com/2182038504/G3XFf5kxh?refer_flag=1001030103_
集体行动; 2018-02-20; 1; 25,166,		【实用！快离家了，九图教你整理行李箱】转眼又快离家，老妈总怕你少这少那，恨不得让你把一切都打包带回去？①箱底放硬质重物；②顶层放柔软衣物；③薄衣服卷成卷、外套对折避免褶皱；④洗漱用品等零碎装进化妆包……戳图↓超实用装箱技能！学起来！ @人民日报 ​		,新华网,//weibo.com/2810373291/G3XyHoG1l?refer_flag=1001030103_
集体行动; 2018-02-20; 1; 25,167,		【这才是中国风骨】“不要人夸颜色好，只留清气满乾坤。” 这几年，谭维维一直坚持传递中国民族文化之美，用音乐实力展现经典文化的独特魅力。在经典咏流传的舞台上，她用20年沉淀绽放《墨梅》风骨。戳视频↓一起聆听！http://t.cn/RRDWFZq ​		,人民日报,//weibo.com/2803301701/G3XEam5vR?refer_flag=1001030103_
集体行动; 2018-02-20; 1; 25,168,		原来这就是风一样的男人 http://t.cn/RRDmNaz ​		,土味老爹,//weibo.com/5870045839/G3XAgi4Ou?refer_flag=1001030103_
集体行动; 2018-02-20; 1; 25,169,		初五接财神了，这点信仰还是要有的！快把自己的照片放中间！ ​		,丁一晨DYC,//weibo.com/1810632930/G3XxzFU3h?refer_flag=1001030103_
集体行动; 2018-02-20; 1; 25,170,		【这才是中国风骨】“不要人夸颜色好，只留清气满乾坤。” 这几年，谭维维一直坚持传递中国民族文化之美，用音乐实力展现经典文化的独特魅力。在经典咏流传的舞台上，她用20年沉淀绽放《墨梅》风骨。戳视频↓一起聆听！http://t.cn/RRDWFZq ​		,人民日报,//weibo.com/2803301701/G3XEam5vR?refer_flag=1001030103_
集体行动; 2018-02-20; 1; 25,171,		(⺣◡⺣)初五♡恭喜发财！点赞财神到你家(ˊo̶̶̷ᴗo̶̶̷`) ​		,PINK-EVER,//weibo.com/2877075154/G3Xwkf6hY?refer_flag=1001030103_
集体行动; 2018-02-20; 1; 25,172,		原来这就是风一样的男人 http://t.cn/RRDmNaz ​		,土味老爹,//weibo.com/5870045839/G3XAgi4Ou?refer_flag=1001030103_
集体行动; 2018-02-20; 1; 25,173,		年初五，赢财神！祝首页各位财源滚滚来 ​		,我的前任是极品,//weibo.com/2182038504/G3XFf5kxh?refer_flag=1001030103_
集体行动; 2018-02-20; 1; 25,174,		【实用！快离家了，九图教你整理行李箱】转眼又快离家，老妈总怕你少这少那，恨不得让你把一切都打包带回去？①箱底放硬质重物；②顶层放柔软衣物；③薄衣服卷成卷、外套对折避免褶皱；④洗漱用品等零碎装进化妆包……戳图↓超实用装箱技能！学起来！ @人民日报 ​		,新华网,//weibo.com/2810373291/G3XyHoG1l?refer_flag=1001030103_
集体行动; 2018-02-20; 1; 25,175,		大年初五，转发迎财神！2018财运满满，狗年财气旺！ ​		,当时我就震惊了,//weibo.com/1764222885/G3XzDitUc?refer_flag=1001030103_
集体行动; 2018-02-20; 1; 25,176,		初五接财神爷，转了18年都暴富～～～ ​		,大亨,//weibo.com/5859973320/G3XzywFN0?refer_flag=1001030103_
集体行动; 2018-02-20; 1; 25,177,		年初五，赢财神！祝首页各位财源滚滚来 ​		,我的前任是极品,//weibo.com/2182038504/G3XFf5kxh?refer_flag=1001030103_
集体行动; 2018-02-20; 1; 25,178,		【 接财神 … 】 ​		,中国书画诗词院,//weibo.com/2804506181/G3XyS0NGs?refer_flag=1001030103_
集体行动; 2018-02-20; 1; 25,179,		原来这就是风一样的男人 http://t.cn/RRDmNaz ​		,土味老爹,//weibo.com/5870045839/G3XAgi4Ou?refer_flag=1001030103_
集体行动; 2018-02-20; 1; 25,180,		(⺣◡⺣)初五♡恭喜发财！点赞财神到你家(ˊo̶̶̷ᴗo̶̶̷`) ​		,PINK-EVER,//weibo.com/2877075154/G3Xwkf6hY?refer_flag=1001030103_
集体行动; 2018-02-20; 1; 25,181,		【这才是中国风骨】“不要人夸颜色好，只留清气满乾坤。” 这几年，谭维维一直坚持传递中国民族文化之美，用音乐实力展现经典文化的独特魅力。在经典咏流传的舞台上，她用20年沉淀绽放《墨梅》风骨。戳视频↓一起聆听！http://t.cn/RRDWFZq ​		,人民日报,//weibo.com/2803301701/G3XEam5vR?refer_flag=1001030103_
集体行动; 2018-02-20; 1; 25,182,		【实用！快离家了，九图教你整理行李箱】转眼又快离家，老妈总怕你少这少那，恨不得让你把一切都打包带回去？①箱底放硬质重物；②顶层放柔软衣物；③薄衣服卷成卷、外套对折避免褶皱；④洗漱用品等零碎装进化妆包……戳图↓超实用装箱技能！学起来！ @人民日报 ​		,新华网,//weibo.com/2810373291/G3XyHoG1l?refer_flag=1001030103_
集体行动; 2018-02-20; 1; 25,183,		初五接财神了，这点信仰还是要有的！快把自己的照片放中间！ ​		,丁一晨DYC,//weibo.com/1810632930/G3XxzFU3h?refer_flag=1001030103_
集体行动; 2018-02-20; 1; 25,184,		大年初五，转发迎财神！2018财运满满，狗年财气旺！ ​		,当时我就震惊了,//weibo.com/1764222885/G3XzDitUc?refer_flag=1001030103_
集体行动; 2018-02-20; 1; 25,185,		把它学会了，孩子过生日时做给他看肯定很喜欢！http://t.cn/RRDmCz4 ​		,最神奇的视频,//weibo.com/2141823055/G3XAdkyOF?refer_flag=1001030103_
集体行动; 2018-02-20; 1; 25,186,		【实用！快离家了，九图教你整理行李箱】转眼又快离家，老妈总怕你少这少那，恨不得让你把一切都打包带回去？①箱底放硬质重物；②顶层放柔软衣物；③薄衣服卷成卷、外套对折避免褶皱；④洗漱用品等零碎装进化妆包……戳图↓超实用装箱技能！学起来！ @人民日报 ​		,新华网,//weibo.com/2810373291/G3XyHoG1l?refer_flag=1001030103_
集体行动; 2018-02-20; 1; 25,187,		【 接财神 … 】 ​		,中国书画诗词院,//weibo.com/2804506181/G3XyS0NGs?refer_flag=1001030103_
集体行动; 2018-02-20; 1; 25,188,		年初五，赢财神！祝首页各位财源滚滚来 ​		,我的前任是极品,//weibo.com/2182038504/G3XFf5kxh?refer_flag=1001030103_
集体行动; 2018-02-20; 1; 25,189,		【 接财神 … 】 ​		,中国书画诗词院,//weibo.com/2804506181/G3XyS0NGs?refer_flag=1001030103_
集体行动; 2018-02-20; 1; 25,190,		把它学会了，孩子过生日时做给他看肯定很喜欢！http://t.cn/RRDmCz4 ​		,最神奇的视频,//weibo.com/2141823055/G3XAdkyOF?refer_flag=1001030103_
集体行动; 2018-02-20; 1; 25,191,		大年初五，转发迎财神！2018财运满满，狗年财气旺！ ​		,当时我就震惊了,//weibo.com/1764222885/G3XzDitUc?refer_flag=1001030103_
集体行动; 2018-02-20; 1; 25,192,		【实用！快离家了，九图教你整理行李箱】转眼又快离家，老妈总怕你少这少那，恨不得让你把一切都打包带回去？①箱底放硬质重物；②顶层放柔软衣物；③薄衣服卷成卷、外套对折避免褶皱；④洗漱用品等零碎装进化妆包……戳图↓超实用装箱技能！学起来！ @人民日报 ​		,新华网,//weibo.com/2810373291/G3XyHoG1l?refer_flag=1001030103_
集体行动; 2018-02-20; 1; 25,193,		【这才是中国风骨】“不要人夸颜色好，只留清气满乾坤。” 这几年，谭维维一直坚持传递中国民族文化之美，用音乐实力展现经典文化的独特魅力。在经典咏流传的舞台上，她用20年沉淀绽放《墨梅》风骨。戳视频↓一起聆听！http://t.cn/RRDWFZq ​		,人民日报,//weibo.com/2803301701/G3XEam5vR?refer_flag=1001030103_
集体行动; 2018-02-20; 1; 25,194,		初五接财神了，这点信仰还是要有的！快把自己的照片放中间！ ​		,丁一晨DYC,//weibo.com/1810632930/G3XxzFU3h?refer_flag=1001030103_
集体行动; 2018-02-20; 1; 25,195,		【 接财神 … 】 ​		,中国书画诗词院,//weibo.com/2804506181/G3XyS0NGs?refer_flag=1001030103_
集体行动; 2018-02-20; 1; 25,196,		(⺣◡⺣)初五♡恭喜发财！点赞财神到你家(ˊo̶̶̷ᴗo̶̶̷`) ​		,PINK-EVER,//weibo.com/2877075154/G3Xwkf6hY?refer_flag=1001030103_
集体行动; 2018-02-20; 1; 25,197,		【实用！快离家了，九图教你整理行李箱】转眼又快离家，老妈总怕你少这少那，恨不得让你把一切都打包带回去？①箱底放硬质重物；②顶层放柔软衣物；③薄衣服卷成卷、外套对折避免褶皱；④洗漱用品等零碎装进化妆包……戳图↓超实用装箱技能！学起来！ @人民日报 ​		,新华网,//weibo.com/2810373291/G3XyHoG1l?refer_flag=1001030103_
集体行动; 2018-02-20; 1; 25,198,		初五接财神爷，转了18年都暴富～～～ ​		,大亨,//weibo.com/5859973320/G3XzywFN0?refer_flag=1001030103_
集体行动; 2018-02-20; 1; 25,199,		把它学会了，孩子过生日时做给他看肯定很喜欢！http://t.cn/RRDmCz4 ​		,最神奇的视频,//weibo.com/2141823055/G3XAdkyOF?refer_flag=1001030103_
集体行动; 2018-02-20; 1; 25,200,		【实用！快离家了，九图教你整理行李箱】转眼又快离家，老妈总怕你少这少那，恨不得让你把一切都打包带回去？①箱底放硬质重物；②顶层放柔软衣物；③薄衣服卷成卷、外套对折避免褶皱；④洗漱用品等零碎装进化妆包……戳图↓超实用装箱技能！学起来！ @人民日报 ​		,新华网,//weibo.com/2810373291/G3XyHoG1l?refer_flag=1001030103_
集体行动; 2018-02-20; 1; 25,201,		【 接财神 … 】 ​		,中国书画诗词院,//weibo.com/2804506181/G3XyS0NGs?refer_flag=1001030103_
集体行动; 2018-02-20; 1; 25,202,		初五接财神爷，转了18年都暴富～～～ ​		,大亨,//weibo.com/5859973320/G3XzywFN0?refer_flag=1001030103_
集体行动; 2018-02-20; 1; 25,203,		(⺣◡⺣)初五♡恭喜发财！点赞财神到你家(ˊo̶̶̷ᴗo̶̶̷`) ​		,PINK-EVER,//weibo.com/2877075154/G3Xwkf6hY?refer_flag=1001030103_
集体行动; 2018-02-20; 1; 25,204,		【 接财神 … 】 ​		,中国书画诗词院,//weibo.com/2804506181/G3XyS0NGs?refer_flag=1001030103_
集体行动; 2018-02-20; 1; 25,205,		把它学会了，孩子过生日时做给他看肯定很喜欢！http://t.cn/RRDmCz4 ​		,最神奇的视频,//weibo.com/2141823055/G3XAdkyOF?refer_flag=1001030103_
集体行动; 2018-02-20; 1; 25,206,		初五接财神了，这点信仰还是要有的！快把自己的照片放中间！ ​		,丁一晨DYC,//weibo.com/1810632930/G3XxzFU3h?refer_flag=1001030103_
集体行动; 2018-02-20; 1; 25,207,		(⺣◡⺣)初五♡恭喜发财！点赞财神到你家(ˊo̶̶̷ᴗo̶̶̷`) ​		,PINK-EVER,//weibo.com/2877075154/G3Xwkf6hY?refer_flag=1001030103_
集体行动; 2018-02-20; 1; 25,208,		大年初五，转发迎财神！2018财运满满，狗年财气旺！ ​		,当时我就震惊了,//weibo.com/1764222885/G3XzDitUc?refer_flag=1001030103_
集体行动; 2018-02-20; 1; 25,209,		【 接财神 … 】 ​		,中国书画诗词院,//weibo.com/2804506181/G3XyS0NGs?refer_flag=1001030103_
集体行动; 2018-02-20; 1; 25,210,		年初五，赢财神！祝首页各位财源滚滚来 ​		,我的前任是极品,//weibo.com/2182038504/G3XFf5kxh?refer_flag=1001030103_
集体行动; 2018-02-20; 1; 25,211,		大年初五，转发迎财神！2018财运满满，狗年财气旺！ ​		,当时我就震惊了,//weibo.com/1764222885/G3XzDitUc?refer_flag=1001030103_
集体行动; 2018-02-20; 1; 25,212,		把它学会了，孩子过生日时做给他看肯定很喜欢！http://t.cn/RRDmCz4 ​		,最神奇的视频,//weibo.com/2141823055/G3XAdkyOF?refer_flag=1001030103_
集体行动; 2018-02-20; 1; 25,213,		(⺣◡⺣)初五♡恭喜发财！点赞财神到你家(ˊo̶̶̷ᴗo̶̶̷`) ​		,PINK-EVER,//weibo.com/2877075154/G3Xwkf6hY?refer_flag=1001030103_
集体行动; 2018-02-20; 1; 25,214,		初五接财神了，这点信仰还是要有的！快把自己的照片放中间！ ​		,丁一晨DYC,//weibo.com/1810632930/G3XxzFU3h?refer_flag=1001030103_
集体行动; 2018-02-20; 1; 25,215,		原来这就是风一样的男人 http://t.cn/RRDmNaz ​		,土味老爹,//weibo.com/5870045839/G3XAgi4Ou?refer_flag=1001030103_
集体行动; 2018-02-20; 1; 25,216,		初五接财神爷，转了18年都暴富～～～ ​		,大亨,//weibo.com/5859973320/G3XzywFN0?refer_flag=1001030103_
集体行动; 2018-02-20; 1; 25,217,		【这才是中国风骨】“不要人夸颜色好，只留清气满乾坤。” 这几年，谭维维一直坚持传递中国民族文化之美，用音乐实力展现经典文化的独特魅力。在经典咏流传的舞台上，她用20年沉淀绽放《墨梅》风骨。戳视频↓一起聆听！http://t.cn/RRDWFZq ​		,人民日报,//weibo.com/2803301701/G3XEam5vR?refer_flag=1001030103_
集体行动; 2018-02-20; 1; 25,218,		(⺣◡⺣)初五♡恭喜发财！点赞财神到你家(ˊo̶̶̷ᴗo̶̶̷`) ​		,PINK-EVER,//weibo.com/2877075154/G3Xwkf6hY?refer_flag=1001030103_
集体行动; 2018-02-20; 1; 25,219,		年初五，赢财神！祝首页各位财源滚滚来 ​		,我的前任是极品,//weibo.com/2182038504/G3XFf5kxh?refer_flag=1001030103_
集体行动; 2018-02-20; 1; 25,220,		【 接财神 … 】 ​		,中国书画诗词院,//weibo.com/2804506181/G3XyS0NGs?refer_flag=1001030103_
集体行动; 2018-02-20; 1; 25,221,		初五接财神了，这点信仰还是要有的！快把自己的照片放中间！ ​		,丁一晨DYC,//weibo.com/1810632930/G3XxzFU3h?refer_flag=1001030103_
集体行动; 2018-02-20; 1; 25,222,		【实用！快离家了，九图教你整理行李箱】转眼又快离家，老妈总怕你少这少那，恨不得让你把一切都打包带回去？①箱底放硬质重物；②顶层放柔软衣物；③薄衣服卷成卷、外套对折避免褶皱；④洗漱用品等零碎装进化妆包……戳图↓超实用装箱技能！学起来！ @人民日报 ​		,新华网,//weibo.com/2810373291/G3XyHoG1l?refer_flag=1001030103_
集体行动; 2018-02-20; 1; 25,223,		(⺣◡⺣)初五♡恭喜发财！点赞财神到你家(ˊo̶̶̷ᴗo̶̶̷`) ​		,PINK-EVER,//weibo.com/2877075154/G3Xwkf6hY?refer_flag=1001030103_
集体行动; 2018-02-20; 1; 25,224,		把它学会了，孩子过生日时做给他看肯定很喜欢！http://t.cn/RRDmCz4 ​		,最神奇的视频,//weibo.com/2141823055/G3XAdkyOF?refer_flag=1001030103_
集体行动; 2018-02-20; 1; 25,225,		年初五，赢财神！祝首页各位财源滚滚来 ​		,我的前任是极品,//weibo.com/2182038504/G3XFf5kxh?refer_flag=1001030103_
集体行动; 2018-02-20; 1; 25,226,		【这才是中国风骨】“不要人夸颜色好，只留清气满乾坤。” 这几年，谭维维一直坚持传递中国民族文化之美，用音乐实力展现经典文化的独特魅力。在经典咏流传的舞台上，她用20年沉淀绽放《墨梅》风骨。戳视频↓一起聆听！http://t.cn/RRDWFZq ​		,人民日报,//weibo.com/2803301701/G3XEam5vR?refer_flag=1001030103_
集体行动; 2018-02-20; 1; 25,227,		大年初五，转发迎财神！2018财运满满，狗年财气旺！ ​		,当时我就震惊了,//weibo.com/1764222885/G3XzDitUc?refer_flag=1001030103_
集体行动; 2018-02-20; 1; 25,228,		(⺣◡⺣)初五♡恭喜发财！点赞财神到你家(ˊo̶̶̷ᴗo̶̶̷`) ​		,PINK-EVER,//weibo.com/2877075154/G3Xwkf6hY?refer_flag=1001030103_
集体行动; 2018-02-20; 1; 25,229,		【实用！快离家了，九图教你整理行李箱】转眼又快离家，老妈总怕你少这少那，恨不得让你把一切都打包带回去？①箱底放硬质重物；②顶层放柔软衣物；③薄衣服卷成卷、外套对折避免褶皱；④洗漱用品等零碎装进化妆包……戳图↓超实用装箱技能！学起来！ @人民日报 ​		,新华网,//weibo.com/2810373291/G3XyHoG1l?refer_flag=1001030103_
集体行动; 2018-02-20; 1; 25,230,		原来这就是风一样的男人 http://t.cn/RRDmNaz ​		,土味老爹,//weibo.com/5870045839/G3XAgi4Ou?refer_flag=1001030103_
集体行动; 2018-02-20; 1; 25,231,		【 接财神 … 】 ​		,中国书画诗词院,//weibo.com/2804506181/G3XyS0NGs?refer_flag=1001030103_
集体行动; 2018-02-20; 1; 25,232,		初五接财神了，这点信仰还是要有的！快把自己的照片放中间！ ​		,丁一晨DYC,//weibo.com/1810632930/G3XxzFU3h?refer_flag=1001030103_
集体行动; 2018-02-20; 1; 25,233,		大年初五，转发迎财神！2018财运满满，狗年财气旺！ ​		,当时我就震惊了,//weibo.com/1764222885/G3XzDitUc?refer_flag=1001030103_
集体行动; 2018-02-20; 1; 25,234,		初五接财神爷，转了18年都暴富～～～ ​		,大亨,//weibo.com/5859973320/G3XzywFN0?refer_flag=1001030103_
集体行动; 2018-02-20; 1; 25,235,		大年初五，转发迎财神！2018财运满满，狗年财气旺！ ​		,当时我就震惊了,//weibo.com/1764222885/G3XzDitUc?refer_flag=1001030103_
集体行动; 2018-02-20; 1; 25,236,		【这才是中国风骨】“不要人夸颜色好，只留清气满乾坤。” 这几年，谭维维一直坚持传递中国民族文化之美，用音乐实力展现经典文化的独特魅力。在经典咏流传的舞台上，她用20年沉淀绽放《墨梅》风骨。戳视频↓一起聆听！http://t.cn/RRDWFZq ​		,人民日报,//weibo.com/2803301701/G3XEam5vR?refer_flag=1001030103_
集体行动; 2018-02-20; 1; 25,237,		初五接财神了，这点信仰还是要有的！快把自己的照片放中间！ ​		,丁一晨DYC,//weibo.com/1810632930/G3XxzFU3h?refer_flag=1001030103_
集体行动; 2018-02-20; 1; 25,238,		【实用！快离家了，九图教你整理行李箱】转眼又快离家，老妈总怕你少这少那，恨不得让你把一切都打包带回去？①箱底放硬质重物；②顶层放柔软衣物；③薄衣服卷成卷、外套对折避免褶皱；④洗漱用品等零碎装进化妆包……戳图↓超实用装箱技能！学起来！ @人民日报 ​		,新华网,//weibo.com/2810373291/G3XyHoG1l?refer_flag=1001030103_
集体行动; 2018-02-20; 1; 25,239,		年初五，赢财神！祝首页各位财源滚滚来 ​		,我的前任是极品,//weibo.com/2182038504/G3XFf5kxh?refer_flag=1001030103_
集体行动; 2018-02-20; 1; 25,240,		【 接财神 … 】 ​		,中国书画诗词院,//weibo.com/2804506181/G3XyS0NGs?refer_flag=1001030103_
集体行动; 2018-02-20; 1; 25,241,		【实用！快离家了，九图教你整理行李箱】转眼又快离家，老妈总怕你少这少那，恨不得让你把一切都打包带回去？①箱底放硬质重物；②顶层放柔软衣物；③薄衣服卷成卷、外套对折避免褶皱；④洗漱用品等零碎装进化妆包……戳图↓超实用装箱技能！学起来！ @人民日报 ​		,新华网,//weibo.com/2810373291/G3XyHoG1l?refer_flag=1001030103_
集体行动; 2018-02-20; 1; 25,242,		【这才是中国风骨】“不要人夸颜色好，只留清气满乾坤。” 这几年，谭维维一直坚持传递中国民族文化之美，用音乐实力展现经典文化的独特魅力。在经典咏流传的舞台上，她用20年沉淀绽放《墨梅》风骨。戳视频↓一起聆听！http://t.cn/RRDWFZq ​		,人民日报,//weibo.com/2803301701/G3XEam5vR?refer_flag=1001030103_
集体行动; 2018-02-20; 1; 25,243,		初五接财神爷，转了18年都暴富～～～ ​		,大亨,//weibo.com/5859973320/G3XzywFN0?refer_flag=1001030103_
