query,Post ID,Post Content,nickname,link
示威; 2018-02-20; 1; 25,1,#中国赞##公益资讯#目前，印尼境内的苏门答腊虎只留存不到400只。近日，印尼雅加达，“绿色和平”组织的成员身着老虎装抱树参加抗议示威，呼吁政府加大措施保护苏门答腊虎。想问问大家对此事有何看法t.cn/zOllWcd ​		,爱Vision_44302,//weibo.com/3391388894/G3XEv0dBN?refer_flag=1001030103_
示威; 2018-02-20; 1; 25,2,		【视频】美国佛罗里达州校园枪击案，引发学生示威，要求当局收紧枪枝管制。在多方压力下，总统特朗普表示，支持对拥枪者实施更严厉的背景审查。http://t.cn/RRDn6Ru ​		,8频道新闻新加坡,//weibo.com/3701555977/G3XxPAt2v?refer_flag=1001030103_
示威; 2018-02-20; 1; 25,3,		考没有丝毫错乱。摇头道：“我以为慕容垂是要逞威风哩！特ULC997别是向徐爷示威，因为徐爷争 ​		,青春的朱璇XXZ,//weibo.com/6224913822/G3XtlwKRb?refer_flag=1001030103_
示威; 2018-02-20; 1; 25,4,		//@唱响内蒙古大学:“近朱者赤，近墨者黑”，像内蒙古大学让冯福林（为了捞钱招生造假已经违纪违法至今逍遥法外不说，还在网上上蹿下跳很是活跃！）负责学生工作能搞好吗？更奇葩的是冯福林竟被内大评为“教书育人”的先进！不知道内大党委书记朱炳文想要干什么？向谁示威？这场闹剧还要演到何时收场？		,拯救内大,//weibo.com/2974325495/FerWA9nsj?refer_flag=1001030103_
示威; 2018-02-20; 1; 25,5,	  【非思政课专业教师应特别增强授课中的思想政治教育意识】专业课的教学过程也是育人过程，需要从思想政治教育的高度，把好方向、把牢大局，认识到自身的世界观、价值倾向和道德品行会影响青年学生，甚至自身不经意的一句话，一个动作，处理的一件小事都会给学生一生留下印象、产生影响。via红旗文稿 ​	,NA,//weibo.com/1986080860/G3XrJEZnq?refer_flag=1001030103_
示威; 2018-02-20; 1; 25,6,@吴彤 你为什么关微博评论……你在怕些什么……为什么删掉艾特小源的微博……敢公开diss就别怕啊……还有王牌对王牌官方编辑的微博为什么会艾特错人……你们在示威给谁看……不许任何人欺负我们的小可爱……他还是未成年……从此拉黑关于你们的一切…… ​		,源嘟嘟的小白,//weibo.com/5237705065/G3XjQ4zxb?refer_flag=1001030103_
示威; 2018-02-20; 1; 25,7,@Mr_凡先生 @M鹿M @TFBOYS-王俊凯 @王思聪 @努力努力再努力x @陈欧 你们要是把我惹急了，我就去跳楼示威,我只不过是疯了,//weibo.com/5501429448/G3XisDQkJ?refer_flag=1001030103_
示威; 2018-02-20; 1; 25,8,	  饿，大过年的，给我条鱼鱼。。 http://t.cn/RRDj8sV ​	,NA,//weibo.com/6190937326/G3XjbyNo6?refer_flag=1001030103_
示威; 2018-02-20; 1; 25,9,"		Picket, 是抗议示威的意思。美国编剧协会跟电影电视制作人联盟的谈判失败，决定举行抗议示威， ""Writers in Los Angeles plan to picket outside of 14 studios until a new deal is reached."" 在洛杉矶，剧作家们计划在14个制片公司外面抗议，直到达成新协议为止。		",那叫个啥啊,//weibo.com/5092177710/G3WzOv3fU?refer_flag=1001030103_
示威; 2018-02-20; 1; 25,10,"今天我们要学的词是picket [ˈpɪkɪt] 。 Picket, 是抗议示威的意思。美国编剧协会跟电影电视制作人联盟的谈判失败，决定举行抗议示威， ""Writers in Los Angeles plan to picket outside of 14 studios until a new deal is reached."" 在洛杉矶，剧作家们计划在14个制片公司外面抗议，直到达成 ​		...展开全文c",NA,//weibo.com/2312816277/G3Xj0j7Aw?refer_flag=1001030103_
示威; 2018-02-20; 1; 25,11,		【乌克兰历史】基辅独立广场原工会大楼在2014年尊严革命期间，示威者们驻扎在这里，数百位伤者在此接受医生和志愿者们的治疗和帮助。但在2014年2月18日当晚，反示威者聚集在这里，攻击该建筑，造成巨大火灾。众多伤者因此无法逃离。而位于楼外的救援人员也因为火势太大无法靠近建筑物，更没有办法 ​			...展开全文c,乌克兰驻华大使馆文化中心,//weibo.com/5232271465/G3XeD4M9m?refer_flag=1001030103_
示威; 2018-02-20; 1; 25,12,		每次都示威，每次都没下文		,王海鹏Seal,//weibo.com/3176804502/G3X0zCtNL?refer_flag=1001030103_
示威; 2018-02-20; 1; 25,13,	  今天（2月19日）当地时间上午，在佛罗里达校园枪击案后，一群美国中学生总统府白宫前集会示威，向政界施压改革枪支管控法律，他们还在白宫前的水泥地躺下来要求总统采取行动。… http://t.cn/RRDOOzP ​	,NA,//weibo.com/1632016961/G3X4VqNwQ?refer_flag=1001030103_
示威; 2018-02-20; 1; 25,14,		今天（2月19日）当地时间上午，在佛罗里达校园枪击案后，一群美国中学生总统府白宫前集会示威，向政界施压改革枪支管控法律，他们还在白宫前的水泥地躺下来要求总统采取行动。… http://t.cn/RRDOOzP ​		,况秀猛,//weibo.com/3176804502/G3X0zCtNL?refer_flag=1001030103_
示威; 2018-02-20; 1; 25,15,		算了，不用向你示威，且是测试你在边荒集的影响力DIT752。” ​		,差距童鞋鱼,//weibo.com/6437836153/G3WUZB3f2?refer_flag=1001030103_
示威; 2018-02-20; 1; 25,16,		吴彤你是在示威吗,大部分时间都在学习的KYO,//weibo.com//G3UtTlyj3?refer_flag=1001030103_
示威; 2018-02-20; 1; 25,17,	  抱歉，由于作者设置，你暂时没有这条微博的查看权限哦。查看帮助：http://t.cn/RfdBJrG ​	,NA,//weibo.com/5873574627/G3WRWuSSO?refer_flag=1001030103_
示威; 2018-02-20; 1; 25,18,		发表了一篇转载博文《[转载]示威》http://t.cn/RRD9vzK ​		,好想云雨9,//weibo.com/6407117199/G3WBKr0gm?refer_flag=1001030103_
示威; 2018-02-20; 1; 25,19,"今天我们要学的词是picket [ˈpɪkɪt] 。 Picket, 是抗议示威的意思。美国编剧协会跟电影电视制作人联盟的谈判失败，决定举行抗议示威， ""Writers in Los Angeles plan to picket outside of 14 studios until a new deal is reached."" 在洛杉矶，剧作家们计划在14个制片公司外面抗议，直到达成 ​			...展开全文c",英语舌,//weibo.com/5092177710/G3WzOv3fU?refer_flag=1001030103_
示威; 2018-02-20; 1; 25,20,		世界观都要崩塌了 西游记的版权真的给他们了吗 这样瞎演西游记 毁了我们的西游记 这是韩国向中国示威？？？		,那些可悲而又傻X的执着,//weibo.com/3985287068/G3y0l0VNa?refer_flag=1001030103_
示威; 2018-02-20; 1; 25,21,#李昇基# #吴涟序#《#花游记#》第15集船戏难道剧情是这样的吗？先是三藏诱惑，说时迟那时快，我们悟空一个翻身，轻抚三藏面颊，接着三藏为悟空宽衣……死守今晚直播！！！ ​​​​	,NA,//weibo.com/1912535993/G3WjurRoQ?refer_flag=1001030103_
示威; 2018-02-20; 1; 25,22,#华晨宇第一# 【电影#法外之徒#】影片以1962年，法国政府被迫承认阿尔及利亚独立的这段历史为背景，讲述三兄弟因参与独立运动而各奔东西的故事。在戛纳电影节上映时有超过千名示威者手拿标语在影院外抗议，他们指责政府允许这样一部反法的影片在法国公映。 ​		,夏之谦生活汇,//weibo.com/2098999867/G3WfRe8Bq?refer_flag=1001030103_
示威; 2018-02-20; 1; 25,23,		//分享网易新闻:《校园枪击案频发 美国学生示威要求修改法令控枪 》 http://t.cn/RRDaRMQ @网易新闻客户端 #网易新闻#好 ​		,飞立王人,//weibo.com/6079106806/G3Wfd3aaj?refer_flag=1001030103_
示威; 2018-02-20; 1; 25,24,#中国赞##公益资讯#目前，印尼境内的苏门答腊虎只留存不到400只。近日，印尼雅加达，“绿色和平”组织的成员身着老虎装抱树参加抗议示威，呼吁政府加大措施保护苏门答腊虎。想问问大家对此事有何看法t.cn/zOllWcd ​		,松松大人ohyeah,//weibo.com/5267768796/G3W1EmAOY?refer_flag=1001030103_
示威; 2018-02-20; 1; 25,25,#中国赞##公益资讯#目前，印尼境内的苏门答腊虎只留存不到400只。近日，印尼雅加达，“绿色和平”组织的成员身着老虎装抱树参加抗议示威，呼吁政府加大措施保护苏门答腊虎。想问问大家对此事有何看法t.cn/zOllWcd ​		,蓝紫花雨,//weibo.com/2631068620/G3VZ0DPlq?refer_flag=1001030103_
示威; 2018-02-20; 1; 25,26,		?内马车上淫杀媚娘，然后以特殊手法令马儿WRT944临死前拖着车子往边荒集奔来，向我们示威。? ​		,御姐范病例毓,//weibo.com/6432968254/G3VWz6t5C?refer_flag=1001030103_
示威; 2018-02-20; 1; 25,27,		严厉控枪诉求升级  美国学生策划全国示威 ​		,婉儿的维度,//weibo.com/3085542327/G3VSk7xTo?refer_flag=1001030103_
示威; 2018-02-20; 1; 25,28,		有些猴子你假意吵输～他还兴高采烈的以胜利者的姿态～问你怎么样～就像猴子抢了你手中的香蕉～还要来示威一样～挺有趣的～ http://t.cn/R2d4L4G ​		,鬼灵雾,//weibo.com/1760486130/G3VRszQI4?refer_flag=1001030103_
示威; 2018-02-20; 1; 25,29,		//@时事-辩论会:【从伦敦到北京 英拉兄妹谋划卷土重来？】有分析人士认为，英拉兄妹突然露面显然不仅仅意味着要“庆祝春节”：他们应该会在2018年这个“大选年”有所作为。加之曼谷也在10日发生小规模示威，示威者要求军政府“尽快开始大选”。这就让外界的猜测逐渐变得相对合理起来。		,不重要789,//weibo.com/2056098365/G2A1U3E7T?refer_flag=1001030103_
示威; 2018-02-20; 1; 25,30,	  据泰国《每日新闻》（Daily News）报导，泰国前两届总理他信和莫拉兄妹俩，近日藉中国农历春节之机，飞赴中国北京探访友人，期间俩人还去了天安门附近的王府井步行街购物。据悉，兄妹将在中国待到春节。 ​	,NA,//weibo.com/3028228322/G3VKm34mg?refer_flag=1001030103_
示威; 2018-02-20; 1; 25,31,		从女绿不经证实的诬陷可以看得出加拿大华人的政治地位如何了//@青苔树懒Q: 一个女msl说被华裔威胁要摘掉头巾，结果华裔成了政客和媒体的围攻对象。事后女子承认虚构故事，政客和媒体就当什么都没发生过。//@Annie的春天公主:到底发生了什么事啊？这么多华人示威是因为什么？请知情者告诉我一下。谢谢！		,一个萝卜坑一筐土豆,//weibo.com/5603237555/G3TY4BIke?refer_flag=1001030103_
示威; 2018-02-20; 1; 25,32,	  【现场画面】2月18日，在渥太华国会山庄门口，几百华裔抗议加拿大政客在虚假头巾袭击事件中的言行，要求特鲁多总理道歉。 http://t.cn/RRD5M4Q ​	,NA,//weibo.com/6436483660/G3VHBwh52?refer_flag=1001030103_
示威; 2018-02-20; 1; 25,33,		动之以情，晓之以理，示之以威-《德川家康》。以前只闻前二，不知其三，即能示威，必有亲德、识道、勇谋，专注其事 ​		,卡诺普斯,//weibo.com/1261754411/G3VFC2U0a?refer_flag=1001030103_
示威; 2018-02-20; 1; 25,34,		强的巾帼，大有示威挑衅的味道，确令人疑惑。” 在座者都是QLA823久经场面的老江湖，思虑周? ​		,硪的袏手邊是你麽要阳光,//weibo.com/6220326534/G3VAO8PkC?refer_flag=1001030103_
示威; 2018-02-20; 1; 25,35,		【佛州校园枪击引数百DC青少年躺卧白宫前抗议】今天是一年一度的总统日。周一中午12：15，DC数百位青少年学生和家长自发组织到白宫前。其中，17名学生静卧在地上抗议示威，呼吁川普和两党领导人采取措施限制枪支管理，避免校园枪击事件再次发生。wjla ​		,华盛顿快报,//weibo.com/3214572481/G3Vnwnt2q?refer_flag=1001030103_
示威; 2018-02-20; 1; 25,36,		无休无止的噩梦被关进动物园猩猩处，恶霸猩猩追赶着我，想要吃我，还吃了幼猩向我示威，我死里逃生到二伯父家，遇到过完春节正要启程返程的他们，连母亲都在，他们说吃完粥就走了，我饥肠辘辘心力交瘁，他们却没问我吃不吃。场景切换到学校教师，我每天最后一个走，将每个教室里的垃圾都丢完，时常 ​			...展开全文c,玻璃拉链6486128114,//weibo.com/6486128114/G3Vgn7D8K?refer_flag=1001030103_
示威; 2018-02-20; 1; 25,37,		欢迎公子大驾光临，请登楼！” 梁定都一脸DIT752得意之色的别头，向众人示威和邀功，待要作? ​		,暗恋沉闷岚,//weibo.com/6443582697/G3VfK933j?refer_flag=1001030103_
示威; 2018-02-20; 1; 25,38,		021801一位老奶奶奔波于以色列军警和巴勒斯坦示威民众之间，充当起冲突的义务调停人。她时而伸出手指训斥扔石块的抗议者，时而走到荷枪实弹的以色列大兵面前，劝诫他们不要动武。在拉架期间，老奶奶还被抗议民众碰倒在地…但她最终阻止了一场战火！人性的光辉，和平的宝贵，感谢老奶奶的勇敢 ​			...展开全文c,因为所以之歌_608,//weibo.com/3695635205/G3VcsvbFb?refer_flag=1001030103_
示威; 2018-02-20; 1; 25,39,		一句“不过春节”都能从中读出宗教示威来，联想力丰富到扯J8蛋的地步了！//@王小山: 我匿了他ID啊，还要怎样？		,西风rhythm,//weibo.com/1497390470/G3S6NyyMZ?refer_flag=1001030103_
示威; 2018-02-20; 1; 25,40,	  什么叫虚伪，我有例子。 ​	,NA,//weibo.com/2338924601/G3V57rOCG?refer_flag=1001030103_
示威; 2018-02-20; 1; 25,41,#中国赞##公益资讯#目前，印尼境内的苏门答腊虎只留存不到400只。近日，印尼雅加达，“绿色和平”组织的成员身着老虎装抱树参加抗议示威，呼吁政府加大措施保护苏门答腊虎。想问问大家对此事有何看法t.cn/zOllWcd ​		,mm1304_601,//weibo.com/1972444513/G3UMif1nl?refer_flag=1001030103_
示威; 2018-02-20; 1; 25,42,		考没有丝毫错乱。摇头道：“我以为慕容垂是要逞威风哩！特QLA823别是向徐爷示威，因为徐爷争 ​		,儒雅的每天都想睡到自然醒的娃儿,//weibo.com/6141965912/G3UBdvyj0?refer_flag=1001030103_
示威; 2018-02-20; 1; 25,43,#中国赞##公益资讯#目前，印尼境内的苏门答腊虎只留存不到400只。近日，印尼雅加达，“绿色和平”组织的成员身着老虎装抱树参加抗议示威，呼吁政府加大措施保护苏门答腊虎。想问问大家对此事有何看法t.cn/zOllWcd ​		,谁还会想起我,//weibo.com/1804654553/G3Ux9e1f9?refer_flag=1001030103_
示威; 2018-02-20; 1; 25,44,		??之。而其发生的时间VPQ362，正值钟楼议会召开的一刻，更充满挑战示威的意图。 究竟是花妖继 ​		,得体小怪兽飘,//weibo.com/6437536990/G3Urf36OJ?refer_flag=1001030103_
示威; 2018-02-20; 1; 25,45,		乌克兰示威者“血洗”欧元!当地时间2014年2月3日，乌克兰基辅，乌克兰民主联盟成员及其他活动家在德意志银行前集会，要求这家银行停止与乌总统维克托·亚努科维奇家族之间的合作。 ​		,樵汐洪o悟滨,//weibo.com/2325481842/G3TYxkVDP?refer_flag=1001030103_
示威; 2018-02-20; 1; 25,46,		佛州枪击案幸存学生示威呼吁控枪，特朗普不接招 http://t.cn/RRDqfAg ​		,无名yoyo,//weibo.com/2601998952/G3TU5BDvO?refer_flag=1001030103_
示威; 2018-02-20; 1; 25,47,		//@子夜读味:再讲一个，2001年报中美南海撞机，中方牺牲一名飞行员。当时有人去美领馆示威，有几家媒体的记者去了现场，我也去了，刚到没多久，就听到一个便衣在角落打电话，说有五家报纸的人，没几分钟我接到领导电话让我撤。我当时真特玛震惊呀，他怎么知道有5家甚至我是谁都知道的？这说明我们根本		,75年的老虎,//weibo.com//G3QDeyijj?refer_flag=1001030103_
示威; 2018-02-20; 1; 25,48,	  抱歉，由于作者设置，你暂时没有这条微博的查看权限哦。查看帮助：http://t.cn/RfdBWwP ​	,NA,//weibo.com/2199282900/G3TRffer4?refer_flag=1001030103_
示威; 2018-02-20; 1; 25,49,@子夜读味:2001年报中美南海撞机，中方牺牲一名飞行员。当时有人去美领馆示威，有几家媒体的记者去了现场，我也去了，刚到没多久，就听到一个便衣在角落打电话，说有五家报纸的人，没几分钟我接到领导电话让我撤。我当时真特玛震惊呀，他怎么知道有5家甚至我是谁都知道的？这说明我们根本就是透明的		,神经浪游者南,//weibo.com//G3QDeyijj?refer_flag=1001030103_
示威; 2018-02-20; 1; 25,50,	  抱歉，由于作者设置，你暂时没有这条微博的查看权限哦。查看帮助：http://t.cn/RfdBWwP ​	,NA,//weibo.com/6448813950/G3TQgEXc1?refer_flag=1001030103_
示威; 2018-02-20; 1; 25,51,		星島標題：八大校長籲政府與學生對話 近千示威者夜圍特首辦 ​		,凡先生的A6478702023,//weibo.com/6478702023/G3TOHrHyC?refer_flag=1001030103_
示威; 2018-02-20; 1; 25,52,		//@子夜读味:2001年报中美南海撞机，中方牺牲一名飞行员。当时有人去美领馆示威，有几家媒体的记者去了现场，我也去了，刚到没多久，就听到一个便衣在角落打电话，说有五家报纸的人，没几分钟我接到领导电话让我撤。我当时真特玛震惊呀，他怎么知道有5家甚至我是谁都知道的？这说明我们根本就是透明的		,读书养猪两不误,//weibo.com//G3QDeyijj?refer_flag=1001030103_
示威; 2018-02-20; 1; 25,53,	  抱歉，由于作者设置，你暂时没有这条微博的查看权限哦。查看帮助：http://t.cn/RfdBWwP ​	,NA,//weibo.com/2280869732/G3TNt9pC5?refer_flag=1001030103_
示威; 2018-02-20; 1; 25,54,		//@子夜读味:再讲一个，2001年报中美南海撞机，中方牺牲一名飞行员当时有人去美领馆示威有几家媒体的记者去了现场，我也去了，刚到没多久，就听到一个便衣在角落打电话说有五家报纸的人没几分钟我接到领导电话让我撤。我当时真特玛震惊呀他怎么知道有5家甚至我是谁都知道的这说明我们根本就是透明的。		,小丸子掌柜,//weibo.com//G3QDeyijj?refer_flag=1001030103_
示威; 2018-02-20; 1; 25,55,	  抱歉，由于作者设置，你暂时没有这条微博的查看权限哦。查看帮助：http://t.cn/RfdBWwP ​	,NA,//weibo.com/1864423865/G3TIVfHjx?refer_flag=1001030103_
示威; 2018-02-20; 1; 25,56,#中国赞##公益资讯#目前，印尼境内的苏门答腊虎只留存不到400只。近日，印尼雅加达，“绿色和平”组织的成员身着老虎装抱树参加抗议示威，呼吁政府加大措施保护苏门答腊虎。想问问大家对此事有何看法t.cn/zOllWcd ​		,帅哥胖墩儿,//weibo.com/2643539132/G3TIz8CVR?refer_flag=1001030103_
示威; 2018-02-20; 1; 25,57,		那个人不是王源粉丝，只是观众给你提意见罢了，艾特王源干什么？示威么？而且，初八是没有王源了吗？为什么预告里，连另一个队长也不发？什么意思？收视率……，况且，不论是观众还是谁，都清楚地知道，剪辑骂你的事！这很XTY一点关系也没有！！！！@吴彤 ​​​也没别的意思，就是觉得 ​			...展开全文c,WANG薄荷味,//weibo.com/5983681292/G3TGT51yt?refer_flag=1001030103_
示威; 2018-02-20; 1; 25,58,#王牌对王牌#节目组这是在向粉丝示威吗，你们家wt大导演为了一个不是王源粉丝的人公开艾特王源，自己剪辑差还不让人说了是吗，每期都打情感牌，就想问一句你们现场尬不尬呀，要不是王源你们收视率还不知道往哪跌呢，我们家源源录节目录到半夜，一身湿漉漉的，不是你们家孩子你们当然不心疼了，结果呢， ​			...展开全文c,我们家的源儿小哥哥,//weibo.com/6330031511/G3TGugZJL?refer_flag=1001030103_
示威; 2018-02-20; 1; 25,59,		//@子夜读味:再讲一个，2001年报中美南海撞机，中方牺牲一名飞行员。当时有人去美领馆示威，有几家媒体的记者去了现场，我也去了，刚到没多久，就听到一个便衣在角落打电话，说有五家报纸的人，没几分钟我接到领导电话让我撤。我当时真特玛震惊呀，他怎么知道有5家甚至我是谁都知道的？这说明我们根本		,常识很奢侈,//weibo.com//G3QDeyijj?refer_flag=1001030103_
示威; 2018-02-20; 1; 25,60,	  抱歉，由于作者设置，你暂时没有这条微博的查看权限哦。查看帮助：http://t.cn/RfdBWwP ​	,NA,//weibo.com/2619135871/G3TDOxo0b?refer_flag=1001030103_
示威; 2018-02-20; 1; 25,61,		ULC997?内马车上淫杀媚娘，然后以特殊手法令马儿临死前拖着车子往边荒集奔来，向我们示威。? ​		,席席_fjy,//weibo.com/6436028885/G3TDIyJoB?refer_flag=1001030103_
示威; 2018-02-20; 1; 25,62,		再讲一个，2001年报中美南海撞机，中方牺牲一名飞行员。当时有人去美领馆示威，有几家媒体的记者去了现场，我也去了，刚到没多久，就听到一个便衣在角落打电话，说有五家报纸的人，没几分钟我接到领导电话让我撤。我当时真特玛震惊呀，他怎么知道有5家甚至我是谁都知道的？这说明我们根本就是透明的。		,子夜读味,//weibo.com//G3QDeyijj?refer_flag=1001030103_
示威; 2018-02-20; 1; 25,63,	  抱歉，由于作者设置，你暂时没有这条微博的查看权限哦。查看帮助：http://t.cn/RfdBWwP ​	,NA,//weibo.com/1228064843/G3TDs5Epy?refer_flag=1001030103_
示威; 2018-02-20; 1; 25,64,		初五接财神爷，转了18年都暴富～～～ ​		,大亨,//weibo.com/5859973320/G3XzywFN0?refer_flag=1001030103_
示威; 2018-02-20; 1; 25,65,		大年初五，转发迎财神！2018财运满满，狗年财气旺！ ​		,当时我就震惊了,//weibo.com/1764222885/G3XzDitUc?refer_flag=1001030103_
示威; 2018-02-20; 1; 25,66,		(⺣◡⺣)初五♡恭喜发财！点赞财神到你家(ˊo̶̶̷ᴗo̶̶̷`) ​		,PINK-EVER,//weibo.com/2877075154/G3Xwkf6hY?refer_flag=1001030103_
示威; 2018-02-20; 1; 25,67,		【这才是中国风骨】“不要人夸颜色好，只留清气满乾坤。” 这几年，谭维维一直坚持传递中国民族文化之美，用音乐实力展现经典文化的独特魅力。在经典咏流传的舞台上，她用20年沉淀绽放《墨梅》风骨。戳视频↓一起聆听！http://t.cn/RRDWFZq ​		,人民日报,//weibo.com/2803301701/G3XEam5vR?refer_flag=1001030103_
示威; 2018-02-20; 1; 25,68,		【 接财神 … 】 ​		,中国书画诗词院,//weibo.com/2804506181/G3XyS0NGs?refer_flag=1001030103_
示威; 2018-02-20; 1; 25,69,		原来这就是风一样的男人 http://t.cn/RRDmNaz ​		,土味老爹,//weibo.com/5870045839/G3XAgi4Ou?refer_flag=1001030103_
示威; 2018-02-20; 1; 25,70,		(⺣◡⺣)初五♡恭喜发财！点赞财神到你家(ˊo̶̶̷ᴗo̶̶̷`) ​		,PINK-EVER,//weibo.com/2877075154/G3Xwkf6hY?refer_flag=1001030103_
示威; 2018-02-20; 1; 25,71,		【这才是中国风骨】“不要人夸颜色好，只留清气满乾坤。” 这几年，谭维维一直坚持传递中国民族文化之美，用音乐实力展现经典文化的独特魅力。在经典咏流传的舞台上，她用20年沉淀绽放《墨梅》风骨。戳视频↓一起聆听！http://t.cn/RRDWFZq ​		,人民日报,//weibo.com/2803301701/G3XEam5vR?refer_flag=1001030103_
示威; 2018-02-20; 1; 25,72,		大年初五，转发迎财神！2018财运满满，狗年财气旺！ ​		,当时我就震惊了,//weibo.com/1764222885/G3XzDitUc?refer_flag=1001030103_
示威; 2018-02-20; 1; 25,73,		【实用！快离家了，九图教你整理行李箱】转眼又快离家，老妈总怕你少这少那，恨不得让你把一切都打包带回去？①箱底放硬质重物；②顶层放柔软衣物；③薄衣服卷成卷、外套对折避免褶皱；④洗漱用品等零碎装进化妆包……戳图↓超实用装箱技能！学起来！ @人民日报 ​		,新华网,//weibo.com/2810373291/G3XyHoG1l?refer_flag=1001030103_
示威; 2018-02-20; 1; 25,74,		原来这就是风一样的男人 http://t.cn/RRDmNaz ​		,土味老爹,//weibo.com/5870045839/G3XAgi4Ou?refer_flag=1001030103_
示威; 2018-02-20; 1; 25,75,		【这才是中国风骨】“不要人夸颜色好，只留清气满乾坤。” 这几年，谭维维一直坚持传递中国民族文化之美，用音乐实力展现经典文化的独特魅力。在经典咏流传的舞台上，她用20年沉淀绽放《墨梅》风骨。戳视频↓一起聆听！http://t.cn/RRDWFZq ​		,人民日报,//weibo.com/2803301701/G3XEam5vR?refer_flag=1001030103_
示威; 2018-02-20; 1; 25,76,		(⺣◡⺣)初五♡恭喜发财！点赞财神到你家(ˊo̶̶̷ᴗo̶̶̷`) ​		,PINK-EVER,//weibo.com/2877075154/G3Xwkf6hY?refer_flag=1001030103_
示威; 2018-02-20; 1; 25,77,		【 接财神 … 】 ​		,中国书画诗词院,//weibo.com/2804506181/G3XyS0NGs?refer_flag=1001030103_
示威; 2018-02-20; 1; 25,78,		把它学会了，孩子过生日时做给他看肯定很喜欢！http://t.cn/RRDmCz4 ​		,最神奇的视频,//weibo.com/2141823055/G3XAdkyOF?refer_flag=1001030103_
示威; 2018-02-20; 1; 25,79,		初五接财神了，这点信仰还是要有的！快把自己的照片放中间！ ​		,丁一晨DYC,//weibo.com/1810632930/G3XxzFU3h?refer_flag=1001030103_
示威; 2018-02-20; 1; 25,80,		【 接财神 … 】 ​		,中国书画诗词院,//weibo.com/2804506181/G3XyS0NGs?refer_flag=1001030103_
示威; 2018-02-20; 1; 25,81,		【实用！快离家了，九图教你整理行李箱】转眼又快离家，老妈总怕你少这少那，恨不得让你把一切都打包带回去？①箱底放硬质重物；②顶层放柔软衣物；③薄衣服卷成卷、外套对折避免褶皱；④洗漱用品等零碎装进化妆包……戳图↓超实用装箱技能！学起来！ @人民日报 ​		,新华网,//weibo.com/2810373291/G3XyHoG1l?refer_flag=1001030103_
示威; 2018-02-20; 1; 25,82,		(⺣◡⺣)初五♡恭喜发财！点赞财神到你家(ˊo̶̶̷ᴗo̶̶̷`) ​		,PINK-EVER,//weibo.com/2877075154/G3Xwkf6hY?refer_flag=1001030103_
示威; 2018-02-20; 1; 25,83,		年初五，赢财神！祝首页各位财源滚滚来 ​		,我的前任是极品,//weibo.com/2182038504/G3XFf5kxh?refer_flag=1001030103_
示威; 2018-02-20; 1; 25,84,		初五接财神爷，转了18年都暴富～～～ ​		,大亨,//weibo.com/5859973320/G3XzywFN0?refer_flag=1001030103_
示威; 2018-02-20; 1; 25,85,		大年初五，转发迎财神！2018财运满满，狗年财气旺！ ​		,当时我就震惊了,//weibo.com/1764222885/G3XzDitUc?refer_flag=1001030103_
示威; 2018-02-20; 1; 25,86,		【实用！快离家了，九图教你整理行李箱】转眼又快离家，老妈总怕你少这少那，恨不得让你把一切都打包带回去？①箱底放硬质重物；②顶层放柔软衣物；③薄衣服卷成卷、外套对折避免褶皱；④洗漱用品等零碎装进化妆包……戳图↓超实用装箱技能！学起来！ @人民日报 ​		,新华网,//weibo.com/2810373291/G3XyHoG1l?refer_flag=1001030103_
示威; 2018-02-20; 1; 25,87,		【这才是中国风骨】“不要人夸颜色好，只留清气满乾坤。” 这几年，谭维维一直坚持传递中国民族文化之美，用音乐实力展现经典文化的独特魅力。在经典咏流传的舞台上，她用20年沉淀绽放《墨梅》风骨。戳视频↓一起聆听！http://t.cn/RRDWFZq ​		,人民日报,//weibo.com/2803301701/G3XEam5vR?refer_flag=1001030103_
示威; 2018-02-20; 1; 25,88,		初五接财神了，这点信仰还是要有的！快把自己的照片放中间！ ​		,丁一晨DYC,//weibo.com/1810632930/G3XxzFU3h?refer_flag=1001030103_
示威; 2018-02-20; 1; 25,89,		把它学会了，孩子过生日时做给他看肯定很喜欢！http://t.cn/RRDmCz4 ​		,最神奇的视频,//weibo.com/2141823055/G3XAdkyOF?refer_flag=1001030103_
示威; 2018-02-20; 1; 25,90,		原来这就是风一样的男人 http://t.cn/RRDmNaz ​		,土味老爹,//weibo.com/5870045839/G3XAgi4Ou?refer_flag=1001030103_
示威; 2018-02-20; 1; 25,91,		年初五，赢财神！祝首页各位财源滚滚来 ​		,我的前任是极品,//weibo.com/2182038504/G3XFf5kxh?refer_flag=1001030103_
示威; 2018-02-20; 1; 25,92,		【实用！快离家了，九图教你整理行李箱】转眼又快离家，老妈总怕你少这少那，恨不得让你把一切都打包带回去？①箱底放硬质重物；②顶层放柔软衣物；③薄衣服卷成卷、外套对折避免褶皱；④洗漱用品等零碎装进化妆包……戳图↓超实用装箱技能！学起来！ @人民日报 ​		,新华网,//weibo.com/2810373291/G3XyHoG1l?refer_flag=1001030103_
示威; 2018-02-20; 1; 25,93,		大年初五，转发迎财神！2018财运满满，狗年财气旺！ ​		,当时我就震惊了,//weibo.com/1764222885/G3XzDitUc?refer_flag=1001030103_
示威; 2018-02-20; 1; 25,94,		【 接财神 … 】 ​		,中国书画诗词院,//weibo.com/2804506181/G3XyS0NGs?refer_flag=1001030103_
示威; 2018-02-20; 1; 25,95,		初五接财神爷，转了18年都暴富～～～ ​		,大亨,//weibo.com/5859973320/G3XzywFN0?refer_flag=1001030103_
示威; 2018-02-20; 1; 25,96,		【这才是中国风骨】“不要人夸颜色好，只留清气满乾坤。” 这几年，谭维维一直坚持传递中国民族文化之美，用音乐实力展现经典文化的独特魅力。在经典咏流传的舞台上，她用20年沉淀绽放《墨梅》风骨。戳视频↓一起聆听！http://t.cn/RRDWFZq ​		,人民日报,//weibo.com/2803301701/G3XEam5vR?refer_flag=1001030103_
示威; 2018-02-20; 1; 25,97,		年初五，赢财神！祝首页各位财源滚滚来 ​		,我的前任是极品,//weibo.com/2182038504/G3XFf5kxh?refer_flag=1001030103_
示威; 2018-02-20; 1; 25,98,		原来这就是风一样的男人 http://t.cn/RRDmNaz ​		,土味老爹,//weibo.com/5870045839/G3XAgi4Ou?refer_flag=1001030103_
示威; 2018-02-20; 1; 25,99,		把它学会了，孩子过生日时做给他看肯定很喜欢！http://t.cn/RRDmCz4 ​		,最神奇的视频,//weibo.com/2141823055/G3XAdkyOF?refer_flag=1001030103_
示威; 2018-02-20; 1; 25,100,		初五接财神爷，转了18年都暴富～～～ ​		,大亨,//weibo.com/5859973320/G3XzywFN0?refer_flag=1001030103_
示威; 2018-02-20; 1; 25,101,		初五接财神了，这点信仰还是要有的！快把自己的照片放中间！ ​		,丁一晨DYC,//weibo.com/1810632930/G3XxzFU3h?refer_flag=1001030103_
示威; 2018-02-20; 1; 25,102,		【 接财神 … 】 ​		,中国书画诗词院,//weibo.com/2804506181/G3XyS0NGs?refer_flag=1001030103_
示威; 2018-02-20; 1; 25,103,		【这才是中国风骨】“不要人夸颜色好，只留清气满乾坤。” 这几年，谭维维一直坚持传递中国民族文化之美，用音乐实力展现经典文化的独特魅力。在经典咏流传的舞台上，她用20年沉淀绽放《墨梅》风骨。戳视频↓一起聆听！http://t.cn/RRDWFZq ​		,人民日报,//weibo.com/2803301701/G3XEam5vR?refer_flag=1001030103_
示威; 2018-02-20; 1; 25,104,		原来这就是风一样的男人 http://t.cn/RRDmNaz ​		,土味老爹,//weibo.com/5870045839/G3XAgi4Ou?refer_flag=1001030103_
示威; 2018-02-20; 1; 25,105,		把它学会了，孩子过生日时做给他看肯定很喜欢！http://t.cn/RRDmCz4 ​		,最神奇的视频,//weibo.com/2141823055/G3XAdkyOF?refer_flag=1001030103_
示威; 2018-02-20; 1; 25,106,		(⺣◡⺣)初五♡恭喜发财！点赞财神到你家(ˊo̶̶̷ᴗo̶̶̷`) ​		,PINK-EVER,//weibo.com/2877075154/G3Xwkf6hY?refer_flag=1001030103_
示威; 2018-02-20; 1; 25,107,		初五接财神了，这点信仰还是要有的！快把自己的照片放中间！ ​		,丁一晨DYC,//weibo.com/1810632930/G3XxzFU3h?refer_flag=1001030103_
示威; 2018-02-20; 1; 25,108,		初五接财神爷，转了18年都暴富～～～ ​		,大亨,//weibo.com/5859973320/G3XzywFN0?refer_flag=1001030103_
示威; 2018-02-20; 1; 25,109,		【 接财神 … 】 ​		,中国书画诗词院,//weibo.com/2804506181/G3XyS0NGs?refer_flag=1001030103_
示威; 2018-02-20; 1; 25,110,		年初五，赢财神！祝首页各位财源滚滚来 ​		,我的前任是极品,//weibo.com/2182038504/G3XFf5kxh?refer_flag=1001030103_
示威; 2018-02-20; 1; 25,111,		【这才是中国风骨】“不要人夸颜色好，只留清气满乾坤。” 这几年，谭维维一直坚持传递中国民族文化之美，用音乐实力展现经典文化的独特魅力。在经典咏流传的舞台上，她用20年沉淀绽放《墨梅》风骨。戳视频↓一起聆听！http://t.cn/RRDWFZq ​		,人民日报,//weibo.com/2803301701/G3XEam5vR?refer_flag=1001030103_
示威; 2018-02-20; 1; 25,112,		【实用！快离家了，九图教你整理行李箱】转眼又快离家，老妈总怕你少这少那，恨不得让你把一切都打包带回去？①箱底放硬质重物；②顶层放柔软衣物；③薄衣服卷成卷、外套对折避免褶皱；④洗漱用品等零碎装进化妆包……戳图↓超实用装箱技能！学起来！ @人民日报 ​		,新华网,//weibo.com/2810373291/G3XyHoG1l?refer_flag=1001030103_
示威; 2018-02-20; 1; 25,113,		原来这就是风一样的男人 http://t.cn/RRDmNaz ​		,土味老爹,//weibo.com/5870045839/G3XAgi4Ou?refer_flag=1001030103_
示威; 2018-02-20; 1; 25,114,		【这才是中国风骨】“不要人夸颜色好，只留清气满乾坤。” 这几年，谭维维一直坚持传递中国民族文化之美，用音乐实力展现经典文化的独特魅力。在经典咏流传的舞台上，她用20年沉淀绽放《墨梅》风骨。戳视频↓一起聆听！http://t.cn/RRDWFZq ​		,人民日报,//weibo.com/2803301701/G3XEam5vR?refer_flag=1001030103_
示威; 2018-02-20; 1; 25,115,		年初五，赢财神！祝首页各位财源滚滚来 ​		,我的前任是极品,//weibo.com/2182038504/G3XFf5kxh?refer_flag=1001030103_
示威; 2018-02-20; 1; 25,116,		【 接财神 … 】 ​		,中国书画诗词院,//weibo.com/2804506181/G3XyS0NGs?refer_flag=1001030103_
示威; 2018-02-20; 1; 25,117,		大年初五，转发迎财神！2018财运满满，狗年财气旺！ ​		,当时我就震惊了,//weibo.com/1764222885/G3XzDitUc?refer_flag=1001030103_
示威; 2018-02-20; 1; 25,118,		(⺣◡⺣)初五♡恭喜发财！点赞财神到你家(ˊo̶̶̷ᴗo̶̶̷`) ​		,PINK-EVER,//weibo.com/2877075154/G3Xwkf6hY?refer_flag=1001030103_
示威; 2018-02-20; 1; 25,119,		初五接财神爷，转了18年都暴富～～～ ​		,大亨,//weibo.com/5859973320/G3XzywFN0?refer_flag=1001030103_
示威; 2018-02-20; 1; 25,120,		初五接财神了，这点信仰还是要有的！快把自己的照片放中间！ ​		,丁一晨DYC,//weibo.com/1810632930/G3XxzFU3h?refer_flag=1001030103_
示威; 2018-02-20; 1; 25,121,		【这才是中国风骨】“不要人夸颜色好，只留清气满乾坤。” 这几年，谭维维一直坚持传递中国民族文化之美，用音乐实力展现经典文化的独特魅力。在经典咏流传的舞台上，她用20年沉淀绽放《墨梅》风骨。戳视频↓一起聆听！http://t.cn/RRDWFZq ​		,人民日报,//weibo.com/2803301701/G3XEam5vR?refer_flag=1001030103_
示威; 2018-02-20; 1; 25,122,		(⺣◡⺣)初五♡恭喜发财！点赞财神到你家(ˊo̶̶̷ᴗo̶̶̷`) ​		,PINK-EVER,//weibo.com/2877075154/G3Xwkf6hY?refer_flag=1001030103_
示威; 2018-02-20; 1; 25,123,		把它学会了，孩子过生日时做给他看肯定很喜欢！http://t.cn/RRDmCz4 ​		,最神奇的视频,//weibo.com/2141823055/G3XAdkyOF?refer_flag=1001030103_
示威; 2018-02-20; 1; 25,124,		【 接财神 … 】 ​		,中国书画诗词院,//weibo.com/2804506181/G3XyS0NGs?refer_flag=1001030103_
示威; 2018-02-20; 1; 25,125,		初五接财神了，这点信仰还是要有的！快把自己的照片放中间！ ​		,丁一晨DYC,//weibo.com/1810632930/G3XxzFU3h?refer_flag=1001030103_
示威; 2018-02-20; 1; 25,126,		原来这就是风一样的男人 http://t.cn/RRDmNaz ​		,土味老爹,//weibo.com/5870045839/G3XAgi4Ou?refer_flag=1001030103_
示威; 2018-02-20; 1; 25,127,		年初五，赢财神！祝首页各位财源滚滚来 ​		,我的前任是极品,//weibo.com/2182038504/G3XFf5kxh?refer_flag=1001030103_
示威; 2018-02-20; 1; 25,128,		【实用！快离家了，九图教你整理行李箱】转眼又快离家，老妈总怕你少这少那，恨不得让你把一切都打包带回去？①箱底放硬质重物；②顶层放柔软衣物；③薄衣服卷成卷、外套对折避免褶皱；④洗漱用品等零碎装进化妆包……戳图↓超实用装箱技能！学起来！ @人民日报 ​		,新华网,//weibo.com/2810373291/G3XyHoG1l?refer_flag=1001030103_
示威; 2018-02-20; 1; 25,129,		【这才是中国风骨】“不要人夸颜色好，只留清气满乾坤。” 这几年，谭维维一直坚持传递中国民族文化之美，用音乐实力展现经典文化的独特魅力。在经典咏流传的舞台上，她用20年沉淀绽放《墨梅》风骨。戳视频↓一起聆听！http://t.cn/RRDWFZq ​		,人民日报,//weibo.com/2803301701/G3XEam5vR?refer_flag=1001030103_
示威; 2018-02-20; 1; 25,130,		【 接财神 … 】 ​		,中国书画诗词院,//weibo.com/2804506181/G3XyS0NGs?refer_flag=1001030103_
示威; 2018-02-20; 1; 25,131,		原来这就是风一样的男人 http://t.cn/RRDmNaz ​		,土味老爹,//weibo.com/5870045839/G3XAgi4Ou?refer_flag=1001030103_
示威; 2018-02-20; 1; 25,132,		大年初五，转发迎财神！2018财运满满，狗年财气旺！ ​		,当时我就震惊了,//weibo.com/1764222885/G3XzDitUc?refer_flag=1001030103_
示威; 2018-02-20; 1; 25,133,		年初五，赢财神！祝首页各位财源滚滚来 ​		,我的前任是极品,//weibo.com/2182038504/G3XFf5kxh?refer_flag=1001030103_
示威; 2018-02-20; 1; 25,134,		(⺣◡⺣)初五♡恭喜发财！点赞财神到你家(ˊo̶̶̷ᴗo̶̶̷`) ​		,PINK-EVER,//weibo.com/2877075154/G3Xwkf6hY?refer_flag=1001030103_
示威; 2018-02-20; 1; 25,135,		把它学会了，孩子过生日时做给他看肯定很喜欢！http://t.cn/RRDmCz4 ​		,最神奇的视频,//weibo.com/2141823055/G3XAdkyOF?refer_flag=1001030103_
示威; 2018-02-20; 1; 25,136,		【实用！快离家了，九图教你整理行李箱】转眼又快离家，老妈总怕你少这少那，恨不得让你把一切都打包带回去？①箱底放硬质重物；②顶层放柔软衣物；③薄衣服卷成卷、外套对折避免褶皱；④洗漱用品等零碎装进化妆包……戳图↓超实用装箱技能！学起来！ @人民日报 ​		,新华网,//weibo.com/2810373291/G3XyHoG1l?refer_flag=1001030103_
示威; 2018-02-20; 1; 25,137,		【这才是中国风骨】“不要人夸颜色好，只留清气满乾坤。” 这几年，谭维维一直坚持传递中国民族文化之美，用音乐实力展现经典文化的独特魅力。在经典咏流传的舞台上，她用20年沉淀绽放《墨梅》风骨。戳视频↓一起聆听！http://t.cn/RRDWFZq ​		,人民日报,//weibo.com/2803301701/G3XEam5vR?refer_flag=1001030103_
示威; 2018-02-20; 1; 25,138,		大年初五，转发迎财神！2018财运满满，狗年财气旺！ ​		,当时我就震惊了,//weibo.com/1764222885/G3XzDitUc?refer_flag=1001030103_
示威; 2018-02-20; 1; 25,139,		(⺣◡⺣)初五♡恭喜发财！点赞财神到你家(ˊo̶̶̷ᴗo̶̶̷`) ​		,PINK-EVER,//weibo.com/2877075154/G3Xwkf6hY?refer_flag=1001030103_
示威; 2018-02-20; 1; 25,140,		大年初五，转发迎财神！2018财运满满，狗年财气旺！ ​		,当时我就震惊了,//weibo.com/1764222885/G3XzDitUc?refer_flag=1001030103_
示威; 2018-02-20; 1; 25,141,		初五接财神了，这点信仰还是要有的！快把自己的照片放中间！ ​		,丁一晨DYC,//weibo.com/1810632930/G3XxzFU3h?refer_flag=1001030103_
示威; 2018-02-20; 1; 25,142,		【这才是中国风骨】“不要人夸颜色好，只留清气满乾坤。” 这几年，谭维维一直坚持传递中国民族文化之美，用音乐实力展现经典文化的独特魅力。在经典咏流传的舞台上，她用20年沉淀绽放《墨梅》风骨。戳视频↓一起聆听！http://t.cn/RRDWFZq ​		,人民日报,//weibo.com/2803301701/G3XEam5vR?refer_flag=1001030103_
示威; 2018-02-20; 1; 25,143,		【实用！快离家了，九图教你整理行李箱】转眼又快离家，老妈总怕你少这少那，恨不得让你把一切都打包带回去？①箱底放硬质重物；②顶层放柔软衣物；③薄衣服卷成卷、外套对折避免褶皱；④洗漱用品等零碎装进化妆包……戳图↓超实用装箱技能！学起来！ @人民日报 ​		,新华网,//weibo.com/2810373291/G3XyHoG1l?refer_flag=1001030103_
示威; 2018-02-20; 1; 25,144,		初五接财神爷，转了18年都暴富～～～ ​		,大亨,//weibo.com/5859973320/G3XzywFN0?refer_flag=1001030103_
示威; 2018-02-20; 1; 25,145,		【 接财神 … 】 ​		,中国书画诗词院,//weibo.com/2804506181/G3XyS0NGs?refer_flag=1001030103_
示威; 2018-02-20; 1; 25,146,		初五接财神了，这点信仰还是要有的！快把自己的照片放中间！ ​		,丁一晨DYC,//weibo.com/1810632930/G3XxzFU3h?refer_flag=1001030103_
示威; 2018-02-20; 1; 25,147,		把它学会了，孩子过生日时做给他看肯定很喜欢！http://t.cn/RRDmCz4 ​		,最神奇的视频,//weibo.com/2141823055/G3XAdkyOF?refer_flag=1001030103_
示威; 2018-02-20; 1; 25,148,		年初五，赢财神！祝首页各位财源滚滚来 ​		,我的前任是极品,//weibo.com/2182038504/G3XFf5kxh?refer_flag=1001030103_
示威; 2018-02-20; 1; 25,149,		【实用！快离家了，九图教你整理行李箱】转眼又快离家，老妈总怕你少这少那，恨不得让你把一切都打包带回去？①箱底放硬质重物；②顶层放柔软衣物；③薄衣服卷成卷、外套对折避免褶皱；④洗漱用品等零碎装进化妆包……戳图↓超实用装箱技能！学起来！ @人民日报 ​		,新华网,//weibo.com/2810373291/G3XyHoG1l?refer_flag=1001030103_
示威; 2018-02-20; 1; 25,150,		初五接财神爷，转了18年都暴富～～～ ​		,大亨,//weibo.com/5859973320/G3XzywFN0?refer_flag=1001030103_
示威; 2018-02-20; 1; 25,151,		年初五，赢财神！祝首页各位财源滚滚来 ​		,我的前任是极品,//weibo.com/2182038504/G3XFf5kxh?refer_flag=1001030103_
示威; 2018-02-20; 1; 25,152,		(⺣◡⺣)初五♡恭喜发财！点赞财神到你家(ˊo̶̶̷ᴗo̶̶̷`) ​		,PINK-EVER,//weibo.com/2877075154/G3Xwkf6hY?refer_flag=1001030103_
示威; 2018-02-20; 1; 25,153,		原来这就是风一样的男人 http://t.cn/RRDmNaz ​		,土味老爹,//weibo.com/5870045839/G3XAgi4Ou?refer_flag=1001030103_
