query,Post ID,Post Content,nickname,link
污染; 2017-12-19; 2017-12-22; 11; 20,1,		【勤开窗通风】室内污染同样不可小觑，要注意通风，尤其是卫生间。卫生间高温、高湿的环境更易促使洗衣粉、消毒液等蒸发，迷漫在空气中。长期吸入会刺激呼吸道，损伤呼吸道黏膜，甚至诱发细胞变异而导致癌症等。各种清洁剂、洗涤剂在使用完后，一定要拧紧瓶口，并勤开窗、开排风扇，增加空气流通。 ​		,用户6346602013,//weibo.com/6346602013/FASzw2833?refer_flag=1001030103_
污染; 2017-12-19; 2017-12-22; 11; 20,2,#冒险小王子#大多数的父母都是很爱孩子的，但是是的，动画市场是要管起来，不然还真[c看热闹]是太污染小孩了教育真的要讲究方法。 ​		,穆穆白OLyw3gq,//weibo.com/2971726252/FASzv7K7t?refer_flag=1001030103_
污染; 2017-12-19; 2017-12-22; 11; 20,3,#冒险小王子#反正我父母是这是的，动画市场是[moc冒出]要管起来，不然还真是太污染小孩了么教育我的 ​		,我们的搜索,//weibo.com/1310490135/FASze14cJ?refer_flag=1001030103_
污染; 2017-12-19; 2017-12-22; 11; 20,4,#冒险小王子#我也打算脚踏实地的做好每是的，动画市场是[lxhx得意]要管起来，不然还真是太污染小孩了一步了 ​		,尚尚小围脖_721_526_951,//weibo.com/1749635962/FASze0ilI?refer_flag=1001030103_
污染; 2017-12-19; 2017-12-22; 11; 20,5,		自己家的蜂蜜，无污染，保质保量，喝着放心，有需要的可以私信给我。 |四平·七马... ​		,永固青春之美,//weibo.com/6065598699/FASzdqAw9?refer_flag=1001030103_
污染; 2017-12-19; 2017-12-22; 11; 20,6,#王者出击#咳咳！空气严重污染！咳咳咳！ ​		,沙狱抛沙,//weibo.com/5890306315/FASz58JEQ?refer_flag=1001030103_
污染; 2017-12-19; 2017-12-22; 11; 20,7,#冒险小王子#是的，动画市场是要管起我们一定要身体力行的教孩子。来，不然还真是太[不]污染小孩了 ​		,何谓逆天,//weibo.com/3095920993/FASz3DKQT?refer_flag=1001030103_
污染; 2017-12-19; 2017-12-22; 11; 20,8,		中国地质大学防寒小贴士 /奋斗明天是2017年12月23日星期六 农历冬月初六后天就是平安夜了～武汉天气 /月亮1～13℃ 多云相对湿度66％			...展开全文c,CUG防寒处,//weibo.com/5999551507/FASyXbmrH?refer_flag=1001030103_
污染; 2017-12-19; 2017-12-22; 11; 20,9,#冒险小王子#是的，我们在平时待人接物上面就会体现出。动画市[ppb早安]场是要管起来，不然还真是太污染小孩了 ​		,sxj520zjp,//weibo.com/1191747501/FASyO0aSY?refer_flag=1001030103_
污染; 2017-12-19; 2017-12-22; 11; 20,10,		【世界卫生组织9条防癌提示】①不吃熏腌制食物。②不吃过热过硬、过焦过咸的食物，不喝过烫的水。③不吃发霉粮食及制品。④不用洗衣粉擦洗餐具、茶具或食物。⑤吃饭不要过饱，控制肉类的摄入量。⑥不吃被农药污染的蔬果。⑦不酗酒。⑧不吸烟。⑨每天开窗1至2小时。 ​		,庭品果小翔,//weibo.com/3205850997/FASyLBS1x?refer_flag=1001030103_
污染; 2017-12-19; 2017-12-22; 11; 20,11,		无污染的环境生产车间，值得我们去关注！ |黔西南布依... 610711luck... ​		,610711lucky,//weibo.com/5874519156/FASyLl4b3?refer_flag=1001030103_
污染; 2017-12-19; 2017-12-22; 11; 20,12,#冒险小王子#言传身教，身体力行，成为一个合格是的，动画市场是要管起来，不然还真是太污染小孩了的父母 ​		,刘阳老师_1143,//weibo.com/3250942625/FASyKqXsC?refer_flag=1001030103_
污染; 2017-12-19; 2017-12-22; 11; 20,13,#冒险小王子#是的，动画市场是[bobuyaoa]要管起来，不然还对孩子的教育是最重要的。真是太污染小孩了 ​		,Yutong0317,//weibo.com/3262446004/FASyKbcRV?refer_flag=1001030103_
污染; 2017-12-19; 2017-12-22; 11; 20,14,#长春热点事#限号开始你今天能回家吗？秸秆和汽车尾气谁更污染？长春传的秒... ​		,晨会颜,//weibo.com/5936492125/FASyHtnbb?refer_flag=1001030103_
污染; 2017-12-19; 2017-12-22; 11; 20,15,		【备孕期饮食禁忌】不止孕期，备孕期同样少不了饮食上的禁忌。为了你可以怀上健康聪明的宝宝，在孕前饮食中，你可要特别注意了哦。1、减肥要科学。2、营养摄入要均衡。3、孕前要减少吃各种腌制品，例如咸鱼、腊肉、香肠等食物。4、孕前避免食物污染。 ​		,国A海岸线gz,//weibo.com/282670608/FASyDDDUs?refer_flag=1001030103_
污染; 2017-12-19; 2017-12-22; 11; 20,16,		【龙峪湾】龙峪湾位于河南省洛阳市西南165公里处伏牛山腹地的栾川县境内。这里“龙”文化荟萃，自然景观万千，四季景色秀丽，奇峰异石林谷幽深。是原始的、纯天然的、无污染的生态旅游区。观赏面积300余平方公里，已开发12个景区218景点，是河南省首家“全国文明森林公园”。 ​		,馨涛,//weibo.com/1642306707/FASywzqMV?refer_flag=1001030103_
污染; 2017-12-19; 2017-12-22; 11; 20,17,#冒险小王子#我也打算脚踏实地的做好每是的，动画市场是要管起来，不然还真[dino瞌睡]是太污染小孩了一步了 ​		,Anan802,//weibo.com/3916631677/FASyvDPwA?refer_flag=1001030103_
污染; 2017-12-19; 2017-12-22; 11; 20,18,#冒险小王子#是的，动画市场父母才是[圆]孩子的第一个老师，支持。是要管起来，不然还真是太污染小孩了 ​		,凉静e6sp,//weibo.com/2954483720/FASyur7fZ?refer_flag=1001030103_
污染; 2017-12-19; 2017-12-22; 11; 20,19,#冒险小王子#是的，动画市场是要管起我们一定要身体力行的教孩子。来，不然还真是太污染小孩了 ​		,Clearlove的夏天,//weibo.com/3175431842/FASyudvZt?refer_flag=1001030103_
污染; 2017-12-19; 2017-12-22; 11; 20,20,		宁愿发展慢一点，也不要污染!//@道口烧鸡达人:泰国就这样卖卖大米 搞搞观光旅游业挺好的，发展工业竞争激烈且污染环境，金山银山不如绿水青山,一个和尚81076394,//weibo.com/3922930064/FAQCo40jz?refer_flag=1001030103_
污染; 2017-12-19; 2017-12-22; 11; 20,21,"	  泰国面面观： 我在泰国满打满算也一年了,如果加上很久以前在这里居住的时间来累计,也就有不到两年. 很久以前的感觉和现在的感觉并不是特别一致. 比如对泰国先进的看法,它比中国迈入发展中的上一...文字版>> 网页链接 （新浪长微博>> 网页链接） ​	",NA,//weibo.com/5982715922/FASypbGWW?refer_flag=1001030103_
污染; 2017-12-19; 2017-12-22; 11; 20,22,#冒险小王子#言传身教，身体力行，成为一个合格是的，动画市场是要管起来，不然还真是太污染小孩[酷库熊胜利]了的父母 ​		,霸牛的春天_471,//weibo.com/5488923371/FASyhv2M2?refer_flag=1001030103_
污染; 2017-12-19; 2017-12-22; 11; 20,23,		//@混乱博物馆:关注 @混乱博物馆 ，转发下面这条微博，我们将抽出5位幸运观众，分别送出由污染空气制成的「AIR-INK 空气墨水」一瓶，|12月24日晚... @微博抽奖平台 开奖。		,mh12321,//weibo.com/6174606644/FARH7y22y?refer_flag=1001030103_
污染; 2017-12-19; 2017-12-22; 11; 20,24,	  【为什么我们看不见空气？】因为空气干净。混乱博物馆... ​	,NA,//weibo.com/1885937650/FASyap064?refer_flag=1001030103_
污染; 2017-12-19; 2017-12-22; 11; 20,25,#1831# #心灵环保# #南京微博名人汇# //@公众环境马军:关注土壤污染法治。		,秋十23296,//weibo.com/3468000640/FA1H3v472?refer_flag=1001030103_
污染; 2017-12-19; 2017-12-22; 11; 20,26,#环保热点聚焦# 【江西九江“镉大米”事件背后：政府公布的污染范围与实际不符】中国无毒地志愿者 赣小环：由于江西省九江市相关部门对疑似镉污染稻谷的取样检测结果“不方便透露”，在2017年11月初公开举报“镉大米”时隔近一个月之后，中国无毒地再次前往江西省九江市柴桑区港口街镇调查当地因为矿山 ​		...展开全文c,NA,//weibo.com/6001647438/FASy9cMdj?refer_flag=1001030103_
污染; 2017-12-19; 2017-12-22; 11; 20,27,		起来w【最强排毒食物。吃了皮肤瞬间变好】 环境污染、电脑辐射、不良饮食习惯等都有可能导致人体产生各种生理垃圾，毒素长期在体内堆积，则会引发记忆力减退、面色灰黄、便秘、痔疮等系统疾病。因此，如何排毒成为不少女性关注的健康话题。其实在我们常吃的蔬菜中，就有不少具有解毒功效。 ​		,杨康Edan,//weibo.com/1801796731/FASy7qN05?refer_flag=1001030103_
污染; 2017-12-19; 2017-12-22; 11; 20,28,		❤️ 活酵母分享适合以下人群使用 ⒈总觉得脸洗不干净想美白 2.出油、暗黄、斑点、粗糙 3.痘痘、痘印、黑头、粉刺 4.护肤品不能被皮肤吸收的			...展开全文c,TST泡菜婷,//weibo.com/5614516921/FASy6xsSh?refer_flag=1001030103_
污染; 2017-12-19; 2017-12-22; 11; 20,29,		//@混乱博物馆:关注 @混乱博物馆 ，转发下面这条微博，我们将抽出5位幸运观众，分别送出由污染空气制成的「AIR-INK 空气墨水」一瓶，|12月24日晚... @微博抽奖平台 开奖。为什么不送空气净化器,鸭嘴老爷爷,//weibo.com/6174606644/FARH7y22y?refer_flag=1001030103_
污染; 2017-12-19; 2017-12-22; 11; 20,30,	  【为什么我们看不见空气？】因为空气干净。混乱博物馆... ​	,NA,//weibo.com/3271395871/FASy5FVfb?refer_flag=1001030103_
污染; 2017-12-19; 2017-12-22; 11; 20,31,#1831# #心灵环保# #南京微博名人汇# //@何春银微想:#1831# 最可怕的是不能客观的面对已经污染的现状，有形的污染转化为无形的污染，即心灵污染，这是最可怕的污染，因为，其恶果无限。#心灵环保# //@公众环境马军: 关注土壤污染法治。		,秋十23296,//weibo.com/3468000640/FA1H3v472?refer_flag=1001030103_
污染; 2017-12-19; 2017-12-22; 11; 20,32,#环保热点聚焦# 【江西九江“镉大米”事件背后：政府公布的污染范围与实际不符】中国无毒地志愿者 赣小环：由于江西省九江市相关部门对疑似镉污染稻谷的取样检测结果“不方便透露”，在2017年11月初公开举报“镉大米”时隔近一个月之后，中国无毒地再次前往江西省九江市柴桑区港口街镇调查当地因为矿山 ​		...展开全文c,NA,//weibo.com/6001647438/FASy4rJBg?refer_flag=1001030103_
污染; 2017-12-19; 2017-12-22; 11; 20,33,		亲爱的宝宝们 明天12月23日(农历冬月初六)周六 洛阳天气多云转晴温度0~11℃ 西北风3~4级转3级空气质量121(轻度污染) 即使踏着荆棘，也不觉悲苦；即使有泪可落，亦不是悲凉。（沈从文） 			...展开全文c,B170212团支部,//weibo.com/6388660682/FASy4uXKX?refer_flag=1001030103_
污染; 2017-12-19; 2017-12-22; 11; 20,34,#冒险小王子#是的，我们在平时待人接物上面就会体现出[我错了]。动画市场是要管起来，不然还真是太污染小孩了 ​		,天天和Coco的妈,//weibo.com/2017307745/FASy4bzdq?refer_flag=1001030103_
污染; 2017-12-19; 2017-12-22; 11; 20,35,#冒险小王子#是的，动画市场是要用行动告诉孩子什[moc尴尬]么是对什么是错！管起来，不然还真是太污染小孩了 ​		,路见不平吼吼吼的垃圾筒,//weibo.com/1167813175/FASy1uXzn?refer_flag=1001030103_
污染; 2017-12-19; 2017-12-22; 11; 20,36,#冒险小王子#是的，动画市场是要管起来，不然还对孩子的[好激动]教育是最重要的。真是太污染小孩了 ​		,热情的乐123乐,//weibo.com/1837790152/FASxZaQKS?refer_flag=1001030103_
污染; 2017-12-19; 2017-12-22; 11; 20,37,#冒险小王子#言传身教，身体力行，成为一个合格是[最差]的，动画市场是要管起来，不然还真是太污染小孩了的父母 ​		,飘飘zkA1,//weibo.com/1258946590/FASxWvy5q?refer_flag=1001030103_
污染; 2017-12-19; 2017-12-22; 11; 20,38,#冒险小王子#反正我父母是这[ali飘过]是的，动画市场是要管起来，不然还真是太污染小孩了么教育我的 ​		,sammi722,//weibo.com/1861533914/FASxWdicB?refer_flag=1001030103_
污染; 2017-12-19; 2017-12-22; 11; 20,39,		中了送爱好书法的朋友//@混乱博物馆:关注 @混乱博物馆 ，转发下面这条微博，我们将抽出5位幸运观众，分别送出由污染空气制成的「AIR-INK 空气墨水」一瓶，|12月24日晚... @微博抽奖平台 开奖。		,步行鸣鹿,//weibo.com/6174606644/FARH7y22y?refer_flag=1001030103_
污染; 2017-12-19; 2017-12-22; 11; 20,40,	  【为什么我们看不见空气？】因为空气干净。混乱博物馆... ​	,NA,//weibo.com/3126079540/FASxWdhUc?refer_flag=1001030103_
污染; 2017-12-19; 2017-12-22; 11; 20,41,		【生肉用热水洗，吃起来更放心】热水有助于洗去肉上沾染的灰尘及其他污染物，如农药残留等。60℃以上的热水还可以洗掉一些肉表面的油脂。此外，肉块内部的微小血管会在热水环境下膨胀，其中的一些脏东西也更易于洗掉。实验还发现，用热水洗后，将肉立即下锅烹饪，更易入味。 ​		,草根关注国事,//weibo.com/2504894147/FASxVkzDC?refer_flag=1001030103_
污染; 2017-12-19; 2017-12-22; 11; 20,42,		【三个好习惯帮助远离肺癌】肺癌与吸烟、大气污染、职业因素、肺部慢性疾病、遗传及免疫力等因素有关。从以下三个方面，改变生活方式，有助预防肺癌的发生：①戒烟：②对“油烟”保持警惕：一定要保持厨房通风③增加食物中蔬菜、水果的摄入量。 ​		,志子2012_304_390_318,//weibo.com/2703581527/FASxUttn2?refer_flag=1001030103_
污染; 2017-12-19; 2017-12-22; 11; 20,43,#冒险小王子#反正我父母是这是的，动画[lxhx西瓜]市场是要管起来，不然还真是太污染小孩了么教育我的 ​		,霸气犀牛,//weibo.com/1942146977/FASxTwBAL?refer_flag=1001030103_
污染; 2017-12-19; 2017-12-22; 11; 20,44,		【皮皮岛】喜欢宁静的人一定会喜欢皮皮岛的，花上几天在这里，一定会感受到人生最美好的感觉。这是一个深受阳光眷宠的地方，柔软洁白的沙滩，宁静碧蓝的海水，鬼斧神工的天然洞穴，未受污染的自然风貌，使得她从普吉岛周围的30余个离岛中脱颖而出，一举成为近年来炙手可热的度假胜地之一。 ​		,扛驴抛什,//weibo.com/6408339342/FASxTiu6c?refer_flag=1001030103_
污染; 2017-12-19; 2017-12-22; 11; 20,45,#冬至# 吹西风就是重度污染——成都，你怎么了 ​		,成都赵砺,//weibo.com/2649252343/FASxRvSIj?refer_flag=1001030103_
污染; 2017-12-19; 2017-12-22; 11; 20,46,#冒险小王子#是的，我们在平时待人接物上面就会体现[bm亲吻]出。动画市场是要管起来，不然还真是太污染小孩了 ​		,知道自己很没用,//weibo.com/2828039941/FASxRvRjw?refer_flag=1001030103_
污染; 2017-12-19; 2017-12-22; 11; 20,47,#冒险小王子#是的，动画市场是要管起来，不然教孩子我们一定要身体力行才是很好的。还真是太污染小孩了 ​		,疯叔从来不解释,//weibo.com/3502183260/FASxNF05N?refer_flag=1001030103_
污染; 2017-12-19; 2017-12-22; 11; 20,48,		【龙峪湾】龙峪湾位于河南省洛阳市西南165公里处伏牛山腹地的栾川县境内。这里“龙”文化荟萃，自然景观万千，四季景色秀丽，奇峰异石林谷幽深。是原始的、纯天然的、无污染的生态旅游区。观赏面积300余平方公里，已开发12个景区218景点，是河南省首家“全国文明森林公园”。 ​		,不尽责小吃货,//weibo.com/5788266105/FASxMqrCs?refer_flag=1001030103_
污染; 2017-12-19; 2017-12-22; 11; 20,49,		你好，你的光污染源已经上线。 ​		,住在我心里孤独的海怪痛苦之王,//weibo.com/2995634284/FASxH84M6?refer_flag=1001030103_
污染; 2017-12-19; 2017-12-22; 11; 20,50,#冒险小王子#反正我父母是这是的，动[鸭梨]画市场是要管起来，不然还真是太污染小孩了么教育我的 ​		,龙鬼911,//weibo.com/2527258523/FASxGimvL?refer_flag=1001030103_
污染; 2017-12-19; 2017-12-22; 11; 20,51,		感谢政府的努力，塑料停了，石头停了，红砖停了，沙也停了，矿要停了，煤场停了，			...展开全文c,海阔天空任鸟飞102,//weibo.com/5623288340/FASxEbjVe?refer_flag=1001030103_
污染; 2017-12-19; 2017-12-22; 11; 20,52,		【关于空气重污染预警，大家竟然这么说！】		,生态石家庄,//weibo.com/2594986464/FtRRi4Mg1?refer_flag=1001030103_
污染; 2017-12-19; 2017-12-22; 11; 20,53,#环保小百科# 【关于空气重污染预警，大家竟然这么说！】头顶明明是艳阳天，却收到空气重污染预警提示，意外之余，这是为什么？当你收到预警的时候，又是否会感到手足无措？秋冬季雾霾来临，《AQ大调查》调查你不了解的环保常识！ 京环之声的... ​	,NA,//weibo.com/6345561265/FASxDCqHJ?refer_flag=1001030103_
污染; 2017-12-19; 2017-12-22; 11; 20,54, 隔离污染，修饰瑕疵，官方旗舰店正品保障，历史最低价，送卸妆水~韩束红润#气垫#CC霜 ¥ 59领卷下单：网页链接还有一万个领券商品，戳：网页链接≥﹏≤|杭州·新城... ​		,元气种草菌,//weibo.com/5953990647/FASxD1s77?refer_flag=1001030103_
污染; 2017-12-19; 2017-12-22; 11; 20,55,#冒险小王子#是的，动画市场是要管起来，不然还对孩子的教育是最重要的。真是太污染小孩了 ​		,我是新手宝可梦,//weibo.com/3481427324/FASxAAEDu?refer_flag=1001030103_
污染; 2017-12-19; 2017-12-22; 11; 20,56,#冒险小王子#是的，动画市场父母才是孩子的第一个老师，支持。是要管起来，[nono生病]不然还真是太污染小孩了 ​		,精分的纠结帝512354,//weibo.com/2828409037/FASxusc2F?refer_flag=1001030103_
污染; 2017-12-19; 2017-12-22; 11; 20,57,#圣诞老人边伯贤#  #边伯贤# 奶凶奶凶的@baekhyunee7 【baekhyunee7】【边伯贤壁纸无水印】【边伯贤图片】【伯贤 solo】【边伯贤腹肌】【伯贤ins】			...展开全文c,Lollybaek,//weibo.com/3968141799/FASxpmUqn?refer_flag=1001030103_
污染; 2017-12-19; 2017-12-22; 11; 20,58,#冒险小王子#是的，动画市场是要管起我们一定要身体力[萌娃大竣]行的教孩子。来，不然还真是太污染小孩了 ​		,liny208,//weibo.com/3038863591/FASxn2VLU?refer_flag=1001030103_
污染; 2017-12-19; 2017-12-22; 11; 20,59,		我有一同学，对脚特别深恶痛绝。夹过（注意只是夹过）袜子的夹子不能夹其他的东西，比如裤子。洗过的袜子（注意是洗过的），不能放被子上，会弄脏被子；不能放凳子上，会污染屁股。他觉得我们每个人都应该是这样，还天天说我邋遢可是她却能上厕所不冲水（宿舍内厕所）。		,我是眼罩,//weibo.com/2187272842/FAPJLaTxi?refer_flag=1001030103_
污染; 2017-12-19; 2017-12-22; 11; 20,60,	  你遇到过哪些奇葩朋友？哈哈哈哈笑岔气了！#搞笑幽默# ​​​​	,NA,//weibo.com/6337741323/FASxm9D2f?refer_flag=1001030103_
污染; 2017-12-19; 2017-12-22; 11; 20,61,#冒险小王子#市场时代在变化，是的，动画市场是要管起来，不然还真是太污染小孩了[哭泣女]动画电影不一定就是给孩子去看的 ​		,静夜思twin,//weibo.com/1846167884/FASxklsIa?refer_flag=1001030103_
污染; 2017-12-19; 2017-12-22; 11; 20,62,#冒险小王子#是的，动画市场父母才是孩子的第一个老师，支持。是要管起来，不然还真是太污[上海志愿者]染小孩了 ​		,重庆福沃特仪表ew,//weibo.com/5258234676/FASxhr2tj?refer_flag=1001030103_
污染; 2017-12-19; 2017-12-22; 11; 20,63,#冒险小王子#反正我父母是这是的，动画市场是要管起[真心英雄陈学冬]来，不然还真是太污染小孩了么教育我的 ​		,好高不远,//weibo.com/3062347757/FASxgfqdP?refer_flag=1001030103_
污染; 2017-12-19; 2017-12-22; 11; 20,64,		别污染了酒蓝色的爱琴海啊！//@厄弼墨透斯:波塞冬是不情愿收他们的//@西大徐松岩教授:如果民科去希腊发现我说的话是真的，他们定当恼羞成怒，投海自尽！		,西大徐松岩教授,//weibo.com/1828443943/FAS60iqz4?refer_flag=1001030103_
污染; 2017-12-19; 2017-12-22; 11; 20,65,	  一群夜郎自大的民科！可以肯定，你们没有去过可以容纳12000人的爱皮道鲁斯剧场，你当然就不知道它的音响效果，即便最上面一排也听得很清楚，而且至今仍在使用。去希腊剧场看看吧，听听吧，就知道它的音响效果啦！ |重庆·西南... ​	,NA,//weibo.com/1828443943/FASxevD8t?refer_flag=1001030103_
污染; 2017-12-19; 2017-12-22; 11; 20,66, 隔离污染，修饰瑕疵，官方旗舰店正品保障，历史最低价，送卸妆水~韩束红润#气垫#CC霜 ¥ 59(๑•̀ㅂ•́)و✧|杭州·浙大... ​		,白菜价9-9包邮,//weibo.com/1726203380/FASxaD1RZ?refer_flag=1001030103_
污染; 2017-12-19; 2017-12-22; 11; 20,67,#冒险小王子#反正我父母是这是的，动画市场是要管起来，不然还真是太污染小孩了么教育我的 ​		,dhgrfh,//weibo.com/2320690710/FASx0xgOQ?refer_flag=1001030103_
污染; 2017-12-19; 2017-12-22; 11; 20,68,#冒险小王子#是的，动画市场是要管起来，不然还对孩子的教育是最重[din帅]要的。真是太污染小孩了 ​		,jiangshanxw,//weibo.com/1225564254/FASwZ8BxG?refer_flag=1001030103_
污染; 2017-12-19; 2017-12-22; 11; 20,69,#冒险小王子#是的，动画市场是要管起来，不然教孩子[moc顶]我们一定要身体力行才是很好的。还真是太污染小孩了 ​		,33sa_87149,//weibo.com/3350736120/FASwVxDGo?refer_flag=1001030103_
污染; 2017-12-19; 2017-12-22; 11; 20,70,		【印度政府出奇招：治雾霾用“大炮”！】在印度首都新德里，空气质量一直是个令人头疼的问题。最近，新德里当地政府利用一种“抗雾霾枪”，希望可以缓解这里的空气污染问题。“抗雾霾枪”，外形像是一口大炮。枪内装的不是子弹，而是雾化水，新德里政府希望用雾化水来降低这里的空气污染指数。当地环境 ​			...展开全文c,哥是往事钩沉,//weibo.com/2018053347/FASwU6Mcs?refer_flag=1001030103_
污染; 2017-12-19; 2017-12-22; 11; 20,71,		嘻嘻//@混乱博物馆:关注 @混乱博物馆 ，转发下面这条微博，我们将抽出5位幸运观众，分别送出由污染空气制成的「AIR-INK 空气墨水」一瓶，|12月24日晚... @微博抽奖平台 开奖。		,小辅吃薯片,//weibo.com/6174606644/FARH7y22y?refer_flag=1001030103_
污染; 2017-12-19; 2017-12-22; 11; 20,72,	  【为什么我们看不见空气？】因为空气干净。混乱博物馆... ​	,NA,//weibo.com/5722608487/FASwSytuC?refer_flag=1001030103_
污染; 2017-12-19; 2017-12-22; 11; 20,73,#冒险小王子#是的，动画市场父母才是[nono摇手指]孩子的第一个老师，支持。是要管起来，不然还真是太污染小孩了 ​		,帽子s52409,//weibo.com/1822310113/FASwSA2Ld?refer_flag=1001030103_
污染; 2017-12-19; 2017-12-22; 11; 20,74,#冒险小王子#我也打算脚踏实地的做好每是的，动画市场是要管起来，不然还真是太污染小孩了一步了 ​		,William瑞盛_420,//weibo.com/2636363233/FASwS0Nk5?refer_flag=1001030103_
污染; 2017-12-19; 2017-12-22; 11; 20,75,		毁灭人只要一句话；培植人却要千言万语。多口下留情。恶言，永远不要出自我们口中。不管他有多坏多可恶。你骂他，你的心也就被污染了。说话不要有攻击性，不要有杀伤力，不夸己能不扬人恶。业障深重的人，一天到晚看别人的过失和缺点；真正修行的人，从不在意别人这些而是懂得宽容。 ​​​​		,禪zong菩ti,//weibo.com/3517372441/FASwR8wdg?refer_flag=1001030103_
污染; 2017-12-19; 2017-12-22; 11; 20,76,#宫颈癌疫苗该不该打#人体其实是有自愈功能的。虽然现在空气污染严重，还有食品安全问题，但中医上讲，病由心生，尤其是大病，根源上讲和情绪都有关系。好心情加上坚持运动，人体细胞有益的活力也会增强。虽然不能保证百病不侵，但身体肯定不会太差。,半仙儿会幸福,//weibo.com/2612435185/FASr6aJH5?refer_flag=1001030103_
污染; 2017-12-19; 2017-12-22; 11; 20,77,#宫颈癌疫苗该不该打#个人认为还是应该打，今年年初在澳洲打完了这个疫苗，打针时跟医生交流过，澳洲医生表示这个疫苗很有必要接种，但是并非一劳永逸，还是要定期做hpv检测。接种疫苗的妹子一定要明白不是疫苗打完了就完全没有患宫颈癌的危险了，即便打完了疫苗定期的hpv检测还是很有必要的。 ​	,NA,//weibo.com/6432165489/FASwK5lGt?refer_flag=1001030103_
污染; 2017-12-19; 2017-12-22; 11; 20,78,#冒险小王子#是的，动画市场是要用行动告诉孩子什么是对什么是错！管起来，[j微博益起来]不然还真是太污染小孩了 ​		,aiyan3,//weibo.com/1666098961/FASwH4RNf?refer_flag=1001030103_
污染; 2017-12-19; 2017-12-22; 11; 20,79,#冒险小王子#是的，动画市而且孩子可以跟着大人学习到更多。场是要管起来，[j微博益起来]不然还真是太污染小孩了 ​		,岚曼_Newman,//weibo.com/5928664603/FASwFjlPZ?refer_flag=1001030103_
污染; 2017-12-19; 2017-12-22; 11; 20,80,#冒险小王子#是[愚人节]的，动画市而且孩子可以跟着大人学习到更多。场是要管起来，不然还真是太污染小孩了 ​		,济南爱风尚,//weibo.com/1807981403/FASwEaaGW?refer_flag=1001030103_
污染; 2017-12-19; 2017-12-22; 11; 20,81,#冒险小王子#是[愚人节]的，动画市场是要用行动告诉孩子什么是对什么是错！管起来，不然还真是太污染小孩了 ​		,sunwind99_rme_33a_iby,//weibo.com/1419649835/FASwDdDgY?refer_flag=1001030103_
污染; 2017-12-19; 2017-12-22; 11; 20,82,#1831##心灵环保##南京微博名人汇# //@何春银微想:#1831# 心灵污染，问题多了。#心灵环保# //@青岛环保哥:个人感觉有些言重。其实不是恶性循环，而是没有把好准入关，尤其是作为@微言环保@环保部发布@中国环境新闻 的央企没有带好头，相信随着各方面认识的深入，会逐步解决的。@巴松狼王@何春银微想,秋十23296,//weibo.com/3468000640/FAmXg6ChY?refer_flag=1001030103_
污染; 2017-12-19; 2017-12-22; 11; 20,83,#环保热点聚焦# 【环保行业，正在进入恶性循环！】环保人才网：桑德董事长文一波语惊四座！整个环保行业正在进入恶性循环！  在清华大学105周年校庆之际，中国环保产业界领军人物、桑德集团董事长兼总裁文一波作为校友嘉宾受邀出席论坛并作开场演讲。  针对当下环保产业的投资热潮与发展 ​		...展开全文c,NA,//weibo.com/6001647438/FASwu4HoA?refer_flag=1001030103_
污染; 2017-12-19; 2017-12-22; 11; 20,84,#冒险小王子#是的，动画市场是要用行动告诉孩子什[moc自重]么是对什么是错！管起来，不然还真是太污染小孩了 ​		,快乐一生乐悠悠的救赎_186_779,//weibo.com/1256631207/FASwqgJ5V?refer_flag=1001030103_
污染; 2017-12-19; 2017-12-22; 11; 20,85,#冒险小王子#是的，动画市而且孩子可以跟着大人学习到更多。场是要管起来，不然[dino打滚]还真是太污染小孩了 ​		,喝醉的伏特加_944,//weibo.com/5069222517/FASwqdLXg?refer_flag=1001030103_
污染; 2017-12-19; 2017-12-22; 11; 20,86,		①全球首个英国过敏协会权威认证的车载空气净化器②可过滤小至0.015微米的空气悬浮粒子③5分钟显著降低PM2.5浓度达50%④有效去除超过300种污染物⑤空气洁净度近29.9立方米/每小时，专业和业余的区别是:数据! ​ 逸新车载空... ​		,逸新车载空气净化器,//weibo.com/6441246970/FASwovbzB?refer_flag=1001030103_
污染; 2017-12-19; 2017-12-22; 11; 20,87,#冒险小王子#是的，动画市场是要管起来，不然教孩子我们一定要身体力[km幺鸡猫]行才是很好的。还真是太污染小孩了 ​		,x小维天王,//weibo.com/2704032141/FASwnxE7I?refer_flag=1001030103_
污染; 2017-12-19; 2017-12-22; 11; 20,88,		滴~ 记今年第一个重污染天的下班时间 ​		,__Ci酱,//weibo.com/2293536262/FASwnALvi?refer_flag=1001030103_
污染; 2017-12-19; 2017-12-22; 11; 20,89,		//@混乱博物馆:关注 @混乱博物馆 ，转发下面这条微博，我们将抽出5位幸运观众，分别送出由污染空气制成的「AIR-INK 空气墨水」一瓶，|12月24日晚... @微博抽奖平台 开奖。		,爬行者__reptile,//weibo.com/6174606644/FARH7y22y?refer_flag=1001030103_
污染; 2017-12-19; 2017-12-22; 11; 20,90,	  【为什么我们看不见空气？】因为空气干净。混乱博物馆... ​	,NA,//weibo.com/3559972693/FASwm6jeO?refer_flag=1001030103_
污染; 2017-12-19; 2017-12-22; 11; 20,91,		北京将采取单日和多日重污染综合分级方式：听取关于制定《北京市空气重污染应急预案》情况的汇报、市政府日前召开专题会议！【北京重污染日或实行机动车单双号限行】北京正在制定《北京市空气重污染应急预案》！今后、并将加大最高预警级别的强制性减排和健康防护提醒措施……发布空气重污染预警 ​		,相阳阳,//weibo.com/3137407983/FASwlvOot?refer_flag=1001030103_
污染; 2017-12-19; 2017-12-22; 11; 20,92,#冒险小王子#是的，动画市场是要管起来，不然教孩子我们一定要身体力行才是很好的。还真是太污染小孩了 ​		,o0清0o01,//weibo.com/2821823345/FASwkBiNs?refer_flag=1001030103_
污染; 2017-12-19; 2017-12-22; 11; 20,93,		//@尚友ShareWithU:美国各州PM2.5指数大公开，污染最严重的是哪个州？编者尴尬了！		,红楼梦之真亦假假亦真,//weibo.com/2006609585/FsVZCgQfX?refer_flag=1001030103_
污染; 2017-12-19; 2017-12-22; 11; 20,94,美国各州PM2.5指数大公开，污染最严重的是哪个州？详细戳：网页链接 这就尴尬了！ ​	,NA,//weibo.com/3488511397/FASwhm3JT?refer_flag=1001030103_
污染; 2017-12-19; 2017-12-22; 11; 20,95,#冒险小王子#是的，动画市而且孩子可以跟着大人学习到更多。场是要管起来，不然还真[好可怜]是太污染小孩了 ​		,center-air,//weibo.com/1562049380/FASwf07Dj?refer_flag=1001030103_
污染; 2017-12-19; 2017-12-22; 11; 20,96,#冒险小王子#是的，动画市场是要用行动告诉孩子什么是对什么是错！管起来，不然还真[好可怜]是太污染小孩了 ​		,快乐诗怡520_915,//weibo.com/5180244607/FASweotgP?refer_flag=1001030103_
污染; 2017-12-19; 2017-12-22; 11; 20,97,		//@混乱博物馆:关注 @混乱博物馆 ，转发下面这条微博，我们将抽出5位幸运观众，分别送出由污染空气制成的「AIR-INK 空气墨水」一瓶，|12月24日晚... @微博抽奖平台 开奖。		,li192863,//weibo.com/6174606644/FARH7y22y?refer_flag=1001030103_
污染; 2017-12-19; 2017-12-22; 11; 20,98,	  【为什么我们看不见空气？】因为空气干净。混乱博物馆... ​	,NA,//weibo.com/5026534538/FASw7B3CI?refer_flag=1001030103_
污染; 2017-12-19; 2017-12-22; 11; 20,99,#冒险小王子#是的，动画市而且孩子可以跟着大人学习到更多。场是要管起来，不然还[惊哭]真是太污染小孩了 ​		,谷西老人,//weibo.com/1932759987/FASw6apIH?refer_flag=1001030103_
污染; 2017-12-19; 2017-12-22; 11; 20,100,#冒险小王子#是的，动画市场是要管起来，不然教孩子我们一定要身体[km亲亲黑块]力行才是很好的。还真是太污染小孩了 ​		,whitecat_8888,//weibo.com/2458082490/FASw69Kse?refer_flag=1001030103_
污染; 2017-12-19; 2017-12-22; 11; 20,101,		我要努力赚钱，去一个没有雾霾的地方重度污染这几天、过敏性鼻炎又犯了、咳嗽不断太难受了 ​		,佳妮2682,//weibo.com/1828385854/FASw2zcf6?refer_flag=1001030103_
污染; 2017-12-19; 2017-12-22; 11; 20,102,#冒险小王子#是的，动画市场是要管起来，不然教孩子我们一定要身体力行才是很好的。还真是太污染小孩了 ​		,咽喉里卡的鱼骨头,//weibo.com/2754452337/FASw169Kj?refer_flag=1001030103_
污染; 2017-12-19; 2017-12-22; 11; 20,103,#冒险小王子#是的，动画市场是要管起来，不然教孩子我们一定要身体力行才是很好的。还[8]真是太污染小孩了 ​		,yu2369387,//weibo.com/1281364885/FASvW5Qrv?refer_flag=1001030103_
污染; 2017-12-19; 2017-12-22; 11; 20,104,#冒险小王子#大多数的父母都是很爱孩子的，但是是的，动画市场是要管起来，不然还真是太污[痴呆]染小孩了教育真的要讲究方法。 ​		,最爱最爱江直树_762,//weibo.com/2200681712/FASvUkxPs?refer_flag=1001030103_
污染; 2017-12-19; 2017-12-22; 11; 20,105,		最有钱的星座(金牛座)！最无私的星座(天秤座)，其实紫外线造成的光老化会令肌肤变硬变黄。最严谨的星座(处女座)……最好玩的星座(狮子座)：最聪明的星座(双子座)、【祛除黑眼圈眼周肌肤也需要严格防晒】不要以为紫外线只会导致黑色素沉积……隔离紫外线污染，最温柔的星座(双鱼座)；轮廓下垂。 ​		,看你汉文坠落-金艺仁,//weibo.com/5992843309/FASvUjcBg?refer_flag=1001030103_
污染; 2017-12-19; 2017-12-22; 11; 20,106,#冒险小王子#市场时代在变化，是的，动[讥笑]画市场是要管起来，不然还真是太污染小孩了动画电影不一定就是给孩子去看的 ​		,活力一含,//weibo.com/2144503131/FASvToXO1?refer_flag=1001030103_
污染; 2017-12-19; 2017-12-22; 11; 20,107,#环保在行动# 齐河县环保局组织开展夜查行动 @德州环境 @德州同城 @生态梦人 @孤独求单 12月22日晚，齐河县环保局组织环境监察大队执法人员到恒力、奥尔通、万方饲料等现场夜查重污染天气应急减排措施停产落实情况。 ​​​		,齐河环境,//weibo.com/3716316921/FASvPyn13?refer_flag=1001030103_
污染; 2017-12-19; 2017-12-22; 11; 20,108,#冒险小王子#市场时代在变化，是的，动画市场是要管起来，不然还真是太污染小孩了动画电影不一定就是给孩子去看的 ​		,时尚创意生活坊ynpwu_357,//weibo.com/3084834811/FASvOpqyx?refer_flag=1001030103_
污染; 2017-12-19; 2017-12-22; 11; 20,109,		//@混乱博物馆:关注 @混乱博物馆 ，转发下面这条微博，我们将抽出5位幸运观众，分别送出由污染空气制成的「AIR-INK 空气墨水」一瓶，|12月24日晚... @微博抽奖平台 开奖。		,景知3,//weibo.com/6174606644/FARH7y22y?refer_flag=1001030103_
污染; 2017-12-19; 2017-12-22; 11; 20,110,	  【为什么我们看不见空气？】因为空气干净。混乱博物馆... ​	,NA,//weibo.com/5679499185/FASvHCJQR?refer_flag=1001030103_
污染; 2017-12-19; 2017-12-22; 11; 20,111,#冒险小王子#市场时代在变化，是的，动画市场是要管起来，不然还真是太污染小孩了动画电影不一定就是给孩子去看的 ​		,FRUTTO,//weibo.com/2215433632/FASvFvtr2?refer_flag=1001030103_
污染; 2017-12-19; 2017-12-22; 11; 20,112,#冒险小王子#大多数的父母都是很爱孩子的，但是是的，动画市场是要管起来，不然还真是太污染小孩了教育真的要讲究方法。 ​		,摩羯凉生,//weibo.com/3743663322/FASvDt8IR?refer_flag=1001030103_
污染; 2017-12-19; 2017-12-22; 11; 20,113,#冒险小王子#市场时代在变化，是的，动画市场是要管起来，不然还真是太污染小孩了动画电影不一定就是给孩子去看的 ​		,mfq521_sjl,//weibo.com/1169637837/FASvCzQYd?refer_flag=1001030103_
污染; 2017-12-19; 2017-12-22; 11; 20,114,		我的不然就是黑幕//@混乱博物馆:关注 @混乱博物馆 ，转发下面这条微博，我们将抽出5位幸运观众，分别送出由污染空气制成的「AIR-INK 空气墨水」一瓶，|12月24日晚... @微博抽奖平台 开奖。		,偏偏又如何,//weibo.com/6174606644/FARH7y22y?refer_flag=1001030103_
污染; 2017-12-19; 2017-12-22; 11; 20,115,	  【为什么我们看不见空气？】因为空气干净。混乱博物馆... ​	,NA,//weibo.com/1698649197/FASvzCFJT?refer_flag=1001030103_
污染; 2017-12-19; 2017-12-22; 11; 20,116,#冒险小王子#大多数的父母都[哎呦熊浮云]是很爱孩子的，但是是的，动画市场是要管起来，不然还真是太污染小孩了教育真的要讲究方法。 ​		,徐建枫0715,//weibo.com/2520787984/FASvzCf4Z?refer_flag=1001030103_
