query,Post ID,Post Content,nickname,link
污染; 2017-12-19; 2017-12-22; 21; 30,1,#冒险小王子#我也打算脚踏实地的做好每是的，动画市场是要管起来，不然还真是太污染小孩了一步了 ​		,dike103,//weibo.com/2516626340/FASuZjLtd?refer_flag=1001030103_
污染; 2017-12-19; 2017-12-22; 21; 30,2,		//@混乱博物馆:关注 @混乱博物馆 ，转发下面这条微博，我们将抽出5位幸运观众，分别送出由污染空气制成的「AIR-INK 空气墨水」一瓶，|12月24日晚... @微博抽奖平台 开奖。		,桃花源有多遥远,//weibo.com/6174606644/FARH7y22y?refer_flag=1001030103_
污染; 2017-12-19; 2017-12-22; 21; 30,3,	  【为什么我们看不见空气？】因为空气干净。混乱博物馆... ​	,NA,//weibo.com/6077410003/FASuZhy7k?refer_flag=1001030103_
污染; 2017-12-19; 2017-12-22; 21; 30,4,		//@混乱博物馆:关注 @混乱博物馆 ，转发下面这条微博，我们将抽出5位幸运观众，分别送出由污染空气制成的「AIR-INK 空气墨水」一瓶，|12月24日晚... @微博抽奖平台 开奖。		,抑郁症患者痛恨春天,//weibo.com/6174606644/FARH7y22y?refer_flag=1001030103_
污染; 2017-12-19; 2017-12-22; 21; 30,5,	  【为什么我们看不见空气？】因为空气干净。混乱博物馆... ​	,NA,//weibo.com/3125855745/FASuSblUP?refer_flag=1001030103_
污染; 2017-12-19; 2017-12-22; 21; 30,6,#榆林百姓问政# 【变电站爆炸案例 近几年来有关变电站噪音污染的投诉案例】一、变电站爆炸案例：2002年5月19日晚11时许，位于广州市海珠区新滘镇北山村，广州市电力工业局赤沙变电站的高压线路，因意外原因突然爆炸起火，大火燃烧了近5个小时被扑灭。2002年9月17日18时50分…… |变电站爆炸... ​		,小佰姓,//weibo.com/2815745724/FASuNrvrj?refer_flag=1001030103_
污染; 2017-12-19; 2017-12-22; 21; 30,7,		男子收购纸业公司废旧吨桶清洗，并将清洗后含有有毒物质的废水排入长江。12月22日，湖北宜昌市猇亭区检察院对外发布消息，因涉嫌污染环境罪，该男子周某某已被检方批准逮捕。 |男子将有毒... ​		,魏氏思语,//weibo.com/2047299300/FASuM1UNX?refer_flag=1001030103_
污染; 2017-12-19; 2017-12-22; 21; 30,8,#电影妖猫传##美出了界##带着微博去旅行#【非物质文化遗产：怀柔杨门浆水豆腐】杨门浆水豆腐是一种用酸浆淀豆腐的技术，所谓酸浆就是制作豆腐后沥出的汁水，俗称浆水；在温度适宜的情况下，由自身的乳酸菌作用而变酸，行业称为酸浆。利用其含的乳酸来制作豆腐，既规避了化学物品的污染，口感也好。豆腐 ​			...展开全文c,躲真壁磨亲,//weibo.com/5391525101/FASuG5vg5?refer_flag=1001030103_
污染; 2017-12-19; 2017-12-22; 21; 30,9,		来了一局这个，感觉被污染了 |济南·花园... ​		,俺是爽爽,//weibo.com/3064474400/FASuAvsFG?refer_flag=1001030103_
污染; 2017-12-19; 2017-12-22; 21; 30,10,@姑苏公安 【小作坊偷排毒物 昆山9名被告获刑】日前，昆山市法院一审对6起污染环境罪案件进行了集中公开宣判，9名被告人因从事非法电镀、氧化作业，排放含有有毒污染物的废水，严重污染环境，被依法惩处。|小作坊偷排... ​		,苏州市虎丘派出所路北社区警务室,//weibo.com/2431741372/FASutpjM7?refer_flag=1001030103_
污染; 2017-12-19; 2017-12-22; 21; 30,11,		【日照海滨公园】日照海滨公园依山傍海，浪缓滩阔，沙质细润，海水洁净，拥有7公里的黄金海岸线，是北方一流的天然海滨浴场，被有关专家誉为“中国沿海仅存未被污染的黄金海岸”。美籍华裔物理学家丁肇中先生称这里的沙滩“夏威夷所不及”。日照海滨国家森林公园位于山东省日照市北沿海路北首。 ​		,咔咔小生必然马甲66彤,//weibo.com/6158597214/FASuipzDl?refer_flag=1001030103_
污染; 2017-12-19; 2017-12-22; 21; 30,12,//@山东环境:#秋冬季大气污染综合治理攻坚行动# #环保在行动#,豫鲁风骨,//weibo.com/3460096640/FAS0nFnUA?refer_flag=1001030103_
污染; 2017-12-19; 2017-12-22; 21; 30,13,	  省厅大气污染强化督导组到莒县城阳街道检查工作 ​	,NA,//weibo.com/1337842694/FASu5rSlz?refer_flag=1001030103_
污染; 2017-12-19; 2017-12-22; 21; 30,14,		//@混乱博物馆:关注 @混乱博物馆 ，转发下面这条微博，我们将抽出5位幸运观众，分别送出由污染空气制成的「AIR-INK 空气墨水」一瓶，|12月24日晚... @微博抽奖平台 开奖。		,一季槐念,//weibo.com/6174606644/FARH7y22y?refer_flag=1001030103_
污染; 2017-12-19; 2017-12-22; 21; 30,15,	  【为什么我们看不见空气？】因为空气干净。混乱博物馆... ​	,NA,//weibo.com/3806658983/FAStQnqJy?refer_flag=1001030103_
污染; 2017-12-19; 2017-12-22; 21; 30,16,		信阳，12月22日，周五，空气质量指数：133，空气质量：轻度污染。 ​		,信阳天气通,//weibo.com/5111804255/FAStQ3nPE?refer_flag=1001030103_
污染; 2017-12-19; 2017-12-22; 21; 30,17,		新乡，12月22日，周五，空气质量指数：190，空气质量：中度污染。 ​		,新乡天气通,//weibo.com/5111796673/FAStPrK7D?refer_flag=1001030103_
污染; 2017-12-19; 2017-12-22; 21; 30,18,		孝感，12月22日，周五，空气质量指数：127，空气质量：轻度污染。 ​		,孝感天气通,//weibo.com/5110101726/FAStOyuGr?refer_flag=1001030103_
污染; 2017-12-19; 2017-12-22; 21; 30,19,		按理说国际行星保护协会是不允许这样做的，不是你想怎样就怎样的，打到地火转移轨道的弊端就是极有可能撞到火星或滞留火星轨道，带来的污染是致命的！而汽车的消毒要比航天器的消毒要麻烦得多.... 马爷的土豪劲儿也许会酿成打错~,XS_ZHOU,//weibo.com/2282969654/FAQyfAtwr?refer_flag=1001030103_
污染; 2017-12-19; 2017-12-22; 21; 30,20,	  马斯克的roadster跑车已经安装在火箭适配器上！预计2018年1月由重型猎鹰火箭直接送入地火霍曼转移轨道！图片来自@Steed的围脖 ​	,NA,//weibo.com/1797968501/FAStOjbp2?refer_flag=1001030103_
污染; 2017-12-19; 2017-12-22; 21; 30,21,		拖着疲惫的身体，终于抵达住所干燥的肌肤，雾霾的空气 粉尘污染的环境浑身的不舒适感 全部袭来好容易吃下的东西全部吐了出来此次行程遭了不少的罪但，一切都会很值得因为所有的经历，都是成长！			...展开全文c,拥抱小树懒,//weibo.com/1604024162/FAStNFffR?refer_flag=1001030103_
污染; 2017-12-19; 2017-12-22; 21; 30,22,		转发微博//@混乱博物馆:关注 @混乱博物馆 ，转发下面这条微博，我们将抽出5位幸运观众，分别送出由污染空气制成的「AIR-INK 空气墨水」一瓶，|12月24日晚... @微博抽奖平台 开奖。		,爱吃汤圆的寒鸮,//weibo.com/6174606644/FARH7y22y?refer_flag=1001030103_
污染; 2017-12-19; 2017-12-22; 21; 30,23,	  【为什么我们看不见空气？】因为空气干净。混乱博物馆... ​	,NA,//weibo.com/6092505446/FAStMcMUI?refer_flag=1001030103_
污染; 2017-12-19; 2017-12-22; 21; 30,24,		//@混乱博物馆:关注 @混乱博物馆 ，转发下面这条微博，我们将抽出5位幸运观众，分别送出由污染空气制成的「AIR-INK 空气墨水」一瓶，|12月24日晚... @微博抽奖平台 开奖。		,Moon-Hound,//weibo.com/6174606644/FARH7y22y?refer_flag=1001030103_
污染; 2017-12-19; 2017-12-22; 21; 30,25,	  【为什么我们看不见空气？】因为空气干净。混乱博物馆... ​	,NA,//weibo.com/1851092081/FAStLB8YW?refer_flag=1001030103_
污染; 2017-12-19; 2017-12-22; 21; 30,26,		发布了头条文章：《咸阳市：彬县，俩洗煤厂污染环境谁来监管？》 |咸阳市：彬... ​		,陕北新闻哥,//weibo.com/2963703682/FAStvnL4s?refer_flag=1001030103_
污染; 2017-12-19; 2017-12-22; 21; 30,27,#樱花庄的宠物女孩# 看了鸭志田一的just because .想起来了收藏的番剧里面还有一部《樱花庄的宠物女孩》，今天看了几集感觉自己又找到一个非常喜欢的女(lao)主(po)部分画面光污染太严重了，作画整天还好。 |济南·花园... ​		,涓涓心事说给自己听214,//weibo.com/5253739652/FAStv5rWG?refer_flag=1001030103_
污染; 2017-12-19; 2017-12-22; 21; 30,28,		转发墨水//@混乱博物馆:关注 @混乱博物馆 ，转发下面这条微博，我们将抽出5位幸运观众，分别送出由污染空气制成的「AIR-INK 空气墨水」一瓶，|12月24日晚... @微博抽奖平台 开奖。		,长毛的大白腿,//weibo.com/6174606644/FARH7y22y?refer_flag=1001030103_
污染; 2017-12-19; 2017-12-22; 21; 30,29,	  【为什么我们看不见空气？】因为空气干净。混乱博物馆... ​	,NA,//weibo.com/2679880717/FAStscdxQ?refer_flag=1001030103_
污染; 2017-12-19; 2017-12-22; 21; 30,30,		小丑哥【宝宝疫苗接种完毕，应留院观察30分钟左右，若无反应出现再离开】但这不是意味着高枕无忧了，家长还需细心的观察与细致的护理，宝宝接种疫苗后，注意休息，避免剧烈活动，3天内最好不要洗澡；在家注意保护宝宝接种部位，保持清洁，以防污染物进入而引起感染；在家多给宝宝喝开水（除服脊灰糖丸? ​		,我就乄是那只可爱熊呀,//weibo.com/3184423154/FAStqlU7w?refer_flag=1001030103_
污染; 2017-12-19; 2017-12-22; 21; 30,31,		【最强排毒食物。吃了皮肤瞬间变好】 环境污染、电脑辐射、不良饮食习惯等都有可能导致人体产生各种生理垃圾，毒素长期在体内堆积，则会引发记忆力减退、面色灰黄、便秘、痔疮等系统疾病。因此，如何排毒成为不少女性关注的健康话题。其实在我们常吃的蔬菜中，就有不少具有解毒功效。 ​		,honey燕子lovinglife,//weibo.com/6195980008/FAStq409Y?refer_flag=1001030103_
污染; 2017-12-19; 2017-12-22; 21; 30,32,		纯正天然农家自产野生椴树峰蜜蜂蜜，黑龙江优质花蜜，纯天然自然成熟蜜，绿色无污染，纯结晶天然好蜜！【赠运费险】 【在售价】72元 【内部价】62元 已经有200个主人把宝贝带回家了 【抢购链接】网页链接 ​		,翡翠联盟蛋面,//weibo.com/2748533197/FAStl3Sma?refer_flag=1001030103_
污染; 2017-12-19; 2017-12-22; 21; 30,33,#环保普法##1831# 西安人注意！重污染天气蓝色预警来了，做好防护措施哦~（自@西安发布 ）网页链接 ​		,长安卧龙958,//weibo.com/3951545254/FAStjAf4Z?refer_flag=1001030103_
污染; 2017-12-19; 2017-12-22; 21; 30,34,		//@混乱博物馆:关注 @混乱博物馆 ，转发下面这条微博，我们将抽出5位幸运观众，分别送出由污染空气制成的「AIR-INK 空气墨水」一瓶，|12月24日晚... @微博抽奖平台 开奖。		,Dr_MagicYoung,//weibo.com/6174606644/FARH7y22y?refer_flag=1001030103_
污染; 2017-12-19; 2017-12-22; 21; 30,35,	  【为什么我们看不见空气？】因为空气干净。混乱博物馆... ​	,NA,//weibo.com/1238890665/FASte0hD6?refer_flag=1001030103_
污染; 2017-12-19; 2017-12-22; 21; 30,36,		还是有喜欢的东西的，好像很久没有喜欢过。。“你是天真的，纯洁的，玻璃一样的，什么也污染不了，什么也改变不了，阳光透过你都改变了方向。。。” ​		,臭兔兔凹凸曼,//weibo.com/1875404722/FASt57p5D?refer_flag=1001030103_
污染; 2017-12-19; 2017-12-22; 21; 30,37,#长春热点事#限号开始你今天能回家吗？秸秆和汽车尾气谁更污染？长春传的秒... ​		,赛思腾在线,//weibo.com/5033007544/FASt1eZTN?refer_flag=1001030103_
污染; 2017-12-19; 2017-12-22; 21; 30,38,#沧州身边事# 【运河区开展餐饮业油烟污染治理专项行动】近日，运河区市场监督管理局针对辖区内餐饮服务单位油烟净化设施安装及使用情况展开全面排查治理，采取全面巡查、筛选重点、综合治理的方法，对辖区所有餐饮单位开展拉网式排查，下达要求餐饮商户及时清洗抽油烟净化设备通知，对存在问题大的、 ​			...展开全文c,魅力新沧州,//weibo.com/5890772796/FASt10X7z?refer_flag=1001030103_
污染; 2017-12-19; 2017-12-22; 21; 30,39,"#圣诞季##运动不放假##一段文字,一种心情#【身处3种环境最易致癌】1职业暴露：流行病学研究发现，生产联苯胺染料或甲、乙萘胺的工人膀胱癌多发；从事石棉生产的工人支气管肺癌多发；从事X线工作的人白血病多发；锡矿工人肺癌多发。2室内污染。3化学污染：家用洗涤剂的大量应用所造成的化学污染，也会增 ​			...展开全文c",信玉山倒,//weibo.com/5064310987/FASt0Dkwe?refer_flag=1001030103_
污染; 2017-12-19; 2017-12-22; 21; 30,40,		//@混乱博物馆:关注 @混乱博物馆 ，转发下面这条微博，我们将抽出5位幸运观众，分别送出由污染空气制成的「AIR-INK 空气墨水」一瓶，|12月24日晚... @微博抽奖平台 开奖。		,跳跳糖爱跳,//weibo.com/6174606644/FARH7y22y?refer_flag=1001030103_
污染; 2017-12-19; 2017-12-22; 21; 30,41,	  【为什么我们看不见空气？】因为空气干净。混乱博物馆... ​	,NA,//weibo.com/6269337890/FASsUa1bk?refer_flag=1001030103_
污染; 2017-12-19; 2017-12-22; 21; 30,42,		我的眼光很高，喜欢的都是纯绿色笨养野生无污染的优良品。		,失眠人的艳遇__可爱多,//weibo.com/1223178222/FzP8P8wsE?refer_flag=1001030103_
污染; 2017-12-19; 2017-12-22; 21; 30,43,	  你马上要8岁了哟 看我一眼好不好 ​	,NA,//weibo.com/5774268308/FASsTA4Uz?refer_flag=1001030103_
污染; 2017-12-19; 2017-12-22; 21; 30,44,		//@c酱住在乌鲁克:所以不同意ubw里他是被圣杯污染了的说法，首先他精神力强大到黑泥也无法污染，其次fsf里也说的很清楚，如果受肉了他还是会跳脱旁观者立场，说不定还是会选择ubw这条路。所以不是非常赞同说ubw里的他中二，如果爱他，或许可以试着去解读他做事的动机吧,日向宁晴_,//weibo.com/5605694475/FAShV4u00?refer_flag=1001030103_
污染; 2017-12-19; 2017-12-22; 21; 30,45,	  关于ubw里的闪的一些想法。不一定对。艾蕾实装后对苏美尔的冥府产生了兴趣，读了一些资料后，印象最深刻的是不同于后来的主流宗教，苏美尔文化中没有明显对来世的描述，冥府有的只是悲哀，孤独与灰尘。灵魂永远地游荡于冥界之间，他们唯一的希望来自于子嗣对自己的献祭。没有此生做好事来世就有福报 ​		...展开全文c,NA,//weibo.com/5605785230/FASsThbSb?refer_flag=1001030103_
污染; 2017-12-19; 2017-12-22; 21; 30,46,		注意脸部清洁挨近脸部的毛发容易残留洁面泡沫堵塞毛孔；也会沾染灰尘和油脂，在脸上扫来扫去，也会污染面部皮肤。所以要彻底的冲洗干净这些部位，不要让毛发挡住面部。经常被阳光直晒不MAB851仅有紫外线的伤害，也会令汗腺及皮脂腺的分泌活跃，阻塞毛孔，加速发炎。所以一定要作好防晒工作。韵 ​		,安哥家的欧太,//weibo.com/6435180176/FASsPtorG?refer_flag=1001030103_
污染; 2017-12-19; 2017-12-22; 21; 30,47,		我年纪尚小为何要被黑暗污染呢？ ​		,英雄张大大,//weibo.com/3170523735/FASsOvJmd?refer_flag=1001030103_
污染; 2017-12-19; 2017-12-22; 21; 30,48,		【映阳】新生儿超软硅胶安抚奶嘴 【优惠券后】 ￥15元 ，推荐理由：通过欧洲SGS认证，不含双酚A，仿真母乳的实感，防止细菌滋生，薄款设计，轻柔手柄，零油墨，无污染，宝宝哭闹，妈妈少烦恼！ ， 粉丝内部优惠券：网页链接 ，㊣㊣㊣ 亲，【你有优惠券未领取：www.youhuixin.com】 ​		,不闻不问不痛不痒不知不觉,//weibo.com/2382502123/FASsIlocV?refer_flag=1001030103_
污染; 2017-12-19; 2017-12-22; 21; 30,49,//@山东环境:#秋冬季大气污染综合治理攻坚行动# #环保在行动#,孤独求单,//weibo.com/3460096640/FAS0nFnUA?refer_flag=1001030103_
污染; 2017-12-19; 2017-12-22; 21; 30,50,	  省厅大气污染强化督导组到莒县城阳街道检查工作 ​	,NA,//weibo.com/5025985278/FASsEuwF1?refer_flag=1001030103_
污染; 2017-12-19; 2017-12-22; 21; 30,51,"#电影妖猫传##运动不放假##一段文字,一种心情#【神农溪】神农溪是湖北巴东长江北岸的一条常流性溪流，发源于“华中第一峰”神农架的南坡，由南向北穿行于深山峡谷中，于巫峡口东2000米处汇入长江，全长60公里，是无污染的天然之流，溪水碧澈，一清到底，除""三色泉""外，几乎见不到一缕混水； ​		",小楼深巷狂游遍,//weibo.com/5065523210/FASsB0GoF?refer_flag=1001030103_
污染; 2017-12-19; 2017-12-22; 21; 30,52,		万恶的金钱社会，你又污染了我。 ​		,只是因为决定了,//weibo.com/1807641962/FASsyCn0Y?refer_flag=1001030103_
污染; 2017-12-19; 2017-12-22; 21; 30,53,		【成都24日将启动重污染天气橙色预警】|成都24日将... ​		,芷蕾翠彤,//weibo.com/6115399160/FASsvmzAL?refer_flag=1001030103_
污染; 2017-12-19; 2017-12-22; 21; 30,54,		印度街头美食，手工鲜榨橙汁，纯天然无污染不添加 网页链接 ​		,v1久悦天1v,//weibo.com/1945314705/FASstikD3?refer_flag=1001030103_
污染; 2017-12-19; 2017-12-22; 21; 30,55,		“民以食为天”，农业的大力发展，离不开农药的全程护航，但是，在农药被广泛的应用的同时，由于农药残留引发的各种疾病日趋严重，人类的生命健康受到了前所未有的威胁。 研究表明，长期食用带有农药残留的水果、蔬菜，人类身体内就会沉积一定量的残留农药，农药可以通过血液循环到达各个神经肌肉的接 ​			...展开全文c,正英检测,//weibo.com/6436734991/FASstgwWL?refer_flag=1001030103_
污染; 2017-12-19; 2017-12-22; 21; 30,56,		哦呼 //@混乱博物馆:关注 @混乱博物馆 ，转发下面这条微博，我们将抽出5位幸运观众，分别送出由污染空气制成的「AIR-INK 空气墨水」一瓶，|12月24日晚... @微博抽奖平台 开奖。		,锅包肉丶,//weibo.com/6174606644/FARH7y22y?refer_flag=1001030103_
污染; 2017-12-19; 2017-12-22; 21; 30,57,	  【为什么我们看不见空气？】因为空气干净。混乱博物馆... ​	,NA,//weibo.com/3045152293/FASst0Hw2?refer_flag=1001030103_
污染; 2017-12-19; 2017-12-22; 21; 30,58,		中国癌症高发，以后还会更严重。食品安全，化学品污染，空气雾霾等等是重要致病因素。		,中医男,//weibo.com/1226134960/FARCt99Sv?refer_flag=1001030103_
污染; 2017-12-19; 2017-12-22; 21; 30,59,	  2017《中国肿瘤的现状和趋势》报告显示，不论城市还是农村，肿瘤都是中国居民的主要死亡原因。我国男性发病前10位的癌症依次分别是：肺癌、胃癌、肝癌、食管癌、结肠癌、胰腺癌、脑癌、淋巴癌、血癌、前列腺癌；我国女性发病前10位的癌症依次分别是：肺癌、胃癌、食管癌、肝癌、结直肠癌、乳腺癌、 ​		...展开全文c,NA,//weibo.com/5856657025/FASsprnqI?refer_flag=1001030103_
污染; 2017-12-19; 2017-12-22; 21; 30,60,		【角质层过厚】白天出门，肌肤与室外环境亲密接触。汗水的侵蚀、附着在脸上的粉尘、环境的污染会加重毛孔的负担，同时角质也会变厚、加速老化。如果睡前没有得到彻底清理，不仅会导致整夜排油不畅，还会成为粉刺、暗疮滋生的温床。 ​		,瘦削蝉羽伶,//weibo.com/6416521987/FASsoy3Fg?refer_flag=1001030103_
污染; 2017-12-19; 2017-12-22; 21; 30,61, 隔离污染，修饰瑕疵，官方旗舰店正品保障，历史最低价，送卸妆水~韩束红润#气垫#CC霜 ¥ 59领卷下单：网页链接还有一万个领券商品，戳：网页链接(๑•̀ㅂ•́)و✧|杭州·银泰... ​		,钜优惠,//weibo.com/5141507608/FASsjeCyR?refer_flag=1001030103_
污染; 2017-12-19; 2017-12-22; 21; 30,62,		【44.9】联蜂枸杞蜜500g*2瓶 野生宁夏枸杞蜜 取天然蜂巢蜜 蜂蜜瓶土蜂蜜 【真品.精品】野生天然宁夏蜜，采集枸杞花酿造，营养价值丰富，口感天然，无污染添加，润肠通便，提精益肾，补气通元，美容焕肤！野蜂蜜味道浓！---------------【下单方法】：【粉丝福利购】网页链接 ​		,沉睡的米小鼠,//weibo.com/2334405585/FASsec9pW?refer_flag=1001030103_
污染; 2017-12-19; 2017-12-22; 21; 30,63,		他们为环境污染做出自己的贡献		,金杰e,//weibo.com/5506825031/FANPDFRGq?refer_flag=1001030103_
污染; 2017-12-19; 2017-12-22; 21; 30,64,#电网头条#【据说电力人都爱玩这种“狼人杀”】这是一个神奇的“狼人杀”游戏，观看时请不要闭眼，以免错过真相……经居民举报，某省某地的空气中总是弥漫着刺鼻的气味，为了找到制造这种气味的“狼人”，游戏马上开始！网页链接（来源：@电网头条） 国网湖北电... ​	,NA,//weibo.com/2654081375/FASscbgzZ?refer_flag=1001030103_
污染; 2017-12-19; 2017-12-22; 21; 30,65,		啧啧啧//@混乱博物馆:关注 @混乱博物馆 ，转发下面这条微博，我们将抽出5位幸运观众，分别送出由污染空气制成的「AIR-INK 空气墨水」一瓶，|12月24日晚... @微博抽奖平台 开奖。		,无聊不需解释,//weibo.com/6174606644/FARH7y22y?refer_flag=1001030103_
污染; 2017-12-19; 2017-12-22; 21; 30,66,	  【为什么我们看不见空气？】因为空气干净。混乱博物馆... ​	,NA,//weibo.com/5036416962/FASs6vso9?refer_flag=1001030103_
污染; 2017-12-19; 2017-12-22; 21; 30,67,#2017我想对你说#【溏心鸡蛋好不好】溏心鸡蛋的口感让很多人着迷，但这种吃法好吗？鸡蛋易受细菌污染，常见的致病菌是沙门氏菌。鸡蛋制品加热到71℃以上后，沙门氏菌基本被剿灭，蛋黄也凝固了，但如果蛋黄处于“溏心”状态，就无法有效灭菌。 ​		,没有昵称1122334455666868,//weibo.com/6420114472/FASs3gfX3?refer_flag=1001030103_
污染; 2017-12-19; 2017-12-22; 21; 30,68,		邵阳市区红星夜宵一条街的门面基本都关了！油烟、噪音污染将成“历史”,邵阳同城,//weibo.com/2394420684/FAyE8rwu5?refer_flag=1001030103_
污染; 2017-12-19; 2017-12-22; 21; 30,69,#邵阳身边事# 【邵阳市区红星夜宵一条街的门面基本都关了！油烟、噪音污染将成“历史”】“夜宵店已经关了一大半，现在这里的空气清新多了，大家都特别满意。”12月20日，家住大祥区城南街道红星社区桂苑小区的刘奶奶高兴地说。据悉，截至10月31日，红星夜宵一条街的33家烧烤门店已全部签订《退 ​		...展开全文c,NA,//weibo.com/6068931092/FASs28GZY?refer_flag=1001030103_
污染; 2017-12-19; 2017-12-22; 21; 30,70,@jy昙小白 暖宝宝 宝宝 网页链接衣服是宝宝的第二层皮肤，采用优质的天然彩棉制作，从种棉到成衣，全程没污染。加厚超萌超可爱的卡通造型，充满童真气息。 ​		,财务forevertd,//weibo.com/6263667778/FASrZb6fX?refer_flag=1001030103_
污染; 2017-12-19; 2017-12-22; 21; 30,71,		//@混乱博物馆:关注 @混乱博物馆 ，转发下面这条微博，我们将抽出5位幸运观众，分别送出由污染空气制成的「AIR-INK 空气墨水」一瓶，|12月24日晚... @微博抽奖平台 开奖。		,holy亦亦祈,//weibo.com/6174606644/FARH7y22y?refer_flag=1001030103_
污染; 2017-12-19; 2017-12-22; 21; 30,72,	  【为什么我们看不见空气？】因为空气干净。混乱博物馆... ​	,NA,//weibo.com/6112595542/FASrX5huC?refer_flag=1001030103_
污染; 2017-12-19; 2017-12-22; 21; 30,73,		🖤pearlosophy•积雪草喷雾☛特别添加Dust mirror base专利：❶隔离空气中的污染🔜灰尘和雾霾）❷轻松快捷瞬间保湿🔜透明质酸）❸镇定舒缓🔜皮肤敏感泛红）️ ​		,-媧島-,//weibo.com/2038966660/FASrVBQdG?refer_flag=1001030103_
污染; 2017-12-19; 2017-12-22; 21; 30,74,		空气洁净除烟味清新剂25包 【领券后再下单】 ￥15元 ，推荐理由：快速分解烟味异味，安全环保无污染，清新怡人，清洁空气，营造宁静优雅的环境！ ， 粉丝内部优惠券：网页链接 ，㊣㊣㊣ 亲，【淘宝优惠券未领取：www.youhuixin.com】 ​		,还有我爱你灬,//weibo.com/2673815447/FASrU8P6I?refer_flag=1001030103_
污染; 2017-12-19; 2017-12-22; 21; 30,75,		吃人真的好可怕………我受到了精神污染 完全没法冷静对待后面的解释 不管是什么弄出这种生物就真的………我都要吓哭了 ​		,天台沒有風,//weibo.com/5975451787/FASrM7hbu?refer_flag=1001030103_
污染; 2017-12-19; 2017-12-22; 21; 30,76,@姑苏公安 【小作坊偷排毒物 昆山9名被告获刑】日前，昆山市法院一审对6起污染环境罪案件进行了集中公开宣判，9名被告人因从事非法电镀、氧化作业，排放含有有毒污染物的废水，严重污染环境，被依法惩处。|小作坊偷排... ​		,虎丘派出所社区警组,//weibo.com/1893380477/FASrH5PpA?refer_flag=1001030103_
污染; 2017-12-19; 2017-12-22; 21; 30,77,		//@夏冬阳2012:希望抽烟者都能自觉地不去污染环境，不要在狭小和密闭空间里及公共场合吸烟，危害他人身体健康！		,咸阳头条新闻,//weibo.com/1167188971/FARLtj9cc?refer_flag=1001030103_
污染; 2017-12-19; 2017-12-22; 21; 30,78,	  抽完烟请不要靠近我，宣传画太让人揪心了！最小的肺癌患者才2岁，请不要在有孩子和女士的地方吸烟！二手烟导致中耳炎，扁桃体炎，慢性咽炎，以及各种呼吸系统疾病，呼吸系统就是人的命～二手烟附着在衣服上可以长达二十天～珍惜自己和你的家人！！！请做个文明而自觉的人@夏冬阳2012 @陕西虎牙 @天佑秦 ​		...展开全文c,NA,//weibo.com/3142304257/FASrC6SW7?refer_flag=1001030103_
污染; 2017-12-19; 2017-12-22; 21; 30,79,		//@混乱博物馆:关注 @混乱博物馆 ，转发下面这条微博，我们将抽出5位幸运观众，分别送出由污染空气制成的「AIR-INK 空气墨水」一瓶，|12月24日晚... @微博抽奖平台 开奖。		,京阿尼的蓝白,//weibo.com/6174606644/FARH7y22y?refer_flag=1001030103_
污染; 2017-12-19; 2017-12-22; 21; 30,80,	  【为什么我们看不见空气？】因为空气干净。混乱博物馆... ​	,NA,//weibo.com/3345949970/FASrv3jsA?refer_flag=1001030103_
污染; 2017-12-19; 2017-12-22; 21; 30,81,		【黑头形成原因】油脂堵塞住了洞口，在还未来得及排出洞外之前，与跌落在毛孔中的空气污染、尘屑．残妆混合在一起，经与空气中的二氧化硫“硫化”的结果，形成了又黑又酸又硬的硬块，堵在毛孔的洞口，并且将它逐渐撑大。黑头粉刺多发在额头、鼻梁两侧和下巴。平时多注意清洁哦。 ​		,静逗sir阿,//weibo.com/282619124/FASrigc4Y?refer_flag=1001030103_
污染; 2017-12-19; 2017-12-22; 21; 30,82,		《世界十大家族家训》个性像白纸，一经污染，便永不能再如以前的洁白。网页链接 ​		,妙缘生,//weibo.com/6104766158/FASrguXl8?refer_flag=1001030103_
污染; 2017-12-19; 2017-12-22; 21; 30,83,		无美颜，无滤镜，无污染 ​		,骑着单车的小记者,//weibo.com/2798968500/FASrgfcXa?refer_flag=1001030103_
污染; 2017-12-19; 2017-12-22; 21; 30,84,		如果你能像看别人缺点一样，如此准确般的发现自己的缺点，那么你的生命将会不平凡。学佛第一个观念，永远不去看众生的过错。你看众生的过错，你永远污染你自己，你根本不可能修行。你每天若看见众生的过失和是非，你就要赶快去忏悔，这就是修行。不宽恕众生，不原谅众生，是苦了你自己。 ​			...展开全文c,修心养性空间,//weibo.com/6356960755/FASreaYrp?refer_flag=1001030103_
污染; 2017-12-19; 2017-12-22; 21; 30,85,		发布了头条文章：《沈阳市将开展 污染源普查》 |沈阳市将开... ​		,pkacc028_tf,//weibo.com/6404774780/FASr17KH5?refer_flag=1001030103_
污染; 2017-12-19; 2017-12-22; 21; 30,86,		【山东：发布环境空气质量形势预报】 污染过程提示：23日，我省中西部地区可能出现大面积中至重度污染。24日，受冷空气影响，我省自北向南陆续出现污染物小时浓度峰值。25～29日，由于污染传输和不利扩散条件的交替影响，我省中西部地区以轻至中度污染为主。 |山东省环境... ​		,山东环境,//weibo.com/3354394424/FASr0Audk?refer_flag=1001030103_
污染; 2017-12-19; 2017-12-22; 21; 30,87,		握草他大爷，人肉人渣，别污染社会！,K斯图尔特,//weibo.com/1894477791/FARPf5U08?refer_flag=1001030103_
污染; 2017-12-19; 2017-12-22; 21; 30,88,	  这只狗狗今早走了，Ta被虐待的程度令人发指，骨瘦如柴的Ta全身被割70多刀，头骨裸露，严重失血脱水…事发成都郫县景尚景小区，如果你有施虐人的线索，请立即联系PETA。面对暴力，不要沉默。#为动物发声##反虐待动物法##成都身边事# ​	,NA,//weibo.com/3941668369/FASqXyLlg?refer_flag=1001030103_
污染; 2017-12-19; 2017-12-22; 21; 30,89,#圣诞老人边伯贤#  #边伯贤# 委屈【baekhyunee7】【边伯贤壁纸无水印】【边伯贤图片】【伯贤 solo】【边伯贤腹肌】			...展开全文c,草莓粉贤,//weibo.com/5261308595/FASqQggpP?refer_flag=1001030103_
污染; 2017-12-19; 2017-12-22; 21; 30,90,		我发布了头条文章：《环保部强化督查组到齐河县督导检查大气污染防治工作》 @德州环境@德州同城@生态梦人@孤独求单 |环保部强化... ​		,齐河环境,//weibo.com/3716316921/FASqMEG4R?refer_flag=1001030103_
污染; 2017-12-19; 2017-12-22; 21; 30,91,#李宇春#简单的小动画，别让塑料污染了我们的海洋破坏了地球环境。 |天津·天津... ​		,小个的柠檬,//weibo.com/1626470584/FASqDf22y?refer_flag=1001030103_
污染; 2017-12-19; 2017-12-22; 21; 30,92,		甘肃省水污染防治年度考核兰州市及兰州新区获评优秀		,兰州同城,//weibo.com/5305253110/FAP4OB7SH?refer_flag=1001030103_
污染; 2017-12-19; 2017-12-22; 21; 30,93,#兰州身边事# 【甘肃省水污染防治年度考核兰州市及兰州新区获评优秀】省水污染防治领导小组办公室日前公布了各市(州)和兰州新区2016年度《甘肃省水污染防治工作方案》实施情况考核结果。去年，兰州及兰州新区考核等级为“优秀”。  据了解，陇南市、嘉峪关市、兰州市、兰州新区、武威市、张掖 ​		...展开全文c,NA,//weibo.com/6072765013/FASqxkYB3?refer_flag=1001030103_
污染; 2017-12-19; 2017-12-22; 21; 30,94,		【逆龄童颜针】在注射到皮肤真皮层后，能有效激活fibroblast，促进fibroblast分泌，激活老化肌肤，合成胶原蛋白，增加真皮层厚度，生成皮肤保护膜，为肌肤细胞生长带去无穷的活力。只有皮肤的构造正常化，真皮的厚度增加，皮肤对于外界污染物的防御机制变得强大，皮肤才能恢复饱满、弹力恢复等。RE ​			...展开全文c,美丽萱妍皮肤管理,//weibo.com/6342919260/FASqnxTqa?refer_flag=1001030103_
污染; 2017-12-19; 2017-12-22; 21; 30,95,#冒险小王子#市场时代在变化，是的，动画市场是要管起来，[bm厚脸皮]不然还真是太污染小孩了动画电影不一定就是给孩子去看的 ​		,阿颖-1994,//weibo.com/3487411122/FASqg9kr3?refer_flag=1001030103_
污染; 2017-12-19; 2017-12-22; 21; 30,96,		【揪出室内铅污染源】主要指室内装修对房间的污染，尤其一些带颜色的油漆涂料，都是室内铅源的主要污染来源，其次就是孩子的玩具学习用具。在宝宝玩玩具、使用铅笔、蜡笔、彩笔后一定要洗手，尤其吃食物前要让宝贝彻底清洗干净手后才能吃食物，避免手上残留的铅通过食物进入体内。 ​		,Carly苏苏苏coq,//weibo.com/6135259421/FASqaweKq?refer_flag=1001030103_
污染; 2017-12-19; 2017-12-22; 21; 30,97,		需要立即焚烧//@酷宝leuu://@祗楚:污染环境		,小明同学是小透明,//weibo.com/5643258276/FAIDQ6THQ?refer_flag=1001030103_
污染; 2017-12-19; 2017-12-22; 21; 30,98,	  鲵猜：这属于可回收垃圾还是不可回收垃圾 ​	,NA,//weibo.com/5714553245/FASq3sOmW?refer_flag=1001030103_
污染; 2017-12-19; 2017-12-22; 21; 30,99,#冒险小王子#大多数的父母都是很爱孩子的，但是是的，动画市场是要管起来，不然[bm馋]还真是太污染小孩了教育真的要讲究方法。 ​		,承诺太多的傻瓜,//weibo.com/3170235363/FASq2xrfD?refer_flag=1001030103_
污染; 2017-12-19; 2017-12-22; 21; 30,100,		把手机相册里的所有照片看了一遍再看看自己现在的大脸我还是打开饿了么给自己订了烤串和炒饭嗯想了想现在也只有好吃的能治愈我了			...展开全文c,Summer__Xiang,//weibo.com/3009803960/FASpYpf1I?refer_flag=1001030103_
污染; 2017-12-19; 2017-12-22; 21; 30,101,		精神污染 ​		,寻找饼干盒,//weibo.com/1747307543/FASpSvB6S?refer_flag=1001030103_
污染; 2017-12-19; 2017-12-22; 21; 30,102,"		肥乡天气预报乌云污染,空气氧气125632145686868686328686868123868683265323235552323232312121212156355555°度下金条美女无数。 ​		",莉娜夕,//weibo.com/2806454322/FASpNwgHd?refer_flag=1001030103_
污染; 2017-12-19; 2017-12-22; 21; 30,103,美国各州PM2.5指数大公开，污染最严重的是哪个州？		,尚友ShareWithU,//weibo.com/2006609585/FsVZCgQfX?refer_flag=1001030103_
污染; 2017-12-19; 2017-12-22; 21; 30,104,美国各州PM2.5指数大公开，污染最严重的是哪个州？详细戳：网页链接 这就尴尬了！ ​	,NA,//weibo.com/2439934715/FASpM186Z?refer_flag=1001030103_
污染; 2017-12-19; 2017-12-22; 21; 30,105,		【最强排毒食物。吃了皮肤瞬间变好】 环境污染、电脑辐射、不良饮食习惯等都有可能导致人体产生各种生理垃圾，毒素长期在体内堆积，则会引发记忆力减退、面色灰黄、便秘、痔疮等系统疾病。因此，如何排毒成为不少女性关注的健康话题。其实在我们常吃的蔬菜中，就有不少具有解毒功效。 ​		,梦想潮韩服饰馆关朝定时,//weibo.com/6124639106/FASpLprKk?refer_flag=1001030103_
污染; 2017-12-19; 2017-12-22; 21; 30,106,#冒险小王子#我也[平安果]打算脚踏实地的做好每是的，动画市场是要管起来，不然还真是太污染小孩了一步了 ​		,墨镜chenfeng_917,//weibo.com/2161689551/FASpL7oj8?refer_flag=1001030103_
污染; 2017-12-19; 2017-12-22; 21; 30,107,		所以不同意ubw里他是被圣杯污染了的说法，首先他精神力强大到黑泥也无法污染，其次fsf里也说的很清楚，如果受肉了他还是会跳脱旁观者立场，说不定还是会选择ubw这条路。所以不是非常赞同说ubw里的他中二，如果爱他，或许可以试着去解读他做事的动机吧,c酱住在乌鲁克,//weibo.com/5605694475/FAShV4u00?refer_flag=1001030103_
污染; 2017-12-19; 2017-12-22; 21; 30,108,	  关于ubw里的闪的一些想法。不一定对。艾蕾实装后对苏美尔的冥府产生了兴趣，读了一些资料后，印象最深刻的是不同于后来的主流宗教，苏美尔文化中没有明显对来世的描述，冥府有的只是悲哀，孤独与灰尘。灵魂永远地游荡于冥界之间，他们唯一的希望来自于子嗣对自己的献祭。没有此生做好事来世就有福报 ​		...展开全文c,NA,//weibo.com/5605694475/FASpAsQQx?refer_flag=1001030103_
污染; 2017-12-19; 2017-12-22; 21; 30,109,		食不过求饱，居无非求安；高楼大厦的掘起，新人、新气、新楼、新环境的形成，新的环境就对我们的”居无非求安“提出了更高的要求，新的环境也赞成了我们新的烦恼，就是高层住宅的油烟倒灌现象，我们为父母做好了吗？孝父母之身，孝父母之心，孝父母之志，.孝养父母之慧。对父母身体健康要时时懂得去 ​			...展开全文c,十能飞油烟止逆阀北京总代理李瑞,//weibo.com/6069044907/FASpy8K6c?refer_flag=1001030103_
污染; 2017-12-19; 2017-12-22; 21; 30,110,		发表了博文《我们的身体和肌肤伤不起了——董欣》空气污染严重，雾霾天气重，本来就很伤我们的身体和皮肤了，而你还在用含铅、汞等护肤品？+不要以为，皮肤吸收这些有害物质后，不会被身体吸收，其实都存进你的体内|我们的身体... ​		,董欣纯天然中草药护肤,//weibo.com/3497436697/FASpy79le?refer_flag=1001030103_
污染; 2017-12-19; 2017-12-22; 21; 30,111,		越来越多的衡州xx和夸张的空气污染，毅种循环 |衡阳·船山... ​		,SeaRanger,//weibo.com/3968785881/FASpuzt5Q?refer_flag=1001030103_
污染; 2017-12-19; 2017-12-22; 21; 30,112,		//@混乱博物馆:关注 @混乱博物馆 ，转发下面这条微博，我们将抽出5位幸运观众，分别送出由污染空气制成的「AIR-INK 空气墨水」一瓶，|12月24日晚... @微博抽奖平台 开奖。		,狗子十一终于可以改名了,//weibo.com/6174606644/FARH7y22y?refer_flag=1001030103_
污染; 2017-12-19; 2017-12-22; 21; 30,113,	  【为什么我们看不见空气？】因为空气干净。混乱博物馆... ​	,NA,//weibo.com/5381122962/FASpoDsHs?refer_flag=1001030103_
污染; 2017-12-19; 2017-12-22; 21; 30,114,#长春热点事#限号开始你今天能回家吗？秸秆和汽车尾气谁更污染？长春传的秒... ​		,山东烟台小,//weibo.com/5033270612/FASpmA1Wh?refer_flag=1001030103_
污染; 2017-12-19; 2017-12-22; 21; 30,115,		现实是污浊的河流、是一种幸福；要想接受污浊的河流而自身不被污染；遇见对的人：我们必须成为大海：在对的时间…… |抚州·国王... ​		,春节拼车回安昌,//weibo.com/3965362719/FASpjC0Xp?refer_flag=1001030103_
污染; 2017-12-19; 2017-12-22; 21; 30,116,		根除甲醛，快速分解反应，不只是吸附，一次治理可达到长期效果，母婴安全，无二次污染，操作简便，轻松除甲醛 【在售价】139元 【内部价】119元 已经有311个主人把宝贝带回家了 【抢购链接】网页链接 ​		,翡翠联盟玉叶,//weibo.com/2734730733/FASpjmlDC?refer_flag=1001030103_
污染; 2017-12-19; 2017-12-22; 21; 30,117,		一起//@HERO趙又廷:我們一起努力#战胜污染#，關注土壤汙染議題，讓植物在更健康的土壤環境中#光合作用#。讓世界聽見我們的聲音！#零污染地球#@联合国环境规划署 @微公益 @星光公益联盟 网页链接,囡的凯凯,//weibo.com/5985908682/FxFceylhz?refer_flag=1001030103_
污染; 2017-12-19; 2017-12-22; 21; 30,118,	  改善土壤健康状况，保护生物多样性，迫在眉睫。和大马克@HERO趙又廷 一起 #光合作用# ，#战胜污染# 迈向 #零污染地球# ！ 赵又廷工作... ​	,NA,//weibo.com/5223716874/FASpgoo0f?refer_flag=1001030103_
污染; 2017-12-19; 2017-12-22; 21; 30,119,		今天是第560天，全国空气轻度污染，户外PM2.5平均114.48微克，室内平均0.69微克，优质的空气，平均过滤率99.40%。  检测点  室内  室外  过滤率 01#南通  0.00  104.97  100.00% 02#南通  0.00  103.52  100.00% 03#南通  0.00  110.26  100.00% 04#南通  3.76  123.92 96. ​			...展开全文c,诺亚居,//weibo.com/2101283675/FASp8qwMl?refer_flag=1001030103_
污染; 2017-12-19; 2017-12-22; 21; 30,120,		核心提示：中国将推出一项全国性方案，要求污染者为其造成的损害进行赔偿，这是政府为解决该问题采取的最新举措。境外媒体称，中国从19日开始将启动全国碳排放交易体系，把此前在北京等地试行的碳交易推广到全国。首先以电力公司为对象，然后将扩大到钢铁公司等制造业。此举将支持从燃煤发电转向天然气 ​			...展开全文c,健康生活养生达人,//weibo.com/2863462202/FASp8q5tT?refer_flag=1001030103_
污染; 2017-12-19; 2017-12-22; 21; 30,121,#冬至冬至# 这算空气污染吗 ​		,董亮034,//weibo.com/5829874515/FASoR1iwf?refer_flag=1001030103_
污染; 2017-12-19; 2017-12-22; 21; 30,122,#冒险小王子#言传身教，身体力行，成为一个合格是的，动画[最美杀阡陌]市场是要管起来，不然还真是太污染小孩了的父母 ​		,不悲不喜无牵无挂70,//weibo.com/3506303147/FASoN7CdH?refer_flag=1001030103_
污染; 2017-12-19; 2017-12-22; 21; 30,123,		//@混乱博物馆:关注 @混乱博物馆 ，转发下面这条微博，我们将抽出5位幸运观众，分别送出由污染空气制成的「AIR-INK 空气墨水」一瓶，|12月24日晚... @微博抽奖平台 开奖。		,斯特朗啊,//weibo.com/6174606644/FARH7y22y?refer_flag=1001030103_
污染; 2017-12-19; 2017-12-22; 21; 30,124,	  【为什么我们看不见空气？】因为空气干净。混乱博物馆... ​	,NA,//weibo.com/5283368190/FASoMxdgc?refer_flag=1001030103_
污染; 2017-12-19; 2017-12-22; 21; 30,125,#冒险小王子#大多数的父母都是很爱孩子的，但是是的，动画市场是要管起来，不然还真是太污染小孩了教育[brd新]真的要讲究方法。 ​		,秀美男,//weibo.com/1598569503/FASoL3w1V?refer_flag=1001030103_
污染; 2017-12-19; 2017-12-22; 21; 30,126,国皂主要功效第四点，抗氧化，它能够有效地抵抗外部的污染️️保持皮肤的平衡⚖️增强肌肤免疫力🛡️ ​		,微澜粉瑟董事-小敏,//weibo.com/5126184626/FASoKfcRn?refer_flag=1001030103_
污染; 2017-12-19; 2017-12-22; 21; 30,127,		因为买了代购还没发货所以要忍受dw污染我首页，痛苦…… ​		,Autumn不会冷,//weibo.com/1914941733/FASoFcCSE?refer_flag=1001030103_
污染; 2017-12-19; 2017-12-22; 21; 30,128,		//@混乱博物馆:关注 @混乱博物馆 ，转发下面这条微博，我们将抽出5位幸运观众，分别送出由污染空气制成的「AIR-INK 空气墨水」一瓶，|12月24日晚... @微博抽奖平台 开奖。		,赵子龙_Long,//weibo.com/6174606644/FARH7y22y?refer_flag=1001030103_
污染; 2017-12-19; 2017-12-22; 21; 30,129,	  【为什么我们看不见空气？】因为空气干净。混乱博物馆... ​	,NA,//weibo.com/3198265097/FASoBBkZG?refer_flag=1001030103_
污染; 2017-12-19; 2017-12-22; 21; 30,130,#冒险小王子#[噢耶]是的，我们在平时待人接物上面就会体现出。动画市场是要管起来，不然还真是太污染小孩了 ​		,尐洛奇,//weibo.com/2328834552/FASoBlMnx?refer_flag=1001030103_
污染; 2017-12-19; 2017-12-22; 21; 30,131,#冒险小王子#是的，我们在平时待人接物上[c抓狂]面就会体现出。动画市场是要管起来，不然还真是太污染小孩了 ​		,屁孩儿他妈22895,//weibo.com/5462212103/FASozx3QV?refer_flag=1001030103_
污染; 2017-12-19; 2017-12-22; 21; 30,132,		【西部快报2017】（陕西安塞）是谁污染了我们的水坝，还有几万鱼苗在里面！ 网页链接 （使用@美篇 App创作） ​		,西部快报2017,//weibo.com/6307837317/FASowztR2?refer_flag=1001030103_
污染; 2017-12-19; 2017-12-22; 21; 30,133,		高架建设原本是城市发展的一张名片。标志着淮安在大步迈进。我等市民有义务支持城市发展，为高架建设提供方便。但是高架建设不能以损害楼梯结构为前提，给住户带来居住危险。请市委 区位相关领导引起重视，给予合理解释，我们要发展更要安全。			...展开全文c,丑八怪1030,//weibo.com/5148474508/FASowztC6?refer_flag=1001030103_
污染; 2017-12-19; 2017-12-22; 21; 30,134,#冒险小王子#我也打算脚踏实地的做好每是的，动画[moc呲牙笑]市场是要管起来，不然还真是太污染小孩了一步了 ​		,霜霜的米米,//weibo.com/3555460443/FASos9FZX?refer_flag=1001030103_
污染; 2017-12-19; 2017-12-22; 21; 30,135,#冒险小王子#市场时代在变化，是的，动画市场是要管起来，不然还真是太污染小孩了动画电影[dino许愿]不一定就是给孩子去看的 ​		,h3116910,//weibo.com/1297719633/FASopw2n0?refer_flag=1001030103_
污染; 2017-12-19; 2017-12-22; 21; 30,136,		感谢环卫阿姨//@酷宝leuu://@祗楚:污染环境		,shmily零零,//weibo.com/5643258276/FAIDQ6THQ?refer_flag=1001030103_
污染; 2017-12-19; 2017-12-22; 21; 30,137,	  鲵猜：这属于可回收垃圾还是不可回收垃圾 ​	,NA,//weibo.com/5688617338/FASokstRB?refer_flag=1001030103_
污染; 2017-12-19; 2017-12-22; 21; 30,138,		关注雾霾PM2.5很久了，发现北京现在几乎每天都是优良状态，即便是上午有污染，下午马上转良，速度之快。仿佛开个抽油烟机就能把油烟瞬间吸光。很好奇这是环境真实的在改善，还是数据出了问题，这个意思想必大家都懂。网上也几乎没有人发声了。相比之下，我所在的川渝地区却经受着日渐严重的雾霾，从早 ​			...展开全文c,Virginia__Wu,//weibo.com/2862250477/FASokcA79?refer_flag=1001030103_
污染; 2017-12-19; 2017-12-22; 21; 30,139,		发表了博文《真好吃，无污染无添加》|真好吃，无... ​		,沈油灯mm,//weibo.com/2713082374/FASoejUKg?refer_flag=1001030103_
污染; 2017-12-19; 2017-12-22; 21; 30,140,#冒险小王子#[lm啊呜啊呜]是的，动画市场是要管起我们一定要身体力行的教孩子。来，不然还真是太污染小孩了 ​		,大盗yangjun,//weibo.com/1565582270/FASodFfmG?refer_flag=1001030103_
污染; 2017-12-19; 2017-12-22; 21; 30,141,		30片暖宝宝贴暖身贴暖宫痛经贴原价29.90券后价19.9暖贴不坠袋，不变形，不污染衣物，发热稳定，优质无纺布，柔软透气无异物感。网页链接 ​		,一盒土豆泥,//weibo.com/3438553180/FASod5ku9?refer_flag=1001030103_
污染; 2017-12-19; 2017-12-22; 21; 30,142,//@祗楚:污染环境		,酷宝leuu,//weibo.com/5643258276/FAIDQ6THQ?refer_flag=1001030103_
污染; 2017-12-19; 2017-12-22; 21; 30,143,	  鲵猜：这属于可回收垃圾还是不可回收垃圾 ​	,NA,//weibo.com/5920207654/FASo9eJG6?refer_flag=1001030103_
污染; 2017-12-19; 2017-12-22; 21; 30,144,		2017年12月22日22点主要城市空气污染排行(前20)：安阳341，咸阳318，西安297，临汾294，保定293，扬州279，邯郸278，石家庄275，成都252，宝鸡245，邢台239，合肥235，徐州233，三门峡232，济宁224，泰州224，德阳220，宜昌213，镇江212，宜宾207。查看全部|cnkongqi.c... ​		,中国城市空气污染排行,//weibo.com/3254816341/FASo5aGaz?refer_flag=1001030103_
污染; 2017-12-19; 2017-12-22; 21; 30,145,		//@混乱博物馆:关注 @混乱博物馆 ，转发下面这条微博，我们将抽出5位幸运观众，分别送出由污染空气制成的「AIR-INK 空气墨水」一瓶，|12月24日晚... @微博抽奖平台 开奖。		,10eit2,//weibo.com/6174606644/FARH7y22y?refer_flag=1001030103_
污染; 2017-12-19; 2017-12-22; 21; 30,146,	  【为什么我们看不见空气？】因为空气干净。混乱博物馆... ​	,NA,//weibo.com/6123919302/FASo1fWjJ?refer_flag=1001030103_
污染; 2017-12-19; 2017-12-22; 21; 30,147,#冒险小王子#我也打算脚踏实地的做好每是的，动画市场是要管起来，不然[din癫当阿赞炮竹]还真是太污染小孩了一步了 ​		,腐败幸福,//weibo.com/3822549798/FASnXrned?refer_flag=1001030103_
污染; 2017-12-19; 2017-12-22; 21; 30,148,#冒险小王子#大多数的父母都是很爱孩子的，但是是的，动画市场是要管起来[发红包]，不然还真是太污染小孩了教育真的要讲究方法。 ​		,本人童青_975,//weibo.com/2622145407/FASnTA1Eo?refer_flag=1001030103_
污染; 2017-12-19; 2017-12-22; 21; 30,149,#冒险小王子#市场时代在变化，是的，动画市场是要管起来，不然还真是太污染[xkl拜年]小孩了动画电影不一定就是给孩子去看的 ​		,请称呼我艳哥,//weibo.com/2715822721/FASnTDaYr?refer_flag=1001030103_
污染; 2017-12-19; 2017-12-22; 21; 30,150,#冒险小王子#我也打算脚踏实地的做好每是的，动画市场是要管起[bm跳绳]来，不然还真是太污染小孩了一步了 ​		,洛丶白,//weibo.com/2673159251/FASnOgwF2?refer_flag=1001030103_
污染; 2017-12-19; 2017-12-22; 21; 30,151,#冒险小王子#我也打算脚踏实地的做好每是的，动画市场是要管起来，不然还真是太污染小孩了一步了 ​		,6364mmm,//weibo.com/1322502857/FASnNEQT2?refer_flag=1001030103_
污染; 2017-12-19; 2017-12-22; 21; 30,152,#深夜识堂# 【头发掉落、枯黄、分叉？也许头发只是缺少这些营养了↓】头发需要的8大营养之 奥米加3 + 锌：提供优质油脂给头皮，使头发有光泽，防枯黄分叉食物来源:三文鱼/吞拿鱼等深海鱼类、蚝、牛肉、巴西果仁选购深海鱼类时，别忘了留意来源，选择无污染海域的小型鱼类更放心~ ​		,CATALO中国,//weibo.com/2712837471/FASnK92Wa?refer_flag=1001030103_
污染; 2017-12-19; 2017-12-22; 21; 30,153,		//@混乱博物馆:关注 @混乱博物馆 ，转发下面这条微博，我们将抽出5位幸运观众，分别送出由污染空气制成的「AIR-INK 空气墨水」一瓶，|12月24日晚... @微博抽奖平台 开奖。		,我家胜儿不可能这么萌,//weibo.com/6174606644/FARH7y22y?refer_flag=1001030103_
污染; 2017-12-19; 2017-12-22; 21; 30,154,	  【为什么我们看不见空气？】因为空气干净。混乱博物馆... ​	,NA,//weibo.com/3432975912/FASnI4NQt?refer_flag=1001030103_
污染; 2017-12-19; 2017-12-22; 21; 30,155,#冒险小王子#大多数的父母都是很爱孩子的，但是是的，动画市场是要管起[bm投诉][右边亮了]来，不然还真是太污染小孩了教育真的要讲究方法。 ​		,缄冷刹_942,//weibo.com/3659478224/FASnExaca?refer_flag=1001030103_
污染; 2017-12-19; 2017-12-22; 21; 30,156,		//@山东环境: #秋冬季大气污染综合治理攻坚行动# #环保在行动#,莒县环保,//weibo.com/3460096640/FAPCD5amC?refer_flag=1001030103_
污染; 2017-12-19; 2017-12-22; 21; 30,157,	  12月22日，省厅大气督导组在莒县经济开发区相关企业检查。@山东环境 @莒县环保 ​	,NA,//weibo.com/3548442991/FASny5Bfu?refer_flag=1001030103_
污染; 2017-12-19; 2017-12-22; 21; 30,158,		乡村有约是以农特产品为主绿色有机无污染无公害的农特产品！27667062加我微信了解8元创业是怎样赚钱的 ​		,金牛座遇上狮子座,//weibo.com/5817362119/FASnwhgtt?refer_flag=1001030103_
污染; 2017-12-19; 2017-12-22; 21; 30,159,#冒险小王子#市场时代在变化，是的，动画市场是要管起来，不然还真是太污染小孩[lt雪]狷了动画电影不一定就是给孩子去看的		,yuyi201220122012,//weibo.com/5933382300/FASiXa94g?refer_flag=1001030103_
污染; 2017-12-19; 2017-12-22; 21; 30,160,#冒险小王子#呵呵，对于制作效果[yz傻兮兮]不想多说什么了要是是中国的西游记就好了 ​	,NA,//weibo.com/2376158812/FASnvkLf3?refer_flag=1001030103_
污染; 2017-12-19; 2017-12-22; 21; 30,161,#冒险小王子#反正我父母是这是的，动画市场是要管起来，不然还真是[千]太污染小孩了么教育我的 ​		,宝宝十全浪子,//weibo.com/1285380067/FASnvmMPk?refer_flag=1001030103_
污染; 2017-12-19; 2017-12-22; 21; 30,162,#冒险小王子#我也打算脚踏实地的做好每是的，动画市场是要管起来，不然还真是太污染小[dx扭]孩了一步了 ​		,神秘南派三叔,//weibo.com/2697255305/FASntjDIm?refer_flag=1001030103_
污染; 2017-12-19; 2017-12-22; 21; 30,163,		终于吃晚饭了，身体终于有血液循环的迹象了，这个天又冷又污染。幸好我拼命的护住了脸，我英俊的样貌才得以保存。 ​		,小高啊小高,//weibo.com/1660180893/FASnt1Yj2?refer_flag=1001030103_
污染; 2017-12-19; 2017-12-22; 21; 30,164,		随着生活水平的提高，汽车逐渐成为人们的代步工具，汽车也正走进寻常百姓家。但是新买回来的车有一个让人不知所措的烦恼，那就是新车内有甲醛，看着刚买回的车，不能马上使用，还真是着急啊。 新车甲醛从何来？1、一部分来自车本身，零部件中的有害气体没有充分释放。2、车中的装饰，有很大异味，例 ​			...展开全文c,新星人入侵,//weibo.com/6432029053/FASnjvnbs?refer_flag=1001030103_
污染; 2017-12-19; 2017-12-22; 21; 30,165,		发表了博文《新风系统的过滤装置有哪些学问？》根据我们目前的生活环境，室外空气污染愈加严重，而室内空气污染程度更是室外的三倍，在这样的情况下配备过滤功能的新风系统是非常必要的。在每个新风系统品牌都标榜着|新风系统的... ​		,小钢炮_69758,//weibo.com/6210820092/FASnhcNFW?refer_flag=1001030103_
污染; 2017-12-19; 2017-12-22; 21; 30,166,#冒险小王子#言传身教，身体力行，成为一个合格是的，动画市场是要管起来[bofu啃西瓜]，不然还真是太污染小孩了的父母 ​		,踏花的yaoyohvdc,//weibo.com/2846071653/FASnb1dP9?refer_flag=1001030103_
污染; 2017-12-19; 2017-12-22; 21; 30,167,		//@混乱博物馆:关注 @混乱博物馆 ，转发下面这条微博，我们将抽出5位幸运观众，分别送出由污染空气制成的「AIR-INK 空气墨水」一瓶，|12月24日晚... @微博抽奖平台 开奖。		,酒仙炒股,//weibo.com/6174606644/FARH7y22y?refer_flag=1001030103_
污染; 2017-12-19; 2017-12-22; 21; 30,168,	  【为什么我们看不见空气？】因为空气干净。混乱博物馆... ​	,NA,//weibo.com/1085473645/FASna8BVF?refer_flag=1001030103_
污染; 2017-12-19; 2017-12-22; 21; 30,169,		有些事情为什么成人作不到！因为我们的心被这世界污染了！然而孩子确能做到，因为他们他们内心是纯净的！//@全球奇闻趣事:,辽西阿刘,//weibo.com/1789834424/FASfKjUbx?refer_flag=1001030103_
污染; 2017-12-19; 2017-12-22; 21; 30,170,	  小男孩和母鸡的故事：男孩换了发型，家里的母鸡一开始没认出来，确认之后给了他一个爱的抱抱 ​​​​	,NA,//weibo.com/3097308527/FASn6fODT?refer_flag=1001030103_
污染; 2017-12-19; 2017-12-22; 21; 30,171,		现在十个孩子九个喘，一方面是空气污染，另一个方面是过敏原。过敏原是什么东西呢？螨虫是最多见，差不多百分之九十吧，还有牛奶、鱼虾等食入性的和灰尘等吸入性的，人不是生活在真空中，知道过敏也没有什么办法，所以查不查真的没有意义，忽悠你的钱是真的。检查本身就有回扣，忽悠你后续治疗药物还有 ​			...展开全文c,五月天使六月雪,//weibo.com/6439980771/FASn5pwYZ?refer_flag=1001030103_
污染; 2017-12-19; 2017-12-22; 21; 30,172,@姑苏公安 【小作坊偷排毒物 昆山9名被告获刑】日前，昆山市法院一审对6起污染环境罪案件进行了集中公开宣判，9名被告人因从事非法电镀、氧化作业，排放含有有毒污染物的废水，严重污染环境，被依法惩处。|小作坊偷排... ​		,山塘派出所小博,//weibo.com/1915464520/FASn0BxeH?refer_flag=1001030103_
污染; 2017-12-19; 2017-12-22; 21; 30,173,#冒险小王子#言传身教，身体力行，成为一个合格是的，动画市场是要管起来，不然还真是太污染[lxhx汗]瘃小孩了的父母		,强悍的小哈,//weibo.com/5933382300/FASiXa94g?refer_flag=1001030103_
污染; 2017-12-19; 2017-12-22; 21; 30,174,#冒险小王子#呵呵，对于制作效果[yz傻兮兮]不想多说什么了要是是中国的西游记就好了 ​	,NA,//weibo.com/3191887194/FASn0l484?refer_flag=1001030103_
污染; 2017-12-19; 2017-12-22; 21; 30,175,#冒险小王子#言传身教，身体力行，成为一个合格是的，动画市场是要管起来，[无奈]不然还真是太污染小孩了的父母 ​		,knight1819,//weibo.com/1703082515/FASmXEbw5?refer_flag=1001030103_
污染; 2017-12-19; 2017-12-22; 21; 30,176,#冒险小王子#言传身教，身体力行[ali挠墙]，成为一个合格是的，动画市场是要管起来，不然还真是太污染小孩了的父母 ​		,葛莆跋佬涂,//weibo.com/5909992199/FASmXntNz?refer_flag=1001030103_
污染; 2017-12-19; 2017-12-22; 21; 30,177,		雾霾污染重 多吃清肺食物可解毒(同步自@新浪看点)|雾霾污染重... ​		,与君200811,//weibo.com/6411019088/FASmX5R7z?refer_flag=1001030103_
污染; 2017-12-19; 2017-12-22; 21; 30,178,#冒险小王子#是的，[bm苦逼]动画市场是要管起来，不然还对孩子的教育是最重要的。真是太污染小孩了 ​		,太虚幻竟,//weibo.com/2499290042/FASmX4YEr?refer_flag=1001030103_
污染; 2017-12-19; 2017-12-22; 21; 30,179,#冒险小王子#是的，我们在平时待人接物上面就会体现出。动画市场是要管起来，不然还真是太污染小孩了 ​		,啊福的不得了,//weibo.com/1922074457/FASmT17BN?refer_flag=1001030103_
污染; 2017-12-19; 2017-12-22; 21; 30,180,#冒险小王子#是的，动画市场父母才是孩子的第一个老师，支持。是要管起来，不然还真是[怕怕]太污染小孩了 ​		,大野猪2012,//weibo.com/2851202932/FASmP9yM8?refer_flag=1001030103_
污染; 2017-12-19; 2017-12-22; 21; 30,181,#冒险小王子#是的，动画市场是要管起来，不然还对孩子的教育是最重要的。真是太污染[ppb蝙蝠侠]小孩了 ​		,嗜血黑兔的天涯,//weibo.com/2345405410/FASmOuxzf?refer_flag=1001030103_
污染; 2017-12-19; 2017-12-22; 21; 30,182,#张艺兴圣诞又至#12.22.jijiaiyanhui 霍金警告说：我们人类如果想生存就必须离开地球。由于气候变化，污染，森林砍伐，瘟疫及人口增长，100年内人类必须找到另一个可居住的星球#科学##科技与生活#工业科技迷... ​		,蜕变私人订制G,//weibo.com/2715274343/FASmOcW3p?refer_flag=1001030103_
污染; 2017-12-19; 2017-12-22; 21; 30,183,#冒险小王子#是的，我们在平时待人接物上面就会体现出。动画市场是要管起[din兴奋]来，不然还真是太污染小孩了 ​		,欧帅并不帅_156,//weibo.com/2288360540/FASmNEyZd?refer_flag=1001030103_
污染; 2017-12-19; 2017-12-22; 21; 30,184,		小红书上菇凉们都在赞❗️全球首创 抗污染气垫CC霜，而且100%纯植物提取，孕妇都可以用💥💥每一个都有塑封包装，和专柜买到的一样❗️支持专柜验哦️接l这款有替换装哦，这款我们敢说“任何不满意 网页链接 |青岛·黄岛... ​		,小桐虎,//weibo.com/1826631535/FASmKpnTk?refer_flag=1001030103_
污染; 2017-12-19; 2017-12-22; 21; 30,185,#冒险小王子#是的，我们在平时待人接物上面就会体现出。[夏天公主]动画市场是要管起来，不然还真是太污染小孩了 ​		,杂图可是没人气22,//weibo.com/6044055170/FASmGePcy?refer_flag=1001030103_
污染; 2017-12-19; 2017-12-22; 21; 30,186,#冒险小王子#言传身教，身体力行，成为一个合格是的，动画[德国加油][诺一粗来嗨]市场是要管起来，不然还真是太污染小孩了的父母 ​		,孙文乾39972,//weibo.com/5333073741/FASmDhfwi?refer_flag=1001030103_
污染; 2017-12-19; 2017-12-22; 21; 30,187,#冒险小王子#是的，动画市场父母才是孩子的第一个老师，支持[吃元宵]。是要管起来，不然还真是太污染小孩了 ​		,philipwang1087324740,//weibo.com/1087324740/FASmCnxTz?refer_flag=1001030103_
污染; 2017-12-19; 2017-12-22; 21; 30,188,#冒险小王子#是[扑克脸]的，动画市场是要管起我们一定要身体力行的教孩子。来，不然还真是太污染小孩了 ​		,用户3452930722,//weibo.com/3452930722/FASmBe4wP?refer_flag=1001030103_
污染; 2017-12-19; 2017-12-22; 21; 30,189,		🖤pearlosophy•积雪草喷雾☛特别添加Dust mirror base专利：❶隔离空气中的污染🔜灰尘和雾霾）❷轻松快捷瞬间保湿🔜透明质酸）❸镇定舒缓🔜皮肤敏感泛红）️ ​		,真珠美学_pearlosophy,//weibo.com/5040127335/FASmA5YuG?refer_flag=1001030103_
污染; 2017-12-19; 2017-12-22; 21; 30,190,#冒险小王子#我也打算脚踏实地的做好每是的，动[moc装酷]虾画市场是要管起来，不然还真是太污染小孩了一步了		,我心飞翔w3N9,//weibo.com/5933382300/FASiXa94g?refer_flag=1001030103_
污染; 2017-12-19; 2017-12-22; 21; 30,191,#冒险小王子#呵呵，对于制作效果[yz傻兮兮]不想多说什么了要是是中国的西游记就好了 ​	,NA,//weibo.com/1680240421/FASmz9Nzq?refer_flag=1001030103_
污染; 2017-12-19; 2017-12-22; 21; 30,192,#冒险小王子#是的，我们在平时待人接物上面就会体现出。动画市场是要[din撞墙][km鼻血]管起来，不然还真是太污染小孩了 ​		,靠谱的伟伟,//weibo.com/2447723212/FASmvBkBQ?refer_flag=1001030103_
污染; 2017-12-19; 2017-12-22; 21; 30,193,#成都周边一日游#今天冬至，早餐羊肉汤配了煎饺，龙泉驿一日游，首站石经寺，神兽也卖萌ớ ₃ờ，太阳其实很好，但是也架不住空气重度污染，天空雾沉沉，灰蒙蒙，放生池边波光粼粼，阳光还是很美好 ​		,手指头的天空,//weibo.com/1886557713/FASmtiDlU?refer_flag=1001030103_
污染; 2017-12-19; 2017-12-22; 21; 30,194,#冒险小王子#是的，动画市场是要管起我们一定要身体力行的教孩子。来，不然还真是太[dx扭]污染小孩了 ​		,qianqian_,//weibo.com/1870083424/FASmqABFi?refer_flag=1001030103_
污染; 2017-12-19; 2017-12-22; 21; 30,195,		由于污染，鱼肉的重金属含量经常是牛肉的几千倍，长期大量食用会导致痴呆		,喵星人小王子,//weibo.com/1886423007/FAS8ejFdj?refer_flag=1001030103_
污染; 2017-12-19; 2017-12-22; 21; 30,196,	  【吃鱼真的更聪明！对中国儿童的研究显示：每周吃鱼的智商更高】根据最新的研究结果显示，每周至少吃鱼一次的儿童平均睡眠质量较好，而平均智商分数也比不吃鱼的儿童高。学者们认为，研究结果证明，儿童应该吃更多的鱼，从两岁开始就可以开始食用鱼类。家长还等啥呢，明天周末做个全鱼宴 ​		...展开全文c,NA,//weibo.com/1917673145/FASmp838z?refer_flag=1001030103_
污染; 2017-12-19; 2017-12-22; 21; 30,197,#冒险小王子#是的，动画市场是要管起我们一定要身体力行的教孩子。来，不然还真是太污[酷库熊亲亲]染小孩了 ​		,uthiljmje,//weibo.com/5039816131/FASmnCbJ0?refer_flag=1001030103_
污染; 2017-12-19; 2017-12-22; 21; 30,198,#冒险小王子#是的，我们在平时待人接物上面就会体现出。动画市场是要管起来，不然还真是太污染小[moc呲牙笑]霏孩了		,残生世界_786_973,//weibo.com/5933382300/FASiXa94g?refer_flag=1001030103_
污染; 2017-12-19; 2017-12-22; 21; 30,199,#冒险小王子#呵呵，对于制作效果[yz傻兮兮]不想多说什么了要是是中国的西游记就好了 ​	,NA,//weibo.com/1821181491/FASmm9AWe?refer_flag=1001030103_
污染; 2017-12-19; 2017-12-22; 21; 30,200,#冒险小王子#是的，动画市场是要管起我们一定要身体力行的教孩子。来，不然还真是太污染小孩了 ​		,阿童木0_2pt,//weibo.com/1678416540/FASmjcUVd?refer_flag=1001030103_
污染; 2017-12-19; 2017-12-22; 21; 30,201,		//@混乱博物馆:关注 @混乱博物馆 ，转发下面这条微博，我们将抽出5位幸运观众，分别送出由污染空气制成的「AIR-INK 空气墨水」一瓶，|12月24日晚... @微博抽奖平台 开奖。		,叶除囧,//weibo.com/6174606644/FARH7y22y?refer_flag=1001030103_
污染; 2017-12-19; 2017-12-22; 21; 30,202,	  【为什么我们看不见空气？】因为空气干净。混乱博物馆... ​	,NA,//weibo.com/3649615420/FASmeuc2H?refer_flag=1001030103_
污染; 2017-12-19; 2017-12-22; 21; 30,203,		【2瓶量贩装】联蜂枸杞蜂蜜500g*2瓶 正宗蜂蜜 天然农家宁夏蜜【原价】：69.9元【券后】：44.9元优惠下单：网页链接【copy打开手机tao宝】领取下单BuRp0jzZND4 【推荐语】：【真品.精品】野生天然宁夏蜜，采集枸杞花酿造，营养价值丰富，口感天然，无污染添加，润肠通便，提 ​			...展开全文c,淘乐优,//weibo.com/6168249669/FASmcn3U0?refer_flag=1001030103_
污染; 2017-12-19; 2017-12-22; 21; 30,204,		最近真的是情绪低落呀。今早只有一度 中度污染。 上了一天班。晚上叫我吃饭 喝酒的都推了。确实不想耍了 想好好保养身体。晚上吃了手提串串。现在准备睡觉了。累 ​		,幻想着和你一起去旅行,//weibo.com/2453770514/FASm7Fouq?refer_flag=1001030103_
污染; 2017-12-19; 2017-12-22; 21; 30,205,#冒险小王子#言传[愚人节]潮身教，身体力行，成为一个合格是的，动画市场是要管起来，不然还真是太污染小孩了的父母		,1439161345_44f233,//weibo.com/5933382300/FASiXa94g?refer_flag=1001030103_
污染; 2017-12-19; 2017-12-22; 21; 30,206,#冒险小王子#呵呵，对于制作效果[yz傻兮兮]不想多说什么了要是是中国的西游记就好了 ​	,NA,//weibo.com/3208087931/FASm7Folh?refer_flag=1001030103_
