query,Post ID,Post Content,nickname,link
污染; 2017-12-19; 2017-12-22; 1; 10,1,"|Papatya乳... 原装直供天然乳胶枕泰国papatya蝶形颗粒美容枕助眠枕头，自然环保、无污染、无毒、防螨抗菌、抗过敏✅呵护颈椎、舒适睡眠✅缓解疲劳、有效改进颈椎✅腰椎和降血压、有效减少打鼾✅，经高科技科学配方一次成型,经久耐用,永不变形。 ​		",泰国本土货品体验馆,//weibo.com/3856717683/FASPT20H9?refer_flag=1001030103_
污染; 2017-12-19; 2017-12-22; 1; 10,2,		冬至，青春豆益生菌给大地一个温暖的春天。它是一款最具活性的土壤调节剂。土壤调理剂不同于国际市场上各种化肥、农药、叶面肥和生物激素，是世界农林业种植的新型绿色生产资料。具有改良土壤，治理荒漠.保水抗旱，增强农作物抗病能力，提高农作物产量，改善农产品品质，恢复农作物原生态等功能，大幅 ​			...展开全文c,国珍易商城,//weibo.com/6342442021/FASPPdzp8?refer_flag=1001030103_
污染; 2017-12-19; 2017-12-22; 1; 10,3,		任谁都能看出今天的心情不是一般的好。在下一刻它的身上就涌出了宛若实质的光芒，这仿佛要将整个世界都环绕到躯体之下的世界之蛇竟然就这么静静的在几秒钟的时间内仿佛液体一样化为了泡沫，只在海面上留下了面积巨大的残渣——如同石油污染那样的橙红色液体。 ​		,带电小宅女1,//weibo.com/6341621848/FASPKdn1Q?refer_flag=1001030103_
污染; 2017-12-19; 2017-12-22; 1; 10,4,		　　而在它们的头顶之，那黑压压的，令人心悸的黑色烟雾迅速向四周弥漫开来，不断蚕食着周围没有被污染的天空，将大地笼罩起来。 ​		,李乔慧,//weibo.com/1825515042/FASPEfO36?refer_flag=1001030103_
污染; 2017-12-19; 2017-12-22; 1; 10,5,		新鲜带泥胡萝卜，拒绝农药、水洗保鲜剂！香辣脆甜，现拔现发，源自蔬菜之乡农家自种，新鲜健康，无添加无污染！清脆爽口，颗颗如一；自然生长，人工施肥，井水灌溉。放心购买 【原】￥12.9 【券后】￥9.9 【领+拍】网页链接 ​		,那些年错过的后悔药儿,//weibo.com/2260365977/FASPEfNZr?refer_flag=1001030103_
污染; 2017-12-19; 2017-12-22; 1; 10,6,		广告打的都和其他的人不同//@混乱博物馆:关注 @混乱博物馆 ，转发下面这条微博，我们将抽出5位幸运观众，分别送出由污染空气制成的「AIR-INK 空气墨水」一瓶，|12月24日晚... @微博抽奖平台 开奖。		,混血好人,//weibo.com/6174606644/FARH7y22y?refer_flag=1001030103_
污染; 2017-12-19; 2017-12-22; 1; 10,7,	  【为什么我们看不见空气？】因为空气干净。混乱博物馆... ​	,NA,//weibo.com/5448014288/FASPBgyw0?refer_flag=1001030103_
污染; 2017-12-19; 2017-12-22; 1; 10,8,		世间为何这般苦？只因不识自我一个人的回忆犹如握在手中的冰块一样，它会使你感到非常的寒冷，而且不管你把这块冰块握的多紧，它都会慢慢地消失。因为人的过去一定会消失的，你心里放不过自己就是没有智慧，你心里放不过别人就是没有慈悲。所以忘记过去，想一想未来我们会得到更多的充实，想一想我们 ​			...展开全文c,Landy-Tsui,//weibo.com/2246518942/FASPdDHq3?refer_flag=1001030103_
污染; 2017-12-19; 2017-12-22; 1; 10,9,		【武山温泉】武山温泉是古宁远八景之一，历史悠久。它三面群山环绕，安静幽雅，空气洁净、无噪音污染，年温差小，每逢春、夏、秋季，鸟语花香，气候宜人，是集疗养、休闲、娱乐为一体的旅游胜地。 ​		,立坚强的别名叫丶硬撑,//weibo.com/283324711/FASPapax0?refer_flag=1001030103_
污染; 2017-12-19; 2017-12-22; 1; 10,10,"#环境观察# 2017年12月22日23点，明山区本桓公路当前站点空气质量轻度污染。#蔚蓝地图#48小时空气质量变化详见：网页链接 #我在关注##行动,带来改变# ​		",湖南小武哥,//weibo.com/5454422186/FASP2adcp?refer_flag=1001030103_
污染; 2017-12-19; 2017-12-22; 1; 10,11,		某家没素质的粉丝可不可以不要再来污染我凡的超话了，大半夜的真是恶心到了，赶紧回去洗你家超话关心你家正主吧#吴亦凡# 期待吴老板明天#中国有嘻哈巡演# 鲵姐姐继续为老吴打call#凡凡晚安# ​		,小学生薯条鲵,//weibo.com/5682314652/FASOYfRQo?refer_flag=1001030103_
污染; 2017-12-19; 2017-12-22; 1; 10,12,#冬至冬至# 送你噠！@黃卓帆PaulGuy 純天然無污染！這調調棒棒噠！@微辣Manner ​		,艾小力,//weibo.com/2434500841/FASOXphql?refer_flag=1001030103_
污染; 2017-12-19; 2017-12-22; 1; 10,13,"		但气功..//@内含子-:…//@西宫轨迹不忘初心://@KKGB_鱼板:///@-远见结奈-:这片土地上不能有幻想，对任何事物都不能有//@折棒厨: //@EscapingKonata: 所有的,玩游戏、看动画、看漫画、看国外电影电视剧、听电子乐、看幻想小说的,以及从事相关创作的等等,你们的爱好甚至工作都可能在一夜之间变成「污染」		",酷不理氪_爱收益,//weibo.com/2874883897/FcxAq1F4n?refer_flag=1001030103_
污染; 2017-12-19; 2017-12-22; 1; 10,14,	  这场运动很少被科幻圈外的人提及，因为它实在太短太不起眼了。从苗头初现算起到结束，也不过小半年时间，高潮更是仅有27天。但就是这样一场怎么看都是拍脑袋产物的运动，直接摧毁了中国蓬勃发展、特色鲜明的科幻事业。从那时起，在这片土地上所有的亚文化爱好者就应该明白，自己是在怎样的危墙下行走 ​	,NA,//weibo.com/1864928044/FASOK6G8H?refer_flag=1001030103_
污染; 2017-12-19; 2017-12-22; 1; 10,15,		那个小美好。。。对，，就是这个电视剧，第一次听到名字的时候就觉得非常不可思议，21世纪了为什么还会有这么奇葩的名字的电视剧大概是自己年纪大了看不了太甜的，对这个一直都是非常嫌弃的心态后来男主。。。对，，就是那个谁。。。。红了那个。。也没啥， ​			...展开全文c,翎羽茴,//weibo.com/5949050064/FASOF5Zar?refer_flag=1001030103_
污染; 2017-12-19; 2017-12-22; 1; 10,16,		当最孤寂的时候只想听听纯粹的声音，洗一下耳朵被当下快节奏生活的污染,疼爱冻伤逼着,//weibo.com/1778742953/FASoxsJdc?refer_flag=1001030103_
污染; 2017-12-19; 2017-12-22; 1; 10,17,#梦想的声音# 我不问时间都去哪儿了，只想知道Will you still love me.when I&#039;m no longer young and beautiful...QQ音乐：网页链接酷狗音乐：网页链接酷我音乐：网页链接附上我在梦想的声音发现的好嗓音，苏立生的表演，也是这首歌的现场，让我决定邀请他加入少 ​		...展开全文c,NA,//weibo.com/6392095072/FASOByvoO?refer_flag=1001030103_
污染; 2017-12-19; 2017-12-22; 1; 10,18,#中华人民共和国水污染防治法#第四十五条 排放工业废水的企业应当采取有效措施，收集和处理产生的全部废水，防止污染环境。含有毒有害水污染物的工业废水应当分类收集和处理，不得稀释排放。 工业集聚区应当配套建设相应的污水集中处理设施，安装自动监测设备，与环境保护主管部门的监控设备联网，并 ​			...展开全文c,枣庄环保,//weibo.com/3587107225/FASOwu0AE?refer_flag=1001030103_
污染; 2017-12-19; 2017-12-22; 1; 10,19,		脱发公司的男孩子，好干净……真的是给人一种很单纯，没有被污染过的感觉。我之前也乱搞了很多别家公司的墙头，多多少少都油，还有就是为讨好粉丝卖人设。最后兜了一大圈还是回到脱发这，发现自己最喜欢的果然还是内心通透的小男生啊。。 ​		,TF家族新生-白展堂,//weibo.com/1935723261/FASOvjUr1?refer_flag=1001030103_
污染; 2017-12-19; 2017-12-22; 1; 10,20,		抽不到的话在哪买//@混乱博物馆:关注 @混乱博物馆 ，转发下面这条微博，我们将抽出5位幸运观众，分别送出由污染空气制成的「AIR-INK 空气墨水」一瓶，|12月24日晚... @微博抽奖平台 开奖。		,Antony3k,//weibo.com/6174606644/FARH7y22y?refer_flag=1001030103_
污染; 2017-12-19; 2017-12-22; 1; 10,21,	  【为什么我们看不见空气？】因为空气干净。混乱博物馆... ​	,NA,//weibo.com/1978570431/FASOtfEGb?refer_flag=1001030103_
污染; 2017-12-19; 2017-12-22; 1; 10,22,		因为重度污染晚上没有去跑步，想着好久没有认真的锻炼过身体了，就再次捡起了这学期几乎没有用过的keep，这学期除了跑步也就是下午没课的时候中午起床去做一下深蹲俯卧撑之类的，可能这学期已经没有了那种需要很累才可以不去想的事情。晚上感觉累坏了，锻炼的时候听着诸如冰与火之歌里的那种配乐感觉自 ​			...展开全文c,16mamba,//weibo.com/6021130826/FASOhrWLc?refer_flag=1001030103_
污染; 2017-12-19; 2017-12-22; 1; 10,23,		又是哪里来的贱鸡上赶着找日？挨骂就删博？怂什么呀？从剪影出来就特么跟你姐姐没一毛钱关系别往上凑和了行吗？不转发你照片说明我善良 不想污染首页的眼睛 我也不喜欢拿别人长相说事 但是麻烦你不关你屁事你就安如鸡 嘴贱就别怪人家骂你 我最近戾气很重 就想骂人 求求各路SB别再给我提供素材了,你猜我叫什么萱,//weibo.com/6082940393/FASGB8w16?refer_flag=1001030103_
污染; 2017-12-19; 2017-12-22; 1; 10,24,	  我是真的很无语我看你这逼嘴今晚梅毒病菌感染才是活该@污力农 ​	,NA,//weibo.com/1963283851/FASO76Ksv?refer_flag=1001030103_
污染; 2017-12-19; 2017-12-22; 1; 10,25,		根据市气象、环保部门研判会商，未来一周我市气象条件不利于污染物扩散...网页链接 网页链接 ​		,观沧海听波涛,//weibo.com/1644950047/FASO0lD99?refer_flag=1001030103_
污染; 2017-12-19; 2017-12-22; 1; 10,26,		看完天才枪手，深深地惋惜。惋惜初遇时帮忙整理头发的情谊被利益污染了，惋惜那个单纯认真的男孩儿沦陷了。最终，一个金盆洗手，一个无法自拔，男女主的选择发生了逆转。心里一直敬佩的向上的天才少年，被自己害成这副惨淡光景，女主也是问心有愧的吧。女主的内心变化刻画得不错，男主的形象可以再丰 ​			...展开全文c,茶啡非茶,//weibo.com/5634822334/FASNU4WPb?refer_flag=1001030103_
污染; 2017-12-19; 2017-12-22; 1; 10,27,"		发表了一篇转载博文《[转载]静渊:羊肉被转基因,人民请求严惩一切污染食物链的转基因致癌食物,人民的生存》|[转载]静渊... ​		",ncm1688,//weibo.com/6231197460/FASNPFpCz?refer_flag=1001030103_
污染; 2017-12-19; 2017-12-22; 1; 10,28,		因忽略绿化和对自然治理……而引起的由北往南的自然沙化；现今面临是，而引起的由南往北的文化荒漠化。即建立官员的依法问责机制……并辅以媒体网络全方位监督……因至今也不肯正视啥问题造成的空气污染、貌似老大难的问题不难治理：其实 |长沙·长沙... ​		,我爱青苹果1,//weibo.com/2960417211/FASNIzpll?refer_flag=1001030103_
污染; 2017-12-19; 2017-12-22; 1; 10,29,		//@混乱博物馆:关注 @混乱博物馆 ，转发下面这条微博，我们将抽出5位幸运观众，分别送出由污染空气制成的「AIR-INK 空气墨水」一瓶，|12月24日晚... @微博抽奖平台 开奖。		,Xiaoli颖,//weibo.com/6174606644/FARH7y22y?refer_flag=1001030103_
污染; 2017-12-19; 2017-12-22; 1; 10,30,	  【为什么我们看不见空气？】因为空气干净。混乱博物馆... ​	,NA,//weibo.com/5356210758/FASNF466d?refer_flag=1001030103_
污染; 2017-12-19; 2017-12-22; 1; 10,31,		//@TieniuLee:卧槽好酷//@混乱博物馆:关注 @混乱博物馆 ，转发下面这条微博，我们将抽出5位幸运观众，分别送出由污染空气制成的「AIR-INK 空气墨水」一瓶，|12月24日晚... @微博抽奖平台 开奖。		,喵川,//weibo.com/6174606644/FARH7y22y?refer_flag=1001030103_
污染; 2017-12-19; 2017-12-22; 1; 10,32,	  【为什么我们看不见空气？】因为空气干净。混乱博物馆... ​	,NA,//weibo.com/3210298351/FASNyw9py?refer_flag=1001030103_
污染; 2017-12-19; 2017-12-22; 1; 10,33,		从大润发买过来的进口牛霖第一次喂他结果喂吐了，以为是加了酸奶作为诱导剂或者一次性给太多牛肉（原来饮食结构很单一基本就鹌鹑和鸡肉）不适应造成的，之后就慢慢加一两块的牛肉，有时候吃有时候不吃，也都相安无事。晚上睡前给他喂，因为晚上鹌鹑没吃完还有一部分就加了多些的牛肉凑足90g，结果又吐 ​			...展开全文c,我的jio可以钓猫哦,//weibo.com/5223655120/FASNxm2oF?refer_flag=1001030103_
污染; 2017-12-19; 2017-12-22; 1; 10,34,		【法令纹】法令纹是位在鼻翼边延伸而下的两道纹路，是典型的皮肤组织老化、造成肌肤表面凹陷的现象。 肌肤老化松弛和表情过于丰富是法令纹形成的两大原因。空气的污染、电脑手机的辐射和无规律的日常作息也会加快法令纹的产生，因此要良好解决如何除法令纹问题就要避免这些情况的发生。 ​		,王钟仪Joey在唱歌,//weibo.com/6372266760/FASNif7gE?refer_flag=1001030103_
污染; 2017-12-19; 2017-12-22; 1; 10,35,		这个是空气污染嘛，， |昌吉市 ​		,我爱吃柠檬Vv,//weibo.com/5318126839/FASN1pRqF?refer_flag=1001030103_
污染; 2017-12-19; 2017-12-22; 1; 10,36,#某男星电话泄露#高科技盆栽Broto，不需要土壤，也无需担心污染。Broto采用aeroponic技术，可以让花卉不需要土壤也能生存，全靠那些发光二极管来照顾植物，并且配备了一个系统可以显示植物的PH值，湿度，温度和养分。你是否也想弄一个不需要照顾的高科技盆栽呢？ ​		,小怪兽松柏半永久叶佳丽,//weibo.com/6434130892/FASN1aQRD?refer_flag=1001030103_
污染; 2017-12-19; 2017-12-22; 1; 10,37,		【苏梅岛】苏梅岛是泰国第三大岛，相比人们熟知的普吉岛来说，这里没那么商业，充满着浓郁的原始气息。抛开生活的压力，远离污染的空气，来苏梅岛享受蓝天白云，享受一望无际的大海吧！ ​		,欣喜畅快干巴曲,//weibo.com/6164814071/FASMUCIGA?refer_flag=1001030103_
污染; 2017-12-19; 2017-12-22; 1; 10,38,@污染物质CC 哈哈哈人干事？//@软池池:哈哈哈哈哈哈哈哈哈哈哈//@小雨的羽翼w:嘤心疼柴柴//@妖精Screamo://@今天你加班了么://@濑川佑太-鬼舅:哈哈哈哈哈哈哈哈哈哈哈哈真缺德//@三千宫魔王:哈哈哈哈哈心疼//@金发厨:哈哈哈哈哈哈		,Riddle丶12,//weibo.com/2396658275/FAPlpanV4?refer_flag=1001030103_
污染; 2017-12-19; 2017-12-22; 1; 10,39,	  主人丧心病狂居然拿这个玩具来当狗子的饭盆。。。哈哈哈哈吃个饭也得提心吊胆，心疼狗子一分钟！ 趣闻搞笑的... ​	,NA,//weibo.com/1773606804/FASMSBGrc?refer_flag=1001030103_
污染; 2017-12-19; 2017-12-22; 1; 10,40,		//@混乱博物馆:关注 @混乱博物馆 ，转发下面这条微博，我们将抽出5位幸运观众，分别送出由污染空气制成的「AIR-INK 空气墨水」一瓶，|12月24日晚... @微博抽奖平台 开奖。		,-緑的豇-,//weibo.com/6174606644/FARH7y22y?refer_flag=1001030103_
污染; 2017-12-19; 2017-12-22; 1; 10,41,	  【为什么我们看不见空气？】因为空气干净。混乱博物馆... ​	,NA,//weibo.com/1944069565/FASMOsu71?refer_flag=1001030103_
污染; 2017-12-19; 2017-12-22; 1; 10,42,		2017年12月22日23点主要城市空气污染排行(前20)：咸阳317，安阳315，保定301，西安298，石家庄292，邯郸276，扬州268，成都257，临汾253，德阳236，邢台235，徐州234，郑州224，济宁223，宝鸡223，合肥219，沈阳218，三门峡218，宜昌216，镇江208。查看全部|cnkongqi.c... ​		,中国城市空气污染排行,//weibo.com/3254816341/FASMx2noS?refer_flag=1001030103_
污染; 2017-12-19; 2017-12-22; 1; 10,43,		越南首都河内，感觉像90年代中国的小镇，破烂，到处都是摩托车。尾气污染严重，太难闻了。在国内没觉得中国多好，到越南后才发现，生在中国真幸福啊，感恩。 ​​​ |越南·河内 ​		,小叶_cz,//weibo.com/1519680762/FASMwpnN9?refer_flag=1001030103_
污染; 2017-12-19; 2017-12-22; 1; 10,44,		想要//@混乱博物馆:关注 @混乱博物馆 ，转发下面这条微博，我们将抽出5位幸运观众，分别送出由污染空气制成的「AIR-INK 空气墨水」一瓶，|12月24日晚... @微博抽奖平台 开奖。		,Yodully,//weibo.com/6174606644/FARH7y22y?refer_flag=1001030103_
污染; 2017-12-19; 2017-12-22; 1; 10,45,	  【为什么我们看不见空气？】因为空气干净。混乱博物馆... ​	,NA,//weibo.com/2282357352/FASMornX1?refer_flag=1001030103_
污染; 2017-12-19; 2017-12-22; 1; 10,46,		欧亚除甲醛竹炭包20包+3条高档毛巾 6.8入 家中的空气污染远比你想的严重 拍第一个选项哦！ 领券下单：网页链接 ​		,省钱队长,//weibo.com/5841407665/FASMhBjhe?refer_flag=1001030103_
污染; 2017-12-19; 2017-12-22; 1; 10,47,@嗦啦嘻哆 暖宝宝 宝宝 网页链接衣服是宝宝的第二层皮肤，采用优质的天然彩棉制作，从种棉到成衣，全程没污染。加厚超萌超可爱的卡通造型，充满童真气息。 ​		,放养非主流rv,//weibo.com/6260087666/FASMciZgt?refer_flag=1001030103_
污染; 2017-12-19; 2017-12-22; 1; 10,48,		其实老师也应该带口罩的，粉笔灰也会导致尘肺，只不过没那么严重。雾霾，花粉，螨虫，粉尘，衣服毛絮（在一些空气不流通的衣服卖场或者服装厂），空气污染物，汽车尾气，有毒气体这些肉眼看不见的都容易通过呼吸道进入人体血液引起过敏体质，人体不能分解的进入肺部就会引起尘肺。		,慢性过敏荨麻疹协会,//weibo.com/1195300800/FAQUsBrzy?refer_flag=1001030103_
污染; 2017-12-19; 2017-12-22; 1; 10,49,	  照片是最近志愿者在，广东四会玉器加工作坊。工人手工加工玉器，没有带口罩。当问及这些工人为什么不带口罩，他们说没事。所以每年在原来的基础上，还在不断新增尘肺病人！！ ​	,NA,//weibo.com/2843912132/FASM3aetn?refer_flag=1001030103_
污染; 2017-12-19; 2017-12-22; 1; 10,50,#邢台身边事#【行政拘留3人！邢台市通报16起典型环境违法案件】昨日，本市通报了16起典型环境违法案件，对16家违法企业共计处罚295万元，行政拘留3人。在通报案件涉及到的16家企业中，主要是这些企业分别通过逃避监管方式排放污染物、超标排放污染物，未落实重污染应急措施，露天堆放粉尘等手段污染了 ​			...展开全文c,牛城小巷,//weibo.com/5056980112/FASLW3Ed8?refer_flag=1001030103_
污染; 2017-12-19; 2017-12-22; 1; 10,51,		【世界卫生组织9条防癌提示】①不吃熏腌制食物。②不吃过热过硬、过焦过咸的食物，不喝过烫的水。③不吃发霉粮食及制品。④不用洗衣粉擦洗餐具、茶具或食物。⑤吃饭不要过饱，控制肉类的摄入量。⑥不吃被农药污染的蔬果。⑦不酗酒。⑧不吸烟。⑨每天开窗1至2小时。 ​		,火星来的小波,//weibo.com/5738490589/FASLFbKaw?refer_flag=1001030103_
污染; 2017-12-19; 2017-12-22; 1; 10,52,		//分享网易新闻:《山西10市重污染天气应急预警 部分市县实施限行》 |山西10市重... @网易新闻客户端 #网易新闻# ​		,三佳法务部,//weibo.com/2247235083/FASLr0EWv?refer_flag=1001030103_
污染; 2017-12-19; 2017-12-22; 1; 10,53,#镇江新鲜事#【镇江一河道泛起大量泡沫，远看如雪！】20日，网友爆料：镇江丹阳溢洪河河面上就漂浮着大片白色泡沫，咋一看还以为下雪了！据爆料者称：近年来，丹阳对河道管理一直十分重视，在有关部门正确引导、各单位辛勤努力下，丹阳水体质量有了明显改善。但是近日丹阳溢洪河，却出现了与美景不协 ​			...展开全文c,镇江知乎君,//weibo.com/5893427152/FASLpvLT2?refer_flag=1001030103_
污染; 2017-12-19; 2017-12-22; 1; 10,54,		当最孤寂的时候只想听听纯粹的声音，洗一下耳朵被当下快节奏生活的污染,包子interior,//weibo.com/1778742953/FASoxsJdc?refer_flag=1001030103_
污染; 2017-12-19; 2017-12-22; 1; 10,55,#梦想的声音# 我不问时间都去哪儿了，只想知道Will you still love me.when I&#039;m no longer young and beautiful...QQ音乐：网页链接酷狗音乐：网页链接酷我音乐：网页链接附上我在梦想的声音发现的好嗓音，苏立生的表演，也是这首歌的现场，让我决定邀请他加入少 ​		...展开全文c,NA,//weibo.com/6290182381/FASLjDwL6?refer_flag=1001030103_
污染; 2017-12-19; 2017-12-22; 1; 10,56,		《垃圾场与贪官》实话实说在2005年建垃圾场到现在国家补偿污染费平均每人56000元村民之今都没有北褚村村民大约1200人一共是6720万元，垃圾车往垃圾场送垃圾每车褚军田提40元每天320车每天褚军田收1万2千8百元一年就是4672万垃圾场开业到结束一共11年共计51392000元刚查出来，光卖沙1000多万，为啥不管		,暗黑向实话实说886,//weibo.com/6352574976/FipNmhPS4?refer_flag=1001030103_
污染; 2017-12-19; 2017-12-22; 1; 10,57,	  昌邑市都昌垃圾场 暗黑向实话... ​	,NA,//weibo.com/6352574976/FASKRxBlT?refer_flag=1001030103_
污染; 2017-12-19; 2017-12-22; 1; 10,58,#王俊凯18岁karryon#做戏要做全套你这是低估了我的智商还是高估你的智商我不知道是因为我的心受不得一丁点污染还是因为你是我亲人发生在我眼皮底下的事怎能装作什么都不知道更糟糕的是我只能把这个无关自己的秘密憋在心里最受折磨的是连我最亲近的人都不能说			...展开全文c,北原显需,//weibo.com/5727581037/FASKBndBw?refer_flag=1001030103_
污染; 2017-12-19; 2017-12-22; 1; 10,59,		咱们的学科英语PPT汇报――关于环境污染同学们的表现超棒小可爱的机智之举让老师都说：这孩子……唉，也算是想尽办法了……看到老王讲PPT不知道为啥就想起他唱泰坦尼克号的主题曲我心永恒~~~啦啦~印象深刻呀			...展开全文c,纺大化工11602班,//weibo.com/6027648271/FASKyE8i9?refer_flag=1001030103_
污染; 2017-12-19; 2017-12-22; 1; 10,60,		太恐怖了，一路回去完全走不了，都是大车拖土，拖沙的，想想这路受得了吗？看这灰土，沙，多污染环境，是因为地方小没人管理还是怎么回事呀？希望把视频看完，大家都帮忙转发，我也不知道具体告知哪个部门，就这样吧！@武汉交警 @环保局 @武汉交管局 @楚天都市报 @陈一新 @武汉市政府 ​			...展开全文c,我喜欢的样子你不再有,//weibo.com/3119741473/FASKxeGMb?refer_flag=1001030103_
污染; 2017-12-19; 2017-12-22; 1; 10,61,		//@混乱博物馆:关注 @混乱博物馆 ，转发下面这条微博，我们将抽出5位幸运观众，分别送出由污染空气制成的「AIR-INK 空气墨水」一瓶，|12月24日晚... @微博抽奖平台 开奖。		,寂世观莲,//weibo.com/6174606644/FARH7y22y?refer_flag=1001030103_
污染; 2017-12-19; 2017-12-22; 1; 10,62,	  【为什么我们看不见空气？】因为空气干净。混乱博物馆... ​	,NA,//weibo.com/5963823134/FASKctB14?refer_flag=1001030103_
污染; 2017-12-19; 2017-12-22; 1; 10,63,		【舒适保暖，波司登男士中长款时尚百搭翻领夹克 148元（150元券）】柔软亲肤，触感舒适，保暖透气，抵御寒冷的同时，不会有闷热的感觉，触感柔软舒适，皮肤接触无刺激，无污染，修身版型，大气上档次...... 点此领券并购买： 网页链接 ​		,辣品,//weibo.com/5885782855/FASK8Ccsw?refer_flag=1001030103_
污染; 2017-12-19; 2017-12-22; 1; 10,64,		韩国乐天制果株式会社的乐天梦巧克力块！其中……微生物污染和标签不合格等项目为主要不合格原因，”、涉及20类产品……韩国乐天梦巧克力块检出铜超标】此次发现的不合格食品来自47个国家或地区……“被爱的人一把抱住是什么感觉、乳制品类和饮料类……【质检总局……品质不合格[打哈气] ​		,赵之海产量王,//weibo.com/3134488515/FASJL2YpR?refer_flag=1001030103_
污染; 2017-12-19; 2017-12-22; 1; 10,65,#汉中爆料#汉中污染指数爆表 |汉中·勉阳... ​		,巴山夜语3256910291,//weibo.com/3256910291/FASJIFpUH?refer_flag=1001030103_
污染; 2017-12-19; 2017-12-22; 1; 10,66,		你见过雾霾来袭的过程吗？我见过，早上醒来躺在床上刚睁开眼，望向大大的窗外，蓝天白云，而且一大朵一大朵的云在风的作用下缓缓向东北方向移动，我觉得桂林今天依然是个晴空万里阳光普照的日子，但当我下床刚站在床边又一次向外望的时候，我的心里是不舒服的，因为我看见西南方向的远处是土黄色的，甚 ​			...展开全文c,Dr洋葱女孩儿,//weibo.com/3691252797/FASJIDm8I?refer_flag=1001030103_
污染; 2017-12-19; 2017-12-22; 1; 10,67,		发展经济不能牺牲环境为代价，一个环境污染受害者无力的呐喊：本人李常青，住:湖南省衡东县大浦镇新民村九组。我们那发生了什么？大家可以手机百度搜索衡东大浦血铅超标和衡东大浦重金属镉大米。<br/> 17@Lexun乐讯社区论坛#乐讯社区论坛#网页链接 ​		,lcq1397344,//weibo.com/5750977745/FASJDm2wq?refer_flag=1001030103_
污染; 2017-12-19; 2017-12-22; 1; 10,68,		【车内气味有学问】不仅是坐在车上会晕，很多人严重到只要闻到汽油味就会头晕恶心，再加上汽车内饰隐隐散发的甲醛味，浑浊的车内空气让身处其中的晕车者无处可逃。要解决这个问题，推荐各位车主使用是比较传统安全的活性炭包，活性炭会吸附空气中的有机化合物，不会产生二次污染。 ​		,姜海军546,//weibo.com/6142773200/FASJzcrlh?refer_flag=1001030103_
污染; 2017-12-19; 2017-12-22; 1; 10,69,		对@陈逢元 说：现在比较各种发电方式的污染和碳排放通常不光看机组发电时的排放也看生产设备和建设发电厂时的污染。生产建水电厂所需的巨量水泥、钢铁等建材会有大量污染。此外水电厂通常会改变当地生态水文环境。所以我觉得您新书P162水电无污染的说法最好能稍微改一改。 ​		,SukerZ,//weibo.com/1780490170/FASJs8MjD?refer_flag=1001030103_
污染; 2017-12-19; 2017-12-22; 1; 10,70,		表白太太！所以现在再看ubw对闪又有了新的认识//@c酱住在乌鲁克:所以不同意ubw里他是被圣杯污染了的说法，首先他精神力强大到黑泥也无法污染，其次fsf里也说的很清楚，如果受肉了他还是会跳脱旁观者立场，说不定还是会选择ubw这条路。所以不是非常赞同说ubw里的他中二，如果爱他，或许可以试着去解读他		,梁子_理性蒸发EX_底比斯住民,//weibo.com/5605694475/FAShV4u00?refer_flag=1001030103_
污染; 2017-12-19; 2017-12-22; 1; 10,71,	  关于ubw里的闪的一些想法。不一定对。艾蕾实装后对苏美尔的冥府产生了兴趣，读了一些资料后，印象最深刻的是不同于后来的主流宗教，苏美尔文化中没有明显对来世的描述，冥府有的只是悲哀，孤独与灰尘。灵魂永远地游荡于冥界之间，他们唯一的希望来自于子嗣对自己的献祭。没有此生做好事来世就有福报 ​		...展开全文c,NA,//weibo.com/2150656823/FASJ9c6Si?refer_flag=1001030103_
污染; 2017-12-19; 2017-12-22; 1; 10,72,		欧亚除甲醛竹炭包20包+3条高档毛巾 6.8入 家中的空气污染远比你想的严重 拍第一个选项哦！ 领券下单：网页链接|成都 ​		,持家仙女,//weibo.com/3860171086/FASIS3kX3?refer_flag=1001030103_
污染; 2017-12-19; 2017-12-22; 1; 10,73,		菲洛施女性私护凝胶，纯净无添加，健康无污染、纯中药配方🌿，无副作用，用菲洛施女性私护凝胶，还您一个健康子宫#一池云锦创始人雪儿##克拉家族创始人雪儿本人##菲洛施女性私护##15355266866# |丽水·妙高... ​		,一池云锦克拉创始人雪儿,//weibo.com/2573233112/FASIKEjwc?refer_flag=1001030103_
污染; 2017-12-19; 2017-12-22; 1; 10,74,		转：雷老师好，反应一个呼市的空气情况。每晚下班路过国际蒙医院一带，不知道什么燃烧还是锅炉房，烟气熏人，最近每天都是。还有自治区政府敕勒川公园附近，每晚7点多就飘过来很多烟，非常呛人。全国都在治疗大气污染，我们呼市是不是也应该呼吁政府治理，呼应人民群众配合防止大气污染@内蒙古环保 ​			...展开全文c,雷蒙host,//weibo.com/1704210150/FASICrK1n?refer_flag=1001030103_
污染; 2017-12-19; 2017-12-22; 1; 10,75,		欧亚除甲醛竹炭包20包+3条高档毛巾 6.8入 家中的空气污染远比你想的严重 拍第一个选项哦！ 复制这条信息 ￥G2jp0jz7EAi￥ 打开【手机Tb】即可 ​		,持家一姐,//weibo.com/3860585716/FASIzqLOy?refer_flag=1001030103_
污染; 2017-12-19; 2017-12-22; 1; 10,76,		【白开水也有保质期】很多家庭会在夏天准备个大玻璃杯凉白开水，认为这样卫生、方便。但夏季天热，空气湿度高，细菌繁殖快，凉白开放置时间不宜过长。无论常温或冷藏条件下，都不要超过2天，最好当天喝完。敞口放置时，要放在周围环境干净的地方，以免被污染。此外，切忌把放凉的水重新加热饮用。 ​		,天山白猫1872934995,//weibo.com/1872934995/FASItwFG3?refer_flag=1001030103_
污染; 2017-12-19; 2017-12-22; 1; 10,77,【19.9元】暖贴不坠袋，不变形，不污染衣物，发热稳定，优质无纺布，柔软透气无异物感。 （卷在评论） ​		,曾婉儿,//weibo.com/5563161820/FASIqxhqe?refer_flag=1001030103_
污染; 2017-12-19; 2017-12-22; 1; 10,78,		//@XS_ZHOU:按理说国际行星保护协会是不允许这样做的，不是你想怎样就怎样的，打到地火转移轨道的弊端就是极有可能撞到火星或滞留火星轨道，带来的污染是致命的！而汽车的消毒要比航天器的消毒要麻烦得多.... 马爷的土豪劲儿也许会酿成打错~,没空理你小样,//weibo.com/2282969654/FAQyfAtwr?refer_flag=1001030103_
污染; 2017-12-19; 2017-12-22; 1; 10,79,	  马斯克的roadster跑车已经安装在火箭适配器上！预计2018年1月由重型猎鹰火箭直接送入地火霍曼转移轨道！图片来自@Steed的围脖 ​	,NA,//weibo.com/1883232020/FASIcmbz6?refer_flag=1001030103_
污染; 2017-12-19; 2017-12-22; 1; 10,80,		❤️『今天你洗眼睛啦吗』在这个充满污染的世界。越来越多人意识到保护眼睛的重要性。如果你是长时间带美瞳化妆的爱美姑娘。那么福瑞达茶多酚洗眼液绝对是你化妆包必不可少的单品哟。🤗 |朝阳·凌河... A小阿婷i的... ​		,A小阿婷i,//weibo.com/2643197142/FASI6ws4f?refer_flag=1001030103_
污染; 2017-12-19; 2017-12-22; 1; 10,81,		感觉人生的最后一片净土(句子迷)也遭受污染了，我明白，喜欢句子迷的人，不一定都是有文采的，但至少都是感性的，大度的。还是默默地去听《喜马拉雅》——《人间最美是清欢》吧。 ​		,不和偏见相与,//weibo.com/5303769481/FASHZFw0D?refer_flag=1001030103_
污染; 2017-12-19; 2017-12-22; 1; 10,82,		【袋鼠妈妈】孕妇遮瑕气原价98元，券后68元啦!袋鼠妈妈品牌，专为女性准备，遮瑕修颜，保湿润肤，防水抗汗，水润持妆，清爽控油，贴肤，隔离污染。8大功效伴你美。【赠运费险】.领券下单链接 >>>网页链接 ​		,韩菲儿母婴汇,//weibo.com/3774788860/FASHCEyeA?refer_flag=1001030103_
污染; 2017-12-19; 2017-12-22; 1; 10,83,		【苏梅岛】想象你此刻正拥有你一个苏梅岛的下午，抛开生活的压力，远离污染的空气，来到这里享受蓝天白云，享受一望无际的大海。那是多么惬意闲适的时光~ ​		,紫CY_敏谚,//weibo.com/5706555800/FASHxiskf?refer_flag=1001030103_
污染; 2017-12-19; 2017-12-22; 1; 10,84,#穹顶之下•每日一拍#焦作空气【重度污染】每日一拍第986天【全国主要污染城市排名24】【百度天气指数202】 ​		,辛锐风,//weibo.com/2686342763/FASHw7Bzh?refer_flag=1001030103_
污染; 2017-12-19; 2017-12-22; 1; 10,85,		//@混乱博物馆:关注 @混乱博物馆 ，转发下面这条微博，我们将抽出5位幸运观众，分别送出由污染空气制成的「AIR-INK 空气墨水」一瓶，|12月24日晚... @微博抽奖平台 开奖。		,茄仙人最近很迷欧尼酱,//weibo.com/6174606644/FARH7y22y?refer_flag=1001030103_
污染; 2017-12-19; 2017-12-22; 1; 10,86,	  【为什么我们看不见空气？】因为空气干净。混乱博物馆... ​	,NA,//weibo.com/1655306687/FASHgeJrr?refer_flag=1001030103_
污染; 2017-12-19; 2017-12-22; 1; 10,87,		冷得手机都不想玩了，一看天气………实际气温比体感还低加上湿度可不得冷啊！！！还污染 ​		,憶紫羅蘭DHL,//weibo.com/3731446553/FASHeo63P?refer_flag=1001030103_
污染; 2017-12-19; 2017-12-22; 1; 10,88,#你好旧时光##美出了界##带着微博去旅行#【世界环境日：向污染宣战】 6月5日是第43个世界环境日（World Environment Day）。中国从1985年开始举办纪念世界环境日活动，以“青年人口，环境”为主题 。今年世界环境日中国主题为“向污染宣战”，旨在倡导全社会共同行动，打一场治理污染攻坚战，努力改善 ​			...展开全文c,暴风雨中的浪无悔,//weibo.com/5411794560/FASHagG5G?refer_flag=1001030103_
污染; 2017-12-19; 2017-12-22; 1; 10,89,"		【49入】琪比哆哆】婴儿纯棉加厚保暖连体衣,衣服是宝宝的第二层皮肤，采用优质的天然彩棉制作，从种棉到成衣，全程没污染。加厚超萌超可爱的卡通造型，充满童真气息。领&券:网页链接券合集，搜就有：网页链接 ​		",种券吖吖,//weibo.com/1994262624/FASH8wdDz?refer_flag=1001030103_
污染; 2017-12-19; 2017-12-22; 1; 10,90,		不不不，一开始就不该让那种恶心的东西污染我的生活才对 ​		,瑞悲伤,//weibo.com/1736199667/FASGP10pu?refer_flag=1001030103_
污染; 2017-12-19; 2017-12-22; 1; 10,91,		拯救环境型机器人：这条「机器鳗鱼」专门探测水中污染物和寻找污染源。 视频精选君... ​		,视频精选君,//weibo.com/2465929375/FASGM630y?refer_flag=1001030103_
污染; 2017-12-19; 2017-12-22; 1; 10,92,#环境保护##海洋塑料污染# |英国广播公... ​		,岩前松,//weibo.com/1854160753/FASGM30w0?refer_flag=1001030103_
污染; 2017-12-19; 2017-12-22; 1; 10,93,		好多事情自己知道就行了哈 明天重度污染 明天上午上心理课 下课一定写完论文 下午四点彩排 然后回家 周日就要彩排了 周日晚上演出 培养了一两个月的节目杯子舞就要交卷了 此时此刻2017年12月22日 还有️天就2018年了 仪式感固然很重要 但是也别让自己那么虚伪 有心者有所累，无心者无所谓！ ​			...展开全文c,超乖的一个小坏蛋人,//weibo.com/6085494077/FASGKgnTW?refer_flag=1001030103_
污染; 2017-12-19; 2017-12-22; 1; 10,94,		《垃圾场与贪官》实话实说在2005年建垃圾场到现在国家补偿污染费平均每人56000元村民之今都没有北褚村村民大约1200人一共是6720万元，垃圾车往垃圾场送垃圾每车褚军田提40元每天320车每天褚军田收1万2千8百元一年就是4672万垃圾场开业到结束一共11年共计51392000元刚查出来，光卖沙1000多万，为啥不管		,暗黑向实话实说886,//weibo.com/6352574976/FipNmhPS4?refer_flag=1001030103_
污染; 2017-12-19; 2017-12-22; 1; 10,95,	  昌邑市都昌垃圾场 暗黑向实话... ​	,NA,//weibo.com/6352574976/FASGJDcpL?refer_flag=1001030103_
污染; 2017-12-19; 2017-12-22; 1; 10,96,		我免费围观了 @鲍秀兰 的回答，问题价值 199.00 元，快来一起免费围观~ 微博问答 ​		,viacert波哥,//weibo.com/2480291647/FASGFwcuP?refer_flag=1001030103_
污染; 2017-12-19; 2017-12-22; 1; 10,97,		出身贫寒现在没钱，勉强小康未到中产，偶尔的头等舱和商务座的经历，令我有了深刻的感受：好生活是绝对高耗能高污染的！因此，富豪们宣传的环保低碳我是不信的，食不果腹的非洲难民孩子才是真正的环保低碳，但这恰恰是我们所要避免的。所以我现在有个原则，曾尼玛吹嘘理念，就说你准备花多少钱吧。 ​			...展开全文c,那一丶一季的忧伤,//weibo.com/6079512667/FASGFg5Fc?refer_flag=1001030103_
污染; 2017-12-19; 2017-12-22; 1; 10,98,		【九种生活的方式影响寿命】1、房间视野开阔：增寿2年；2、生活乱七八糟：减寿1年；3、养宠物：增寿2年；4、和谐性生活：增寿4年；5、噪音污染：减寿1年；6、做女人：增寿7年；7、结婚：增寿7年；8、离婚：减寿3年；9、不良姿势：减寿2年 。 ​		,疼陶航饱,//weibo.com/6217641471/FASGpzwX0?refer_flag=1001030103_
污染; 2017-12-19; 2017-12-22; 1; 10,99,		【知道您的洗衣机有多脏吗】杰夫人 洗衣机清洗剂滚筒全自动家用非除菌消毒去除垢波轮洗衣机槽清洁剂 15袋装商城价：18.9元内购价：13.9元领券：网页链接————————下单：网页链接			...展开全文c,鲜柠檬M,//weibo.com/5897845339/FASGkAjnG?refer_flag=1001030103_
污染; 2017-12-19; 2017-12-22; 1; 10,100,"		百姓的辛苦，你们懂吗？真是欺人太甚！  一群声称""政府部门""的人，叫一辆挖掘机，没做污染鉴定就把别人的农用房弄成这样，说是在治污，呵呵，我不知道别人种植业有什么污染，人家用的稻草，碎棉花，石灰，农用井水哪一样有污染？别人的辛苦 ​			...展开全文c",用户6440264004,//weibo.com/6440264004/FASGcjjrv?refer_flag=1001030103_
污染; 2017-12-19; 2017-12-22; 1; 10,101,		晴，冬至，雾霾严重，重度污染，趁着上午好点，涝巨河公园走起。中午zr处吃饺子，饭后，抓紧时间回家午睡，晕晕乎乎得还是迟到了。看了会易中天的书，感觉现在眼过后，第二天记忆模糊，老了？是老了。晚上，带dd玩轨道车，买一辆挺贵，还经常没对手竞赛，人少，不买车，时间短，不过瘾。带孩子先回， ​			...展开全文c,捌只相爱鞋,//weibo.com/1252767490/FASGauaJb?refer_flag=1001030103_
污染; 2017-12-19; 2017-12-22; 1; 10,102,污染//@快高长大的宝宝的隐藏小号:转发转发我想要部傻瓜机,GeeHope,//weibo.com/5247235785/FygUUdYPX?refer_flag=1001030103_
污染; 2017-12-19; 2017-12-22; 1; 10,103,	  喜欢胶片机，和不懂胶片机的朋友都可以来找我，想买胶片机的人也来找我，没钱买胶片机的人可以参考图一转发此微博谢谢！#胶片的味道##胶卷相机# ​	,NA,//weibo.com/6155100185/FASG64LV3?refer_flag=1001030103_
污染; 2017-12-19; 2017-12-22; 1; 10,104,		夜读时间《百年谎言》过去的一百年里，“合成优于天然”的谎言伴随着我们！我们成了这个星球被污染最严重的生物，我们本身正在成为化学实验对象！ ​		,朱鹏程V,//weibo.com/6003837420/FASG4mkyM?refer_flag=1001030103_
污染; 2017-12-19; 2017-12-22; 1; 10,105,		雅诗兰黛超值赠品又来了！【雅诗兰黛全场8.5折+满60欧就送85.45欧雅诗兰黛口红套装喔！雅诗兰黛nude waterfresh粉底液折后32.88欧！Douglas同款44.9欧！】网页链接亲肤型保湿粉底液，比起旧版这款妆感更轻质地更水润，干皮完全无压力。兼具SPF30防晒值，有效阻隔空气污染对肌肤的侵害 ！ ​		,德国打折网,//weibo.com/1768344050/FASG41yUM?refer_flag=1001030103_
污染; 2017-12-19; 2017-12-22; 1; 10,106,		信阳，12月22日，周五，空气质量指数：165，空气质量：中度污染。 ​		,信阳天气通,//weibo.com/5111804255/FASG0sPyQ?refer_flag=1001030103_
污染; 2017-12-19; 2017-12-22; 1; 10,107,#长春热点事#限号开始你今天能回家吗？秸秆和汽车尾气谁更污染？长春传的秒... ​		,R13tiao,//weibo.com/5033273459/FASG0sfko?refer_flag=1001030103_
污染; 2017-12-19; 2017-12-22; 1; 10,108,		新乡，12月22日，周五，空气质量指数：202，空气质量：重度污染。 ​		,新乡天气通,//weibo.com/5111796673/FASG09FJM?refer_flag=1001030103_
污染; 2017-12-19; 2017-12-22; 1; 10,109,		孝感，12月22日，周五，空气质量指数：132，空气质量：轻度污染。 ​		,孝感天气通,//weibo.com/5110101726/FASFZyWsQ?refer_flag=1001030103_
污染; 2017-12-19; 2017-12-22; 1; 10,110,#轻熟女熹望工程自律打卡活动#2017年终挑战版【每日5项全能】第22天：【今日走跑】9.27KM【今日TED】Jonathan Rossiter:会吃污染物的机器人。【今日成就】1揉面，擀皮，包水饺，一条龙服务。2打羽毛球。3打麻将输到底。【今日确幸】黄记煌&一年一度的冬至饺子宴【今日读书】卢思浩《愿有人 ​			...展开全文c,rockevery,//weibo.com/2707751527/FASFYnZUD?refer_flag=1001030103_
污染; 2017-12-19; 2017-12-22; 1; 10,111,		【眼药水开瓶4周就得扔】眼药水的“保鲜期”只有4周。眼科医生提醒，眼药水包装上的保质期通常指未开封的状态，一旦开封使用，如4周内未用完，应立即丢弃。眼药水开封后，保存环境发生了改变，药效会逐渐减弱；在使用时药液还可能被空气中的微生物污染，带来健康隐患。 ​		,少年呀wjh的幸福,//weibo.com/6375381217/FASFN9qFn?refer_flag=1001030103_
污染; 2017-12-19; 2017-12-22; 1; 10,112,		…//@西宫轨迹不忘初心://@KKGB_鱼板:///@-远见结奈-:这片土地上不能有幻想，对任何事物都不能有//@折棒厨: //@EscapingKonata: 所有的，玩游戏的、看动画的、看漫画的、看国外电影电视剧的、听电子乐的、看幻想小说的，以及从事相关创作的等等等等，你们的爱好甚至工作都可能在一夜之间变成「污染」		,内含子_想拥有被炉,//weibo.com/2874883897/FcxAq1F4n?refer_flag=1001030103_
污染; 2017-12-19; 2017-12-22; 1; 10,113,	  这场运动很少被科幻圈外的人提及，因为它实在太短太不起眼了。从苗头初现算起到结束，也不过小半年时间，高潮更是仅有27天。但就是这样一场怎么看都是拍脑袋产物的运动，直接摧毁了中国蓬勃发展、特色鲜明的科幻事业。从那时起，在这片土地上所有的亚文化爱好者就应该明白，自己是在怎样的危墙下行走 ​	,NA,//weibo.com/5626264041/FASFIsjVg?refer_flag=1001030103_
污染; 2017-12-19; 2017-12-22; 1; 10,114,		//@二木子布:突然翻到！给首页的油皮朋友也安利一下这个！毛穴抚子的洁面！！我之前的护肤篇忘记推荐了！！！洗得超级干净而且不紧绷，真的就是从重污染吸油烟机到空气净化器的感觉,樊丘,//weibo.com/1645255202/FukM5bC2J?refer_flag=1001030103_
污染; 2017-12-19; 2017-12-22; 1; 10,115,@卡住大西瓜 欠的油皮安利第一波终于还了！！！！前几天答应要写的油皮洗面奶安利终于在浪老师的强权压迫下写完啦 石泽研究所的毛孔抚子，真的是我用过的最适合油皮的洗面奶了！而且价格不高，一管可以用很久很久……性价比拯救贫穷女孩于水火！！对于油皮来说洗面奶最重要的就是清洁效果—— ​		...展开全文c,NA,//weibo.com/5418792696/FASFGpawR?refer_flag=1001030103_
污染; 2017-12-19; 2017-12-22; 1; 10,116,		//@混乱博物馆:关注 @混乱博物馆 ，转发下面这条微博，我们将抽出5位幸运观众，分别送出由污染空气制成的「AIR-INK 空气墨水」一瓶，|12月24日晚... @微博抽奖平台 开奖。		,吸猫蚊香,//weibo.com/6174606644/FARH7y22y?refer_flag=1001030103_
污染; 2017-12-19; 2017-12-22; 1; 10,117,	  【为什么我们看不见空气？】因为空气干净。混乱博物馆... ​	,NA,//weibo.com/5470027595/FASFFtPYp?refer_flag=1001030103_
污染; 2017-12-19; 2017-12-22; 1; 10,118,		【最强排毒食物。吃了皮肤瞬间变好】 环境污染、电脑辐射、不良饮食习惯等都有可能导致人体产生各种生理垃圾，毒素长期在体内堆积，则会引发记忆力减退、面色灰黄、便秘、痔疮等系统疾病。因此，如何排毒成为不少女性关注的健康话题。其实在我们常吃的蔬菜中，就有不少具有解毒功效。 ​		,ZQQH8SW0HB356,//weibo.com/6115021757/FASFEAvlE?refer_flag=1001030103_
污染; 2017-12-19; 2017-12-22; 1; 10,119,		在火车站接人，刚停车就有城管叔叔提醒我熄火，说是空气污染超标了！限行还超标，这说明污染不关汽车的事情嘛！ ​		,忻城小贩,//weibo.com/6315069125/FASFDo8Kn?refer_flag=1001030103_
污染; 2017-12-19; 2017-12-22; 1; 10,120,		30岁白领丽人如何保持营养天平平衡（一）吃出细腻肌肤　　在写字楼中工作的女性，受办公室空气污染、电脑辐射、空调干燥风的侵害，加上作息不规律，更易出现亚健康皮肤。而皮肤的疲劳程度与睡眠质量成正比，所以此类人群应该提高睡眠质量，尽量在晚上11点之前入睡，因为这段时间皮肤细胞新陈代谢最 ​			...展开全文c,马鞍山市食品药品监督管理局,//weibo.com/2883632040/FASFBoxw9?refer_flag=1001030103_
污染; 2017-12-19; 2017-12-22; 1; 10,121,我们的原生态从饮食出发！那么所谓“原生态食品”是什么？就是自然赋予作物的最本原的一种生活状态，它的基本要义至少应该包括远离技术性和远离操纵性，其凸显的特征应该是天然之美、自然之美和原始之美。作物“喝”的水，自然是天上的雨水；作物“吃”的肥，自 ​			...展开全文c,新农丶伍良君,//weibo.com/5258704625/FASFz01zQ?refer_flag=1001030103_
污染; 2017-12-19; 2017-12-22; 1; 10,122,		收到//@混乱博物馆:关注 @混乱博物馆 ，转发下面这条微博，我们将抽出5位幸运观众，分别送出由污染空气制成的「AIR-INK 空气墨水」一瓶，|12月24日晚... @微博抽奖平台 开奖。		,王大曦是我的小太阳x,//weibo.com/6174606644/FARH7y22y?refer_flag=1001030103_
污染; 2017-12-19; 2017-12-22; 1; 10,123,	  【为什么我们看不见空气？】因为空气干净。混乱博物馆... ​	,NA,//weibo.com/3920463783/FASFvaeP7?refer_flag=1001030103_
污染; 2017-12-19; 2017-12-22; 1; 10,124,		话题是用来安利的，注意下环境卫生。别随手扔垃圾，却不知道，不管你是撩骚的还是带节奏的，保持环境卫生。ok ​超级话题不是你家，不是你想发什么就发什么的地方，这里是安利王俊凯地方请一些小可爱三思而后行每隔一时间我就发。抱歉我觉得我这条都在污染#王俊凯解忧杂货店# ​		,最爱你mmmmmmmmmm,//weibo.com/5372047239/FASFtp6ov?refer_flag=1001030103_
污染; 2017-12-19; 2017-12-22; 1; 10,125,		让我们用肺去净化这污染的空气，微电影塑造全新KatyPerry：翘首以盼的水果姐KatyPerry二单《Unconditionally》MV首播啦：请勇敢地呼吸……百变水果姐再次颠覆子我。宫闱秘史、宛转悠扬 |扬州 ​		,酸奶小B,//weibo.com/2701609983/FASFqpnJM?refer_flag=1001030103_
污染; 2017-12-19; 2017-12-22; 1; 10,126,		电动车远比燃油车排放大，主要体现在生产以及报废后的锂电池污染等问题//@Rick_Xu:不考虑整个生产、消费链的全部排放和能源效率的，都是耍流氓。靠政府补贴生存的，多半是垃圾//@乱七八糟的马:转发微博		,喵嘟了个咪,//weibo.com//FASjE0FWI?refer_flag=1001030103_
污染; 2017-12-19; 2017-12-22; 1; 10,127,	  该微博因被多人举报，根据《微博社区管理规定》，已被删除。查看帮助：|转发的微博...,NA,//weibo.com/1704943717/FASFm0Z8G?refer_flag=1001030103_
污染; 2017-12-19; 2017-12-22; 1; 10,128,红石榴　　娇艳欲滴的红石榴已经被证实具有很强的抗氧化作用。它含有一种叫鞣花酸的成分，可以使细胞免于环境中的污染、UV 射线的危害，滋养细胞，减缓肌体的衰老。有研究表明，鞣花酸在防辐射方面比红酒和绿茶中含有的多酚更“厉害”。 ​		,白菜星人夏瑶,//weibo.com/5803137965/FASFitiA0?refer_flag=1001030103_
污染; 2017-12-19; 2017-12-22; 1; 10,129,		今天的成都重度污染 我还跑出去玩 现在好难受 头好晕 |成都 ​		,阿暖很酷,//weibo.com/5231544191/FASF9iZ81?refer_flag=1001030103_
污染; 2017-12-19; 2017-12-22; 1; 10,130,		【孕妇吃海鲜是有何忌讳？】1、怀孕早期，螃蟹坚决不能吃。2、海鲜一定要吃熟的，万不可吃生海鲜。3、不要吃受污染（汞污染）的海产品。4、孕妇吃虾后若没有不良反映，如过敏、腹痛，就没有问题。虾钙含量高，孕期适量吃虾或虾皮可以补充钙、锌等微量元素，促进幼儿的生长。 ​		,可爱艳落飘零,//weibo.com/6371034906/FASF57fMn?refer_flag=1001030103_
污染; 2017-12-19; 2017-12-22; 1; 10,131,		#三流坐台女赵丽颖# #赵丽颖坐台鸡# #拒绝合作 拒绝辣舞# 带这些话题真是污染我微博，但是必须科普一下小丽的“敬业”,薛-小雨,//weibo.com/6346457272/Fz7ZkwAbK?refer_flag=1001030103_
污染; 2017-12-19; 2017-12-22; 1; 10,132,	  朝阳V姐拍摄抄袭大作《楚乔传》时滥用替身不完全统计图1.0坐着要替身，站着要替身，躺着也要替身打戏要替身，文戏要替身，背影还要替身裸戏要替身，骑马要替身，抱着仍要替身外景要替身，远景要替身，入水直接用假人人家替身大热天的脏活苦活累活全干了你丽坐在空调房里发发敬业新闻好处全捞了		...展开全文c,NA,//weibo.com/1798716167/FASEQoRlD?refer_flag=1001030103_
污染; 2017-12-19; 2017-12-22; 1; 10,133,		发表了博文《环保部门定了：不锈钢橱柜好坏看填充物是不是环保健康》不锈钢橱柜能否环保健康关键看他的健康环保板材和结构。看他填充的化学污染填充物。现在精明业主都是百分百选健康环保卫生橱柜。那什么是健康环保|环保部门定... ​		,上海镀晶实业有限公司,//weibo.com/3097410384/FASEG2ebS?refer_flag=1001030103_
污染; 2017-12-19; 2017-12-22; 1; 10,134,		【觅风小蚁】无沙免洗紫菜50g 原价23.8元券后【13.8元】包邮 领券抢购:网页链接 更多商品:网页链接 卖点→推荐语: 【第2件3元】精选无污染海域，无熏染轻加工，层层筛选，无沙无杂！吃起来爽口嫩滑，营养很丰富哦！ ___________ ​		,冰雪童话时装搭配博主,//weibo.com/5849688581/FASEwzI86?refer_flag=1001030103_
污染; 2017-12-19; 2017-12-22; 1; 10,135,		感觉到了纯真，一颗还没被尘世污染的心啊//@氲氤少女:“灯把黑夜，烫了一个洞。”		,四川盆地最后的单纯,//weibo.com/3941871242/FAMBG8pYQ?refer_flag=1001030103_
污染; 2017-12-19; 2017-12-22; 1; 10,136,	  孩子们的诗，美好至极。 ​	,NA,//weibo.com/6054662088/FASEpsPGR?refer_flag=1001030103_
污染; 2017-12-19; 2017-12-22; 1; 10,137,		【揉眼睛有何危害】眼睛表面覆盖了一层上皮，很脆弱，揉眼睛时很容易损伤这层上皮。我们的手常常携带大量的细菌和病毒，揉眼睛时还会污染这层上皮。细菌或病毒很快乘虚而入，进行繁殖，上皮损害加重，因而出现眼红、眼磨、眼分泌物增多等结膜炎的表现。 ​		,脱筑脚能,//weibo.com/6388860047/FASEo0ecH?refer_flag=1001030103_
污染; 2017-12-19; 2017-12-22; 1; 10,138,#我在看新闻# 台媒称，印度首都新德里为了解决严重空气污染问题，20号起在当地空气品质最差的地区启用“抗雾霾大炮”。据台湾联合新闻网12月21日报道，“抗雾霾大炮”宛如一个大型吹风机，当地官员表示，希望借由将水雾吹进空气中来降低空气污染，并会持续监测空气污染数据，看看“抗雾霾大炮”的成效 ​			...展开全文c,宝塔桥街道象山社区,//weibo.com/3483077223/FASEmeogo?refer_flag=1001030103_
污染; 2017-12-19; 2017-12-22; 1; 10,139,		【苏梅岛】苏梅岛是泰国第三大岛，相比人们熟知的普吉岛来说，相对没有那么嘈杂。抛开生活的压力，远离污染的空气，来到这里享受蓝天白云，享受一望无际的大海吧！ ​		,lady_头头胤,//weibo.com/2112167087/FASElEB8K?refer_flag=1001030103_
污染; 2017-12-19; 2017-12-22; 1; 10,140,		求中//@混乱博物馆:关注 @混乱博物馆 ，转发下面这条微博，我们将抽出5位幸运观众，分别送出由污染空气制成的「AIR-INK 空气墨水」一瓶，|12月24日晚... @微博抽奖平台 开奖。		,合适戴眼镜的人是不会死的,//weibo.com/6174606644/FARH7y22y?refer_flag=1001030103_
污染; 2017-12-19; 2017-12-22; 1; 10,141,	  【为什么我们看不见空气？】因为空气干净。混乱博物馆... ​	,NA,//weibo.com/5136414357/FASEjzyVf?refer_flag=1001030103_
污染; 2017-12-19; 2017-12-22; 1; 10,142,		我们是属于大气重污染国家，那我们政府相关部门定的标准反而比那些污染没那么重的国家还要低，就拿口罩来说，国标是kn95级别可是国际认可达标级别却是n95。最近一直在思考的问题是，一个国家为什么要有政府？它存在的意义是什么，当然就是推进民生问题啊！怎么让民众在这个国家生活得更有品质更有幸福 ​			...展开全文c,小太阳kkkk,//weibo.com/2722484811/FASE6xvo7?refer_flag=1001030103_
污染; 2017-12-19; 2017-12-22; 1; 10,143,		以前不相信会有这么蓝的海 无法描述有多开心 即使又晒黑两个色度那又如何 看没有任何污染的碧海蓝天 彻底放松自我 每次旅行都觉得大自然实在是太神奇我太喜欢这里了  |美国本土外... ​		,我是尹文君,//weibo.com/3984835500/FASE3B1vS?refer_flag=1001030103_
污染; 2017-12-19; 2017-12-22; 1; 10,144,#魔人的VOCALOID推荐#【初音ミク】SHISHI【ROBO】robo的新曲！pv真是光污染，这次pv没找一直合作的画师吗…… 网页链接 ​		,打好领结转身救公主,//weibo.com/3608005820/FASE28qlt?refer_flag=1001030103_
污染; 2017-12-19; 2017-12-22; 1; 10,145,		在北京5个月见多了北京的蓝天，看空气污染排名也不在全国前十，只以为是首都所以关注度大、排污政策力度大，只看到了河北的污染严重，却没有认真想过她的牺牲和不被关注，看到河北煤改气却问题繁多才心疼这个城市和这个城市的人民。		,呀呀呀丫苏,//weibo.com/2309846073/FASmEu4ik?refer_flag=1001030103_
污染; 2017-12-19; 2017-12-22; 1; 10,146,	  不要杀死那个河北人 via@职问官方 ​	,NA,//weibo.com/3021771741/FASE0mCCM?refer_flag=1001030103_
污染; 2017-12-19; 2017-12-22; 1; 10,147,		天猫商城：白音杭盖 内蒙古干吃奶片248g*2袋￥25.9，可领取￥10优惠券，实付￥15.9包邮，精选内蒙古大草原绿色无污染奶源经先进工艺加工成优质奶粉，最后经传统工艺加工成内蒙古特有奶酪。奶酷中含有钙、磷、镁、钠等人体必需的微量元素，营养又美味。网页链接 ​​​​		,兮兮海淘,//weibo.com/2373272160/FASE0nsXI?refer_flag=1001030103_
污染; 2017-12-19; 2017-12-22; 1; 10,148,		发改委：坚持在保障民生基本需求前提下推进供暖工程@手机QQ浏览器 网页链接“降杠杆、脱贫攻坚、治理环境污染”是发改委落实中央经济工作会议的三大实招，其中降杠杆的表述结合前面晚间新闻所说的“防控金融风险要抓住供给侧改革这条主线”不谋而合；可以理解为资本市场被寄予厚望！ ​			...展开全文c,廖开文股权宜,//weibo.com/2477529321/FASDYzajK?refer_flag=1001030103_
污染; 2017-12-19; 2017-12-22; 1; 10,149,		当最孤寂的时候只想听听纯粹的声音，洗一下耳朵被当下快节奏生活的污染,国米疯子_3fq3,//weibo.com/1778742953/FASoxsJdc?refer_flag=1001030103_
污染; 2017-12-19; 2017-12-22; 1; 10,150,#梦想的声音# 我不问时间都去哪儿了，只想知道Will you still love me.when I&#039;m no longer young and beautiful...QQ音乐：网页链接酷狗音乐：网页链接酷我音乐：网页链接附上我在梦想的声音发现的好嗓音，苏立生的表演，也是这首歌的现场，让我决定邀请他加入少 ​		...展开全文c,NA,//weibo.com/6343693480/FASDWxI0t?refer_flag=1001030103_
污染; 2017-12-19; 2017-12-22; 1; 10,151,		12月22日，大气重污染成因与治理攻关“2+26”城市跟踪研究工作现场交流会在德州召开。 ​​​		,齐河环境,//weibo.com/3577025333/FAN6utJJv?refer_flag=1001030103_
污染; 2017-12-19; 2017-12-22; 1; 10,152,	  12月22日，大气重污染成因与治理攻关“2+26”城市跟踪研究工作现场交流会在德州召开。 ​	,NA,//weibo.com/3716316921/FASDzecBE?refer_flag=1001030103_
污染; 2017-12-19; 2017-12-22; 1; 10,153,		全国大气污染成因与治理攻关“2+26”城市跟踪研究工作现场交流会上，德州市市长陈飞致辞。 德州环境的... ​​​		,齐河环境,//weibo.com/3577025333/FAN72aDQH?refer_flag=1001030103_
污染; 2017-12-19; 2017-12-22; 1; 10,154,	  全国大气污染成因与治理攻关“2+26”城市跟踪研究工作现场交流会上，德州市市长陈飞致辞。 德州环境的... ​	,NA,//weibo.com/3716316921/FASDtAN4o?refer_flag=1001030103_
污染; 2017-12-19; 2017-12-22; 1; 10,155,		相比之下还是环保有诚意。可是重污染天气下打了八折，大家离200元的六折门槛更远了//@成都地铁:欢迎大家选择地铁出行。		,陈韵雅笑了,//weibo.com/3170665862/FARYMmdf1?refer_flag=1001030103_
污染; 2017-12-19; 2017-12-22; 1; 10,156,	  【24日起成都启动重度污染天橙色预警 持天府通卡坐地铁打八折 】根据成都市重污染天气应急指挥部消息，2017年12月24日零点起成都市将启动重污染天气橙色预警，限行扩大至绕城内，届时持天府通卡的乘客乘坐成都地铁享8折优惠，成都地铁邀您绿色出行。 ​	,NA,//weibo.com/1763355385/FASDty7F6?refer_flag=1001030103_
污染; 2017-12-19; 2017-12-22; 1; 10,157,		收藏纯白衣服（1）白色衣物可能会吸收木制衣柜的颜色。因此无论挂起或折起收藏，都需把它套上透明塑料袋，外面再套上深色衣服。（2）樟脑丸也会污染布料，所以切忌在口袋中放樟脑丸，除湿剂可放在衣柜内一角落。（3）一定要洗净油渍、污渍、水果渍等各种污渍。其中较难除掉的油渍可利用洗涤灵完全清 ​			...展开全文c,原谅不美好cxq,//weibo.com/1946601775/FASDpqyQM?refer_flag=1001030103_
污染; 2017-12-19; 2017-12-22; 1; 10,158,		全国大气污染成因与治理攻关“2+26”城市跟踪研究工作现场交流会上，山东省环保厅副厅长周杰致辞。 德州环境的... ​​​		,齐河环境,//weibo.com/3577025333/FAN9UCCVO?refer_flag=1001030103_
污染; 2017-12-19; 2017-12-22; 1; 10,159,	  全国大气污染成因与治理攻关“2+26”城市跟踪研究工作现场交流会上，山东省环保厅副厅长周杰致辞。 德州环境的... ​	,NA,//weibo.com/3716316921/FASDouK3v?refer_flag=1001030103_
污染; 2017-12-19; 2017-12-22; 1; 10,160,		说一下《妖猫传》中的演员吧，黄轩进步挺大，还是非常值得一看的。展现诗人狂放动情的一面时，真实走心神采飞扬，有了作为一个大牌演员必备的个性气场；染谷将太感觉演得有点太“平”了，一直挂在嘴角的谜一样的轻佻微笑，也实在看不出用意何在。张雨绮几乎是本色出演，但是颜值和气质底色不错，看着舒 ​			...展开全文c,火锅电影馆,//weibo.com/1503535694/FASDiDgZb?refer_flag=1001030103_
污染; 2017-12-19; 2017-12-22; 1; 10,161,		全国大气污染成因与治理攻关“2+26”城市跟踪研究工作现场交流会上，环境保护部大气环境管理司代表致辞。 德州环境的... ​​​		,齐河环境,//weibo.com/3577025333/FANcOhaWK?refer_flag=1001030103_
污染; 2017-12-19; 2017-12-22; 1; 10,162,	  全国大气污染成因与治理攻关“2+26”城市跟踪研究工作现场交流会上，环境保护部大气环境管理司代表致辞。 德州环境的... ​	,NA,//weibo.com/3716316921/FASDi0Qae?refer_flag=1001030103_
污染; 2017-12-19; 2017-12-22; 1; 10,163,		恶口永远不要出自于我们的口中，不管他有多坏，有多恶。你愈骂他，你的心就被污染了，你要想，他就是你的善知识。 ​​​		,猫猫喵呜119,//weibo.com/2288577367/FARaEm3hW?refer_flag=1001030103_
污染; 2017-12-19; 2017-12-22; 1; 10,164,	  恶口永远不要出自于我们的口中，不管他有多坏，有多恶。你愈骂他，你的心就被污染了，你要想，他就是你的善知识。 ​	,NA,//weibo.com/2945476867/FASDdAxes?refer_flag=1001030103_
污染; 2017-12-19; 2017-12-22; 1; 10,165,		我免费围观了 @开水族馆的生物男 的回答，问题价值 18.80 元，快来一起免费围观~ 微博问答 ​		,粉粉小棉袄,//weibo.com/1708276354/FASDdiUz8?refer_flag=1001030103_
污染; 2017-12-19; 2017-12-22; 1; 10,166,#冒险小王子#我也打算脚踏实地的做好每是的，动画市场是要管起来，不然还真是太污染小孩了一步了 ​		,一生暖暖9,//weibo.com/1933259397/FASD99TZe?refer_flag=1001030103_
污染; 2017-12-19; 2017-12-22; 1; 10,167,		【苏梅岛】想象你此刻正拥有你一个苏梅岛的下午，抛开生活的压力，远离污染的空气，来到这里享受蓝天白云，享受一望无际的大海。那是多么惬意闲适的时光~ ​		,k人生若只如初见V,//weibo.com/5722718570/FASD5npKb?refer_flag=1001030103_
污染; 2017-12-19; 2017-12-22; 1; 10,168,		今天好累，不能读书了重度污染嗓子好痛，以后每天可以记录成都的PM2.5，然后做个图 ​		,HARMONY柚莜,//weibo.com/5515847256/FASCQjdME?refer_flag=1001030103_
污染; 2017-12-19; 2017-12-22; 1; 10,169,		全国大气污染成因与治理攻关“2+26”城市跟踪研究工作现场交流会上，德州市课题组负责人接受媒体记者采访。 ​​​		,齐河环境,//weibo.com/3577025333/FANKODXEU?refer_flag=1001030103_
污染; 2017-12-19; 2017-12-22; 1; 10,170,	  全国大气污染成因与治理攻关“2+26”城市跟踪研究工作现场交流会上，德州市课题组负责人接受媒体记者采访。 ​	,NA,//weibo.com/3716316921/FASCPDkmP?refer_flag=1001030103_
污染; 2017-12-19; 2017-12-22; 1; 10,171,		全国大气污染成因与治理攻关“2+26”城市跟踪研究工作现场交流会上，德州市课题组负责人接受媒体记者采访。 ​​​		,齐河环境,//weibo.com/3577025333/FANKXcKNo?refer_flag=1001030103_
污染; 2017-12-19; 2017-12-22; 1; 10,172,	  全国大气污染成因与治理攻关“2+26”城市跟踪研究工作现场交流会上，德州市课题组负责人接受媒体记者采访。 ​	,NA,//weibo.com/3716316921/FASCKkhi0?refer_flag=1001030103_
污染; 2017-12-19; 2017-12-22; 1; 10,173,		//@济南环保://@山东环境: 今年以来，山东深入推进供给侧结构性改革，打好防范化解重大风险、精准脱贫和污染防治三大攻坚战。去产能方面，六大高耗能行业持续低位运行。		,济阳环保,//weibo.com/3354394424/FAMsp6p7g?refer_flag=1001030103_
污染; 2017-12-19; 2017-12-22; 1; 10,174,	  【山东：实施#新旧动能转换#重大工程 推动经济高质量发展】 今年以来，山东牢牢把握走在前列的目标定位，深化供给侧结构性改革，推进新旧动能转换重大工程，推动经济高质量发展。 山东环境的... ​	,NA,//weibo.com/3691062540/FASCJ9quz?refer_flag=1001030103_
污染; 2017-12-19; 2017-12-22; 1; 10,175,		全国大气污染成因与治理攻关“2+26”城市跟踪研究工作现场交流会上，攻关联合中心柴发合主任接受媒体记者采访。柴发合主任对德州市大气污染防治和“一市一策”课题研究工作给予高度评价。 ​​​		,齐河环境,//weibo.com/3577025333/FAO1VrCdU?refer_flag=1001030103_
污染; 2017-12-19; 2017-12-22; 1; 10,176,	  全国大气污染成因与治理攻关“2+26”城市跟踪研究工作现场交流会上，攻关联合中心柴发合主任接受媒体记者采访。柴发合主任对德州市大气污染防治和“一市一策”课题研究工作给予高度评价。 ​	,NA,//weibo.com/3716316921/FASCGf0Xu?refer_flag=1001030103_
污染; 2017-12-19; 2017-12-22; 1; 10,177,		//@混乱博物馆:关注 @混乱博物馆 ，转发下面这条微博，我们将抽出5位幸运观众，分别送出由污染空气制成的「AIR-INK 空气墨水」一瓶，|12月24日晚... @微博抽奖平台 开奖。		,叉叉_AdmireEyebrows,//weibo.com/6174606644/FARH7y22y?refer_flag=1001030103_
污染; 2017-12-19; 2017-12-22; 1; 10,178,	  【为什么我们看不见空气？】因为空气干净。混乱博物馆... ​	,NA,//weibo.com/2447489802/FASCEsoXw?refer_flag=1001030103_
污染; 2017-12-19; 2017-12-22; 1; 10,179,		在2+26城市跟踪研究工作现场交流会上，德州市现场演示大气污染防治会商工作。 德州环境的... ​​​		,齐河环境,//weibo.com/3577025333/FAOfc5MnI?refer_flag=1001030103_
污染; 2017-12-19; 2017-12-22; 1; 10,180,	  在2+26城市跟踪研究工作现场交流会上，德州市现场演示大气污染防治会商工作。 德州环境的... ​	,NA,//weibo.com/3716316921/FASCBseMO?refer_flag=1001030103_
污染; 2017-12-19; 2017-12-22; 1; 10,181,		【法令纹】法令纹是位在鼻翼边延伸而下的两道纹路，是典型的皮肤组织老化、造成肌肤表面凹陷的现象。 肌肤老化松弛和表情过于丰富是法令纹形成的两大原因。空气的污染、电脑手机的辐射和无规律的日常作息也会加快法令纹的产生，因此要良好解决如何除法令纹问题就要避免这些情况的发生。 ​		,paniclock,//weibo.com/3914369559/FASCh5ROw?refer_flag=1001030103_
污染; 2017-12-19; 2017-12-22; 1; 10,182,		【粉丝福利购】防尘霾口罩，四层高效防护，滤除空气污染，无缝压边，超强弹力带，可塑鼻条，尽享呼吸康【买二发三】━┉┉┉┉┉┉∞┉┉┉┉┉┉━☞原价：8.10元☞优惠价：6.10元━┉┉┉┉┉┉∞┉┉┉┉┉┉━下单：复制本条信息打开手机淘宝app下单！￥MSP30jz5JVN￥			...展开全文c,五亩小镇优惠券,//weibo.com/6093238601/FASC0fVVN?refer_flag=1001030103_
污染; 2017-12-19; 2017-12-22; 1; 10,183,		【生肉用热水洗，吃起来更放心】热水有助于洗去肉上沾染的灰尘及其他污染物，如农药残留等。60℃以上的热水还可以洗掉一些肉表面的油脂。此外，肉块内部的微小血管会在热水环境下膨胀，其中的一些脏东西也更易于洗掉。实验还发现，用热水洗后，将肉立即下锅烹饪，更易于入味。 ​		,份延咐划,//weibo.com/6217632274/FASBWnqtk?refer_flag=1001030103_
污染; 2017-12-19; 2017-12-22; 1; 10,184,		//@济南环保:#环保工作动态# 【市环保局、监察支队、市环境监测站检查商河县工业企业污染防治工作】@山东环境,济阳环保,//weibo.com/5085350726/FANY8xBln?refer_flag=1001030103_
污染; 2017-12-19; 2017-12-22; 1; 10,185,	  市环保局、监察支队、市环境监测站检查商河县工业企业污染防治工作@济南环保@山东环境 @绿之芽 @生态梦人 ​	,NA,//weibo.com/3691062540/FASBPzubE?refer_flag=1001030103_
污染; 2017-12-19; 2017-12-22; 1; 10,186,		//@济南环保:#环保工作动态#【12月22日，天桥区环保局对辖区混凝土搅拌站落实重污染天气应急响应情况进行检查。】@山东环境,济阳环保,//weibo.com/5322659443/FANNu8JQd?refer_flag=1001030103_
污染; 2017-12-19; 2017-12-22; 1; 10,187,#工作动态#【12月22日，天桥区环保局对辖区混凝土搅拌站落实重污染天气应急响应情况进行检查。】@济南环保 @山东环境 ​	,NA,//weibo.com/3691062540/FASBIckSW?refer_flag=1001030103_
污染; 2017-12-19; 2017-12-22; 1; 10,188,#环保工作动态#【 济南市环境监测中心站就近期两次重污染天气预警的相关情况接受山东电视台公共频道和齐鲁频道采访。】@山东环境,济阳环保,//weibo.com/6185434318/FAP1ytPev?refer_flag=1001030103_
污染; 2017-12-19; 2017-12-22; 1; 10,189,#环保工作动态# #济南空气质量# #环保热点聚焦# 济南市环境监测中心站就近期两次重污染天气预警的相关情况接受山东电视台公共频道和齐鲁频道采访。@济南环保 @山东环境 @公众人马军@生态梦人 ​	,NA,//weibo.com/3691062540/FASBEEPVW?refer_flag=1001030103_
污染; 2017-12-19; 2017-12-22; 1; 10,190,		//@混乱博物馆:关注 @混乱博物馆 ，转发下面这条微博，我们将抽出5位幸运观众，分别送出由污染空气制成的「AIR-INK 空气墨水」一瓶，|12月24日晚... @微博抽奖平台 开奖。		,书记员dodota,//weibo.com/6174606644/FARH7y22y?refer_flag=1001030103_
污染; 2017-12-19; 2017-12-22; 1; 10,191,	  【为什么我们看不见空气？】因为空气干净。混乱博物馆... ​	,NA,//weibo.com/2631801304/FASBClHzj?refer_flag=1001030103_
污染; 2017-12-19; 2017-12-22; 1; 10,192,#中华人民共和国水污染防治法#第四十四条 国务院有关部门和县级以上地方人民政府应当合理规划工业布局，要求造成水污染的企业进行技术改造，采取综合防治措施，提高水的重复利用率，减少废水和污染物排放量。 ​		,枣庄环保,//weibo.com/3587107225/FASBxzPPa?refer_flag=1001030103_
污染; 2017-12-19; 2017-12-22; 1; 10,193,		超大城市(500万人以上常住人口)和城市群(城距300公里以内100万以上常住人口城市)及工业聚集或园区，是制造空气污染(雾霾)的主力，错误...//【发改委:保障民生需求前提下推进北方清洁供暖工程】 |发改委:保... ​		,叶子上的露滴,//weibo.com/5119377774/FASBwaAwL?refer_flag=1001030103_
污染; 2017-12-19; 2017-12-22; 1; 10,194," 【杰夫人】杀菌消毒除垢洗衣机槽清洁剂给力价 13.9 元 包邮 一切已卷后实际价格为准网页链接 ￥VXMR0jz5Ecn￥复制这条信息,打开[手机淘宝]即可享受优惠下单。------------------------------ 超值15袋装，洗衣机除垢，杜绝洗衣污染，添加活性酶，杀菌除垢，去污率 ​			...展开全文c",梭发辣妈母婴团购,//weibo.com/2870353144/FASBuByDb?refer_flag=1001030103_
污染; 2017-12-19; 2017-12-22; 1; 10,195,		1，达州市政府宣布启动全市范围重度污染二级（橙色）应急响应，减少呼吸，减少外出，重工业工地全部停工，空气污染指数300，全国空气质量倒数第五2，全国空气质量最差TOP5: 山西运城（严重污染348），河南安阳（336），陕西杨凌产业示范区（311），陕西汉中（309），四川达州（重度污染300） ​		,曾家乡代言人,//weibo.com/5347907763/FASBqwDJt?refer_flag=1001030103_
污染; 2017-12-19; 2017-12-22; 1; 10,196,		【白开水也有保质期】很多家庭会在夏天准备个大玻璃杯凉白开水，认为这样卫生、方便。但夏季天热，空气湿度高，细菌繁殖快，凉白开放置时间不宜过长。无论常温或冷藏条件下，都不要超过2天，最好当天喝完。敞口放置时，要放在周围环境干净的地方，以免被污染。此外，切忌把放凉的水重新加热饮用。 ​		,99秒的温暖Fallmydear金,//weibo.com/6150499149/FASBffChG?refer_flag=1001030103_
污染; 2017-12-19; 2017-12-22; 1; 10,197,		【苏梅岛】苏梅岛是泰国第三大岛，相比人们熟知的普吉岛来说，相对没有那么嘈杂。抛开生活的压力，远离污染的空气，来到这里享受蓝天白云，享受一望无际的大海吧！ ​		,小巧落寞参,//weibo.com/5687577259/FASBdbvTg?refer_flag=1001030103_
污染; 2017-12-19; 2017-12-22; 1; 10,198,		//@济南环保:污染企业和环保执法人员那是“老鼠和猫”的关系，按理说，该企业跟环保部是有点“梁子”的，居然还写“感谢信”，其中缘由何在？现在小编就带你一探究竟。		,济阳环保,//weibo.com/5611807316/FAPBew4oD?refer_flag=1001030103_
污染; 2017-12-19; 2017-12-22; 1; 10,199,污染企业和环保执法人员那是“老鼠和猫”的关系，按理说，该企业跟环保部是有点“梁子”的，居然还写“感谢信”，其中缘由何在？现在小编就带你一探究竟。 |环保督查感... ​	,NA,//weibo.com/3691062540/FASB9DTrO?refer_flag=1001030103_
污染; 2017-12-19; 2017-12-22; 1; 10,200,#冒险小王子#市场时代在变化，是的[ali欢呼]，动画市场是要管起来，不然还真是太污染小孩了动画电影不一定就是给孩子去看的 ​		,sunhuibin,//weibo.com/2465905934/FASB5fJgS?refer_flag=1001030103_
污染; 2017-12-19; 2017-12-22; 1; 10,201,		　　吴峒的面色都是在此时变得惨白起来，这是什么毒？竟然霸道到这种程度，连灵力都能够污染！蓓 ​		,喻小君baby_,//weibo.com/6410532885/FASB46n8E?refer_flag=1001030103_
污染; 2017-12-19; 2017-12-22; 1; 10,202,		五周年。原定的约会又被放鸽子。回家乔乔摔到牙松动，在重度污染的天气不得不带着乔奔向医院。回来抹药吃药大战之后，才睡去。我哪儿也不想去。什么也不想管。现在还挺饿。 ​		,winter_Heather,//weibo.com/1841373585/FASB3r5VA?refer_flag=1001030103_
污染; 2017-12-19; 2017-12-22; 1; 10,203,		全国大气污染成因与治理攻关“2+26”城市跟踪研究工作现场交流会在德州市召开。 德州环境的... ​​​		,齐河环境,//weibo.com/3577025333/FAP8SDgoa?refer_flag=1001030103_
污染; 2017-12-19; 2017-12-22; 1; 10,204,	  12月22日下午，全国大气污染成因与治理攻关“2+26”城市跟踪研究工作现场交流会与会人员赴德州市环境监测站实地参观。 德州环境的... ​	,NA,//weibo.com/3716316921/FASB3r5KV?refer_flag=1001030103_
污染; 2017-12-19; 2017-12-22; 1; 10,205,		未 选 择 的 路黄色的树林里分出两条路，可惜我不能同时去涉足，我在那路口久久伫立，我向着一条路极目望去，直到它消失在丛林深处。但我却选了另外一条路，			...展开全文c,向着太阳勇敢,//weibo.com/5096621287/FASB2zn4Y?refer_flag=1001030103_
污染; 2017-12-19; 2017-12-22; 1; 10,206,		远离负能量污染源 ​		,安佑臣1984,//weibo.com/5412429735/FASB18QWo?refer_flag=1001030103_
污染; 2017-12-19; 2017-12-22; 1; 10,207,		【山东：发布环境空气质量形势预报】 污染过程提示：23日，我省中西部地区可能出现大面积中至重度污染。24日，受冷空气影响，我省自北向南陆续出现污染物小时浓度峰值。25～29日，由于污染传输和不利扩散条件的交替影响，我省中西部地区以轻至中度污染为主。 http:t.c ​		,牛麦钛920995,//weibo.com/6441561778/FASAYoMCZ?refer_flag=1001030103_
污染; 2017-12-19; 2017-12-22; 1; 10,208,		//@混乱博物馆:关注 @混乱博物馆 ，转发下面这条微博，我们将抽出5位幸运观众，分别送出由污染空气制成的「AIR-INK 空气墨水」一瓶，|12月24日晚... @微博抽奖平台 开奖。		,热心的点赞狂魔,//weibo.com/6174606644/FARH7y22y?refer_flag=1001030103_
污染; 2017-12-19; 2017-12-22; 1; 10,209,	  【为什么我们看不见空气？】因为空气干净。混乱博物馆... ​	,NA,//weibo.com/2459334670/FASAUgAeV?refer_flag=1001030103_
污染; 2017-12-19; 2017-12-22; 1; 10,210,#冒险小王子#我也打算脚踏实地的做好每是的，动画市场是要管起来，不然[lxhx问号]还真是太污染小孩了一步了 ​		,白人专职妈妈,//weibo.com/1587081492/FASAM0Qfn?refer_flag=1001030103_
污染; 2017-12-19; 2017-12-22; 1; 10,211,#冒险小王子#大多数的父母都是很爱孩子的，但是是的，动画市场是要管起来，不然还真是太污[cc僵尸]染小孩了教育真的要讲究方法。 ​		,依佳宝贝2012,//weibo.com/2974269904/FASAKfW7P?refer_flag=1001030103_
污染; 2017-12-19; 2017-12-22; 1; 10,212,		//@济南环保:#全国空气质量预报# 未来三日（12月23-25日），全国总体扩散条件一般，北方部分地区可能出现重度污染，华东局地受污染物传输影响可能出现短时中至重度污染。 ​​​		,济阳环保,//weibo.com/6059162597/FAPPlbwDL?refer_flag=1001030103_
污染; 2017-12-19; 2017-12-22; 1; 10,213,#全国空气质量预报# 未来三日（12月23-25日），全国总体扩散条件一般，北方部分地区可能出现重度污染，华东局地受污染物传输影响可能出现短时中至重度污染。 ​	,NA,//weibo.com/3691062540/FASAJ73Sr?refer_flag=1001030103_
污染; 2017-12-19; 2017-12-22; 1; 10,214,#冒险小王子#言传身教，身体力行，成为[实习]一个合格是的，动画市场是要管起来，不然还真是太污染小孩了的父母 ​		,鱼儿lNQV,//weibo.com/2939043237/FASAFduSo?refer_flag=1001030103_
污染; 2017-12-19; 2017-12-22; 1; 10,215,		感觉太精神污染还是不转了（。）总是还是挺想体会一下置身木星之中到底是怎样……毕竟是星云为山风流为水，感觉光是存在就是规律的狂躁与爆裂。心脏都有应激反应了。 ​		,爽朗又豁达_玄长歌,//weibo.com/1763013402/FASAChDjR?refer_flag=1001030103_
污染; 2017-12-19; 2017-12-22; 1; 10,216,		/……还能均匀你的肤色；空气污染，防晒霜主要的作用就是防止太阳的照射。给肌肤带来的伤害 |杭州·浙江... ​		,M女也落泪,//weibo.com/3187255350/FASAB7huL?refer_flag=1001030103_
污染; 2017-12-19; 2017-12-22; 1; 10,217,		（1）厨邦鲜酱油900ml*3罐装特级鲜味生抽现在【39.9元】包邮秒杀￥09gE0jBAN9m￥厨邦鲜酱油900ml*3罐装特级鲜味生抽，晒足180天，采用传统老方法，味鲜、营养、香浓、色亮，酱油就是靠晒，新鲜 美味晒出来。------------------------------（2）【美好】自热懒人羊肉汤火锅现在【18.8元】包邮秒 ​			...展开全文c,宠物优惠,//weibo.com/2209120192/FASAxy5Di?refer_flag=1001030103_
污染; 2017-12-19; 2017-12-22; 1; 10,218,		我真的对不起您们 为了不污染您们的眼球也得减肥@TFBOYS-王俊凯 @TFBOYS-易烊千玺 ​		,瑞啾秋,//weibo.com/5840177772/FASAxxuQW?refer_flag=1001030103_
污染; 2017-12-19; 2017-12-22; 1; 10,219,#冒险小王子#是的，动画市场是要用行[打针]动告诉孩子什么是对什么是错！管起来，不然还真是太污染小孩了 ​		,ljjsg2,//weibo.com/1490203154/FASAv9men?refer_flag=1001030103_
污染; 2017-12-19; 2017-12-22; 1; 10,220,#冒险小王子#是的，动画市而且孩子可[打针]以跟着大人学习到更多。场是要管起来，不然还真是太污染小孩了 ​		,吃汉堡的牛仔,//weibo.com/3006799007/FASAtp0I0?refer_flag=1001030103_
