query,Post ID,Post Content,nickname,link
污染; 2017-12-19; 2017-12-22; 31; 40,1,#冒险小王子#是的，动画市而且孩子可以跟着大人学习到更多。场是要管起来，不[dino高兴]然还真是太污染小孩了 ​		,丸蛋了_166_544,//weibo.com/1698989942/FASlGu6tF?refer_flag=1001030103_
污染; 2017-12-19; 2017-12-22; 31; 40,2,#冒险小王子#反正我父母是这是的，动画[dx泪奔][lxhx咻]市场是要管起来，不然还真是太污染小孩了么教育我的 ​		,累了才懂得90,//weibo.com/3509104564/FASlDiehI?refer_flag=1001030103_
污染; 2017-12-19; 2017-12-22; 31; 40,3,#冒险小王子#反正我父母是这是的，动画市场是要管[brd新]藻起来，不然还真是太污染小孩了么教育我的		,二毛妈2011,//weibo.com/5933382300/FASiXa94g?refer_flag=1001030103_
污染; 2017-12-19; 2017-12-22; 31; 40,4,#冒险小王子#呵呵，对于制作效果[yz傻兮兮]不想多说什么了要是是中国的西游记就好了 ​	,NA,//weibo.com/1462937263/FASlCEkIf?refer_flag=1001030103_
污染; 2017-12-19; 2017-12-22; 31; 40,5,#秋冬季大气污染综合治理攻坚行动# #环保在行动#,山东环境,//weibo.com/3460096640/FAS0nFnUA?refer_flag=1001030103_
污染; 2017-12-19; 2017-12-22; 31; 40,6,	  省厅大气污染强化督导组到莒县城阳街道检查工作 ​	,NA,//weibo.com/3354394424/FASlxier4?refer_flag=1001030103_
污染; 2017-12-19; 2017-12-22; 31; 40,7,#冒险小王子#是的，动[j蹭]画市场父母才是孩子的第一个老师，支持。是要管起来，不然还真是太污染小孩了 ​		,风雅居士日记,//weibo.com/1408424601/FASlu4nYj?refer_flag=1001030103_
污染; 2017-12-19; 2017-12-22; 31; 40,8,#冒险小王子#是的，动画市场父母才是孩子的第一个老[lm警察]衍师，支持。是要管起来，不然还真是太污染小孩了		,DevilZai,//weibo.com/5933382300/FASiXa94g?refer_flag=1001030103_
污染; 2017-12-19; 2017-12-22; 31; 40,9,#冒险小王子#呵呵，对于制作效果[yz傻兮兮]不想多说什么了要是是中国的西游记就好了 ​	,NA,//weibo.com/1919664693/FASlrt3jN?refer_flag=1001030103_
污染; 2017-12-19; 2017-12-22; 31; 40,10,#冒险小王子#是的，动画市场是要管起[膜拜][yz来看看]来，不然还对孩子的教育是最重要的。真是太污染小孩了 ​		,用户6292045588,//weibo.com/6292045588/FASlniNkm?refer_flag=1001030103_
污染; 2017-12-19; 2017-12-22; 31; 40,11,#冒险小王子#是的，动画市场是要管起来，不然教孩子我们一定要身体力行才是很[din爱你]好的。还真是太污染小孩了 ​		,那些年我们一起退伍,//weibo.com/3183963660/FASlj9QCx?refer_flag=1001030103_
污染; 2017-12-19; 2017-12-22; 31; 40,12,		L.S·劳瑞的独特描绘有些原生艺术的味道。工业化的场景是在业余时间夜校学习美术的结果。白天依靠在物业公司收取租金的工作维持生计。二战的疮痍游行示威游乐场公园工业化污染等以绘画记录身边事。 ​		,-楊桐-,//weibo.com/1836989505/FASliybtC?refer_flag=1001030103_
污染; 2017-12-19; 2017-12-22; 31; 40,13,#冒险小王子#是的，动画市场父母才是孩子的第一个老师，支持。是要[便便]蕨管起来，不然还真是太污染小孩了		,合衣人,//weibo.com/5933382300/FASiXa94g?refer_flag=1001030103_
污染; 2017-12-19; 2017-12-22; 31; 40,14,#冒险小王子#呵呵，对于制作效果[yz傻兮兮]不想多说什么了要是是中国的西游记就好了 ​	,NA,//weibo.com/5451739518/FASlerdOJ?refer_flag=1001030103_
污染; 2017-12-19; 2017-12-22; 31; 40,15,#冒险小王子#是的，动画市场父母才是孩子的第一个老[抠鼻屎]师，支持。是要管起来，不然还真是太污染小孩了 ​		,红颜若水2013,//weibo.com/3553473607/FASlepH9T?refer_flag=1001030103_
污染; 2017-12-19; 2017-12-22; 31; 40,16,		欢婴儿能吃蜂蜜吗 蜂蜜营养丰富，许多新妈妈也会在婴幼儿的辅食中加些蜂蜜来调节口味。不过1岁以内婴幼儿不适合食用蜂蜜。蜂蜜在酿造、运输过程中，容易受到肉毒杆菌的污染，婴儿胃肠功能较弱，MST633肝脏的解毒功能又差，肉毒杆菌容易在肠道中繁殖并产生毒素，从而引起中毒。 ​		,有尾鱼伟,//weibo.com/6427098819/FASlbtFQm?refer_flag=1001030103_
污染; 2017-12-19; 2017-12-22; 31; 40,17,		//@混乱博物馆：关注 @混乱博物馆 ，转发下面这条微博，我们将抽出5位幸运观众，分别送出由污染空气制成的「AIR-INK 空气墨水」一瓶，|12月24日晚... @微博抽奖平台 开奖。		,蛋吵饭-,//weibo.com/6174606644/FARH7y22y?refer_flag=1001030103_
污染; 2017-12-19; 2017-12-22; 31; 40,18,	  【为什么我们看不见空气？】因为空气干净。混乱博物馆... ​	,NA,//weibo.com/1783437293/FASl7iQUd?refer_flag=1001030103_
污染; 2017-12-19; 2017-12-22; 31; 40,19,#冒险小王子#[好囧]扁是的，动画市场父母才是孩子的第一个老师，支持。是要管起来，不然还真是太污染小孩了		,杨-东-明,//weibo.com/5933382300/FASiXa94g?refer_flag=1001030103_
污染; 2017-12-19; 2017-12-22; 31; 40,20,#冒险小王子#呵呵，对于制作效果[yz傻兮兮]不想多说什么了要是是中国的西游记就好了 ​	,NA,//weibo.com/1622706885/FASl2hp2G?refer_flag=1001030103_
污染; 2017-12-19; 2017-12-22; 31; 40,21,#冒险小王子#是的，动画市场是要管起来，不然还对孩子的教育是最重[din信息]泸要的。真是太污染小孩了		,观音山1,//weibo.com/5933382300/FASiXa94g?refer_flag=1001030103_
污染; 2017-12-19; 2017-12-22; 31; 40,22,#冒险小王子#呵呵，对于制作效果[yz傻兮兮]不想多说什么了要是是中国的西游记就好了 ​	,NA,//weibo.com/1665047895/FASl1bhwV?refer_flag=1001030103_
污染; 2017-12-19; 2017-12-22; 31; 40,23,		下周精神污染我承包啦！天天学小黄人唱歌的我哈哈哈哈哈哈哈哈 趁着周末//@同道大叔:好可爱呀！！！		,玉京扬雪纷,//weibo.com/1644395354/FAPdqdhJ2?refer_flag=1001030103_
污染; 2017-12-19; 2017-12-22; 31; 40,24,	  圣诞节马上到了！听小黄人为你欢唱一曲圣诞歌！哈哈哈太蠢萌了冷笑话精选... ​	,NA,//weibo.com/6137566158/FASkW7dIN?refer_flag=1001030103_
污染; 2017-12-19; 2017-12-22; 31; 40,25,		回复@爆炸头骑士:有的农村 周边是垃圾回收点 农村 周边一堆重污染 城市不要的 低端小工厂 污染最厉害的 内种 水都被污染了 所以有什么 癌症村之类的 你说这个会被喷死的 一堆粉红//@爆炸头骑士:不要觉得这离我们很远，我国也有。		,龙皇贝纳1,//weibo.com/2549228714/FAHVRgaBu?refer_flag=1001030103_
污染; 2017-12-19; 2017-12-22; 31; 40,26,	  这里，是埃及最大的垃圾之城……这里的居民，世代生活在海洋般的垃圾之中…… ​	,NA,//weibo.com/5642563329/FASkR5nie?refer_flag=1001030103_
污染; 2017-12-19; 2017-12-22; 31; 40,27,		印度人将恒河水视为圣水，被严重污染的恒河，他们是怎样喝下去的(同步自@新浪看点)|印度人将恒... ​		,鑫哥爱旅游,//weibo.com/6389713889/FASkQbg8G?refer_flag=1001030103_
污染; 2017-12-19; 2017-12-22; 31; 40,28,		【溏心鸡蛋好不好】溏心鸡蛋的口感让很多人着迷，但这种吃法好吗？鸡蛋易受细菌污染，常见的致病菌是沙门氏菌。鸡蛋制品加热到71℃以上后，沙门氏菌基本被剿灭，蛋黄也凝固了，但如果蛋黄处于“溏心”状态，就无法有效灭菌。 ​		,艺簌寒,//weibo.com/5466914859/FASkM4Dvv?refer_flag=1001030103_
污染; 2017-12-19; 2017-12-22; 31; 40,29,#冒险小王子#是的，[痴呆]恫动画市而且孩子可以跟着大人学习到更多。场是要管起来，不然还真是太污染小孩了		,卡旺来贸易有限公司,//weibo.com/5933382300/FASiXa94g?refer_flag=1001030103_
污染; 2017-12-19; 2017-12-22; 31; 40,30,#冒险小王子#呵呵，对于制作效果[yz傻兮兮]不想多说什么了要是是中国的西游记就好了 ​	,NA,//weibo.com/3472591794/FASkHC5HC?refer_flag=1001030103_
污染; 2017-12-19; 2017-12-22; 31; 40,31,#冒险小王子#是的，动画市场是要用[痴呆]玛行动告诉孩子什么是对什么是错！管起来，不然还真是太污染小孩了		,LOVEXO988,//weibo.com/5933382300/FASiXa94g?refer_flag=1001030103_
污染; 2017-12-19; 2017-12-22; 31; 40,32,#冒险小王子#呵呵，对于制作效果[yz傻兮兮]不想多说什么了要是是中国的西游记就好了 ​	,NA,//weibo.com/3748128982/FASkHzYvx?refer_flag=1001030103_
污染; 2017-12-19; 2017-12-22; 31; 40,33,		中央大街 星河公馆 人民银行 牌子灯 一天24小时都是开着的 难到银行就是钱多嘛 有钱买电字就可以随意任性 这样的灯光污染 就没有有关部门制止嘛 严重影响对面居民休息 |赤峰·新惠... ​		,Qyqaaaa,//weibo.com/2521365145/FASkH2NSX?refer_flag=1001030103_
污染; 2017-12-19; 2017-12-22; 31; 40,34,#冒险小王子#市场时代在变化，是的，动画市场是要管起来，不然还真是太污染小孩了[din看看]动画电影不一定就是给孩子去看的 ​		,tai1991520,//weibo.com/3209860175/FASkFgcWe?refer_flag=1001030103_
污染; 2017-12-19; 2017-12-22; 31; 40,35,		开着检验合格的车，烧着达标的油，贴着环保排放合格绿标，却告诉我空气质量差是汽车尾气造成的。车是你们造的，合格证你们发的。油是你们炼的，检验你们通过的。烧完了你们说不合格，有污染。难道是开车的姿势不对么？ ​		,银雪78,//weibo.com/3199259295/FASkDb0T2?refer_flag=1001030103_
污染; 2017-12-19; 2017-12-22; 31; 40,36,		九种生活的方式影响寿命1、房间视野开阔：增寿2年；2、生活乱七八糟：减寿1年；3、养宠物：增寿2年；4、和谐性生活：MLC170增寿4年；5、噪音污染：减寿1年；6、做女人：增寿7年；7、结婚：增寿7年；8、离婚：减寿3年；9、不良姿势：减寿2年 。琳 ​		,亲爱的一旁,//weibo.com/6432787905/FASkAuqPi?refer_flag=1001030103_
污染; 2017-12-19; 2017-12-22; 31; 40,37,#冒险小王子#是的，动画市而且孩子可以跟着大人学习到更多。场是要管起来，不然还真是太污染小孩了 ​		,新视野电脑,//weibo.com/1254651707/FASkA03tq?refer_flag=1001030103_
污染; 2017-12-19; 2017-12-22; 31; 40,38,#冒险小王子#是[彩虹]的，动画市场是要用行动告诉孩子什么是对什么是错！管起来，不然还真是太污染小孩了 ​		,露向发兴869,//weibo.com/5935193440/FASkzlcUU?refer_flag=1001030103_
污染; 2017-12-19; 2017-12-22; 31; 40,39,#冒险小王子#是的，动画市而且孩子可以跟着大人学习到更多。场是要管起来，不然还真是太污染小孩了 ​		,jykpi24_23_e9a393,//weibo.com/2829340580/FASkzjzPU?refer_flag=1001030103_
污染; 2017-12-19; 2017-12-22; 31; 40,40,#冒险小王子#是[真心英雄张杰]才的，动画市而且孩子可以跟着大人学习到更多。场是要管起来，不然还真是太污染小孩了		,q85112121,//weibo.com/5933382300/FASiXa94g?refer_flag=1001030103_
污染; 2017-12-19; 2017-12-22; 31; 40,41,#冒险小王子#呵呵，对于制作效果[yz傻兮兮]不想多说什么了要是是中国的西游记就好了 ​	,NA,//weibo.com/2951330172/FASkxivqP?refer_flag=1001030103_
污染; 2017-12-19; 2017-12-22; 31; 40,42,#冒险小王子#是的，动画市而且孩子可以跟着大人学习到更多。场是要管起来，[ali风筝]不然还真是太污染小孩了 ​		,新你老母個浪破產吧蠢seo,//weibo.com/2656499253/FASkt7hxu?refer_flag=1001030103_
污染; 2017-12-19; 2017-12-22; 31; 40,43,#冒险小王子#是的，动画市而且孩子可以跟着大人学习到更多。场是要管起来，不然还真是太污染小孩了 ​		,开心快乐的奥特曼,//weibo.com/1094884842/FASkszqNF?refer_flag=1001030103_
污染; 2017-12-19; 2017-12-22; 31; 40,44,#冒险小王子#是的，动画市[芒果舔屏]场是要用行动告诉孩子什么是对什么是错！管起来，不然还真是太污染小孩了 ​		,黄昏下的影子2013,//weibo.com/1348509674/FASkrDnPj?refer_flag=1001030103_
污染; 2017-12-19; 2017-12-22; 31; 40,45,#冒险小王子#是的，动画市[lt吹泡泡]继场是要用行动告诉孩子什么是对什么是错！管起来，不然还真是太污染小孩了		,acdc168358,//weibo.com/5933382300/FASiXa94g?refer_flag=1001030103_
污染; 2017-12-19; 2017-12-22; 31; 40,46,#冒险小王子#呵呵，对于制作效果[yz傻兮兮]不想多说什么了要是是中国的西游记就好了 ​	,NA,//weibo.com/3827949393/FASknxEAo?refer_flag=1001030103_
污染; 2017-12-19; 2017-12-22; 31; 40,47,		再有人问你为什么还在北上广 就这么回答他!(分享自@百度文库)再有人问你为什么还在北上广 就这么回 答他! 导语：从 10 月 8 日起，北京连发霾、空气重污染、大雾三道黄色预警，据 说早上拉开窗帘，北京的小伙伴会以为自己瞎了。于是，有人在开窗吸了一口 土...阅读全文请戳右边 网页链接 ​		,柳下寒烟,//weibo.com/2217219954/FASknfmtQ?refer_flag=1001030103_
污染; 2017-12-19; 2017-12-22; 31; 40,48,#冒险小王子#是的，动画市场是要管起来，不然教孩子我们一定要身体力行才是很好的。还真是太污染趸小孩了		,半夏沫若0,//weibo.com/5933382300/FASiXa94g?refer_flag=1001030103_
污染; 2017-12-19; 2017-12-22; 31; 40,49,#冒险小王子#呵呵，对于制作效果[yz傻兮兮]不想多说什么了要是是中国的西游记就好了 ​	,NA,//weibo.com/2968479617/FASkmAWr4?refer_flag=1001030103_
污染; 2017-12-19; 2017-12-22; 31; 40,50,#冒险小王子#是的[微公益爱心]，动画市而且孩子可以跟着大人学习到更多。场是要管起来，不然还真是太污染小孩了 ​		,纯真的梦幻的人,//weibo.com/3777100107/FASkmAWCA?refer_flag=1001030103_
污染; 2017-12-19; 2017-12-22; 31; 40,51,#冒险小王子#是的，动画市场是要管起来，不然教孩子我们一定要身体力行才是很[cc哎呦喂]好的。还真是太污染小孩了 ​		,LZH爱咪,//weibo.com/3377650482/FASkivPVM?refer_flag=1001030103_
污染; 2017-12-19; 2017-12-22; 31; 40,52,#冒险小王子#大多数的父母都是很爱孩子的，但[e]是是的，动画市场是要管起来，不然还真是太污染小孩了教育真的要讲究方法。 ​		,竹雨清风,//weibo.com/1052170237/FASkhkePy?refer_flag=1001030103_
污染; 2017-12-19; 2017-12-22; 31; 40,53,#冒险小王子#是的，动画市场是要管起来，不然教孩子我[cc得瑟]臆们一定要身体力行才是很好的。还真是太污染小孩了		,1024985832_05a6a5,//weibo.com/5933382300/FASiXa94g?refer_flag=1001030103_
污染; 2017-12-19; 2017-12-22; 31; 40,54,#冒险小王子#呵呵，对于制作效果[yz傻兮兮]不想多说什么了要是是中国的西游记就好了 ​	,NA,//weibo.com/2620744635/FASkemGyw?refer_flag=1001030103_
污染; 2017-12-19; 2017-12-22; 31; 40,55,#冒险小王子#是的，动画市场是要管起来，不然教孩子我们一定要身体力行才是很好的。还真[我吐]是太污染小孩了 ​		,敏爷这就是爱情77,//weibo.com/3938344984/FASkdaA4H?refer_flag=1001030103_
污染; 2017-12-19; 2017-12-22; 31; 40,56,#冒险小王子#是的，动画市场是要管起来，不然教孩子我们一定要身体力行才是[din信息]很好的。还真是太污染小孩了 ​		,嘉宝55582118,//weibo.com/5255149085/FASkcinnZ?refer_flag=1001030103_
污染; 2017-12-19; 2017-12-22; 31; 40,57,		网络污染了我们的心灵，jb这两个字母有着奖杯、疾病、加班、击败，许许多多的缩写含义，但丫就说你第一眼想到的是什么，你敢平常用这个拼写吗，我想摸摸你的jb？ |上饶·灵溪... ​		,魏晋宸月Orz,//weibo.com/1970660034/FASk96AWs?refer_flag=1001030103_
污染; 2017-12-19; 2017-12-22; 31; 40,58,#长春热点事#限号开始你今天能回家吗？秸秆和汽车尾气谁更污染？长春传的秒... ​		,龏舊龏,//weibo.com/5034687691/FASk5xlEF?refer_flag=1001030103_
污染; 2017-12-19; 2017-12-22; 31; 40,59,#冒险小王子#市场时代在变化，是的，动画市场是要管起来，不然还真是太污染小孩[m]嗒了动画电影不一定就是给孩子去看的		,浪子00路人00,//weibo.com/5933382300/FASiXa94g?refer_flag=1001030103_
污染; 2017-12-19; 2017-12-22; 31; 40,60,#冒险小王子#呵呵，对于制作效果[yz傻兮兮]不想多说什么了要是是中国的西游记就好了 ​	,NA,//weibo.com/3654967367/FASk12HXl?refer_flag=1001030103_
污染; 2017-12-19; 2017-12-22; 31; 40,61,#冒险小王子#市场时代在变化，是的，动画市场是要管起来，不然还真是太污染小孩了动画[cc革命]弭电影不一定就是给孩子去看的		,roy0071,//weibo.com/5933382300/FASiXa94g?refer_flag=1001030103_
污染; 2017-12-19; 2017-12-22; 31; 40,62,#冒险小王子#呵呵，对于制作效果[yz傻兮兮]不想多说什么了要是是中国的西游记就好了 ​	,NA,//weibo.com/1446704325/FASjZk8YQ?refer_flag=1001030103_
污染; 2017-12-19; 2017-12-22; 31; 40,63,		将蛋砸在青年头上：”禅师道、核污染……”禅师拿出一个生鸭蛋一个咸鸭蛋。问青年…… ​		,田鹏非,//weibo.com/3971069718/FASjZ2uJ8?refer_flag=1001030103_
污染; 2017-12-19; 2017-12-22; 31; 40,64,#冒险小王子#我也打算脚踏实地的做好每是的，动画市场是要管起来，不然还真是太污染[lxhx懒腰]小孩了一步了 ​		,呼延家的孩子,//weibo.com/3547930241/FASjXwKUW?refer_flag=1001030103_
污染; 2017-12-19; 2017-12-22; 31; 40,65,#冒险小王子#市场时代在变化，是的，动画市场是要管起来，不然还真[微博益起来]卮是太污染小孩了动画电影不一定就是给孩子去看的		,梓墨欣蓝,//weibo.com/5933382300/FASiXa94g?refer_flag=1001030103_
污染; 2017-12-19; 2017-12-22; 31; 40,66,#冒险小王子#呵呵，对于制作效果[yz傻兮兮]不想多说什么了要是是中国的西游记就好了 ​	,NA,//weibo.com/1803986565/FASjWo6ux?refer_flag=1001030103_
污染; 2017-12-19; 2017-12-22; 31; 40,67,#冒险小王子#市场时代在变化，是的，动画市场是要管起来，不然还真是太污染小孩了动画电影不一定就是给孩子去看的 ​		,贼猫cs神,//weibo.com/1218322292/FASjR2jst?refer_flag=1001030103_
污染; 2017-12-19; 2017-12-22; 31; 40,68,#冒险小王子#大多数的父母都是很爱孩子的，但是是的，动画市场是要管起来，不然[km邮件]蔻还真是太污染小孩了教育真的要讲究方法。		,别挡我晒太阳2007,//weibo.com/5933382300/FASiXa94g?refer_flag=1001030103_
污染; 2017-12-19; 2017-12-22; 31; 40,69,#冒险小王子#呵呵，对于制作效果[yz傻兮兮]不想多说什么了要是是中国的西游记就好了 ​	,NA,//weibo.com/1639104862/FASjPx4Pu?refer_flag=1001030103_
污染; 2017-12-19; 2017-12-22; 31; 40,70,#冒险小王子#市场时代在变化，[km鼻血1]是的，动画市场是要管起来，不然还真是太污染小孩了动画电影不一定就是给孩子去看的 ​		,横穿马路___473,//weibo.com/2740462510/FASjO6Flu?refer_flag=1001030103_
污染; 2017-12-19; 2017-12-22; 31; 40,71,#冒险小王子#大多数的父母都是很爱孩子的，但是是[处女]寿的，动画市场是要管起来，不然还真是太污染小孩了教育真的要讲究方法。		,青春小新老师,//weibo.com/5933382300/FASiXa94g?refer_flag=1001030103_
污染; 2017-12-19; 2017-12-22; 31; 40,72,#冒险小王子#呵呵，对于制作效果[yz傻兮兮]不想多说什么了要是是中国的西游记就好了 ​	,NA,//weibo.com/1804938677/FASjMAQHn?refer_flag=1001030103_
污染; 2017-12-19; 2017-12-22; 31; 40,73,#冒险小王子#市场时代在变化，是的，动画市场是要管起来，不然还真是太污染小孩了动画电影不一定就是给[酷库熊点头]孩子去看的 ​		,浅沫wBn8292869,//weibo.com/5260418557/FASjMjcO6?refer_flag=1001030103_
污染; 2017-12-19; 2017-12-22; 31; 40,74,		【深夜福利，先抢券，0点抢！】【深夜福利，先抢券，0点抢！】云南文山30头三七粉100克原价68.8元 券后【8.8元】送【运费险】抢购：云南文/酷山三七/礼物粉30头正品特级三七头20头40头田七100克可代磨粉原价:卷后：			...展开全文c,省钱家族,//weibo.com/5999567141/FASjJ6mfc?refer_flag=1001030103_
污染; 2017-12-19; 2017-12-22; 31; 40,75,		让我们用肺去净化这污染的空气、请勇敢地呼吸 |济南·松枝... ​		,小希_夲夲不绝,//weibo.com/2689322507/FASjJ4Qfy?refer_flag=1001030103_
污染; 2017-12-19; 2017-12-22; 31; 40,76,#冒险小王子#市场时代在变化，是的，动画市场是要管起来，不然还真是太污染小孩了动画电影不一定就是给孩子去看的 ​		,女孩夏可儿_861,//weibo.com/2868195082/FASjHfZ34?refer_flag=1001030103_
污染; 2017-12-19; 2017-12-22; 31; 40,77,#我们一起来环保# 近年，有许多人有了车，那么，车跟环保有什么关系呢？原来，车能跑是需要汽油的，汽油又为什么会污染环境呢？汽油燃烧时，生成乙烯、正乙烷、正丁烷和一氧化碳。乙烯的碳羟基会与血红蛋白结合，阻断R-T分子键，使人发生缺氧，严重时会危及生命。于是，科学家们为了不让我们发生危险 ​			...展开全文c,爱笑的人运气总不会差哦,//weibo.com/5806394531/FASjHhlCU?refer_flag=1001030103_
污染; 2017-12-19; 2017-12-22; 31; 40,78,#冒险小王子#我也打算脚踏实地的做好每是的，动画市场是要[din化妆]仫管起来，不然还真是太污染小孩了一步了		,珊20140808,//weibo.com/5933382300/FASiXa94g?refer_flag=1001030103_
污染; 2017-12-19; 2017-12-22; 31; 40,79,#冒险小王子#呵呵，对于制作效果[yz傻兮兮]不想多说什么了要是是中国的西游记就好了 ​	,NA,//weibo.com/5244347394/FASjB4dmm?refer_flag=1001030103_
污染; 2017-12-19; 2017-12-22; 31; 40,80,#冒险小王子#我也打算脚踏实地的做好每是的，动画市场是要管起来，不[了不起爱]獍然还真是太污染小孩了一步了		,甜甜的味道宝贝,//weibo.com/5933382300/FASiXa94g?refer_flag=1001030103_
污染; 2017-12-19; 2017-12-22; 31; 40,81,#冒险小王子#呵呵，对于制作效果[yz傻兮兮]不想多说什么了要是是中国的西游记就好了 ​	,NA,//weibo.com/2404257827/FASjB3kGN?refer_flag=1001030103_
污染; 2017-12-19; 2017-12-22; 31; 40,82,#冒险小王子#我也打算脚踏实地的做好每是的，动画市场是要管起来，不然还真是太污染[彩虹]钌小孩了一步了		,奋斗青年power,//weibo.com/5933382300/FASiXa94g?refer_flag=1001030103_
污染; 2017-12-19; 2017-12-22; 31; 40,83,#冒险小王子#呵呵，对于制作效果[yz傻兮兮]不想多说什么了要是是中国的西游记就好了 ​	,NA,//weibo.com/3276081102/FASjAaTV2?refer_flag=1001030103_
污染; 2017-12-19; 2017-12-22; 31; 40,84,		【名中医4杯清咽茶，拯救被“慢性咽炎”折磨的你】喉咙干痒；刷牙时常感到恶心；嗓子有异物，咳不上来，咽不下去……如果出现这些情况，你可能是被咽炎盯上了。空气污染、久吹空调，让一半多中国人受到咽炎困扰。夏季是咽炎高发期，《生命时报》采访专家，还你一副清爽、舒适的嗓子。 ​		,同山酿酒古镇,//weibo.com/1774057271/FARpg2sPK?refer_flag=1001030103_
污染; 2017-12-19; 2017-12-22; 31; 40,85,	  【名中医4杯清咽茶，拯救被“慢性咽炎”折磨的你】喉咙干痒；刷牙时常感到恶心；嗓子有异物，咳不上来，咽不下去……如果出现这些情况，你可能是被咽炎盯上了。空气污染、久吹空调，让一半多中国人受到咽炎困扰。夏季是咽炎高发期，《生命时报》采访专家，还你一副清爽、舒适的嗓子。 ​	,NA,//weibo.com/3499839331/FASjyofnP?refer_flag=1001030103_
污染; 2017-12-19; 2017-12-22; 31; 40,86,#冒险小王子#我也打算脚踏实地的做好每是的，动画市场是要[霹雳]孬管起来，不然还真是太污染小孩了一步了		,c_jj17,//weibo.com/5933382300/FASiXa94g?refer_flag=1001030103_
污染; 2017-12-19; 2017-12-22; 31; 40,87,#冒险小王子#呵呵，对于制作效果[yz傻兮兮]不想多说什么了要是是中国的西游记就好了 ​	,NA,//weibo.com/2948439440/FASjy86sV?refer_flag=1001030103_
污染; 2017-12-19; 2017-12-22; 31; 40,88,#冒险小王子#[lm大便]大多数的父母都是很爱孩子的，但是是的，动画市场是要管起来，不然还真是太污染小孩了教育真的要讲究方法。 ​		,刘彬聪6,//weibo.com/2867538702/FASjy6Bc6?refer_flag=1001030103_
污染; 2017-12-19; 2017-12-22; 31; 40,89,#冒险小王子#大多数的父母都是很爱孩子的，但是是的，动画市场是要管起来，不然还真是太污染小孩了教育真的要[拍照]讲究方法。 ​		,BabyFacefjy,//weibo.com/2434147543/FASjwmjfC?refer_flag=1001030103_
污染; 2017-12-19; 2017-12-22; 31; 40,90,		【世界卫生组织9条防癌提示】①不吃熏腌制食物。②不吃过热过硬、过焦过咸的食物，不喝过烫的水。③不吃发霉粮食及制品。④不用洗衣粉擦洗餐具、茶具或食物。⑤吃饭不要过饱，控制肉类的摄入量。⑥不吃被农药污染的蔬果。⑦不酗酒。⑧不吸烟。⑨每天开窗1至2小时。 ​		,衰弊洋09,//weibo.com/6155048636/FASjolDJD?refer_flag=1001030103_
污染; 2017-12-19; 2017-12-22; 31; 40,91,#冒险小王子#我也打算脚踏[lt囧]实地的做好每是的，动画市场是要管起来，不然还真是太污染小孩了一步了 ​		,李坏笑SR,//weibo.com/2965027097/FASjj3Kuq?refer_flag=1001030103_
污染; 2017-12-19; 2017-12-22; 31; 40,92,#冒险小王子#我也打算脚踏实地的做好每是的，动画市场是要管起[bm内涵]来，不然还真是太污染小孩了一步了 ​		,牛杰zzzzz,//weibo.com/1620493564/FASjeDx6T?refer_flag=1001030103_
污染; 2017-12-19; 2017-12-22; 31; 40,93,		拍品品名福鼎白茶2011年老白茶金砖拍品年份2011年拍品茶料福鼎大白茶大毫拍品价格203拍品净重500克2饼【保质期】在避光无异味无污染的环境中保存，可长期存 ​		,女人哈喽,//weibo.com/6218916344/FASjdoyYn?refer_flag=1001030103_
污染; 2017-12-19; 2017-12-22; 31; 40,94,		全国有几亿烟民吧！按每人每天一包计这些烟对空气质量的污染应该不会少，弱弱的一个建议：全面禁烟！汝以为可否？ |宁波·利时... ​		,石坊sf,//weibo.com/3209041575/FASj8EIWb?refer_flag=1001030103_
污染; 2017-12-19; 2017-12-22; 31; 40,95,		区域霾情严峻，北京仍在坚持。明日扩散转向不利，污染逐步加重，好在下一波冷空气周日进场。2017年12月22日22点，区域AQI指数图示。#蔚蓝地图# 看#一目了然# ​		,公众环境马军,//weibo.com/2174951252/FASj3FkTj?refer_flag=1001030103_
污染; 2017-12-19; 2017-12-22; 31; 40,96,@姑苏公安 【小作坊偷排毒物 昆山9名被告获刑】日前，昆山市法院一审对6起污染环境罪案件进行了集中公开宣判，9名被告人因从事非法电镀、氧化作业，排放含有有毒污染物的废水，严重污染环境，被依法惩处。|小作坊偷排... ​		,山塘警务室,//weibo.com/3788979111/FASiT2GsJ?refer_flag=1001030103_
污染; 2017-12-19; 2017-12-22; 31; 40,97,		之前不知道水污染这么严重，只是觉得北京的水太硬，烧完的水全是水垢，给小坚果冲奶粉不爱喝，不放奶粉光喝水是一口不喝，后来就只好专门买水喝。但是我们淘米做饭用买的水也太贵了吧，想买滤水器了，有推荐的吗？网页链接 ​		,小坚果的妈妈小雪人,//weibo.com/2042814075/FASiGkZGE?refer_flag=1001030103_
污染; 2017-12-19; 2017-12-22; 31; 40,98,YY上，第一个产品分享的珍珍的经历。患淋巴瘤，全胃切除，从鬼门关走了一遭！曾经她觉得朋友圈分享的蔬果清洁剂，都很矫情，经皮毒也是危言耸听，当医生告诉她，农药残留也是她致病的一个因素她立马找朋友，办了环保♻️超市的会员，买了一个大套，把家里所有日常用品全部换了！生命 ​			...展开全文c,ME_XC,//weibo.com/5824714973/FASiDokcm?refer_flag=1001030103_
污染; 2017-12-19; 2017-12-22; 31; 40,99,#圣诞老人边伯贤# #边伯贤# 晚上好！我的王子【边伯贤壁纸无水印】【边伯贤图片】【伯贤 solo】【伯贤ins】【伯贤 美手】			...展开全文c,草莓粉贤,//weibo.com/5261308595/FASiB0qBM?refer_flag=1001030103_
污染; 2017-12-19; 2017-12-22; 31; 40,100,		yunruihuhu九种生活方式影响寿命：1、房间视野开阔：增寿2年；2、生活乱七八糟：减寿1年；3、养宠物：增寿2年；4、和谐性生活：增寿4年；5、噪音污染：减寿1年；6、做女人：增寿7年；7、结婚：增寿7年；8、离婚：减寿3年；9、不良姿势：减寿2年。 ​		,透彻EudoraCarr,//weibo.com/6331847492/FASir1cOY?refer_flag=1001030103_
污染; 2017-12-19; 2017-12-22; 31; 40,101,#陕西身边事# 【脏源神木金泰镁化公司造污制霾肆无忌惮】网友@麻毛雄 微博称→_→有网友今天黎明时分微信向麻毛雄留言说店红路赵仓峁山上火光冲天深黑色污浊气体把周围一方天空糟蹋的不成样子。网友说最近数天来他每天早上六点多七点送妻子去上班都能看见赵仓峁山上有烟囱向天空喷出数米火焰和大量浓 ​			...展开全文c,真话受阻,//weibo.com/5940699016/FASiq5AvT?refer_flag=1001030103_
污染; 2017-12-19; 2017-12-22; 31; 40,102,#四川气象爱好者# 【速报】22点大石西路站AQI达到了307， 属严重污染级别，也是在这次污染过程中首个达到严重污染级别的成都国控站 ​		,四川气象爱好者,//weibo.com/3752807501/FASigEwqg?refer_flag=1001030103_
污染; 2017-12-19; 2017-12-22; 31; 40,103,		【苏梅岛】苏梅岛是泰国第三大岛，相比人们熟知的普吉岛来说，这里没那么商业，充满着浓郁的原始气息。抛开生活的压力，远离污染的空气，来苏梅岛享受蓝天白云，享受一望无际的大海吧！ ​		,棉古蜓03,//weibo.com/6154216670/FASicel2L?refer_flag=1001030103_
污染; 2017-12-19; 2017-12-22; 31; 40,104,		【真品.精品】野生天然宁夏蜜，采集枸杞花酿造，营养价值丰富，口感天然，无污染添加，润肠通便，提精益肾，补气通元，美容焕肤！野蜂蜜味道浓！原价69.9，券后44.9领券地址→网页链接 ​		,撒优惠券的小仙女,//weibo.com/6142562279/FASi9gAMT?refer_flag=1001030103_
污染; 2017-12-19; 2017-12-22; 31; 40,105,		环境曝光：23.中国新闻网--男子将有毒废水排入长江 因涉嫌污染环境罪被逮捕网页链接24.法制日报--破坏生态环境案破获 嫌疑人盗挖湿地形成非法产业链网页链接 ​		,绿家园江河信息,//weibo.com/1236059411/FASi82Mdn?refer_flag=1001030103_
污染; 2017-12-19; 2017-12-22; 31; 40,106,		我希望暴漫和你都好好的，不受外界污染，不变初心。//@王尼玛:欢迎围观暴走家族最新艺人		,中二的僵尸二小姐,//weibo.com/6440190711/FAQdjrZka?refer_flag=1001030103_
污染; 2017-12-19; 2017-12-22; 31; 40,107,	  大家好，我是任剑，我是暴走的几个联合创始人之一，由于编剧水平最差所以只好当了CEO。这是我的第一篇长图文：如何看待「暴走漫画王尼玛称被监控，创始人回应系公司网管滋事」 ​	,NA,//weibo.com/1691627793/FASi4u46O?refer_flag=1001030103_
污染; 2017-12-19; 2017-12-22; 31; 40,108,		//@混乱博物馆:关注 @混乱博物馆 ，转发下面这条微博，我们将抽出5位幸运观众，分别送出由污染空气制成的「AIR-INK 空气墨水」一瓶，|12月24日晚... @微博抽奖平台 开奖。		,耗子_野蛮生长,//weibo.com/6174606644/FARH7y22y?refer_flag=1001030103_
污染; 2017-12-19; 2017-12-22; 31; 40,109,	  【为什么我们看不见空气？】因为空气干净。混乱博物馆... ​	,NA,//weibo.com/3516558675/FASi1ePKf?refer_flag=1001030103_
污染; 2017-12-19; 2017-12-22; 31; 40,110,		地方信息：14.中国新闻网--呼和浩特污水投放点上安装二维码 扫一扫可直接投诉网页链接15.济南晚报--济南发布新版重污染天气应急预案 八大变化先睹为快|济南发布新... ​		,绿家园江河信息,//weibo.com/1236059411/FAShRwcuq?refer_flag=1001030103_
污染; 2017-12-19; 2017-12-22; 31; 40,111,		12月22日 22时【市区】空气质量指数185四级，首要污染物PM2.5，空气质量中度污染，儿童、老年人及心脏病、呼吸系统疾病患者避免长时间、高强度的户外锻炼，一般人群适量减少户外运动。详情见网站【|青岛市环境...】 ​		,青岛环境监测,//weibo.com/1166572170/FAShQjTK9?refer_flag=1001030103_
污染; 2017-12-19; 2017-12-22; 31; 40,112,		我想看到空气，可以满足我这个愿望吗//@混乱博物馆:关注 @混乱博物馆 ，转发下面这条微博，我们将抽出5位幸运观众，分别送出由污染空气制成的「AIR-INK 空气墨水」一瓶，|12月24日晚... @微博抽奖平台 开奖。		,一只认真端详我的猫,//weibo.com/6174606644/FARH7y22y?refer_flag=1001030103_
污染; 2017-12-19; 2017-12-22; 31; 40,113,	  【为什么我们看不见空气？】因为空气干净。混乱博物馆... ​	,NA,//weibo.com/6178997699/FAShIkm1l?refer_flag=1001030103_
污染; 2017-12-19; 2017-12-22; 31; 40,114,		信阳，12月22日，周五，空气质量指数：133，空气质量：轻度污染。 ​		,信阳天气通,//weibo.com/5111804255/FAShGyP1B?refer_flag=1001030103_
污染; 2017-12-19; 2017-12-22; 31; 40,115,		新乡，12月22日，周五，空气质量指数：190，空气质量：中度污染。 ​		,新乡天气通,//weibo.com/5111796673/FAShEbHGD?refer_flag=1001030103_
污染; 2017-12-19; 2017-12-22; 31; 40,116,		泰国就这样卖卖大米 搞搞观光旅游业挺好的，发展工业竞争激烈且污染环境，金山银山不如绿水青山,道口烧鸡达人,//weibo.com/3922930064/FAQCo40jz?refer_flag=1001030103_
污染; 2017-12-19; 2017-12-22; 31; 40,117,"	  泰国面面观： 我在泰国满打满算也一年了,如果加上很久以前在这里居住的时间来累计,也就有不到两年. 很久以前的感觉和现在的感觉并不是特别一致. 比如对泰国先进的看法,它比中国迈入发展中的上一...文字版>> 网页链接 （新浪长微博>> 网页链接） ​	",NA,//weibo.com/5287106691/FAShBAEhF?refer_flag=1001030103_
污染; 2017-12-19; 2017-12-22; 31; 40,118,		环境资讯：3.中国新闻网--中国北方部分城市出现重度污染网页链接4.澎湃新闻--京津冀11月PM2.5降四成，专家：大气十条以来最大降幅|京津冀11月... ​		,绿家园江河信息,//weibo.com/1236059411/FAShmaOwf?refer_flag=1001030103_
污染; 2017-12-19; 2017-12-22; 31; 40,119,		【武山温泉】武山温泉是古宁远八景之一，历史悠久。它三面群山环绕，安静幽雅，空气洁净、无噪音污染，年温差小，每逢春、夏、秋季，鸟语花香，气候宜人，是集疗养、休闲、娱乐为一体的旅游胜地。 ​		,舱我是女王_请叫我陛下,//weibo.com/3136821465/FAShlync6?refer_flag=1001030103_
污染; 2017-12-19; 2017-12-22; 31; 40,120,		海尔空气净化器【原价】1399.0元【券后价】799.0元----------推荐理由：智能净化，手机WIFI控制，除醛吸霾净化二手烟内置驱蚊，有效过滤空气中99.8%微型污染物，如颗粒物PM2.5、甲醛、二手烟、苯等有害物质。----------优惠下单地址：网页链接			...展开全文c,大家跟我来嗨淘,//weibo.com/5627902787/FAShkaoTd?refer_flag=1001030103_
污染; 2017-12-19; 2017-12-22; 31; 40,121,		我正在看【中央第五环保督察组: 成都、德阳大气污染防治力度不够】，分享给你，一起看吧！ ——所以，周一就升橙色了？ 网页链接 ​		,im_wong,//weibo.com/1043325637/FAShinMdI?refer_flag=1001030103_
污染; 2017-12-19; 2017-12-22; 31; 40,122,		【白开水也有保质期】很多家庭会在夏天准备个大玻璃杯凉白开水，认为这样卫生、方便。但夏季天热，空气湿度高，细菌繁殖快，凉白开放置时间不宜过长。无论常温或冷藏条件下，都不要超过2天，最好当天喝完。敞口放置时，要放在周围环境干净的地方，以免被污染。此外，切忌把放凉的水重新加热饮用。 ​		,东提笔为风雅i,//weibo.com/282662605/FAShaltLA?refer_flag=1001030103_
污染; 2017-12-19; 2017-12-22; 31; 40,123,		水污染就在我们身边，但健康饮水却掌握在我们自己的手中。|12月23日12... ，关注千聊直播间，参与直播互动，还有机会获赠水质监测器，更多惊喜，我们不见不散~ ​		,最美时光zsx,//weibo.com/5571379351/FASh5EfTk?refer_flag=1001030103_
污染; 2017-12-19; 2017-12-22; 31; 40,124,		//@每日成都事: 24日起成都启动重污染天橙色预警 工作日限行扩至绕城内 坐地铁打八折！		,垢混成熔铸,//weibo.com/2885896690/FASbI3ruV?refer_flag=1001030103_
污染; 2017-12-19; 2017-12-22; 31; 40,125,#成都身边事# 【24日起成都启动重污染天橙色预警 工作日限行扩至绕城内 坐地铁打八折】记者刚刚从成都市重污染天气应急指挥部获悉的消息：根据12月22日天气潜势预报，12月24日起我市PM2.5浓度大于115微克每立方米将持续72小时及以上，且PM2.5浓度大于150微克每立方米将持续24小时及以上，按照《 ​		...展开全文c,NA,//weibo.com/6380602948/FASh3A0iz?refer_flag=1001030103_
污染; 2017-12-19; 2017-12-22; 31; 40,126,		//@混乱博物馆:关注 @混乱博物馆 ，转发下面这条微博，我们将抽出5位幸运观众，分别送出由污染空气制成的「AIR-INK 空气墨水」一瓶，|12月24日晚... @微博抽奖平台 开奖。		,我叫董祥不是翔,//weibo.com/6174606644/FARH7y22y?refer_flag=1001030103_
污染; 2017-12-19; 2017-12-22; 31; 40,127,	  【为什么我们看不见空气？】因为空气干净。混乱博物馆... ​	,NA,//weibo.com/3276206685/FASgXkon0?refer_flag=1001030103_
污染; 2017-12-19; 2017-12-22; 31; 40,128,		给大家介绍一款卡通汽车尾气监督仪，它可以通过不同颜色显示出尾气的污染程度。它还能与iPhone手机上的应用程序沟通，让坐在车内的驾驶员也能看到污染水平，知晓汽车每分钟的尾气碳排放量和整个旅程中汽车对环境造成的影响。是个非常环保的设计，如果您也是个环保人士，千万不要错过哦！ ​			...展开全文c,吴浩Leo,//weibo.com/1769098230/FASgWw8Jf?refer_flag=1001030103_
污染; 2017-12-19; 2017-12-22; 31; 40,129,		//@每日成都事: 24日起成都启动重污染天橙色预警 工作日限行扩至绕城内 坐地铁打八折！		,养车内特农行,//weibo.com/2885896690/FASbI3ruV?refer_flag=1001030103_
污染; 2017-12-19; 2017-12-22; 31; 40,130,#成都身边事# 【24日起成都启动重污染天橙色预警 工作日限行扩至绕城内 坐地铁打八折】记者刚刚从成都市重污染天气应急指挥部获悉的消息：根据12月22日天气潜势预报，12月24日起我市PM2.5浓度大于115微克每立方米将持续72小时及以上，且PM2.5浓度大于150微克每立方米将持续24小时及以上，按照《 ​		...展开全文c,NA,//weibo.com/6384783581/FASgPmRvt?refer_flag=1001030103_
污染; 2017-12-19; 2017-12-22; 31; 40,131,		究竟是公交部分免费还是全部免费，内容里面又没说清楚 //@耍耍成都: 24日起成都启动重污染天橙色预警 工作日限行扩至绕城内 坐地铁打八折！		,单刷腾讯_convey,//weibo.com/2885896690/FASbI3ruV?refer_flag=1001030103_
污染; 2017-12-19; 2017-12-22; 31; 40,132,#成都身边事# 【24日起成都启动重污染天橙色预警 工作日限行扩至绕城内 坐地铁打八折】记者刚刚从成都市重污染天气应急指挥部获悉的消息：根据12月22日天气潜势预报，12月24日起我市PM2.5浓度大于115微克每立方米将持续72小时及以上，且PM2.5浓度大于150微克每立方米将持续24小时及以上，按照《 ​		...展开全文c,NA,//weibo.com/6367454460/FASgLxTll?refer_flag=1001030103_
污染; 2017-12-19; 2017-12-22; 31; 40,133,		究竟是公交部分免费还是全部免费，内容里面又没说清楚 //@耍耍成都: 24日起成都启动重污染天橙色预警 工作日限行扩至绕城内 坐地铁打八折！		,庙里_F胸卡掉包,//weibo.com/2885896690/FASbI3ruV?refer_flag=1001030103_
污染; 2017-12-19; 2017-12-22; 31; 40,134,#成都身边事# 【24日起成都启动重污染天橙色预警 工作日限行扩至绕城内 坐地铁打八折】记者刚刚从成都市重污染天气应急指挥部获悉的消息：根据12月22日天气潜势预报，12月24日起我市PM2.5浓度大于115微克每立方米将持续72小时及以上，且PM2.5浓度大于150微克每立方米将持续24小时及以上，按照《 ​		...展开全文c,NA,//weibo.com/6392061358/FASgKpnxL?refer_flag=1001030103_
污染; 2017-12-19; 2017-12-22; 31; 40,135,		【挑选含丰富水质的防晒品】有痘痘之后，每天用有隔离功效的产品可防止空气中细菌对痘痘的污染，可选择有一定消炎功效的、轻盈的每日隔离系列产品。另外，长痘痘时要避免给肌肤造成过重的负担，很多人现在都开始用防晒产品了，痘痘肌肤最好选择水质的防晒产品，或者是质地轻盈的化学防晒产品。 ​		,低调登场n,//weibo.com/2028659277/FASgCmGTM?refer_flag=1001030103_
污染; 2017-12-19; 2017-12-22; 31; 40,136,		【由污染空气制成的】诶//@混乱博物馆:关注 @混乱博物馆 ，转发下面这条微博，我们将抽出5位幸运观众，分别送出由污染空气制成的「AIR-INK 空气墨水」一瓶，|12月24日晚... @微博抽奖平台 开奖。		,胡邶风,//weibo.com/6174606644/FARH7y22y?refer_flag=1001030103_
污染; 2017-12-19; 2017-12-22; 31; 40,137,	  【为什么我们看不见空气？】因为空气干净。混乱博物馆... ​	,NA,//weibo.com/6360876210/FASgBf6iE?refer_flag=1001030103_
污染; 2017-12-19; 2017-12-22; 31; 40,138,#圣诞老人边伯贤#  #边伯贤# 边伯贤今日份的songji songji babesexy man！@baekhyunee7 cr.mybrightlight56【baekhyunee7】【边伯贤壁纸无水印】【边伯贤图片】【伯贤 solo】【边伯贤腹肌】【伯贤ins】			...展开全文c,Lollybaek,//weibo.com/3968141799/FASgBdItR?refer_flag=1001030103_
污染; 2017-12-19; 2017-12-22; 31; 40,139,		//@每日成都事: 24日起成都启动重污染天橙色预警 工作日限行扩至绕城内 坐地铁打八折！		,赖以水里闭卷,//weibo.com/2885896690/FASbI3ruV?refer_flag=1001030103_
污染; 2017-12-19; 2017-12-22; 31; 40,140,#成都身边事# 【24日起成都启动重污染天橙色预警 工作日限行扩至绕城内 坐地铁打八折】记者刚刚从成都市重污染天气应急指挥部获悉的消息：根据12月22日天气潜势预报，12月24日起我市PM2.5浓度大于115微克每立方米将持续72小时及以上，且PM2.5浓度大于150微克每立方米将持续24小时及以上，按照《 ​		...展开全文c,NA,//weibo.com/6380814419/FASgz9qFY?refer_flag=1001030103_
污染; 2017-12-19; 2017-12-22; 31; 40,141,		能不能把范围说清楚点儿 //@耍耍成都: 24日起成都启动重污染天橙色预警 工作日限行扩至绕城内 坐地铁打八折！		,真假决策,//weibo.com/2885896690/FASbI3ruV?refer_flag=1001030103_
污染; 2017-12-19; 2017-12-22; 31; 40,142,#成都身边事# 【24日起成都启动重污染天橙色预警 工作日限行扩至绕城内 坐地铁打八折】记者刚刚从成都市重污染天气应急指挥部获悉的消息：根据12月22日天气潜势预报，12月24日起我市PM2.5浓度大于115微克每立方米将持续72小时及以上，且PM2.5浓度大于150微克每立方米将持续24小时及以上，按照《 ​		...展开全文c,NA,//weibo.com/6395582239/FASgywQrl?refer_flag=1001030103_
污染; 2017-12-19; 2017-12-22; 31; 40,143,		//@每日成都事: 24日起成都启动重污染天橙色预警 工作日限行扩至绕城内 坐地铁打八折！		,销毁请按软盘,//weibo.com/2885896690/FASbI3ruV?refer_flag=1001030103_
污染; 2017-12-19; 2017-12-22; 31; 40,144,#成都身边事# 【24日起成都启动重污染天橙色预警 工作日限行扩至绕城内 坐地铁打八折】记者刚刚从成都市重污染天气应急指挥部获悉的消息：根据12月22日天气潜势预报，12月24日起我市PM2.5浓度大于115微克每立方米将持续72小时及以上，且PM2.5浓度大于150微克每立方米将持续24小时及以上，按照《 ​		...展开全文c,NA,//weibo.com/6374988048/FASguFW01?refer_flag=1001030103_
污染; 2017-12-19; 2017-12-22; 31; 40,145,		发布了头条文章：《成都24日将启动重污染天气橙色预警》 |成都24日将... ​		,pkacc074_qa,//weibo.com/6413724388/FASguoiow?refer_flag=1001030103_
污染; 2017-12-19; 2017-12-22; 31; 40,146,		发布了头条文章：《印度治理空气污染搬出“抗雾霾大炮” 台媒：如大型吹风机》 |印度治理空... ​		,pkacc071_ip,//weibo.com/6413724382/FASgm9ijc?refer_flag=1001030103_
污染; 2017-12-19; 2017-12-22; 31; 40,147,		//@混乱博物馆:关注 @混乱博物馆 ，转发下面这条微博，我们将抽出5位幸运观众，分别送出由污染空气制成的「AIR-INK 空气墨水」一瓶，|12月24日晚... @微博抽奖平台 开奖。		,刚才走神你说啥,//weibo.com/6174606644/FARH7y22y?refer_flag=1001030103_
污染; 2017-12-19; 2017-12-22; 31; 40,148,	  【为什么我们看不见空气？】因为空气干净。混乱博物馆... ​	,NA,//weibo.com/2414551987/FASgk6Cdc?refer_flag=1001030103_
污染; 2017-12-19; 2017-12-22; 31; 40,149,		明天去成都空气这么差 //@耍耍成都: 24日起成都启动重污染天橙色预警 工作日限行扩至绕城内 坐地铁打八折！		,拖拽却步无故,//weibo.com/2885896690/FASbI3ruV?refer_flag=1001030103_
污染; 2017-12-19; 2017-12-22; 31; 40,150,#成都身边事# 【24日起成都启动重污染天橙色预警 工作日限行扩至绕城内 坐地铁打八折】记者刚刚从成都市重污染天气应急指挥部获悉的消息：根据12月22日天气潜势预报，12月24日起我市PM2.5浓度大于115微克每立方米将持续72小时及以上，且PM2.5浓度大于150微克每立方米将持续24小时及以上，按照《 ​		...展开全文c,NA,//weibo.com/6392065308/FASgiyhiJ?refer_flag=1001030103_
污染; 2017-12-19; 2017-12-22; 31; 40,151,		有舍必有得，又要搞经济又要搞环境，领导班子也难啊！ //@耍耍成都: 24日起成都启动重污染天橙色预警 工作日限行扩至绕城内 坐地铁打八折！		,斩首误伤爱看,//weibo.com/2885896690/FASbI3ruV?refer_flag=1001030103_
污染; 2017-12-19; 2017-12-22; 31; 40,152,#成都身边事# 【24日起成都启动重污染天橙色预警 工作日限行扩至绕城内 坐地铁打八折】记者刚刚从成都市重污染天气应急指挥部获悉的消息：根据12月22日天气潜势预报，12月24日起我市PM2.5浓度大于115微克每立方米将持续72小时及以上，且PM2.5浓度大于150微克每立方米将持续24小时及以上，按照《 ​		...展开全文c,NA,//weibo.com/6387950540/FASghFIpP?refer_flag=1001030103_
污染; 2017-12-19; 2017-12-22; 31; 40,153,		//@成都生活播报: 24日起成都启动重污染天橙色预警 工作日限行扩至绕城内 坐地铁打八折！		,学刊理想q简单,//weibo.com/2885896690/FASbI3ruV?refer_flag=1001030103_
污染; 2017-12-19; 2017-12-22; 31; 40,154,#成都身边事# 【24日起成都启动重污染天橙色预警 工作日限行扩至绕城内 坐地铁打八折】记者刚刚从成都市重污染天气应急指挥部获悉的消息：根据12月22日天气潜势预报，12月24日起我市PM2.5浓度大于115微克每立方米将持续72小时及以上，且PM2.5浓度大于150微克每立方米将持续24小时及以上，按照《 ​		...展开全文c,NA,//weibo.com/6376780580/FASggebcF?refer_flag=1001030103_
污染; 2017-12-19; 2017-12-22; 31; 40,155,		每次都说几时起，从不告知何时结束，现在限号日绕城都不敢进，生怕没跟上政策 //@耍耍成都: 24日起成都启动重污染天橙色预警 工作日限行扩至绕城内 坐地铁打八折！		,去到天纵河山,//weibo.com/2885896690/FASbI3ruV?refer_flag=1001030103_
污染; 2017-12-19; 2017-12-22; 31; 40,156,#成都身边事# 【24日起成都启动重污染天橙色预警 工作日限行扩至绕城内 坐地铁打八折】记者刚刚从成都市重污染天气应急指挥部获悉的消息：根据12月22日天气潜势预报，12月24日起我市PM2.5浓度大于115微克每立方米将持续72小时及以上，且PM2.5浓度大于150微克每立方米将持续24小时及以上，按照《 ​		...展开全文c,NA,//weibo.com/6203239675/FASgfCv5t?refer_flag=1001030103_
污染; 2017-12-19; 2017-12-22; 31; 40,157,		//@成都生活播报: 24日起成都启动重污染天橙色预警 工作日限行扩至绕城内 坐地铁打八折！		,销毁请按软盘,//weibo.com/2885896690/FASbI3ruV?refer_flag=1001030103_
污染; 2017-12-19; 2017-12-22; 31; 40,158,#成都身边事# 【24日起成都启动重污染天橙色预警 工作日限行扩至绕城内 坐地铁打八折】记者刚刚从成都市重污染天气应急指挥部获悉的消息：根据12月22日天气潜势预报，12月24日起我市PM2.5浓度大于115微克每立方米将持续72小时及以上，且PM2.5浓度大于150微克每立方米将持续24小时及以上，按照《 ​		...展开全文c,NA,//weibo.com/6374988048/FASgfCu4P?refer_flag=1001030103_
污染; 2017-12-19; 2017-12-22; 31; 40,159,		发表了博文《江苏省沭阳县市场监管局开展小锅炉整治升级行动龙庙镇改造已完成95》　　为加快推进高污染燃料小锅炉整治工作，近日，江苏省沭阳县市场监管局联合相关部门一起开展了小锅炉整治升级行动，内蒙燃气锅炉|江苏省沭阳... ​		,芳04282016,//weibo.com/6031195320/FASgf3dwm?refer_flag=1001030103_
污染; 2017-12-19; 2017-12-22; 31; 40,160,		明天去成都空气这么差 //@耍耍成都: 24日起成都启动重污染天橙色预警 工作日限行扩至绕城内 坐地铁打八折！		,面上扯谈怯场,//weibo.com/2885896690/FASbI3ruV?refer_flag=1001030103_
污染; 2017-12-19; 2017-12-22; 31; 40,161,#成都身边事# 【24日起成都启动重污染天橙色预警 工作日限行扩至绕城内 坐地铁打八折】记者刚刚从成都市重污染天气应急指挥部获悉的消息：根据12月22日天气潜势预报，12月24日起我市PM2.5浓度大于115微克每立方米将持续72小时及以上，且PM2.5浓度大于150微克每立方米将持续24小时及以上，按照《 ​		...展开全文c,NA,//weibo.com/6339118239/FASgdfem3?refer_flag=1001030103_
污染; 2017-12-19; 2017-12-22; 31; 40,162,		24日起成都启动重污染天橙色预警，限行扩至绕城内，坐地铁打八折！ //@每日成都事: 24日起成都启动重污染天橙色预警 工作日限行扩至绕城内 坐地铁打八折！		,生男师叔Oa白族,//weibo.com/2885896690/FASbI3ruV?refer_flag=1001030103_
污染; 2017-12-19; 2017-12-22; 31; 40,163,#成都身边事# 【24日起成都启动重污染天橙色预警 工作日限行扩至绕城内 坐地铁打八折】记者刚刚从成都市重污染天气应急指挥部获悉的消息：根据12月22日天气潜势预报，12月24日起我市PM2.5浓度大于115微克每立方米将持续72小时及以上，且PM2.5浓度大于150微克每立方米将持续24小时及以上，按照《 ​		...展开全文c,NA,//weibo.com/6392066728/FASgdfyDn?refer_flag=1001030103_
污染; 2017-12-19; 2017-12-22; 31; 40,164,		//@成都生活播报: 24日起成都启动重污染天橙色预警 工作日限行扩至绕城内 坐地铁打八折！		,粤3g审理老鸨,//weibo.com/2885896690/FASbI3ruV?refer_flag=1001030103_
污染; 2017-12-19; 2017-12-22; 31; 40,165,#成都身边事# 【24日起成都启动重污染天橙色预警 工作日限行扩至绕城内 坐地铁打八折】记者刚刚从成都市重污染天气应急指挥部获悉的消息：根据12月22日天气潜势预报，12月24日起我市PM2.5浓度大于115微克每立方米将持续72小时及以上，且PM2.5浓度大于150微克每立方米将持续24小时及以上，按照《 ​		...展开全文c,NA,//weibo.com/6376781192/FASga46Nw?refer_flag=1001030103_
污染; 2017-12-19; 2017-12-22; 31; 40,166,		全办公室都呼吸道感染…早上坐个公交一车的人都在咳…这天气哦… //@耍耍成都: 24日起成都启动重污染天橙色预警 工作日限行扩至绕城内 坐地铁打八折！		,萌蛋陛下的故事,//weibo.com/2885896690/FASbI3ruV?refer_flag=1001030103_
污染; 2017-12-19; 2017-12-22; 31; 40,167,#成都身边事# 【24日起成都启动重污染天橙色预警 工作日限行扩至绕城内 坐地铁打八折】记者刚刚从成都市重污染天气应急指挥部获悉的消息：根据12月22日天气潜势预报，12月24日起我市PM2.5浓度大于115微克每立方米将持续72小时及以上，且PM2.5浓度大于150微克每立方米将持续24小时及以上，按照《 ​		...展开全文c,NA,//weibo.com/6269788895/FASga32FV?refer_flag=1001030103_
污染; 2017-12-19; 2017-12-22; 31; 40,168, 隔离污染，修饰瑕疵，官方旗舰店正品保障，历史最低价，送卸妆水~韩束红润#气垫#CC霜 ¥ 59券后下单：网页链接还有一万个领券商品，戳：网页链接٩( 'ω' )و|杭州·浙江... ​		,直播优惠卷,//weibo.com/6012457163/FASg8z7hN?refer_flag=1001030103_
污染; 2017-12-19; 2017-12-22; 31; 40,169,		一个人过什么节都是一样的。哦，天气不一样，今天是重度污染 ​		,哼哼哈兮祝小福,//weibo.com/5609734450/FASg8dMOo?refer_flag=1001030103_
污染; 2017-12-19; 2017-12-22; 31; 40,170,		怪不得医院里看病的，排成长龙！ //@耍耍成都: 24日起成都启动重污染天橙色预警 工作日限行扩至绕城内 坐地铁打八折！		,买醉scramble,//weibo.com/2885896690/FASbI3ruV?refer_flag=1001030103_
污染; 2017-12-19; 2017-12-22; 31; 40,171,#成都身边事# 【24日起成都启动重污染天橙色预警 工作日限行扩至绕城内 坐地铁打八折】记者刚刚从成都市重污染天气应急指挥部获悉的消息：根据12月22日天气潜势预报，12月24日起我市PM2.5浓度大于115微克每立方米将持续72小时及以上，且PM2.5浓度大于150微克每立方米将持续24小时及以上，按照《 ​		...展开全文c,NA,//weibo.com/6272442291/FASg7oaTY?refer_flag=1001030103_
污染; 2017-12-19; 2017-12-22; 31; 40,172,		【最强排毒食物。吃了皮肤瞬间变好】 环境污染、电脑辐射、不良饮食习惯等都有可能导致人体产生各种生理垃圾，毒素长期在体内堆积，则会引发记忆力减退、面色灰黄、便秘、痔疮等系统疾病。因此，如何排毒成为不少女性关注的健康话题。其实在我们常吃的蔬菜中，就有不少具有解毒功效。 ​		,苍白伶仃思玄孤,//weibo.com/6108262824/FASg6vYuL?refer_flag=1001030103_
污染; 2017-12-19; 2017-12-22; 31; 40,173,		//@混乱博物馆:关注 @混乱博物馆 ，转发下面这条微博，我们将抽出5位幸运观众，分别送出由污染空气制成的「AIR-INK 空气墨水」一瓶，|12月24日晚... @微博抽奖平台 开奖。		,Niko_Invidia,//weibo.com/6174606644/FARH7y22y?refer_flag=1001030103_
污染; 2017-12-19; 2017-12-22; 31; 40,174,	  【为什么我们看不见空气？】因为空气干净。混乱博物馆... ​	,NA,//weibo.com/1934242977/FASg5zWdr?refer_flag=1001030103_
污染; 2017-12-19; 2017-12-22; 31; 40,175,		【火奴鲁鲁，美国夏威夷】这里地理位置优越，周边的岛屿没有被人为开采、破坏，空气因此也非常新鲜。由于太平洋季风的存在，城市的工业交通、旅游酒店业等排放的污染物都会被带离这座美丽的城市。降水也是大自然的一种作为保护这里的一种馈赠，空气中弥漫着清新的味道。 ​		,锐环保木木,//weibo.com/283239379/FASg5hdiq?refer_flag=1001030103_
污染; 2017-12-19; 2017-12-22; 31; 40,176,		明天去成都空气这么差 //@每日成都事: 24日起成都启动重污染天橙色预警 工作日限行扩至绕城内 坐地铁打八折！		,飞快印像新址,//weibo.com/2885896690/FASbI3ruV?refer_flag=1001030103_
污染; 2017-12-19; 2017-12-22; 31; 40,177,#成都身边事# 【24日起成都启动重污染天橙色预警 工作日限行扩至绕城内 坐地铁打八折】记者刚刚从成都市重污染天气应急指挥部获悉的消息：根据12月22日天气潜势预报，12月24日起我市PM2.5浓度大于115微克每立方米将持续72小时及以上，且PM2.5浓度大于150微克每立方米将持续24小时及以上，按照《 ​		...展开全文c,NA,//weibo.com/6374989328/FASg5grdY?refer_flag=1001030103_
污染; 2017-12-19; 2017-12-22; 31; 40,178,		空气质量真的不好我嗓子疼 //@每日成都事: 24日起成都启动重污染天橙色预警 工作日限行扩至绕城内 坐地铁打八折！		,聘礼莱茵大赦,//weibo.com/2885896690/FASbI3ruV?refer_flag=1001030103_
污染; 2017-12-19; 2017-12-22; 31; 40,179,#成都身边事# 【24日起成都启动重污染天橙色预警 工作日限行扩至绕城内 坐地铁打八折】记者刚刚从成都市重污染天气应急指挥部获悉的消息：根据12月22日天气潜势预报，12月24日起我市PM2.5浓度大于115微克每立方米将持续72小时及以上，且PM2.5浓度大于150微克每立方米将持续24小时及以上，按照《 ​		...展开全文c,NA,//weibo.com/6203494772/FASg5graW?refer_flag=1001030103_
污染; 2017-12-19; 2017-12-22; 31; 40,180,		良心紫菜 我是深海养殖无污染无沙紫菜，养殖十几年，菜农和加工，己加工几年对紫菜来说，我知根，知底，说起紫菜，有好几种，割收，时候不同，紫菜各不同，我有三样紫菜，一等及，二，三，等及，价格各不同，还有散紫菜，有一样紫菜不能吃，蓝色紫菜没有营养，对消化不好不能吃，我是平良心做买卖一定 ​			...展开全文c,用户6434087203,//weibo.com/6434087203/FASg5gr6d?refer_flag=1001030103_
污染; 2017-12-19; 2017-12-22; 31; 40,181,#王俊凯18岁karryon#做戏要做全套你这是低估了我的智商还是高估你的智商我不知道是因为我的心受不得一丁点污染还是因为你是我亲人发生在我眼皮底下的事怎能装作什么都不知道更糟糕的是我只能把这个无关自己的秘密憋在心里最受折磨的是连我最亲近的人都不能说			...展开全文c,-小丸子同学-要勇敢,//weibo.com/5977255078/FASg4a5bJ?refer_flag=1001030103_
污染; 2017-12-19; 2017-12-22; 31; 40,182,		成都空气为什么这么垃圾啊 //@每日成都事: 24日起成都启动重污染天橙色预警 工作日限行扩至绕城内 坐地铁打八折！		,共用桂香厄尔,//weibo.com/2885896690/FASbI3ruV?refer_flag=1001030103_
污染; 2017-12-19; 2017-12-22; 31; 40,183,#成都身边事# 【24日起成都启动重污染天橙色预警 工作日限行扩至绕城内 坐地铁打八折】记者刚刚从成都市重污染天气应急指挥部获悉的消息：根据12月22日天气潜势预报，12月24日起我市PM2.5浓度大于115微克每立方米将持续72小时及以上，且PM2.5浓度大于150微克每立方米将持续24小时及以上，按照《 ​		...展开全文c,NA,//weibo.com/6387952691/FASg2Bgx5?refer_flag=1001030103_
污染; 2017-12-19; 2017-12-22; 31; 40,184,		一到冬天，川内人们活的好辛苦 //@每日成都事: 24日起成都启动重污染天橙色预警 工作日限行扩至绕城内 坐地铁打八折！		,丝丝追回移师,//weibo.com/2885896690/FASbI3ruV?refer_flag=1001030103_
污染; 2017-12-19; 2017-12-22; 31; 40,185,#成都身边事# 【24日起成都启动重污染天橙色预警 工作日限行扩至绕城内 坐地铁打八折】记者刚刚从成都市重污染天气应急指挥部获悉的消息：根据12月22日天气潜势预报，12月24日起我市PM2.5浓度大于115微克每立方米将持续72小时及以上，且PM2.5浓度大于150微克每立方米将持续24小时及以上，按照《 ​		...展开全文c,NA,//weibo.com/6392062328/FASg21Yq6?refer_flag=1001030103_
污染; 2017-12-19; 2017-12-22; 31; 40,186,		//@成都生活播报: 24日起成都启动重污染天橙色预警 工作日限行扩至绕城内 坐地铁打八折！		,庙里_F胸卡掉包,//weibo.com/2885896690/FASbI3ruV?refer_flag=1001030103_
污染; 2017-12-19; 2017-12-22; 31; 40,187,#成都身边事# 【24日起成都启动重污染天橙色预警 工作日限行扩至绕城内 坐地铁打八折】记者刚刚从成都市重污染天气应急指挥部获悉的消息：根据12月22日天气潜势预报，12月24日起我市PM2.5浓度大于115微克每立方米将持续72小时及以上，且PM2.5浓度大于150微克每立方米将持续24小时及以上，按照《 ​		...展开全文c,NA,//weibo.com/6392061358/FASg1qjAl?refer_flag=1001030103_
污染; 2017-12-19; 2017-12-22; 31; 40,188,		能不能把范围说清楚点儿 //@耍耍成都: 24日起成都启动重污染天橙色预警 工作日限行扩至绕城内 坐地铁打八折！		,服输撇下图录,//weibo.com/2885896690/FASbI3ruV?refer_flag=1001030103_
污染; 2017-12-19; 2017-12-22; 31; 40,189,#成都身边事# 【24日起成都启动重污染天橙色预警 工作日限行扩至绕城内 坐地铁打八折】记者刚刚从成都市重污染天气应急指挥部获悉的消息：根据12月22日天气潜势预报，12月24日起我市PM2.5浓度大于115微克每立方米将持续72小时及以上，且PM2.5浓度大于150微克每立方米将持续24小时及以上，按照《 ​		...展开全文c,NA,//weibo.com/6392061764/FASfTbxUi?refer_flag=1001030103_
