query,Post ID,Post Content,nickname,link
示威; 2018-02-18; 1; 5,1,#中国赞##公益资讯#目前，印尼境内的苏门答腊虎只留存不到400只。近日，印尼雅加达，“绿色和平”组织的成员身着老虎装抱树参加抗议示威，呼吁政府加大措施保护苏门答腊虎。想问问大家对此事有何看法t.cn/zOllWcd ​		,腊月花香,//weibo.com/1692753485/G3CSfbiI0?refer_flag=1001030103_
示威; 2018-02-18; 1; 5,2,		考没有丝毫错乱。摇头道：“我以为慕容垂是要逞威风哩！特别是向徐爷示威，因ZFT130为徐爷争 ​		,饶牛_nxj,//weibo.com/6430504077/G3CMhvPEr?refer_flag=1001030103_
示威; 2018-02-18; 1; 5,3,		【危机13小时】迈克尔·贝导的这部新片根据米切尔·朱可夫（Mitchell Zuckoff）同名小说改编，是一部政治题材的电影。2012年9月11日，在利比亚班加西的美国领事馆前发生一起反美示威事件，入夜后数十名武装分子冲进领事馆，示威演变为暴力冲突。 ​		,翔宇要飞翔,//weibo.com/3916305050/G3CEjdZ23?refer_flag=1001030103_
示威; 2018-02-18; 1; 5,4,#中国赞##公益资讯#目前，印尼境内的苏门答腊虎只留存不到400只。近日，印尼雅加达，“绿色和平”组织的成员身着老虎装抱树参加抗议示威，呼吁政府加大措施保护苏门答腊虎。想问问大家对此事有何看法t.cn/zOllWcd ​		,旭宝宝20110405,//weibo.com/2105186260/G3CwSf8Mj?refer_flag=1001030103_
示威; 2018-02-18; 1; 5,5,		强的巾帼，大有示威挑衅的味道，确令EQK831人疑惑。” 在座者都是久经场面的老江湖，思虑周? ​		,籍禄桂_klux,//weibo.com/6443625115/G3Cu8CB8x?refer_flag=1001030103_
示威; 2018-02-18; 1; 5,6,		【危机13小时】迈克尔·贝导的这部新片根据米切尔·朱可夫（Mitchell Zuckoff）同名小说改编，是一部政治题材的电影。2012年9月11日，在利比亚班加西的美国领事馆前发生一起反美示威事件，入夜后数十名武装分子冲进领事馆，示威演变为暴力冲突。 ​		,宇子弟well-Ok,//weibo.com/6224465536/G3C3l5G2s?refer_flag=1001030103_
示威; 2018-02-18; 1; 5,7,		安好心，一方面向孙恩示威，好令他疑神疑鬼，信心受损；ZFT130另一方面可保证自己难以活命， ​		,雍童白_yyqhlsg,//weibo.com/6442359882/G3BOEBx3c?refer_flag=1001030103_
示威; 2018-02-18; 1; 5,8,		隔着铁栅栏彼此示威，困兽之斗		,麻德织张,//weibo.com/5892496558/G3BGIjFS4?refer_flag=1001030103_
示威; 2018-02-18; 1; 5,9,	  在我们的身上 或多或少都有着做戏成分 可是我们为之深深沉迷 我们是演员的同时又是观众 我们在动容别人的同时也让自己痛哭流涕 我们沉溺于这种自恋之中 一旦被质疑 那必然是你的薄浅 而不是我的演技不好 连理解都不需你理解 那样怎能体现出我的与众不同 我们固步自封 戴着镣铐舞蹈 隔着铁栅栏彼此示威 ​	,NA,//weibo.com/6093443808/G3BKJrijI?refer_flag=1001030103_
示威; 2018-02-18; 1; 5,10,		红白黑，就像我最喜欢黑发白肤红瞳的美人//@无穷小亮微博:漂亮，示威展示用的		,一罐汐汐里,//weibo.com/1114233393/F04ElBzFO?refer_flag=1001030103_
示威; 2018-02-18; 1; 5,11,	  红白黑，是反差最大也是最经典的配色。也是很多国家国旗的配色，特别是阿拉伯国家多数以此为主，所以也称泛阿拉伯色。圆斑拟腹吸鳅一身无甚特点，偏偏就这背鳍赶了回时髦。@无穷小亮微博 ​	,NA,//weibo.com/3212579533/G3BHHwrzv?refer_flag=1001030103_
示威; 2018-02-18; 1; 5,12,		在我们的身上 或多或少都有着做戏成分 可是我们为之深深沉迷 我们是演员的同时又是观众 我们在动容别人的同时也让自己痛哭流涕 我们沉溺于这种自恋之中 一旦被质疑 那必然是你的薄浅 而不是我的演技不好 连理解都不需你理解 那样怎能体现出我的与众不同 我们固步自封 戴着镣铐舞蹈 隔着铁栅栏彼此示威 ​		,趣味俱乐部,//weibo.com/5892496558/G3BGIjFS4?refer_flag=1001030103_
示威; 2018-02-18; 1; 5,13,		你是在向我示威吗， ​		,闹闹他额娘,//weibo.com/5102526412/G3BtkC5k3?refer_flag=1001030103_
示威; 2018-02-18; 1; 5,14,#中国赞##公益资讯#目前，印尼境内的苏门答腊虎只留存不到400只。近日，印尼雅加达，“绿色和平”组织的成员身着老虎装抱树参加抗议示威，呼吁政府加大措施保护苏门答腊虎。想问问大家对此事有何看法t.cn/zOllWcd ​		,学会看破放下,//weibo.com/2125291033/G3BmWjNae?refer_flag=1001030103_
示威; 2018-02-18; 1; 5,15,#中国赞##公益资讯#目前，印尼境内的苏门答腊虎只留存不到400只。近日，印尼雅加达，“绿色和平”组织的成员身着老虎装抱树参加抗议示威，呼吁政府加大措施保护苏门答腊虎。想问问大家对此事有何看法t.cn/zOllWcd ​		,dddaweee,//weibo.com/2552620342/G3BkebZBo?refer_flag=1001030103_
示威; 2018-02-18; 1; 5,16,		星島標題：八大校長籲政府與學生對話 近千示威者夜圍特首辦 ​		,小佳是上好佳的佳女郎,//weibo.com/6424814412/G3BfG1SiC?refer_flag=1001030103_
示威; 2018-02-18; 1; 5,17,"		bnm789 卡扎菲是美国乃至整个西方世界的死对头。这意味着什么？这意味着，卡扎菲无路可去，面对民众的示威，以他的性格而言，他必将孤注一掷，用他的话来说：""将战斗到只剩最后一滴血！""这也意味着，利比亚的局势动荡比突尼斯、埃及更难在短期内结束，更容易将动荡蔓延和扩散，更容易引起内战！而政府 ​			...展开全文c",锺国玉0307,//weibo.com/3858737215/G3B5WC9Ir?refer_flag=1001030103_
示威; 2018-02-18; 1; 5,18,		别气我不懂 别向我示威 ​		,一只默默然,//weibo.com/2893932497/G3B5GDd76?refer_flag=1001030103_
示威; 2018-02-18; 1; 5,19,		星島標題：八大校長籲政府與學生對話 近千示威者夜圍特首辦 ​		,im小小苏的故事,//weibo.com/6438543891/G3B31tZVT?refer_flag=1001030103_
示威; 2018-02-18; 1; 5,20,#中国赞##公益资讯#目前，印尼境内的苏门答腊虎只留存不到400只。近日，印尼雅加达，“绿色和平”组织的成员身着老虎装抱树参加抗议示威，呼吁政府加大措施保护苏门答腊虎。想问问大家对此事有何看法t.cn/zOllWcd ​		,梨冰,//weibo.com/2047880715/G3AVM3Ee2?refer_flag=1001030103_
示威; 2018-02-18; 1; 5,21,		有的亲戚实在是太讨厌，明明反复告知了不能乱给小蛮吃东西，不能吃甜食（健康的食物也最好也不要给），还要继续用各种吃的逗小蛮，逗到孩子哭着说：“我不吃，会胖！”。然后她哈哈大笑，简直气炸！ ​		,我家的小蛮,//weibo.com/1736054365/G3DIr8Nc2?refer_flag=1001030103_
示威; 2018-02-18; 1; 5,22,		【 天开一岁暖，花发四时春 … 】 ​		,中国书画诗词院,//weibo.com/2804506181/G3DxslsWM?refer_flag=1001030103_
示威; 2018-02-18; 1; 5,23,		有时候选择与某人保持距离，不是因为不在乎，而是因为知道他：​​​​		,思想聚焦,//weibo.com/1742566624/G3DxR7u3S?refer_flag=1001030103_
示威; 2018-02-18; 1; 5,24,		【钢炼真人版登陆Netflix】Netflix发布《钢之炼金术师》真人版英字预告片。该片由山田凉介主演，去年12月上映，明天起可在Netflix上观看。之前看过Netflix上的真人版《死亡笔记》，全部美国演员，真是…一言难尽。其实以钢炼的故事背景用欧美演员或许可行，没准违和感会比现在这预告少一些 ​			...展开全文c,谷大白话,//weibo.com/1788911247/G3DAXwUP2?refer_flag=1001030103_
示威; 2018-02-18; 1; 5,25,#语文课#【你知道在古代怎么称谓年龄吗？】襁褓， 未满周岁的婴儿 ；孩提，两三岁的儿童 ；总角， 八九岁至十三四岁的少年；豆蔻，女子十三四岁至十五六岁 ；加冠，男子20岁…那么，艾是多大？耆是多大？耋是多大？喜寿多大？米寿多大？……活到100岁该怎么说？新年，找找自己的年龄称谓吧↓↓ ​		,央视新闻,//weibo.com/2656274875/G3DIOrRzl?refer_flag=1001030103_
示威; 2018-02-18; 1; 5,26,		【平庸的人只会纸上谈兵，优秀的人懂得身体力行】今天大年初三，新的一年， 你有什么新计划吗？好的生活需要你的用心经营，机会只会留给那些做好准备的人。每一次普通的改变，都可能改变普通。从今天起，早睡早起、按时吃饭、不再熬夜…努力做到这9个改变↓↓新的一年，与全新的自己不期而遇！早安！ ​		,人民日报,//weibo.com/2803301701/G3DwE7S0X?refer_flag=1001030103_
示威; 2018-02-18; 1; 5,27,		有的亲戚实在是太讨厌，明明反复告知了不能乱给小蛮吃东西，不能吃甜食（健康的食物也最好也不要给），还要继续用各种吃的逗小蛮，逗到孩子哭着说：“我不吃，会胖！”。然后她哈哈大笑，简直气炸！ ​		,我家的小蛮,//weibo.com/1736054365/G3DIr8Nc2?refer_flag=1001030103_
示威; 2018-02-18; 1; 5,28,		今年见到的第一场雪❄️华盛顿的雪好大哦瑞雪兆丰年 ​		,舒畅,//weibo.com/1235919683/G3DFiEA50?refer_flag=1001030103_
示威; 2018-02-18; 1; 5,29,		【 天开一岁暖，花发四时春 … 】 ​		,中国书画诗词院,//weibo.com/2804506181/G3DxslsWM?refer_flag=1001030103_
示威; 2018-02-18; 1; 5,30,		有时候选择与某人保持距离，不是因为不在乎，而是因为知道他：​​​​		,思想聚焦,//weibo.com/1742566624/G3DxR7u3S?refer_flag=1001030103_
