query,Post ID,Post Content,nickname,link
集体行动; 2018-02-18; 1; 25,1,http://t.cn/R6cDVzi，哎呦，不错哟，全程无尿点！比战狼有过之而无不及。集体主义还是比英雄主义更值得推崇！ ​		,Josiebeebies,//weibo.com/1844348880/G3JCc68R4?refer_flag=1001030103_
集体行动; 2018-02-18; 1; 25,2,#红海行动[电影]# 真的是看的我心跳就没下来过...两个小时全程紧张刺激很过瘾真实血腥的镜头，相比战狼更突出了个人英雄主义，这部更突出了中国军人中国特种兵的集体能力！会飞会开坦克会开飞机的中国特种兵啊#强者无敌# 谢谢你们负重前行 ​		,独角戏chen,//weibo.com/1506198290/G3JyOzcDf?refer_flag=1001030103_
集体行动; 2018-02-18; 1; 25,3,		回复@用户6457467498:小血头67498看到这六段了吗？我是一边哭一边抹眼泪一边摸字的！希望所有人都能看到，并行动起来去献血救人，没血真要命啊！也希望@爱骑车的李子熙 能看到！不要再抱怨国家卫计委的《龟腚》，几个月前我们无偿献血者就得到消息说国家卫计委明年三月取消个人互助献血，加强集体互助献血等等措施		,思考机器先进技术研究院深圳分院,//weibo.com/2864602044/G3HhU6NIF?refer_flag=1001030103_
集体行动; 2018-02-18; 1; 25,4,	  朋友们我已经输上板了请不要担心。今天血还是很缺很多人没输上，妇科血液科都很需要血制品。目前还有五六个人没有输上。希望大家可以加入无偿献血献板的行列。这一个多月我们发微博呼吁不要取消互助，结果被删博的删博，被封号的封号，取消互助这件事让我们伤透了心，我是真的明白了徒劳无功，无奈的感 ​		...展开全文c,NA,//weibo.com/2276538255/G3JwH4h3w?refer_flag=1001030103_
集体行动; 2018-02-18; 1; 25,5,#请给红海行动多一点排片#勇者无惧，强者无敌。有血腥，有暴力，够热血，够爽!跟战狼2比少了个人英雄的主角光环，多了集体的血肉拼搏和厮杀，真实而残忍。为我中国军人而骄傲，想起一句话，哪有什么岁月静好，只不过有人替你负重前行。 ​		,柒个隆冬呛咚呛,//weibo.com/1807480187/G3Jv9l6M8?refer_flag=1001030103_
集体行动; 2018-02-18; 1; 25,6,		《红海行动》燃爆 你之所以看不见黑暗，是因为有无数勇敢的人把黑暗挡在了你看不见的地方。”这就是中国军人，最勇敢和最可爱的人《红海行动》一刷结束后 我还想二刷 三刷 因为它值得。不同于《战狼》的个人英雄主义 二是一个团队 一个集体有血有肉有感情的战斗... ​		,黄金视力眼贴总代官微,//weibo.com/5513316199/G3JuECzFU?refer_flag=1001030103_
集体行动; 2018-02-18; 1; 25,7,		建筑是人们生活的空间，也是心灵空间的再造体，传达的是设计师的美的隐喻，影响的是行动者对个体或集体的思考。ps:botton《幸福的建筑》的电影叙事版。    ib《COLIMBUS在哥伦布》 ​		,maja_free,//weibo.com/2281437110/G3Juhwsdq?refer_flag=1001030103_
集体行动; 2018-02-18; 1; 25,8,#红海行动[电影]##红海行动# 电影的特效和演员的演技都在线 全程情节紧凑我一直特别紧张心脏狂跳 比战狼真实 更多的是集体行动 一个人是完成不了任务的 而且大家都不是所向披靡 有人受伤有人牺牲 搏斗时大家都很费劲 画面挺多是人被炸得血肉模糊的 但真正的战争只会比电影惨烈 特别喜欢狙击手太帅了 ​			...展开全文c,pobizannn,//weibo.com/2674866270/G3JtMeLIu?refer_flag=1001030103_
集体行动; 2018-02-18; 1; 25,9,		由林先生执导和中国解放军海政电视艺术中心出品的《红海行动》是一部制作精致和大手笔的大片，比林先生导演的《湄公河行动》还要燃，更充满某一种国家向上的力量。《战狼二》突出个人符号和国家背景元素，《红海行动》体现了集体合作和国家行动。我向朋友们推荐！ ​		,刘长平99,//weibo.com/1876085202/G3JsPrrrp?refer_flag=1001030103_
集体行动; 2018-02-18; 1; 25,10,http://t.cn/R6cDVzi，#红海行动# 我觉得比战狼好看，林导一如既往地没有让观众失望。没有个人英雄主义，只有集体精神。没有对祖国生硬的赞美，但其展现的我国对恐怖主义的态度和对中国侨民一个也不落下的决心胜于言表。取景真的很棒，看到了自己曾经流连过的卡萨布兰卡和阿 ​			...展开全文c,小橙子昕仔,//weibo.com/3231181322/G3JrJaa6U?refer_flag=1001030103_
集体行动; 2018-02-18; 1; 25,11,		付出大力气在乡村建设上，文化建设如宗祠文化，基建如道路房屋，经济建设如脱贫，制度建设如基层党支部、村委换届程序严格化，都是为了重振乡村文化。通过新乡贤文化和新兴宗族文化，将乡村出现的种种乱象彻底根除，扫黑行动也是这盘大棋的重要一环，为新乡村精神集体扫平障碍！执中国者，大智慧也！ ​		,小妞请叫我刘四爷,//weibo.com/5261712154/G3JiblprL?refer_flag=1001030103_
集体行动; 2018-02-18; 1; 25,12,		带着左左一起看#红海行动#，同《战狼》2剧情撤侨行动，但影片️没有个人的英雄主义，是一个协作的团队，集体的力量；不是英雄战无不胜毫发无伤的胜利，是8人2死满地血腥的真实。蛟龙出海，扬我国威！ ​		,夏日香樟0402,//weibo.com/1775780713/G3Jh5jImG?refer_flag=1001030103_
集体行动; 2018-02-18; 1; 25,13,http://t.cn/R6cDVzi，观影两小时，憋尿一小时，超燃超震撼！！作为一个普通观众，个人觉得比战狼2更好看，更真实。宣扬集体英雄主义，没有主角光环，全程无尿点！走出影院腿都是软的整个人都是懵的战争就是血腥残酷的，心理承受能力差的还是别看了，挺有 ​			...展开全文c,萧诺阿萧诺,//weibo.com/6135225347/G3Jaw8LTo?refer_flag=1001030103_
集体行动; 2018-02-18; 1; 25,14,红海行动，由战狼的个人英雄主义变成了集体英雄主义，告诉我们生活在一个强大的国家是有多么幸福增强中国公民的民族自豪感和荣誉感，不过，也许本人三观有问题，我认为，实在没必要因为一个公民而搭上三个训练有素的特种兵但是，如果我处于那残酷的战争中，我也会希望看到飘扬的五 ​			...展开全文c,诗蔓蔓蔓蔓-,//weibo.com/1803785471/G3J6xpcGq?refer_flag=1001030103_
集体行动; 2018-02-18; 1; 25,15,http://t.cn/R6cDVzi，《红海行动》超燃的一部战争片，一点儿不比战狼差，全程高能，同样是撤侨，完全不一样的风格，一部个人英雄，一部集体战斗，但是红海的战争更真实残酷，从影片开始就完全进入紧张状态，一直到结束，你会恍惚觉得看的是一部好莱坞大片，但是末了你 ​			...展开全文c,桃之夭夭0530,//weibo.com/1761919772/G3J5Bb0x6?refer_flag=1001030103_
集体行动; 2018-02-18; 1; 25,16,		《红海行动》6分 林超贤勇夺国产迈克尔贝称号 武戏很强 文戏根本没有 还是小粉红的集体高潮 双线合为一线很牵强 最后二十分钟简直灾难 就是不停爆炸爆炸爆炸…… ​		,没有星星one,//weibo.com/3061873153/G3J3T6byP?refer_flag=1001030103_
集体行动; 2018-02-18; 1; 25,17,		香港暂委法官朱佩瑩在第15页iii认定: 香港广华医院陈淑芬没有输血的依据是 血库没有提供血液的记录。这起广华医院谋杀李婆婆的行动是一个集体行动，广华医院要抽掉 提供血液记录并不困难。暂委法官朱佩瑩为什么不尊重（1），（2），（3）三个事实证据？陈淑芬否认给过我母亲输血，为什么有输血的记录？		,niceday717,//weibo.com/5473593150/DekMLB6gQ?refer_flag=1001030103_
集体行动; 2018-02-18; 1; 25,18,	  香港高等法院暂委法官朱佩瑩认定: 香港广华医院陈淑芬没有输血的依据是 血库记录中没有提供血液。这起广华医院谋杀李婆婆的行动，是一个集体行动。广华医院要抽掉提供血液记录并不困难。暂委法官朱佩瑩为什么不尊重（1），（2），（3）三个事实证据？陈淑芬否认给我母亲过输血，为什么有输血的记录？ ​	,NA,//weibo.com/5473593150/G3J3Aefjf?refer_flag=1001030103_
集体行动; 2018-02-18; 1; 25,19,#熊能能无聊电影#《红海行动》，没有尿点的138分钟，急促凌厉的剪辑功不可没。个人觉得没必要和《战狼2》争高下，一个是个人英雄主义情结，一个是集体光辉赞歌，本身强化的东西就不一样。电影好看在于精准的再现了好莱坞的剪辑语法和镜头调度，有粗有细，有轻有重。重点段落无厌其烦的强化，也没有 ​			...展开全文c,熊能能脚不粘地,//weibo.com/1706745645/G3IS5d23U?refer_flag=1001030103_
集体行动; 2018-02-18; 1; 25,20,http://t.cn/R6cDVzi，我是为啥大过年要跑电影院来哭……看不得这种主旋律热血的，一放集体奔跑敬礼神马的就打了鸡血一样的血脉贲张…… ​		,假装伪文青,//weibo.com/5596743878/G3IR6jaNu?refer_flag=1001030103_
集体行动; 2018-02-18; 1; 25,21,		红海行动可以说是国产战争片的巅峰了，要剧情有剧情，要特效有特效，狙击战，坦克战等各种战争场面来回切换，人物塑造有血有肉，相对于战狼2的个人主义，我还是喜欢这种真实的集体团战绝对是值得看的一部好片 ​		,鸡蛋壳_c,//weibo.com/3937011487/G3ILaoZuD?refer_flag=1001030103_
集体行动; 2018-02-18; 1; 25,22,		看了红海行动，比ZL2好看，爸妈同认可的辣种好看，突然闪出一个想法，红海行动的评分这么高，除了剧情细节场面真实抓人之外，在很多人内心深处，集体主义大概真的比个人英雄主义更能说服大家，瓷器国其实比大家想象得要tradition得多的多🤔（细思极恐啦） ​		,雪球今天脱单了吗,//weibo.com/5352784845/G3IKzvdq5?refer_flag=1001030103_
集体行动; 2018-02-18; 1; 25,23,#红海行动[电影]# 从第一分钟打到最后一分钟 场面火爆不输好莱坞大片好吗！！同时展现人民海军全新风貌的宣传片 这种国产军事题材电影质量没话说 场面和节奏把握的也非常出色 从头战到尾 和战狼的个人英雄主义不同 这次展现的蛟龙队是一个整体 集体荣誉			...展开全文c,Oh_静哥,//weibo.com/2710227427/G3IESnOHq?refer_flag=1001030103_
集体行动; 2018-02-18; 1; 25,24,http://t.cn/R6cDVzi，好看，很燃，集体英雄主义……棒 ​		,小樱桃莎,//weibo.com/1777462620/G3IEyiWut?refer_flag=1001030103_
集体行动; 2018-02-18; 1; 25,25,		红海行动好看 强烈推荐 但是画面有一点血性 未成年人还是不要看了 战狼是个人英雄主义 而红海是集体主义 相比故事情节 特效 真实性 我更喜欢红海 尤其是石头死的时候我的内心是久久不能平静 为中国海军打call ​		,我还在爱你已离开,//weibo.com/5587948386/G3Iy7844O?refer_flag=1001030103_
集体行动; 2018-02-18; 1; 25,26,		已经连着看了三场贺岁片了我有点累有点方了#红海行动# 整个剧情虽然血腥太多但真的有被震撼到了想给点亮五颗小星星被那种的集体感和使命感所感染			...展开全文c,大周学习会变瘦呦,//weibo.com/5308666059/G3Ixay82M?refer_flag=1001030103_
集体行动; 2018-02-18; 1; 25,27,		红海行动超好看，个人认为觉得比战狼2好看，虽然不一样，一个是个人行动（个人英雄）一个是小分队（集体主义）但红海 剧情不拖沓，每个人物都很鲜明……一直没停顿看的超带感，看到后面石头倒下那段哭出一点泪……捉妖记找妈妈那段都没哭出来[em]e117[/em][em]e117[/em]而女儿国看的一言难尽如果战狼 ​			...展开全文c,请放心胖鱼,//weibo.com/5838060736/G3Ix5i2zw?refer_flag=1001030103_
集体行动; 2018-02-18; 1; 25,28,		哈哈哈一定不止一个人在看//@凤叶荻花:就不许王宝宝陪着皇上看么？导演没说，就默认是集体行动//@不约儿童的大松子儿:完了完了完了，是不是替弟弟背锅了？还是弟弟替大林背锅了？		,立方瓶玶,//weibo.com/2951550077/G3EEcb3v5?refer_flag=1001030103_
集体行动; 2018-02-18; 1; 25,29,	  💥震惊💥著名相声演员郭奇林先生在家竟观看这种影片！#郭麒麟##郭德纲# ​	,NA,//weibo.com/3394989714/G3Ivy7SBZ?refer_flag=1001030103_
集体行动; 2018-02-18; 1; 25,30,红海行动最不落俗套的就是没有特别突出的超级个人英雄。即每个战士都是英雄，又不是超高能力的大英雄。对团队作战的真实诠释震撼到我的心灵，这才是真正的军事片！🔆一个作战集体的每一个人在整个作战行动中，即独立也要相互配合，才可以强者无敌！ ​		,安美拉针织琴心体验店,//weibo.com/6475674651/G3Iuxrt2k?refer_flag=1001030103_
集体行动; 2018-02-18; 1; 25,31,http://t.cn/R6cDVzi，#红海行动[电影]# 好看，中国海军陆战队，海陆空全方位作战，不突出个人英雄主义，中国军人集体作战群像，每个队员都超级帅，战争场面太真实了，某段戏看得我眼泪狂飙春节终于看到一部配的上我大中华最大传统节日的贺岁电影了，有钱有技术有良 ​			...展开全文c,ne_lovewzj,//weibo.com/1740613342/G3IpzwkFX?refer_flag=1001030103_
集体行动; 2018-02-18; 1; 25,32,http://t.cn/R6cDVzi，真正从头燃到底，虽然张译演得很炸，黄景瑜跟我家胡一天一样帅，但是并不会有主角光环，而是互相扶持的集体主义精神，更有真实感，致敬中国军人！ ​		,可口可乐很百事,//weibo.com/6109054235/G3Ionntj3?refer_flag=1001030103_
集体行动; 2018-02-18; 1; 25,33,//@凤叶荻花:就不许王宝宝陪着皇上看么？导演没说，就默认是集体行动//@不约儿童的大松子儿:完了完了完了，是不是替弟弟背锅了？还是弟弟替大林背锅了？		,我角儿他姓郭_GDG,//weibo.com/2951550077/G3EEcb3v5?refer_flag=1001030103_
集体行动; 2018-02-18; 1; 25,34,	  💥震惊💥著名相声演员郭奇林先生在家竟观看这种影片！#郭麒麟##郭德纲# ​	,NA,//weibo.com/2249473091/G3Ini18Ns?refer_flag=1001030103_
集体行动; 2018-02-18; 1; 25,35,#红海行动# 有点像中国版的末日孤舰，就是军舰受国际准则影响不能随便轰显得没那么牛逼，不过集体战斗的爱国主义的确更容易被接受，决定解救别国的全部人质和决定拿到黄饼阻止核扩散这两个节点分别升华了立意，值得表扬。ps，三四线城市过年时候的电影院简直是灾难，尖叫的小孩、大声问小孩需要啥的父 ​			...展开全文c,世界默末日,//weibo.com/1704234393/G3ImYuyD2?refer_flag=1001030103_
集体行动; 2018-02-18; 1; 25,36,#红海行动# 首先这是一部由真实事件改编的电影，和战狼2的剧情差不多，也是一个国家内乱中国海军营救在外的中国公民的故事。唯一一点不同，就是红海行动是个集体营救的故事，有伤亡，比较真实。评分最高，也说明观众的取向，这类题材电影可能在日后会更多，但希望拍的更好一点，内容更丰富一点。 ​		,HoTong_kook,//weibo.com/3136256135/G3Il6lUtC?refer_flag=1001030103_
集体行动; 2018-02-18; 1; 25,37,		《红海行动》身为退伍兵 非常敬佩。扎实的训练救援方式，集体配合 无个人英雄主义，靠的是为国捐躯不畏牺牲的精神。虽然只是电影，但真实的战场更残酷。自己曾有机会参加雪豹突击队，用命去训练的方式 真的会害怕退缩。感恩自己生在和平年代的祖国，感恩感恩 默默用生命为我们遮挡黑暗的人,aki_fun,//weibo.com/1357093700/G3I07ChtJ?refer_flag=1001030103_
集体行动; 2018-02-18; 1; 25,38,#大年初三# 【烟花烟花！一组专属海军的最美烟花……】《红海行动》不过瘾？一组专属于海军兵哥哥的“最美烟花”送给你，虽然它并不是五彩绚烂的，虽然它平时不为大家所见，但它带给我们的是岁月静好，它守护着祖国的海防线，守护着所有人平安。（当代海军） ​​​	,NA,//weibo.com/1996372164/G3IgGe1FY?refer_flag=1001030103_
集体行动; 2018-02-18; 1; 25,39,		看完唐人街探案2：刘昊然真帅(剧情有一丢丢强行搞笑)看完红海行动：中国军人真帅(比战狼真实，不是个人的英雄主义，而是一个队一个集体有血有肉有感情的战斗)(黄景瑜演的) ​		,Sfar-Away,//weibo.com/5914215858/G3Ica2ftv?refer_flag=1001030103_
集体行动; 2018-02-18; 1; 25,40,http://t.cn/R6cDVzi，好电影，全程高潮无尿点，血腥场面尺度大，演员集体给力，过年本来看电影只想看唐人街探案2和红海行动，其他的电影对我来说不存在，今天先看的红海行动，超出想象的好看，为林超贤导演和中国电影点赞。 ​		,勿弃吾生,//weibo.com/6089172501/G3I9ZCga7?refer_flag=1001030103_
集体行动; 2018-02-18; 1; 25,41,#恋与制作人# 春节关卡主题：劝退广告评分：⭐️⭐️⭐️评价：广告劝退效果贼几把好，玩家们集体卸载游戏，并用行动手撕叠纸。@恋与制作人 #恋与制作人广告# ​		,babykuma小熊,//weibo.com/2172741005/G3I8sr6VZ?refer_flag=1001030103_
集体行动; 2018-02-18; 1; 25,42,#红海行动[电影]#简直燃爆了！好久没看个电影看的紧张得要s，剧情紧凑又刺激，全程无尿点，每个战士都塑造得很鲜活，那种协作作战，集体英雄主义看的人热血沸腾，真真良心之作，国产片有这样的水准和诚意，谁不愿意走进电影院啊，为红海行动疯狂打call！！！ ​​​		,shirley_清秋,//weibo.com/1666035482/G3I8f7EOl?refer_flag=1001030103_
集体行动; 2018-02-18; 1; 25,43,#勇者无畏，强者无敌#如果说以前的湄公河行动宣扬的是个人英雄主义，那么这次的红海行动有种集体英雄主义意味，真实，残酷，有死亡，有牺牲，有无奈，有不得已。看的时候我一直想一个问题，用两名海军甚至更多人的性命去换一位侨民性命值得吗？ 看完之后我觉得是我的思想太浅薄，因为这不仅是以命换 ​			...展开全文c,不在服务区的陆公子,//weibo.com/1584529037/G3I6JuPhs?refer_flag=1001030103_
集体行动; 2018-02-18; 1; 25,44,		今天和老妈一起去看了《红海行动》瑕不掩瑜真的是燃到爆炸 当时因为黄景瑜一直关注着这部片子 看完记住的却全然是一个集体 蛟龙突击队 中国海军没有明显的主角光环 他们有无奈有伤痛甚至有牺牲看到最后那两个铭牌真的感触很深 好想知道这其中有什么故事吗#红海行动[电影]# ​			...展开全文c,呼噜呼噜的pilu,//weibo.com/6469641900/G3I5mF3m9?refer_flag=1001030103_
集体行动; 2018-02-18; 1; 25,45,#红海行动# 石头和佟莉的小粉红表演的好细腻，剪下来的集体照，还有准备行动时候的吃糖🍬都好暖，牺牲那段真的戳中泪点get 到了黄景瑜的帅点总体打 call，值回票价🏼🏼🏼 ​		,S-agitarius,//weibo.com/1939528942/G3I492JgO?refer_flag=1001030103_
集体行动; 2018-02-18; 1; 25,46,#电影红海行动#没有打不死的英雄，只有不服输的精神和气节。《#红海行动[电影]# 》摒弃了战狼式人物塑造，将个人英雄塑造为团队精英，这更符合现代部队作战的规则，也更迎合集体主义的价值观。此外，在正义与邪恶的较量之间，我们从影片中看见了英雄也可以受伤和牺牲，强国部队也没有被标榜为战无不胜 ​			...展开全文c,唐旋看见,//weibo.com/3742844494/G3I357k7y?refer_flag=1001030103_
集体行动; 2018-02-18; 1; 25,47,		//@Wxuebinh:刚看完，感觉比战狼2好看，这次是集体行动不是个人主义，描述出的中国军人更有真实感，毕竟我们一直以团结为主，不是凸显个人，并没有黑战狼2，只是这部更真实一点		,Sophia筱彤,//weibo.com/2993746481/G3Hsem6e0?refer_flag=1001030103_
集体行动; 2018-02-18; 1; 25,48,	  跟我爸看完《红海行动》出来，我爸第一次没说跟我看电影是浪费时间而且他说比《战狼2》好看，简直感人23333……就是排片太少了，小城市要给影院下跪了简直#请给红海行动多一点排片# ​	,NA,//weibo.com/5722588842/G3HTFxvXz?refer_flag=1001030103_
集体行动; 2018-02-18; 1; 25,49,		红海行动除了有点血腥，剧情我莫名其妙，但是我还是蛮喜欢看的，我喜欢集体主义精神而不是只有个英雄出来拯救世界！ ​		,云深不知几重,//weibo.com/2841184664/G3HSWmdnr?refer_flag=1001030103_
集体行动; 2018-02-18; 1; 25,50,http://t.cn/R6cDVzi，情节真实 枪战 爆破 解救人质等情节干净利落 强调集体团结配合的力量 赞扬集体英雄而不是个人英雄主义后来8:150 在看后半段是就隐隐预料到会有牺牲 人数差距实在悬殊 相较于之前的xx2 优势是真实 价值观引导正确 我国国力现在十分强大 从电影 ​			...展开全文c,兔崽崽x,//weibo.com/5340515095/G3HScd7LZ?refer_flag=1001030103_
集体行动; 2018-02-18; 1; 25,51,		//@凤叶荻花:就不许王宝宝陪着皇上看么？导演没说，就默认是集体行动//@不约儿童的大松子儿:完了完了完了，是不是替弟弟背锅了？还是弟弟替大林背锅了？		,著名面点派诗人帅胡,//weibo.com/2951550077/G3EEcb3v5?refer_flag=1001030103_
集体行动; 2018-02-18; 1; 25,52,	  💥震惊💥著名相声演员郭奇林先生在家竟观看这种影片！#郭麒麟##郭德纲# ​	,NA,//weibo.com/6423934719/G3HRT0DSk?refer_flag=1001030103_
集体行动; 2018-02-18; 1; 25,53,#红海行动##红海行动[电影]#冲着黄景瑜去看的红海，刚开始景瑜出场时拿着手机连拍，到后来完全沉浸在电影里，无论是特技还是各个演员们的演技都很棒！情节震撼...“强者无敌”蛟龙队的信念，亦是影片中每个军人的信念。没有所谓的集体英雄主义，都是为国家为人民在奋斗，拼搏！生命的代价也好，别的 ​			...展开全文c,野史与诗echo,//weibo.com/5910237696/G3HDKz7Mf?refer_flag=1001030103_
集体行动; 2018-02-18; 1; 25,54,		想向全世界真心安利《红海行动》诚邀大家吃下这盘“硬菜”。这可能是一部不太适合过年看的电影，但这真的是一部很好很好的电影。没有个人英雄主义，表现集体，更写实，更残酷。几部期待的电影在春节档扎堆上映，《红海行动》是我最惊喜最喜欢的一部。这部电影没上任何综艺，没买一次热搜，估计所有的 ​			...展开全文c,hello刘佳雯,//weibo.com/1797286951/G3HBpe6mc?refer_flag=1001030103_
集体行动; 2018-02-18; 1; 25,55,		就不许王宝宝陪着皇上看么？导演没说，就默认是集体行动//@不约儿童的大松子儿:完了完了完了，是不是替弟弟背锅了？还是弟弟替大林背锅了？		,凤叶荻花,//weibo.com/2951550077/G3EEcb3v5?refer_flag=1001030103_
集体行动; 2018-02-18; 1; 25,56,	  💥震惊💥著名相声演员郭奇林先生在家竟观看这种影片！#郭麒麟##郭德纲# ​	,NA,//weibo.com/1965478977/G3HuUqfXQ?refer_flag=1001030103_
集体行动; 2018-02-18; 1; 25,57,		好莱坞水准的集体英雄主义大片，非常好看，强力推荐。#红海行动[电影]# @电影红海行动 ​		,音阙思挺,//weibo.com/2878011784/G3Huutgyj?refer_flag=1001030103_
集体行动; 2018-02-18; 1; 25,58,#红海行动# 太特么好看了啊啊啊啊啊啊啊啊！！！！燃炸！！！！！！！比zl好看！！！！！！zl是个人英雄主义，红海行动是绝对的集体作战，团队协作，每个人都有自己的位置，每个人的任务都必须完美配合才能完成作战。整部片的作战镜头表现都非常专业非常牛逼，节奏流畅紧凑，毫无尿点，强烈推荐！！！ ​		,奉旨上等,//weibo.com/1070286532/G3HujtKC9?refer_flag=1001030103_
集体行动; 2018-02-18; 1; 25,59,"		年初一大家庭的幸福时光,集体观影《红海行动》，再次强烈感受有国才有家的味道，为祖国的繁荣富强而自豪。 ​		",向阳花儿开200104,//weibo.com/5366664005/G3Hs2yTiF?refer_flag=1001030103_
集体行动; 2018-02-18; 1; 25,60,		传说中的闵行新地标颛桥万达广场打卡这个商场真是又大又绕单刷《红海行动》感觉比战狼2更加真实，从个人英雄主义变成了集体英雄主义?86-10-12308广告满分，中国海军广告满分 http://t.cn/RHPAjX3 ​		,倒在冲锋的路上_go_,//weibo.com/2656779241/G3HpqFAKg?refer_flag=1001030103_
集体行动; 2018-02-18; 1; 25,61,		寒战行动作战计划如下1.与李曼谈心2.将李曼的善良之举发到各大平台，给她一次升职的机会，最好各大航空公司集体对她赏识3.让李曼的家人知道李曼细心照顾楼主的真挚情感。4.争取发扬扩散，让全网都被他们的爱情感动@东方航空 ​		,戴绿帽,//weibo.com/6243801629/G3HnMmMbq?refer_flag=1001030103_
集体行动; 2018-02-18; 1; 25,62,		还有红海行动电影里特战队的女兵，开始觉得太MAN，但看到最后，女兵那种坚毅勇敢，实际已经很难逆转形势了，但为了集体的利益国家的利益，咬牙坚持那一刻，你会发现中国军人实在是好样的，没有强大的国家和军队，我们的北京上海广州深圳香港屁都不是。对比军人用生命捍卫国家利益，我们工作生活那点 ​			...展开全文c,HEIHEIG,//weibo.com/3318704034/G3HnKiGgy?refer_flag=1001030103_
集体行动; 2018-02-18; 1; 25,63,http://t.cn/R6cDVzi，特别好看，枪战特别精彩而且真实，好喜欢他们跳伞的那一幕，帅到炸裂！相比个人英雄主义还是更喜欢这种集体主义，强者无敌！ps:顾顺李董这对cp感好强啊，突然想吃狙击手x侦察兵的设定了#红海行动# ​		,包字辈的汤,//weibo.com/1751230834/G3Hnx0Syg?refer_flag=1001030103_
集体行动; 2018-02-18; 1; 25,64,#电影红海行动##张译红海行动##红海行动[电影]#带家人一起支持了@张译 的电影，整个观影过程一直处在深深地震撼之中，那些用生命和热血保卫着祖国和人民安全的战士真是最可爱的人，也是真正的“强者无敌，勇者无惧”，影片宣扬的是一种集体主义，并非常见的个人英雄情节，主角也没有自带的光环，战争 ​			...展开全文c,牵挂在扬州,//weibo.com/2207478117/G3HgQublD?refer_flag=1001030103_
集体行动; 2018-02-18; 1; 25,65,		人类之所以有理有权可以个别地或者集体地对其中任何分子的行动自由进行干涉，唯一的目的只是自我防卫。 ​		,2018碎玉零玑,//weibo.com/1936010421/G3HcTt6Il?refer_flag=1001030103_
集体行动; 2018-02-18; 1; 25,66,		红海行动远胜战狼啊，别的不说，光集体主义一条就更符合我军价值观，这么好的片子为什么排片这么少？#贼说贼话# ​		,贼叉,//weibo.com/1700040344/G3H6siv6a?refer_flag=1001030103_
集体行动; 2018-02-18; 1; 25,67,#红海行动[电影]#电影很燃演员们还有点小帅开拍的时候就想看的一部电影果然没让我失望喜欢这种类型的影片这部电影带给我的震撼不止一点点影片画面感十足～演员表情情感到位～最关键的是它表示的是一个集体而非一个人也许会觉得没有太多故事情 ​			...展开全文c,李1show,//weibo.com/2494794152/G3H5E4V2L?refer_flag=1001030103_
集体行动; 2018-02-18; 1; 25,68,		今天和我爸来看红海行动我觉得还不错 和战狼不一样的是这个算是集体团队作战 彰显的是集体主义而不是个人主义精神而且这个片子我觉得更真实一些 因为在这种作战中有死伤才比较合理整部片子全程高燃 过程中张力十足 但是缺乏驰电影全程是很刺激 但是这个带来了一个问题就是两个多小时看下来会非常累 ​			...展开全文c,灰灰酱哒撸文日常,//weibo.com/5893487625/G3H2vC4b3?refer_flag=1001030103_
集体行动; 2018-02-18; 1; 25,69,		刚去了看了《红海行动》，不错，感觉象美国战争大片，意识形态弱化。如果说《战狼2》是个人英雄主义的话，红海就属于集体主义。纯战争片，流畅，挺好。 ​		,万百一,//weibo.com/1407518367/G3GMF6nH1?refer_flag=1001030103_
集体行动; 2018-02-18; 1; 25,70,http://t.cn/R6cDVzi，很棒！场面很盛大，集体行动。没有去强调个人主义，强调的是集体观念！每个人戏份都是平等的，看着很真实！是这次春节档质量最好的电影 ​		,吃肉不吃胡箩卜的小兔子,//weibo.com/5873913283/G3GGoxlwO?refer_flag=1001030103_
集体行动; 2018-02-18; 1; 25,71,http://t.cn/R6cDVzi，超级好打call首先电影的特效真的很棒，同样是3D比起某狼真的好太多比起个人的英雄主义这样的集体主义精神很令人动容，全程掐表想看完又不想看完，血腥程度真的有和外国战争电影有的一拼，断头短脚段腿，表现出战争的写实和对战 ​			...展开全文c,Lumina-W,//weibo.com/3986863254/G3GF1ts1o?refer_flag=1001030103_
集体行动; 2018-02-18; 1; 25,72,http://t.cn/R6cDVzi，特别好看，可能是我喜欢这种题材，个人感觉战狼二是个人英雄主义，红海行动是集体协同作战!过年看有点压抑，心里难受╯﹏╰ ​		,正版小雯雯,//weibo.com/5623883218/G3GCfahqq?refer_flag=1001030103_
集体行动; 2018-02-18; 1; 25,73,		《红海行动》强推少说话多干仗海战巷战伏击战险象环生，大格局不吹不黑的全景作战爆炸动作有层次，集体个体有深度不过不适宜小孩观看，血腥程度直逼《血战钢锯岭》 http://t.cn/RLKG4Yu ​		,kiki01124,//weibo.com/1465006380/G3GwqD1bY?refer_flag=1001030103_
集体行动; 2018-02-18; 1; 25,74,		大年初一近13亿票房，大年初二超9亿票房，两天票房高达22亿，中国电影再次创造了历史！头部电影集体发力，《捉妖记2》《唐人街探案2》《西游记女儿国》《红海行动》四部大片强势开画，上座率普遍在60%以上。http://t.cn/RRBjBn3 ​		,铖汐86,//weibo.com/1704877033/G3GuIysZ1?refer_flag=1001030103_
集体行动; 2018-02-18; 1; 25,75,		《紅海行動》明線是以“蛟龍突擊隊”的集體8人小隊模式深入摩洛哥戰地營救華僑，進行層層的突破和襲擊，是軍人集體的英勇和無畏。暗線則是以海清法籍戰地記者的角度出發，從側面引出恐怖分子的真實目的，是人性對正義的追求，以及素人助手被擊殺，則是當下生命的脆弱和無能爲力。 ​		,乖乖麼麼茶,//weibo.com/1878982664/G3GtiweOi?refer_flag=1001030103_
集体行动; 2018-02-18; 1; 25,76,		看《红海行动》还是得看IMAX!这个清晰度才能看清一些细节，终于把张天德收拾行李的细节看清楚了，是从集体照中剪下的他和佟莉的合影。 ​		,霁月光风以待人525,//weibo.com/3979289018/G3GobcukB?refer_flag=1001030103_
集体行动; 2018-02-18; 1; 25,77,#红海行动#这是一部与战狼完全不同的电影。不是战狼的个人英雄主义，更倾向于集体。看了这么多电影，从没有心率飙升过。全程眉头紧皱，看的心头分外沉重。佟薇说吃糖，吃糖就不疼了的时候泪崩了。最后打出一行大字：根据真实事件改编。电影里蛟龙队死伤一半，那现实中呢？观影厅里响起声声叹息。好电影 ​			...展开全文c,missyou麻吃,//weibo.com/2910076171/G3GjQyOy2?refer_flag=1001030103_
集体行动; 2018-02-18; 1; 25,78,		升级辣妈之后第一次进电影院，从除夕开始抢票都是满座，初三终于如愿以偿，如果说战狼是个人英雄主义，红海行动就是集体英雄主义，比预想的还要好太多，国产大片的一个新高度：勇者无畏，强者无敌！2018重新做回自己！ http://t.cn/R4zZLpn ​		,壹素颜,//weibo.com/1779952147/G3GaGipD8?refer_flag=1001030103_
集体行动; 2018-02-18; 1; 25,79,#电影红海行动#和父母一起去看的，看之前看评价很好，看了以后觉得真的特别棒。张译一直是我很喜欢的演员，这部片子里依然稳定发挥，然后黄景瑜出乎意料不错，承包了颜值，但演技也上线。战争场面很真实，感动居然过审了，而且不像zl的个人英雄主义让我觉得很排斥，红海的集体精神让我很感动。整个电影 ​			...展开全文c,fwonan,//weibo.com/3045814904/G3G4MtRGK?refer_flag=1001030103_
集体行动; 2018-02-18; 1; 25,80,		大早带爸妈去看红海行动，看完又有把麒麟再读一遍的冲动！有个小插曲：快开演的时候，一群兵哥哥进来占了前两排，看了不到一刻钟……又集体走了……我妈感慨，唉，这些孩子，肯定是出任务去了…… ​		,要涅槃的羊,//weibo.com/2201485563/G3G3I2SiP?refer_flag=1001030103_
集体行动; 2018-02-18; 1; 25,81,#红海行动[电影]#  还是看这种电影比较爽哈哈哈哈哈哈  集体主义比较强 中国军人很厉害 赞赞赞 ​		,渝州城下,//weibo.com/3477667607/G3FRwrs4E?refer_flag=1001030103_
集体行动; 2018-02-18; 1; 25,82,http://t.cn/R6cDVzi，#红海行动# 国产电影在描写战争中，我个人喜欢还欣赏过冯小刚的《集结号》，这是另外一部不错战争题材的电影，我不提倡个人英雄主义，战争本身就是一个集体完成的事情，此片没有像《战狼2》一样出现打不死的男主角，更具真实感，而且整部电影中都 ​			...展开全文c,BenitaZhu,//weibo.com/1582334783/G3FMHoIkj?refer_flag=1001030103_
集体行动; 2018-02-18; 1; 25,83,		《战狼》为个人英雄主义体现而《红海行动》应该体现为集体英雄主义！		,天使惑120急诊科医生,//weibo.com/1817770203/G3Ffow8FP?refer_flag=1001030103_
集体行动; 2018-02-18; 1; 25,84,	  很好看 ​	,NA,//weibo.com/1794192077/G3FKroGie?refer_flag=1001030103_
集体行动; 2018-02-18; 1; 25,85,		红海行动甩了战狼不知道几条街，战争不是个人主义，更不是酣畅淋漓；而是集体配合，残酷血腥。烧焦的尸体，血溅的镜头。不鼓吹战争，不赞扬暴力，不输出革命，这部电影都做到了。		,yoo鲨鱼男孩,//weibo.com/1776018935/G3Ehutau9?refer_flag=1001030103_
集体行动; 2018-02-18; 1; 25,86,	  大家好，我是林超賢。 微博密碼我忘記很久了，一直沒空找回來（好吧我承認其實是懶得找），最近正值#電影紅海行動#上映，我收到很多觀眾發來的評價，給了我很大的鼓勵，非常感謝你們。 但同時我也收到了一些意見，對此我覺得可能有必要通過這個平臺來說幾句，所以我就托朋友幫忙找回了密碼……老實 ​		...展开全文c,NA,//weibo.com/5283578459/G3Fy29Nm7?refer_flag=1001030103_
集体行动; 2018-02-18; 1; 25,87,#聚焦乡村振兴，甘农学子在行动# 报告明确提出实施乡村振兴战略，这是促进农业发展、农村繁荣、农民增收的治本之策，必将进一步要深化农村集体产权制度改革，保障农民财产权益，壮大集体经济。要发展多种形式适度规模经营，培育新型农业经营主体，健全农业社会化服务体系，实现小农户和现代农业发展有 ​			...展开全文c,原子猫-er,//weibo.com/5723423424/G3FscdhiH?refer_flag=1001030103_
集体行动; 2018-02-18; 1; 25,88,		满腔热血的看完红海行动，再看看芳华里那些英雄的结局，每个人都知道你是英雄，可是为了集体的荣誉，为了人民，最后缺胳膊少腿的是你，国家可以帮你一把，但是，最残忍的后果还是要自己承担。不想说被集体主义荼毒的一代，也不追崇欧美的以个人为中心，但是，人不为己，谁会为你？ ​		,slimming_妮儿,//weibo.com/1737170481/G3Fh0FeSA?refer_flag=1001030103_
集体行动; 2018-02-18; 1; 25,89,		我喜欢不迟到的人。喜欢不说谎的人。喜欢有真性情的人。我也喜欢沉默的说话适可而止的人。喜欢说出的话与行动相符的人。喜欢内心有温柔和想象力的人。喜欢对一切持有善意而又有力的人。喜欢内心有价值观态度坚定不屈服于集体的人。喜欢孩子一样容易付出容易受伤容易复原的人。喜欢相信爱和实践爱的人。 ​		,爱z终点的天空,//weibo.com/5367571825/G3F9C4Fln?refer_flag=1001030103_
集体行动; 2018-02-18; 1; 25,90,		以前看日本动漫就非常不理解女高中生们的集体行动，天天黏在一起，事无巨细都汇报共享，表个白还得要一群好朋友在墙后面探个脑袋看着。女高中生也就算了，去年的日剧《东京白日梦女孩》，都成年人了，谈个恋爱、上个床、分个手，都要把两个闺蜜叫出来边喝酒边汇报细节，真的不能忍，自己没有判断力吗？		,Tokyo小阿白,//weibo.com/1041374203/G3F37kT9M?refer_flag=1001030103_
集体行动; 2018-02-18; 1; 25,91,#UNNATURAL#第六集，三澄和东海林嘴上说不是朋友只是同事，两人之间却有着坚不可摧的信赖，这是我最向往的女生之间的关系，比起那些平时黏糊在一起、互称“亲爱的”、一涉及到利益就翻脸开撕的“闺蜜”好多了。本来我就不喜欢“闺蜜”这词和过于黏糊的人际关系，称我为闺蜜的人其实也不太找我聊心事。 ​	,NA,//weibo.com/1041374203/G3F4T0Ibi?refer_flag=1001030103_
集体行动; 2018-02-18; 1; 25,92,#裕翔街26号# 【红海行动】蛟龙突击队8人集体演唱《红海行动》片尾曲，电影高能不断，歌曲澎湃激昂，交相辉映！喜欢那句高亢的“时刻守护着那属于我们的碧海蓝天”！ ​		,河北科技大学学生处,//weibo.com/3984376554/G3EX4oKzZ?refer_flag=1001030103_
集体行动; 2018-02-18; 1; 25,93,#红海行动#燃到爆的集体英雄主义电影，强烈安利！预祝票房大大卖 ​		,Mrs_大美婧,//weibo.com/2890188704/G3EPwANAj?refer_flag=1001030103_
集体行动; 2018-02-18; 1; 25,94,		每次听到“我会照顾你们”，天知道我有多想哭，曾经xpx多少次被甩锅被黑，但是你相信我们，你会觉得我们很辛苦，在别人绞尽脑汁耍手段圈粉的时候，你想的是脚踏实地提高自己的实力，不让别人有诟病粉丝的机会，因为这个集体被无脑黑称为脑残，我爱豆相信人定胜天，是百分百的行动派！凯蟹最甜！		,俊兔9,//weibo.com/6349794947/G3ErSmJec?refer_flag=1001030103_
集体行动; 2018-02-18; 1; 25,95,#王俊凯#喜洋洋的假期，献上@TFBOYS-王俊凯 凯Boss怦怦然的问候～#karry王的日常# http://t.cn/RR1CDsn ​	,NA,//weibo.com/2619878211/G3EO6wnX8?refer_flag=1001030103_
集体行动; 2018-02-18; 1; 25,96,		初三庙会 东山所有村庄集体大行动家家户户门口放着供桌 祈福新的一年 四季安康 风调雨顺平安健康 阖家幸福 又一波红包来袭！东山人连红包都没时间抢了，他们赶着去干嘛？ http://t.cn/RR1HlOf http://t.cn/R8pai16 ​		,yoursky华华,//weibo.com/6463463984/G3ELRnVG5?refer_flag=1001030103_
集体行动; 2018-02-18; 1; 25,97,		//@华衣若英过长安:全程紧张地看完#红海行动#与战狼2的孤胆英雄不同，国家行为，集体行动，但8PK150+，本质也相同。Hero is Hero. 海外利益保护正在发力 不过每每看到前方拼搏牺牲都会不由想到后方的苟且龌龊。前线与后方，都需要英雄。 友情提示：战争场面血腥，未成年人不宜。		,朱漆方台,//weibo.com/6182133939/G3vDxdGMl?refer_flag=1001030103_
集体行动; 2018-02-18; 1; 25,98,#电影红海行动#两亿达成蛟龙突击队越战越勇，国之利器真实上阵，震撼！ ​	,NA,//weibo.com/1988383795/G3ECsCRdh?refer_flag=1001030103_
集体行动; 2018-02-18; 1; 25,99,		发表了博文《个体行动的逻辑》曼瑟尔·奥尔森写了一本书，叫《集体行动的逻辑》。书中讲到在集体的行动中，普遍存在“搭便车”的现象。即：集体中的一些人，没有承担成本，却享受了收益。后来，张五常在其著作中举了http://t.cn/RR1OIgc ​		,孙刚201712,//weibo.com/6425099878/G3EzRhzAr?refer_flag=1001030103_
集体行动; 2018-02-18; 1; 25,100,		我喜欢不迟到的人.喜欢不说谎的人.喜欢有真性情的人.我也喜欢说出的话与行动相符的人.喜欢内心有温柔和想象力的人.喜欢对一切持有善意而又有力的人.喜欢内心有价值观态度坚定不屈服于集体的人.喜欢孩子一样容易付出容易受伤容易复原的人.喜欢相信爱和实践爱的人。—— 安妮宝贝 ​		,御姐范爱从我身边消,//weibo.com/5303927514/G3EwGuhoC?refer_flag=1001030103_
集体行动; 2018-02-18; 1; 25,101,http://t.cn/RHsOH9v，蛟龙突击队8人集体演唱《红海行动》片尾曲，第一句张译领头，后面还有双人rap，电影高能不断，歌曲澎湃激昂，交相辉映！喜欢那句高亢的“时刻守护着那属于我们的碧海蓝天”！ ​		,-君伟,//weibo.com/1309852723/G3ElR8D9m?refer_flag=1001030103_
集体行动; 2018-02-18; 1; 25,102,		衡阳县村民集体欢喜过大年 年味乐融融 ——搞集体时大家拼命回家，搞家庭经营时大家又希望组成集体。这是深入思考中国农村的一个话题。对行动不便的老人，可以每一样吃的都给他（她）们带一点，可惜文中没有交待。总的说，这条新闻值得讨论。 http://t.cn/RR1Sk0w ​		,新兴半农,//weibo.com/6025113471/G3Ele8SVL?refer_flag=1001030103_
集体行动; 2018-02-18; 1; 25,103,#嘉峪关身边事# 【嘉峪关： 白衣天使义务献血 凸显医者仁心】近日，市第一人民医院的100多名医护人员集体义务献血，以实际行动鼓励广大市民参与到无偿献血的队伍中，以缓解冬季血荒。市一院的学术厅内，陆续有医护人员前来体检，他们中既有普通医生、护士，也有行政管理人员。为了不影响就医秩序，医 ​			...展开全文c,嘉峪关全搜索,//weibo.com/2707390501/G3Eh2qh7H?refer_flag=1001030103_
集体行动; 2018-02-18; 1; 25,104,http://t.cn/R6cDVzi，#爱豆电影大表白##黄景瑜红海行动#极燃的春节档。狙击手顾顺超帅。蛟龙队全部队员都值得我们敬重。虽然故事性不强，但是场面规模大，调度极佳，而且不再是个人英雄主义，无论是海陆作战，还有队员之间的配合默契，都向我们展示了一种集体爱国精神 ​			...展开全文c,小蜗560220,//weibo.com/5484450888/G3EdhxcNO?refer_flag=1001030103_
集体行动; 2018-02-18; 1; 25,105,		春节随想【一元脱贫计划】：每年过节“消费”明星，明星们太累了！假如我们10多亿人每人每天拿出一块钱给一个贫困村，在脱贫村里随机抽选，专款定向村集体账户，支出网上实时公示。自愿发起“一元脱贫行动”，让一天一个贫困村脱贫，认同这个活动有意义的！请转发 ​		,武立伟,//weibo.com/2419342983/G3E9SitBs?refer_flag=1001030103_
集体行动; 2018-02-18; 1; 25,106,		【人物专栏】———总务处助理工作部干事篇 【姓名】：吴凤莲 【院系】：电子通信工程学院 【座右铭】：行动是成功的阶梯，行动越多，登得越高。 【兴趣爱好】：唱歌，看书 【家庭住址】：安徽省黄山市歙县 【加入部门的心得】：加入这个集体真的很开心，认识了许多新的朋友，我们就像一家 ​			...展开全文c,校务助理团总务处助理工作部,//weibo.com/3779639312/G3DZ231gf?refer_flag=1001030103_
集体行动; 2018-02-18; 1; 25,107,http://t.cn/R6cDVzi，比起个人英雄主义，还是喜欢这种集体作战的团队英雄，全程高能，紧张刺激，本来感冒是要噙鼻涕的，结果全程紧张的连鼻涕都没有 http://t.cn/R2dLC1z ​		,小郭郭的小火锅,//weibo.com/1834617960/G3DS6F5bi?refer_flag=1001030103_
集体行动; 2018-02-18; 1; 25,108,http://t.cn/R6cDVzi，【电影。】《红海行动》：因#不靠谱的演员都爱说如果-张译[图书]#而关注张译。起承转合行云流水四段式好莱坞大片。八人集体不再个人超神英雄版#战狼2[电影]#，多半颗星。有几句台词听着略生硬。PS 少儿不宜，有孩子直接被吓哭了。 ​​​		,源湶,//weibo.com/1791333473/G3DKIDYr2?refer_flag=1001030103_
集体行动; 2018-02-18; 1; 25,109,#红海行动#昨晚去看了红海行动，没想到春节时还那么多人看电影，晚上8点档几乎满座。感觉比战狼还要好看，如果说战狼是个人英雄主义，红海行动就是集体英雄主义。场面太血腥了，正规军到底装备不一样。 ​		,莫大仙岳居,//weibo.com/2074611540/G3DvFdcep?refer_flag=1001030103_
集体行动; 2018-02-18; 1; 25,110,		这是大家集体锻炼身体的第一天，一行四人一路小跑，很快就到了积水塘岸边离村子稍远的草坡上。景恬阻止了陈良要带大家进山里攀爬热身的行动。经过满山植物一夜的呼吸，这时山上的空气中二氧化碳含量极高，根本就不适合锻炼。 ​		,幸福的绵绵糖,//weibo.com/1746843945/G3Di26P7Z?refer_flag=1001030103_
集体行动; 2018-02-18; 1; 25,111,		《红海行动》演员集体玩命 超炫混剪《红海行动》演员集体玩命 超炫混剪...[米尔军事] http://t.cn/RR1qk4h ​		,用户5710827855,//weibo.com/5710827855/G3COEmWbN?refer_flag=1001030103_
集体行动; 2018-02-18; 1; 25,112,		香港暂委法官朱佩瑩在第15页iii认定: 香港广华医院陈淑芬没有输血的依据是 血库没有提供血液的记录。这起广华医院谋杀李婆婆的行动是一个集体行动，广华医院要抽掉 提供血液记录并不困难。暂委法官朱佩瑩为什么不尊重（1），（2），（3）三个事实证据？陈淑芬否认给过我母亲输血，为什么有输血的记录？		,niceday717,//weibo.com/5473593150/DekMLB6gQ?refer_flag=1001030103_
集体行动; 2018-02-18; 1; 25,113,	  香港高等法院暂委法官朱佩瑩认定: 香港广华医院陈淑芬没有输血的依据是 血库记录中没有提供血液。这起广华医院谋杀李婆婆的行动，是一个集体行动。广华医院要抽掉提供血液记录并不困难。暂委法官朱佩瑩为什么不尊重（1），（2），（3）三个事实证据？陈淑芬否认给我母亲过输血，为什么有输血的记录？ ​	,NA,//weibo.com/5473593150/G3CDzmA84?refer_flag=1001030103_
集体行动; 2018-02-18; 1; 25,114,		我喜欢不迟到的人。喜欢不说谎的人。喜欢有真性情的人。我也喜欢沉默的说话适可而止的人。喜欢说出的话与行动相符的人。喜欢内心有温柔和想象力的人。喜欢对一切持有善意而又有力的人。喜欢内心有价值观态度坚定不屈服于集体的人。喜欢孩子一样容易付出容易受伤容易复原的人。喜欢相信爱和实践爱的人。 ​		,摄影小哥丶,//weibo.com/2180642685/G3ClK0uz1?refer_flag=1001030103_
集体行动; 2018-02-18; 1; 25,115,		白羊座5月30日周四：是非好坏的判断能力迟钝，当遇到诱惑难以下决定时还是找人商量一下比较好。而且今天参与集体行动也会比你一个人单打独斗来得有利。此外，待在绿色调的场所，对你的商谈很有帮助。爱情方面，为了与对方家人的关系而与情人有意见上的出入呢。速配处女座；幸运颜色草绿色；幸运数字5。 ​		,看相看相,//weibo.com/1809944332/G3C5pyGCn?refer_flag=1001030103_
集体行动; 2018-02-18; 1; 25,116,		听完了花花的双截棍鸡皮疙瘩掉一地赶去看午夜场的红海行动燃到爆虽然全程无尿点的片子我还是没忍住去了厕所虽然杜江的大眼睛和嫩白的手臂分分钟让我出戏虽然永远马后炮的救援依旧让人吐槽虽然打斗高潮中突起的一段二胡差点让人崩溃但是，这样的teamwork，与集体主义			...展开全文c,安_ge_拉_不要做梦,//weibo.com/1881535684/G3BQYfIR3?refer_flag=1001030103_
集体行动; 2018-02-18; 1; 25,117,#红海行动# 更胜《战狼二》的个人英雄主义一筹的是集体英雄主义。推荐 ​		,未竟,//weibo.com/2793093201/G3BMTCAPf?refer_flag=1001030103_
集体行动; 2018-02-18; 1; 25,118,		半夜看红海行动，全场爆满，超燃，全程无尿点，比起战狼2的个人英雄主义，红海行动更贴近中国军人的集体英雄主义，为了祖国，为了人民，有牺牲，有情义，有担当，最后的升旗仪式让人热泪盈眶，为红海行动打call，希望多排几场 ​		,朔望雪隐,//weibo.com/1406498531/G3BrV7KVs?refer_flag=1001030103_
集体行动; 2018-02-18; 1; 25,119,http://t.cn/R6cDVzi，半夜看红海行动，全场爆满，超燃，全程无尿点，比起战狼2的个人英雄主义，红海行动更贴近中国军人的集体英雄主义，为了祖国，为了人民，有牺牲，有情义，有担当，最后的升旗仪式让人热泪盈眶，为红海行动打call，希望多排几场 ​		,朔望雪隐,//weibo.com/1406498531/G3BpvzzNh?refer_flag=1001030103_
集体行动; 2018-02-18; 1; 25,120,		《红海行动》――永远无法算对的一道数学题 “恐怖分子劫持了25名中国人，冲进去8名中国军人，请问一共伤亡多少人？” “8人。” “你不懂数学。” “不，你不懂中国军人”			...展开全文c,里儿列维坦工作室53477,//weibo.com/6244874585/G3Blzfqf5?refer_flag=1001030103_
集体行动; 2018-02-18; 1; 25,121,"#红海行动# 刚开始的时候：“卧槽，这是什么？睡了睡了”过了半个小时：“卧槽？这是什么？跪了跪了”比起战狼，侧重点在于对战和集体任务，强调集体，这个确实比战狼好一点，另外一个优点是战狼侧重点女人是被保护的，红海行动则是女人作战的，刚开始还真不相信这真是女兵: “Wow, impo ​			...展开全文c",招财纳宝达摩,//weibo.com/1627232980/G3BaoAqal?refer_flag=1001030103_
集体行动; 2018-02-18; 1; 25,122,		春节档电影看了《红海行动》和《捉妖记2》—前者评分9.5。就对比前一阵子口碑颇丰的同系列电影战狼2 这个电影确实在制作上更有政治背景，不单单是有钱就能做出来，但与战狼不同的是《红海》在剧情方面更注重集体团结合作主义 燃点非常密集 让我这种适应了铺垫剧情的人看得着实头疼。总的来说，得这么 ​			...展开全文c,森唄,//weibo.com/5036213964/G3B4f8RE9?refer_flag=1001030103_
集体行动; 2018-02-18; 1; 25,123,http://t.cn/R6cDVzi，各司其职的集体团战情完胜战狼个人英雄主义！全程燃爆无尿点跟随剧情一路揪心热血，几乎没有停止过冒汗紧张的情绪！此类可二刷的热血片如此稀疏的排片就太对不起难得此等好莱坞级别的中国大制作了！排片顶起#红海行动[电影]# http://t.cn/R2Wx0Ch ​		,Nicola-HYD,//weibo.com/2884881562/G3B3xrh2g?refer_flag=1001030103_
集体行动; 2018-02-18; 1; 25,124,#电影红海行动#突然长辈请客看电影就兴冲冲去了影院，打算买时间最合适又有票的，就选了红海行动，百度了一下看评分不错就决定看了。真的很好看，集体作战的精神很燃，毕竟是真实故事改编的感觉也很真实，向中国军人致敬，愿世界和平没有战争。 ​		,TFBOYS牌橙味玺洁精,//weibo.com/5497147900/G3B1X0hTi?refer_flag=1001030103_
集体行动; 2018-02-18; 1; 25,125,http://t.cn/R6cDVzi，开场就让我感受到了升级版的《战狼》2.1，直到结束也没有摆脱框架。不同的是，《战狼》是个人英雄主义，《红海》是集体作战，侧重点不同。《战狼》以情动人，《红海》以激烈的打斗场面以及各种装备博眼球，相对而言没有战狼深入人心。《红海 ​			...展开全文c,小玲砸_,//weibo.com/1738476192/G3B0HhbIV?refer_flag=1001030103_
集体行动; 2018-02-18; 1; 25,126,		新年第一刷《红海行动》！没有个人英雄主义的煽情，而是人民至上的集体主义和高效周密的团结协作。没有流量小鲜肉，却让观影者心中留下每个英雄的身影！强大的武器装备，年轻的海军队伍，完备的作战体系，全程燃爆心脏。而且，我为有一位驻守中国南海的海军哥哥疯狂自豪！也为中国南海海军疯狂打c ​			...展开全文c,斜阳微微凉,//weibo.com/1130874163/G3AZUf4nt?refer_flag=1001030103_
集体行动; 2018-02-18; 1; 25,127,http://t.cn/R6cDVzi，从头到尾攥着我妈的手和胳膊。我妈说她觉得红海比战狼更好，因为战狼是个人，红海是集体。没有特别夸张的个人英雄，也没有乱七八糟的故事线，片尾没有战狼那么感染，但感觉也是完整。从来没看过这么晚的电影，虽然时长两个多小时，但没有一分钟 ​			...展开全文c,我杰的小可爱beng,//weibo.com/2391063371/G3AXQh0Rf?refer_flag=1001030103_
集体行动; 2018-02-18; 1; 25,128,		看完红海行动，心情有点沉痛，总想写点什么平复一下自己的心情，这是部好电影，为中国军人心疼，特别希望世界和平，少一些战争。为电影里牺牲的庄羽和石头心疼，特别是石头，他吃糖时展露的童真笑容，收藏集体照中自己和佟莉合影随身携带，佟莉收糖那一刻的甜蜜，那来不及及言表的暗恋…… ​			...展开全文c,落差与幸福,//weibo.com/1866034200/G3AUTqbax?refer_flag=1001030103_
集体行动; 2018-02-18; 1; 25,129,		力量从团结来，智慧从劳动来，行动从思想来，荣誉从集体来。 ​		,珍莉ec,//weibo.com/2356550672/G3AQK00WD?refer_flag=1001030103_
集体行动; 2018-02-18; 1; 25,130,		三部军人的主旋律电影一句话点评：个人英雄主义看战狼2；集体英雄主义看红海行动；尬演看空天猎。 ​		,上古神兽肥滚滚,//weibo.com/1922325690/G3AOkuk0D?refer_flag=1001030103_
集体行动; 2018-02-18; 1; 25,131,http://t.cn/R6cDVzi，燃爆！！从头打到尾，集体秀肌肉，狙击手帅到无边无际，女枪猛如虎，装备、战术无懈可击，场面震撼真实，有血有肉，激情热血，集体英雄超越战狼个人英雄主义，国产战争片新高度，硬货！！！怒赞！！！ ​		,阿尔黛l,//weibo.com/2778096157/G3AMeacjm?refer_flag=1001030103_
集体行动; 2018-02-18; 1; 25,132,		大年初五接財神，天上招財神獸下凡來。大家快來接財，接福，接招財神獸，結緣財神正能量，祈求一整年，貴人多多，財源多多，健康多多，業績多多，考分多多，桃花多多，旺旺多多，發發多多， ​		,塔羅星座艾菲爾老師,//weibo.com/1731285993/G3X6igoGu?refer_flag=1001030103_
集体行动; 2018-02-18; 1; 25,133,		七周年快乐 ​		,胡可,//weibo.com/1195381367/G3XpNpcaU?refer_flag=1001030103_
集体行动; 2018-02-18; 1; 25,134,		大年初五，送小人，迎福运！点赞纳福迎黄财神，狗年平安顺心，财源广进，福气满满！黄财神神咒：嗡，占巴拉，杂勒扎耶，唆哈！ ​		,Pandora占星小巫,//weibo.com/1655890975/G3XmkyKm3?refer_flag=1001030103_
集体行动; 2018-02-18; 1; 25,135,		初五。 ​		,意匠id,//weibo.com/1686815607/G3Xbz2yNE?refer_flag=1001030103_
集体行动; 2018-02-18; 1; 25,136,		大年初五迎财神！财运满满！福气多多！ ​​​​		,Eleven11dream,//weibo.com/2673726341/G3Xcqf8cs?refer_flag=1001030103_
集体行动; 2018-02-18; 1; 25,137,		初五。 ​		,意匠id,//weibo.com/1686815607/G3Xbz2yNE?refer_flag=1001030103_
集体行动; 2018-02-18; 1; 25,138,		大年初五，送小人，迎福运！点赞纳福迎黄财神，狗年平安顺心，财源广进，福气满满！黄财神神咒：嗡，占巴拉，杂勒扎耶，唆哈！ ​		,Pandora占星小巫,//weibo.com/1655890975/G3XmkyKm3?refer_flag=1001030103_
集体行动; 2018-02-18; 1; 25,139,		我與喜鵲有約，一起初五迎財神。 ​		,刘若英,//weibo.com/1681213010/G3XlxyHgY?refer_flag=1001030103_
集体行动; 2018-02-18; 1; 25,140,		Excel 有哪些可能需要熟练掌握而很多人不会的技能？ ​​​​		,思想聚焦,//weibo.com/1742566624/G3XalqfXV?refer_flag=1001030103_
集体行动; 2018-02-18; 1; 25,141,		真正的五路财神 ​		,金融八卦女,//weibo.com/1154814715/G3Xh504cL?refer_flag=1001030103_
集体行动; 2018-02-18; 1; 25,142,		我與喜鵲有約，一起初五迎財神。 ​		,刘若英,//weibo.com/1681213010/G3XlxyHgY?refer_flag=1001030103_
集体行动; 2018-02-18; 1; 25,143,		【收藏！中国古代家训集萃】小时候，我们 #牵妈妈的手#，学做人的道理，那些话或许朴素，却影响了我们的一生。从古至今，我国流传下无数古语家训，“非淡泊无以明志，非宁静无以致远”，“由俭入奢易，由奢返俭难”，“学业才识，不日进，则日退”…修身齐家、立业处世，中国古代家训集萃↓转发学习！ ​		,人民日报,//weibo.com/2803301701/G3XaloaHy?refer_flag=1001030103_
集体行动; 2018-02-18; 1; 25,144,		大年初五，送小人，迎福运！点赞纳福迎黄财神，狗年平安顺心，财源广进，福气满满！黄财神神咒：嗡，占巴拉，杂勒扎耶，唆哈！ ​		,Pandora占星小巫,//weibo.com/1655890975/G3XmkyKm3?refer_flag=1001030103_
集体行动; 2018-02-18; 1; 25,145,		真正的五路财神 ​		,金融八卦女,//weibo.com/1154814715/G3Xh504cL?refer_flag=1001030103_
集体行动; 2018-02-18; 1; 25,146,#易烊千玺2018陪你走过千里繁花# 易烊千玺 中戏哇崽崽今天考试要一切顺利哦@TFBOYS-易烊千玺 http://t.cn/RRDYU9x ​		,甜酸奶盖儿,//weibo.com/6231690492/G3XcQhpUR?refer_flag=1001030103_
集体行动; 2018-02-18; 1; 25,147,		大年初五迎财神！财运满满！福气多多！ ​​​​		,Eleven11dream,//weibo.com/2673726341/G3Xcqf8cs?refer_flag=1001030103_
集体行动; 2018-02-18; 1; 25,148,		大年初五，送小人，迎福运！点赞纳福迎黄财神，狗年平安顺心，财源广进，福气满满！黄财神神咒：嗡，占巴拉，杂勒扎耶，唆哈！ ​		,Pandora占星小巫,//weibo.com/1655890975/G3XmkyKm3?refer_flag=1001030103_
集体行动; 2018-02-18; 1; 25,149,		初五。 ​		,意匠id,//weibo.com/1686815607/G3Xbz2yNE?refer_flag=1001030103_
集体行动; 2018-02-18; 1; 25,150,		我與喜鵲有約，一起初五迎財神。 ​		,刘若英,//weibo.com/1681213010/G3XlxyHgY?refer_flag=1001030103_
集体行动; 2018-02-18; 1; 25,151,		大年初五接財神，天上招財神獸下凡來。大家快來接財，接福，接招財神獸，結緣財神正能量，祈求一整年，貴人多多，財源多多，健康多多，業績多多，考分多多，桃花多多，旺旺多多，發發多多， ​		,塔羅星座艾菲爾老師,//weibo.com/1731285993/G3X6igoGu?refer_flag=1001030103_
集体行动; 2018-02-18; 1; 25,152,		【收藏！中国古代家训集萃】小时候，我们 #牵妈妈的手#，学做人的道理，那些话或许朴素，却影响了我们的一生。从古至今，我国流传下无数古语家训，“非淡泊无以明志，非宁静无以致远”，“由俭入奢易，由奢返俭难”，“学业才识，不日进，则日退”…修身齐家、立业处世，中国古代家训集萃↓转发学习！ ​		,人民日报,//weibo.com/2803301701/G3XaloaHy?refer_flag=1001030103_
集体行动; 2018-02-18; 1; 25,153,		七周年快乐 ​		,胡可,//weibo.com/1195381367/G3XpNpcaU?refer_flag=1001030103_
集体行动; 2018-02-18; 1; 25,154,		初五。 ​		,意匠id,//weibo.com/1686815607/G3Xbz2yNE?refer_flag=1001030103_
集体行动; 2018-02-18; 1; 25,155,		大年初五接財神，天上招財神獸下凡來。大家快來接財，接福，接招財神獸，結緣財神正能量，祈求一整年，貴人多多，財源多多，健康多多，業績多多，考分多多，桃花多多，旺旺多多，發發多多， ​		,塔羅星座艾菲爾老師,//weibo.com/1731285993/G3X6igoGu?refer_flag=1001030103_
集体行动; 2018-02-18; 1; 25,156,		我與喜鵲有約，一起初五迎財神。 ​		,刘若英,//weibo.com/1681213010/G3XlxyHgY?refer_flag=1001030103_
集体行动; 2018-02-18; 1; 25,157,		真正的五路财神 ​		,金融八卦女,//weibo.com/1154814715/G3Xh504cL?refer_flag=1001030103_
集体行动; 2018-02-18; 1; 25,158,		我與喜鵲有約，一起初五迎財神。 ​		,刘若英,//weibo.com/1681213010/G3XlxyHgY?refer_flag=1001030103_
集体行动; 2018-02-18; 1; 25,159,#易烊千玺2018陪你走过千里繁花# 易烊千玺 中戏哇崽崽今天考试要一切顺利哦@TFBOYS-易烊千玺 http://t.cn/RRDYU9x ​		,甜酸奶盖儿,//weibo.com/6231690492/G3XcQhpUR?refer_flag=1001030103_
集体行动; 2018-02-18; 1; 25,160,		初五。 ​		,意匠id,//weibo.com/1686815607/G3Xbz2yNE?refer_flag=1001030103_
集体行动; 2018-02-18; 1; 25,161,		七周年快乐 ​		,胡可,//weibo.com/1195381367/G3XpNpcaU?refer_flag=1001030103_
集体行动; 2018-02-18; 1; 25,162,		大年初五迎财神！财运满满！福气多多！ ​​​​		,Eleven11dream,//weibo.com/2673726341/G3Xcqf8cs?refer_flag=1001030103_
集体行动; 2018-02-18; 1; 25,163,		【收藏！中国古代家训集萃】小时候，我们 #牵妈妈的手#，学做人的道理，那些话或许朴素，却影响了我们的一生。从古至今，我国流传下无数古语家训，“非淡泊无以明志，非宁静无以致远”，“由俭入奢易，由奢返俭难”，“学业才识，不日进，则日退”…修身齐家、立业处世，中国古代家训集萃↓转发学习！ ​		,人民日报,//weibo.com/2803301701/G3XaloaHy?refer_flag=1001030103_
集体行动; 2018-02-18; 1; 25,164,		我與喜鵲有約，一起初五迎財神。 ​		,刘若英,//weibo.com/1681213010/G3XlxyHgY?refer_flag=1001030103_
集体行动; 2018-02-18; 1; 25,165,#易烊千玺2018陪你走过千里繁花# 易烊千玺 中戏哇崽崽今天考试要一切顺利哦@TFBOYS-易烊千玺 http://t.cn/RRDYU9x ​		,甜酸奶盖儿,//weibo.com/6231690492/G3XcQhpUR?refer_flag=1001030103_
集体行动; 2018-02-18; 1; 25,166,		七周年快乐 ​		,胡可,//weibo.com/1195381367/G3XpNpcaU?refer_flag=1001030103_
集体行动; 2018-02-18; 1; 25,167,		大年初五接財神，天上招財神獸下凡來。大家快來接財，接福，接招財神獸，結緣財神正能量，祈求一整年，貴人多多，財源多多，健康多多，業績多多，考分多多，桃花多多，旺旺多多，發發多多， ​		,塔羅星座艾菲爾老師,//weibo.com/1731285993/G3X6igoGu?refer_flag=1001030103_
集体行动; 2018-02-18; 1; 25,168,		七周年快乐 ​		,胡可,//weibo.com/1195381367/G3XpNpcaU?refer_flag=1001030103_
集体行动; 2018-02-18; 1; 25,169,		初五。 ​		,意匠id,//weibo.com/1686815607/G3Xbz2yNE?refer_flag=1001030103_
集体行动; 2018-02-18; 1; 25,170,		【收藏！中国古代家训集萃】小时候，我们 #牵妈妈的手#，学做人的道理，那些话或许朴素，却影响了我们的一生。从古至今，我国流传下无数古语家训，“非淡泊无以明志，非宁静无以致远”，“由俭入奢易，由奢返俭难”，“学业才识，不日进，则日退”…修身齐家、立业处世，中国古代家训集萃↓转发学习！ ​		,人民日报,//weibo.com/2803301701/G3XaloaHy?refer_flag=1001030103_
集体行动; 2018-02-18; 1; 25,171,		大年初五，送小人，迎福运！点赞纳福迎黄财神，狗年平安顺心，财源广进，福气满满！黄财神神咒：嗡，占巴拉，杂勒扎耶，唆哈！ ​		,Pandora占星小巫,//weibo.com/1655890975/G3XmkyKm3?refer_flag=1001030103_
集体行动; 2018-02-18; 1; 25,172,		我與喜鵲有約，一起初五迎財神。 ​		,刘若英,//weibo.com/1681213010/G3XlxyHgY?refer_flag=1001030103_
集体行动; 2018-02-18; 1; 25,173,		大年初五迎财神！财运满满！福气多多！ ​​​​		,Eleven11dream,//weibo.com/2673726341/G3Xcqf8cs?refer_flag=1001030103_
集体行动; 2018-02-18; 1; 25,174,		初五。 ​		,意匠id,//weibo.com/1686815607/G3Xbz2yNE?refer_flag=1001030103_
集体行动; 2018-02-18; 1; 25,175,#易烊千玺2018陪你走过千里繁花# 易烊千玺 中戏哇崽崽今天考试要一切顺利哦@TFBOYS-易烊千玺 http://t.cn/RRDYU9x ​		,甜酸奶盖儿,//weibo.com/6231690492/G3XcQhpUR?refer_flag=1001030103_
集体行动; 2018-02-18; 1; 25,176,		【收藏！中国古代家训集萃】小时候，我们 #牵妈妈的手#，学做人的道理，那些话或许朴素，却影响了我们的一生。从古至今，我国流传下无数古语家训，“非淡泊无以明志，非宁静无以致远”，“由俭入奢易，由奢返俭难”，“学业才识，不日进，则日退”…修身齐家、立业处世，中国古代家训集萃↓转发学习！ ​		,人民日报,//weibo.com/2803301701/G3XaloaHy?refer_flag=1001030103_
集体行动; 2018-02-18; 1; 25,177,		Excel 有哪些可能需要熟练掌握而很多人不会的技能？ ​​​​		,思想聚焦,//weibo.com/1742566624/G3XalqfXV?refer_flag=1001030103_
集体行动; 2018-02-18; 1; 25,178,		七周年快乐 ​		,胡可,//weibo.com/1195381367/G3XpNpcaU?refer_flag=1001030103_
集体行动; 2018-02-18; 1; 25,179,		大年初五迎财神！财运满满！福气多多！ ​​​​		,Eleven11dream,//weibo.com/2673726341/G3Xcqf8cs?refer_flag=1001030103_
集体行动; 2018-02-18; 1; 25,180,		大年初五，送小人，迎福运！点赞纳福迎黄财神，狗年平安顺心，财源广进，福气满满！黄财神神咒：嗡，占巴拉，杂勒扎耶，唆哈！ ​		,Pandora占星小巫,//weibo.com/1655890975/G3XmkyKm3?refer_flag=1001030103_
集体行动; 2018-02-18; 1; 25,181,		大年初五接財神，天上招財神獸下凡來。大家快來接財，接福，接招財神獸，結緣財神正能量，祈求一整年，貴人多多，財源多多，健康多多，業績多多，考分多多，桃花多多，旺旺多多，發發多多， ​		,塔羅星座艾菲爾老師,//weibo.com/1731285993/G3X6igoGu?refer_flag=1001030103_
集体行动; 2018-02-18; 1; 25,182,		真正的五路财神 ​		,金融八卦女,//weibo.com/1154814715/G3Xh504cL?refer_flag=1001030103_
集体行动; 2018-02-18; 1; 25,183,		大年初五接財神，天上招財神獸下凡來。大家快來接財，接福，接招財神獸，結緣財神正能量，祈求一整年，貴人多多，財源多多，健康多多，業績多多，考分多多，桃花多多，旺旺多多，發發多多， ​		,塔羅星座艾菲爾老師,//weibo.com/1731285993/G3X6igoGu?refer_flag=1001030103_
集体行动; 2018-02-18; 1; 25,184,		【收藏！中国古代家训集萃】小时候，我们 #牵妈妈的手#，学做人的道理，那些话或许朴素，却影响了我们的一生。从古至今，我国流传下无数古语家训，“非淡泊无以明志，非宁静无以致远”，“由俭入奢易，由奢返俭难”，“学业才识，不日进，则日退”…修身齐家、立业处世，中国古代家训集萃↓转发学习！ ​		,人民日报,//weibo.com/2803301701/G3XaloaHy?refer_flag=1001030103_
集体行动; 2018-02-18; 1; 25,185,#易烊千玺2018陪你走过千里繁花# 易烊千玺 中戏哇崽崽今天考试要一切顺利哦@TFBOYS-易烊千玺 http://t.cn/RRDYU9x ​		,甜酸奶盖儿,//weibo.com/6231690492/G3XcQhpUR?refer_flag=1001030103_
集体行动; 2018-02-18; 1; 25,186,		大年初五迎财神！财运满满！福气多多！ ​​​​		,Eleven11dream,//weibo.com/2673726341/G3Xcqf8cs?refer_flag=1001030103_
集体行动; 2018-02-18; 1; 25,187,		我與喜鵲有約，一起初五迎財神。 ​		,刘若英,//weibo.com/1681213010/G3XlxyHgY?refer_flag=1001030103_
集体行动; 2018-02-18; 1; 25,188,		大年初五迎财神！财运满满！福气多多！ ​​​​		,Eleven11dream,//weibo.com/2673726341/G3Xcqf8cs?refer_flag=1001030103_
集体行动; 2018-02-18; 1; 25,189,		【收藏！中国古代家训集萃】小时候，我们 #牵妈妈的手#，学做人的道理，那些话或许朴素，却影响了我们的一生。从古至今，我国流传下无数古语家训，“非淡泊无以明志，非宁静无以致远”，“由俭入奢易，由奢返俭难”，“学业才识，不日进，则日退”…修身齐家、立业处世，中国古代家训集萃↓转发学习！ ​		,人民日报,//weibo.com/2803301701/G3XaloaHy?refer_flag=1001030103_
集体行动; 2018-02-18; 1; 25,190,		初五。 ​		,意匠id,//weibo.com/1686815607/G3Xbz2yNE?refer_flag=1001030103_
集体行动; 2018-02-18; 1; 25,191,		大年初五接財神，天上招財神獸下凡來。大家快來接財，接福，接招財神獸，結緣財神正能量，祈求一整年，貴人多多，財源多多，健康多多，業績多多，考分多多，桃花多多，旺旺多多，發發多多， ​		,塔羅星座艾菲爾老師,//weibo.com/1731285993/G3X6igoGu?refer_flag=1001030103_
集体行动; 2018-02-18; 1; 25,192,		初五。 ​		,意匠id,//weibo.com/1686815607/G3Xbz2yNE?refer_flag=1001030103_
集体行动; 2018-02-18; 1; 25,193,		大年初五迎财神！财运满满！福气多多！ ​​​​		,Eleven11dream,//weibo.com/2673726341/G3Xcqf8cs?refer_flag=1001030103_
集体行动; 2018-02-18; 1; 25,194,		大年初五，送小人，迎福运！点赞纳福迎黄财神，狗年平安顺心，财源广进，福气满满！黄财神神咒：嗡，占巴拉，杂勒扎耶，唆哈！ ​		,Pandora占星小巫,//weibo.com/1655890975/G3XmkyKm3?refer_flag=1001030103_
集体行动; 2018-02-18; 1; 25,195,		我與喜鵲有約，一起初五迎財神。 ​		,刘若英,//weibo.com/1681213010/G3XlxyHgY?refer_flag=1001030103_
集体行动; 2018-02-18; 1; 25,196,		Excel 有哪些可能需要熟练掌握而很多人不会的技能？ ​​​​		,思想聚焦,//weibo.com/1742566624/G3XalqfXV?refer_flag=1001030103_
集体行动; 2018-02-18; 1; 25,197,		【收藏！中国古代家训集萃】小时候，我们 #牵妈妈的手#，学做人的道理，那些话或许朴素，却影响了我们的一生。从古至今，我国流传下无数古语家训，“非淡泊无以明志，非宁静无以致远”，“由俭入奢易，由奢返俭难”，“学业才识，不日进，则日退”…修身齐家、立业处世，中国古代家训集萃↓转发学习！ ​		,人民日报,//weibo.com/2803301701/G3XaloaHy?refer_flag=1001030103_
集体行动; 2018-02-18; 1; 25,198,		大年初五迎财神！财运满满！福气多多！ ​​​​		,Eleven11dream,//weibo.com/2673726341/G3Xcqf8cs?refer_flag=1001030103_
集体行动; 2018-02-18; 1; 25,199,		Excel 有哪些可能需要熟练掌握而很多人不会的技能？ ​​​​		,思想聚焦,//weibo.com/1742566624/G3XalqfXV?refer_flag=1001030103_
集体行动; 2018-02-18; 1; 25,200,		大年初五，送小人，迎福运！点赞纳福迎黄财神，狗年平安顺心，财源广进，福气满满！黄财神神咒：嗡，占巴拉，杂勒扎耶，唆哈！ ​		,Pandora占星小巫,//weibo.com/1655890975/G3XmkyKm3?refer_flag=1001030103_
集体行动; 2018-02-18; 1; 25,201,		我與喜鵲有約，一起初五迎財神。 ​		,刘若英,//weibo.com/1681213010/G3XlxyHgY?refer_flag=1001030103_
集体行动; 2018-02-18; 1; 25,202,#易烊千玺2018陪你走过千里繁花# 易烊千玺 中戏哇崽崽今天考试要一切顺利哦@TFBOYS-易烊千玺 http://t.cn/RRDYU9x ​		,甜酸奶盖儿,//weibo.com/6231690492/G3XcQhpUR?refer_flag=1001030103_
集体行动; 2018-02-18; 1; 25,203,		大年初五，送小人，迎福运！点赞纳福迎黄财神，狗年平安顺心，财源广进，福气满满！黄财神神咒：嗡，占巴拉，杂勒扎耶，唆哈！ ​		,Pandora占星小巫,//weibo.com/1655890975/G3XmkyKm3?refer_flag=1001030103_
集体行动; 2018-02-18; 1; 25,204,		七周年快乐 ​		,胡可,//weibo.com/1195381367/G3XpNpcaU?refer_flag=1001030103_
集体行动; 2018-02-18; 1; 25,205,		我與喜鵲有約，一起初五迎財神。 ​		,刘若英,//weibo.com/1681213010/G3XlxyHgY?refer_flag=1001030103_
集体行动; 2018-02-18; 1; 25,206,		【收藏！中国古代家训集萃】小时候，我们 #牵妈妈的手#，学做人的道理，那些话或许朴素，却影响了我们的一生。从古至今，我国流传下无数古语家训，“非淡泊无以明志，非宁静无以致远”，“由俭入奢易，由奢返俭难”，“学业才识，不日进，则日退”…修身齐家、立业处世，中国古代家训集萃↓转发学习！ ​		,人民日报,//weibo.com/2803301701/G3XaloaHy?refer_flag=1001030103_
集体行动; 2018-02-18; 1; 25,207,		大年初五迎财神！财运满满！福气多多！ ​​​​		,Eleven11dream,//weibo.com/2673726341/G3Xcqf8cs?refer_flag=1001030103_
集体行动; 2018-02-18; 1; 25,208,		我與喜鵲有約，一起初五迎財神。 ​		,刘若英,//weibo.com/1681213010/G3XlxyHgY?refer_flag=1001030103_
集体行动; 2018-02-18; 1; 25,209,		大年初五接財神，天上招財神獸下凡來。大家快來接財，接福，接招財神獸，結緣財神正能量，祈求一整年，貴人多多，財源多多，健康多多，業績多多，考分多多，桃花多多，旺旺多多，發發多多， ​		,塔羅星座艾菲爾老師,//weibo.com/1731285993/G3X6igoGu?refer_flag=1001030103_
集体行动; 2018-02-18; 1; 25,210,		初五。 ​		,意匠id,//weibo.com/1686815607/G3Xbz2yNE?refer_flag=1001030103_
集体行动; 2018-02-18; 1; 25,211,		真正的五路财神 ​		,金融八卦女,//weibo.com/1154814715/G3Xh504cL?refer_flag=1001030103_
集体行动; 2018-02-18; 1; 25,212,		真正的五路财神 ​		,金融八卦女,//weibo.com/1154814715/G3Xh504cL?refer_flag=1001030103_
集体行动; 2018-02-18; 1; 25,213,		七周年快乐 ​		,胡可,//weibo.com/1195381367/G3XpNpcaU?refer_flag=1001030103_
集体行动; 2018-02-18; 1; 25,214,		大年初五迎财神！财运满满！福气多多！ ​​​​		,Eleven11dream,//weibo.com/2673726341/G3Xcqf8cs?refer_flag=1001030103_
集体行动; 2018-02-18; 1; 25,215,		Excel 有哪些可能需要熟练掌握而很多人不会的技能？ ​​​​		,思想聚焦,//weibo.com/1742566624/G3XalqfXV?refer_flag=1001030103_
集体行动; 2018-02-18; 1; 25,216,#易烊千玺2018陪你走过千里繁花# 易烊千玺 中戏哇崽崽今天考试要一切顺利哦@TFBOYS-易烊千玺 http://t.cn/RRDYU9x ​		,甜酸奶盖儿,//weibo.com/6231690492/G3XcQhpUR?refer_flag=1001030103_
集体行动; 2018-02-18; 1; 25,217,#易烊千玺2018陪你走过千里繁花# 易烊千玺 中戏哇崽崽今天考试要一切顺利哦@TFBOYS-易烊千玺 http://t.cn/RRDYU9x ​		,甜酸奶盖儿,//weibo.com/6231690492/G3XcQhpUR?refer_flag=1001030103_
集体行动; 2018-02-18; 1; 25,218,		真正的五路财神 ​		,金融八卦女,//weibo.com/1154814715/G3Xh504cL?refer_flag=1001030103_
集体行动; 2018-02-18; 1; 25,219,		大年初五，送小人，迎福运！点赞纳福迎黄财神，狗年平安顺心，财源广进，福气满满！黄财神神咒：嗡，占巴拉，杂勒扎耶，唆哈！ ​		,Pandora占星小巫,//weibo.com/1655890975/G3XmkyKm3?refer_flag=1001030103_
集体行动; 2018-02-18; 1; 25,220,		七周年快乐 ​		,胡可,//weibo.com/1195381367/G3XpNpcaU?refer_flag=1001030103_
集体行动; 2018-02-18; 1; 25,221,		初五。 ​		,意匠id,//weibo.com/1686815607/G3Xbz2yNE?refer_flag=1001030103_
