query,Post ID,Post Content,nickname,link
反腐; 2018-02-19; 1; 10,1,		描上海反腐战士 ​		,烦心OC-O,//weibo.com/6044216856/G3TxAidY3?refer_flag=1001030103_
反腐; 2018-02-19; 1; 10,2,		【新闻敲诈的式微】对21世纪系的打击，官媒的自我审查，都说明了依靠新闻敲诈获取盈利再也不可能光明正大走下去了。今年上半年一家非常著名的杂志盈利才50万，若无各类活动支撑，早就办不下了。纸媒的衰败面临市场和反腐的双重夹击，媒体人除了转型、出走和创业别无他法。树倒猢狲散的场景迟早到来。 ​		,车小二的春天慕,//weibo.com/3533606074/G3Txw9Q3p?refer_flag=1001030103_
反腐; 2018-02-19; 1; 10,3,		我不建议支持女权的人，因为看不惯某个或者某类女性群体，就去粉仇女者的微博。有朋友以前为了反腐拉郎配就关注过骂腐女特别恶毒的微博，后来发现那些骂女人花样特别多不重样的微博，如果说对拜男女的仇恨指数是2，对女权就是10。除非你不搞女权，不然那种人哪怕不骚扰你，也有可能骚扰你的女权好友。 ​		,女权主义贴吧,//weibo.com/3238362920/G3TuM0dPs?refer_flag=1001030103_
反腐; 2018-02-19; 1; 10,4,@利剑反腐02 // //		,用户4335512088,//weibo.com/6342709718/Fs189v1DZ?refer_flag=1001030103_
反腐; 2018-02-19; 1; 10,5,	  自己画个图就是举报贪官的证据。一张过期的营业执照就是你违建合法仍的凭据。別装了。拆了你的违建收不了租金了。恼羞成怒骂政府沒用。你嘴上说的全是真的就去检察院吧。你是什么东西你自己还不知道。一个小混混倒处盖违建政府拆了。沒财路充当起反腐斗士了。毕雀德。茕茕而南行在网上狼狈为奸。发十个 ​		...展开全文c,NA,//weibo.com/6238767792/G3Tuq7tqJ?refer_flag=1001030103_
反腐; 2018-02-19; 1; 10,6,@利剑反腐02 /@天言001 // //@毕雀德 / 初爱国G 用: 毕雀德，茕茕而南行不要狼狈为奸仍狡辨了。		,用户4335512088,//weibo.com/6342709718/FFpDCus49?refer_flag=1001030103_
反腐; 2018-02-19; 1; 10,7,	  毕崔德，茕茕而南行你们的违建全拆了 ，收不着租金了好逸而劳的曰子沒了。神精错乱，幻觉出有人刀 ，枪，炮地追杀你就差说原子弹了吧？你那些不能自圆其说，自相矛盾的所谓你违建合法的证据。网民会看会分折，不要挑起网民对立，你说的一切不如放屁。拆你的违建，你说成了惊天大案？，网民就关注你了， ​		...展开全文c,NA,//weibo.com/6238767792/G3TuloqfN?refer_flag=1001030103_
反腐; 2018-02-19; 1; 10,8,#反腐～肃纪# #东锅说事# //@记者谈春平:#老谈说事# 孩子挺住不怕坏人 http://t.cn/RRDhND1,景洪东生,//weibo.com/2458371534/G3RnC29j5?refer_flag=1001030103_
反腐; 2018-02-19; 1; 10,9,#老谈说事# 孩子 我给你扩散 ​	,NA,//weibo.com/1807371273/G3TsYfq6u?refer_flag=1001030103_
反腐; 2018-02-19; 1; 10,10,		牛逼的女人，或者说只是单纯的逼牛的女人。。。厉害啊。。。。看来坊间传闻她是南京市委书记张敬华的小三，看来还是真的啊。。。 啧啧啧，小三反腐，牛逼牛逼。。鼓掌鼓掌，狗年第一案，可以从南京开始了		,蛋疼欲裂的快感,//weibo.com/6379022778/G3JGFwLsc?refer_flag=1001030103_
反腐; 2018-02-19; 1; 10,11,	  一个人，一座城！？@经典975DJ邓煌 ​	,NA,//weibo.com/1270594465/G3TrKkkRr?refer_flag=1001030103_
反腐; 2018-02-19; 1; 10,12,		一篇天文学术论，一篇地理学术论，一篇人文学术论，一篇反腐檄文，一篇关于成人制度改革的文章，一篇关于教育制度改革的文章，还有其他的一些文章，出售，15352768354 ​​​一个关于手机信息安全的app软件设计创意，一种纸牌，一些其他的创意，15352768354微信，手机都是 ​​​ ​			...展开全文c,故作非伟,//weibo.com/6483097733/G3TrdgmZV?refer_flag=1001030103_
反腐; 2018-02-19; 1; 10,13,"@闷得慌闲得慌:腐败分子遍地都是，查谁不查谁岂能由你我来定夺？否则……,你懂的。@大海_94036:访民没看见实效@道路以目时代:反腐要让人民群众确确实实地看到疗效！否则都是虚假广告！@yiyuanti:这么重要的腐败线索，组织都不追查，就不要拿反腐忽悠民众了！		",抢提包,//weibo.com/2801072800/FaCG3stSa?refer_flag=1001030103_
反腐; 2018-02-19; 1; 10,14,	  我在湖北省阳光信访--微信平台上举报的问题。即，襄阳监狱违规建房，襄阳规划局多次修改规划，房管局处罚购房人、而不是违建者。投诉至信访局，可惜，竟然1、将我投诉的问题转至随州市曾都区（图3）2、襄阳市规划局给我的回复是给别人的回复（图4）3、答非所问。反腐、正风成笑话！ ​​​	,NA,//weibo.com/2801072800/G3TpDtmPg?refer_flag=1001030103_
反腐; 2018-02-19; 1; 10,15,		警惕披着年俗外衣的“四风”--反腐倡廉-人民网 （分享自 @人民网） http://t.cn/RRd07bH ​		,杜校王应平,//weibo.com/6023810520/G3TpyEO8w?refer_flag=1001030103_
反腐; 2018-02-19; 1; 10,16,反腐倡廉人人有责!清除党内败类!,快乐科普人,//weibo.com/6471000656/G2QdrsWNf?refer_flag=1001030103_
反腐; 2018-02-19; 1; 10,17,	  我王燕茹原银行职员现实名举报原扬州采购科科长黄宇道德败坏，行凶打人，家庭巨额财产来源不明，婚后上班时间利用财政局身份多次开房，态度恶劣，气焰嚣张，打击报复实名举报人@清风扬州 ​	,NA,//weibo.com/2394514663/G3Tp8Ekey?refer_flag=1001030103_
反腐; 2018-02-19; 1; 10,18,		为什么会有人说米2反腐？一人之下本来就不是腐漫啊，二叔基本还是比较热爱配bg的吧，九九里好几对啊，不过cp嗑法还是仁者见仁智者见智吧，兄弟情画的好嗑嗑bl也ok的，九九我就嗑过策瑜。 ​		,世界第一魔术师殿下,//weibo.com/5215599294/G3Timxnn6?refer_flag=1001030103_
反腐; 2018-02-19; 1; 10,19,		//@曾文泉1:这个视频是实名举报福建省南安市(官商勾结)强占荷楼村集体耕地(160)多亩。其商业价值十几个亿，被新浪多次锁住，是新浪得人钱财以人消灾呢?还是地产商后台硬。希望新浪支持中央反腐。谢谢！		,曾文泉2,//weibo.com/5908936776/F6hEqBDOu?refer_flag=1001030103_
反腐; 2018-02-19; 1; 10,20,	  分享视频 http://t.cn/RSSQRtT ​	,NA,//weibo.com/5908936776/G3TieuXkU?refer_flag=1001030103_
反腐; 2018-02-19; 1; 10,21,		昨天英国《金融时报》有一句话一针见血：“现在在中国连说一句要求官员财产公示都可能被抓去坐牢，还谈什么反腐？” http://t.cn/RJ2D8Qr ​		,肖恩Penn,//weibo.com/2699429695/G3TibxBS0?refer_flag=1001030103_
反腐; 2018-02-19; 1; 10,22,		群众监督、制度反腐在政治和司法清明时无疑是起作用的。但在群腐、吏治糜烂时还能起作用吗？！媒体、网络反腐也如此，因为贪腐的官吏虽然不能左右中央，但却能支配任地、周边(邻近协防)、上一级(乃为其提拔)甚至两级(关系)，故反腐企望常法不过是抱薪救火，要真正实现政治清明吏治清廉必须引进新的机制		,曾文泉2,//weibo.com/5392982119/FdHgozdUp?refer_flag=1001030103_
反腐; 2018-02-19; 1; 10,23,	  分享视频 http://t.cn/RKDWlfp ​	,NA,//weibo.com/5908936776/G3ThSDacw?refer_flag=1001030103_
反腐; 2018-02-19; 1; 10,24,		//@Laruence:反腐还是要靠窝里斗啊//@Easy://@不知霜舞哀伤udspj: 23333//@ShiningRay://@leotso:Repost		,巴西小熊,//weibo.com/1432458327/G3vuF1NGU?refer_flag=1001030103_
反腐; 2018-02-19; 1; 10,25,	  【实名举报，一定转】“我是王燕茹，女，32岁，扬州中行员工，现实名举报原扬州市国资委主任，中共党员黄道龙（65岁）和其子扬州市资源交易中心政府采购科科长、中共党员黄宇（36岁），拥有来历不明的房产、珠宝、书画、成套的红木家具、豪华轿车及大量的银行卡和现金，资产高达几千万。” ​	,NA,//weibo.com/2231392252/G3Thpo5CW?refer_flag=1001030103_
反腐; 2018-02-19; 1; 10,26,		有动真就微博反腐更有效，每个基层腐败都逃不掉群众眼睛，网民揭发。但改府有关部门网警，天天在找微博反腐删贴，这就是根本性有保护仐地方保护主义，也是不希望平民反腐，也缺少制度反腐，最大的无能胆小媒体不作为，没胆量站在前面吹号角，而是马后炮！存在家丑不能外传，一切受党政府指令去做什么。		,曾文泉2,//weibo.com/5392982119/FdHgozdUp?refer_flag=1001030103_
反腐; 2018-02-19; 1; 10,27,	  分享视频 http://t.cn/RKDWlfp ​	,NA,//weibo.com/5908936776/G3Th8h6td?refer_flag=1001030103_
反腐; 2018-02-19; 1; 10,28,		//@寒草莫默:权力唯我独尊便是恶。//@很好看哦: @演员蔡明宇:→_→//@向上游的鱼V:文章最后“唯一能真正肃贪的路，就只有法治一条路”这个结论并不完全准确。腐败源自公权力不受限制，没有监督，所以唯有分权制衡，确保没有任何人和机构能够掌握绝对的权力，这才是真正的反腐肃贪之道。		,邵立88,//weibo.com/6403339793/G3PFczVAh?refer_flag=1001030103_
反腐; 2018-02-19; 1; 10,29,	  【朱元璋铁腕治贪为何贪官越杀越多？】#逸事拾遗# 煞费苦心想缔造一个至纯至清的全新王朝的朱元璋，最终无奈地发出绝世悲叹：“我欲除贪赃官吏，奈何朝杀而暮犯？”#驴言片语# 为什么满朝文武“擢用之时，并效忠良，任用既久，俱系奸贪”呢？ http://t.cn/RRgXazq ​	,NA,//weibo.com/2870157313/G3Tezziop?refer_flag=1001030103_
反腐; 2018-02-19; 1; 10,30,		【新闻敲诈的式微】对21世纪系的打击，官媒的自我审查，都说明了依靠新闻敲诈获取盈利再也不可能光明正大走下去了。今年上半年一家非常著名的杂志盈利才50万，若无各类活动支撑，早就办不下了。纸媒的衰败面临市场和反腐的双重夹击，媒体人除了转型、出走和创业别无他法。树倒猢狲散的场景迟早到来。 ​		,Abandon-吸血鬼,//weibo.com/5723696146/G3Td8k2lk?refer_flag=1001030103_
反腐; 2018-02-19; 1; 10,31,		//@演员蔡明宇:→_→//@向上游的鱼V:文章最后“唯一能真正肃贪的路，就只有法治一条路”这个结论并不完全准确。腐败源自公权力不受限制，没有监督，所以唯有分权制衡，确保没有任何人和机构能够掌握绝对的权力，这才是真正的反腐肃贪之道。		,山河倒流-,//weibo.com/6403339793/G3PFczVAh?refer_flag=1001030103_
反腐; 2018-02-19; 1; 10,32,	  【朱元璋铁腕治贪为何贪官越杀越多？】#逸事拾遗# 煞费苦心想缔造一个至纯至清的全新王朝的朱元璋，最终无奈地发出绝世悲叹：“我欲除贪赃官吏，奈何朝杀而暮犯？”#驴言片语# 为什么满朝文武“擢用之时，并效忠良，任用既久，俱系奸贪”呢？ http://t.cn/RRgXazq ​	,NA,//weibo.com/6342327277/G3Tb4FgBT?refer_flag=1001030103_
反腐; 2018-02-19; 1; 10,33,		证祷——调抵挡力（140）：主啊： 和谐透明，恩公救命，反和必败，反腐必胜！ 实验成功，是演戏吗？在认识上“童言无忌”！ 代入“概括包括”实验，好感？反感？活物有感！ 主啊： 虚拟变回忆，...文字版>> http://t.cn/RResi6I （新浪长微博>> http://t.cn/zOXAaic） ​		,慈柔力,//weibo.com/6187797172/G3TaqypLq?refer_flag=1001030103_
反腐; 2018-02-19; 1; 10,34,		“一个冤案会毁掉一个人的一生、毁掉一个家庭，执法司法中万分之一的失误，对当事人就是百分之百的伤害。”无论党纪还是国法，是绝对不允许这些办案人员，打着反腐旗号公然炮制冤假错案的。@三门峡市法院 @义马市法院,24条受害者河南矿工,//weibo.com/1831059072/G3T783PW2?refer_flag=1001030103_
反腐; 2018-02-19; 1; 10,35,	  【来信｜除夕夜思】“一名法官，如果明知亲人遭遇冤案，自己倾尽全力却无法制止冤案的形成，那损害的不仅是我个人对法治的信仰，更损害的是公平正义的司法公信力，是司法之殇。” http://t.cn/RRerya4 ​​​	,NA,//weibo.com/1231317233/G3TaahSsx?refer_flag=1001030103_
反腐; 2018-02-19; 1; 10,36,		发表了博文《证祷——调抵挡力（140）》主啊：和谐透明，恩公救命，反和必败，反腐必胜！实验成功，是演戏吗？在认识上“童言无忌”！代入“概括包括”实验，好感？反感？活物有感！主啊：虚拟变回忆，在认识历程http://t.cn/RResPSv ​		,慈柔力,//weibo.com/6187797172/G3T98pimY?refer_flag=1001030103_
反腐; 2018-02-19; 1; 10,37,		沙特经济最近不大好，又反腐来又解禁，无非想刺激经济。上次我朝债务危机的时候发行了地方债，结果越发越惨，如果这次过不去，希望别开放什么吃喝嫖赌的营生来创收吧。		,再次改个用户名,//weibo.com/1960785875/G3PjFxB7o?refer_flag=1001030103_
反腐; 2018-02-19; 1; 10,38,	  【沙特：未经男性监护人同意 女性可开办企业】继女性被允许驾车、到现场看球、获得参选投票权、有望在餐饮行业工作后，沙特阿拉伯进一步放宽对当地女性的活动限制。据《每日电讯报》2月18日报道，沙特政府宣布，未经男性监护人允许，沙特女性也可获得批准开办个人企业。http://t.cn/RRgPu4H ​	,NA,//weibo.com/2972155964/G3T8IoN0h?refer_flag=1001030103_
反腐; 2018-02-19; 1; 10,39,		【新闻敲诈的式微】对21世纪系的打击，官媒的自我审查，都说明了依靠新闻敲诈获取盈利再也不可能光明正大走下去了。今年上半年一家非常著名的杂志盈利才50万，若无各类活动支撑，早就办不下了。纸媒的衰败面临市场和反腐的双重夹击，媒体人除了转型、出走和创业别无他法。树倒猢狲散的场景迟早到来。 ​		,gongyangxinjie375,//weibo.com/5838941558/G3T4Pi5qw?refer_flag=1001030103_
反腐; 2018-02-19; 1; 10,40,		//@热血秋歌:其一，由皇权独揽到高度集权，真正起作用的不是法治而是人治。其二，严格吏治的实施，并不是为以法治国，而是权力斗争需要。其三，反腐缺乏标本兼治，一味酷刑严律，只能是前“捕”后继。		,李春明CN,//weibo.com/6403339793/G3PFczVAh?refer_flag=1001030103_
反腐; 2018-02-19; 1; 10,41,	  【朱元璋铁腕治贪为何贪官越杀越多？】#逸事拾遗# 煞费苦心想缔造一个至纯至清的全新王朝的朱元璋，最终无奈地发出绝世悲叹：“我欲除贪赃官吏，奈何朝杀而暮犯？”#驴言片语# 为什么满朝文武“擢用之时，并效忠良，任用既久，俱系奸贪”呢？ http://t.cn/RRgXazq ​	,NA,//weibo.com/1458347467/G3T4KCgjp?refer_flag=1001030103_
反腐; 2018-02-19; 1; 10,42,		【新闻敲诈的式微】对21世纪系的打击，官媒的自我审查，都说明了依靠新闻敲诈获取盈利再也不可能光明正大走下去了。今年上半年一家非常著名的杂志盈利才50万，若无各类活动支撑，早就办不下了。纸媒的衰败面临市场和反腐的双重夹击，媒体人除了转型、出走和创业别无他法。树倒猢狲散的场景迟早到来。 ​		,K歌最轻松,//weibo.com/2867374504/G3T2i9pq8?refer_flag=1001030103_
反腐; 2018-02-19; 1; 10,43,		建议中央反腐从山东开始！抓一批贪官污吏，为山东人民造福！		,老猫20120226,//weibo.com/1638782947/G3SwL7X5V?refer_flag=1001030103_
反腐; 2018-02-19; 1; 10,44,	  【皇明集团董事长黄鸣实名举报德州市委书记懒政不作为】“中国太阳能产业化第一人”实名举报德州市委书记懒政不作为。从举报内容可以看出，皇明集团董事长黄鸣称德州市委书记陈勇新官不理旧政，许诺给企业的土地不兑现。http://t.cn/RReTYCY ​	,NA,//weibo.com/1471763790/G3T1ZaiLK?refer_flag=1001030103_
反腐; 2018-02-19; 1; 10,45,#嘉兴身边事#【问责158人，查处履职尽责不力问题104起！2017海宁正风反腐大数据出炉！】2017年，海宁全市共查处履职尽责不力问题104起，问责158人，其中科（局）级领导干部15人。严格责任追究，对履行主体责任不力的7个单位实行“一案双查”，共问责19人。组织开展违规收受“三礼”和违规公款购买消费 ​			...展开全文c,更嘉兴,//weibo.com/6242911632/G3SZYca9Z?refer_flag=1001030103_
反腐; 2018-02-19; 1; 10,46,		//@维护正义声讨腐败: 《 百姓身边依然腐 》 年年反腐年年腐、 百姓身边依然腐， 中央反腐声音在、 上海反腐行动慢。 司法鉴定来造假， 右腿开刀鉴左腿。 实名举报无人理， 证据确凿不立案。 逐级信访到中央， 层层转发回原地。 上下齐心共推诿，官官相护护罪犯。		,腐底揪心,//weibo.com/3968275838/BdcpDrmBk?refer_flag=1001030103_
反腐; 2018-02-19; 1; 10,47,"	  评论 @维护正义讨伐腐败 的博文 【2014年06月23日】： ""//@斜眠: 警匪合污演双簧，谝人没商量；脑残白痴造伪证，左右都不清。//@上海杨浦: 程志龙、程俊碰瓷诈骗团伙勾结腐警李洪国将2011年5月31日新华医院头颅CT和2011l年6..."" 查看原文： http://t.cn/RvYQeql ​	",NA,//weibo.com/6119144976/G3SZw80R1?refer_flag=1001030103_
反腐; 2018-02-19; 1; 10,48,		科学上网昨天观摩了各路人士对Redick“新年祝福”张口结舌的看法今天从HK那边听闻前任领导成员疑被反腐牵连 ​		,对2018多一点付出,//weibo.com/1935608783/G3SZfyJpI?refer_flag=1001030103_
反腐; 2018-02-19; 1; 10,49,		【新闻敲诈的式微】对21世纪系的打击，官媒的自我审查，都说明了依靠新闻敲诈获取盈利再也不可能光明正大走下去了。今年上半年一家非常著名的杂志盈利才50万，若无各类活动支撑，早就办不下了。纸媒的衰败面临市场和反腐的双重夹击，媒体人除了转型、出走和创业别无他法。树倒猢狲散的场景迟早到来。 ​		,zihun的小窝,//weibo.com/1800349542/G3SYt7Fbk?refer_flag=1001030103_
反腐; 2018-02-19; 1; 10,50,		当今的反腐已演变为借反腐之名排除异己，循私枉法打击报复。依法治国在枉法者手中已破坏殆尽，司法腐败不除冤错案不止，冤民访民遍地国无宁日！@政法网络舆情@正义网@中国人权网@紫光阁@人民网舆情监测室@国家廉政网@法制晚报 @江苏镇江吴青龙冤案@仲兆庶律师@CCTV今日说法@CCTV焦点访谈@参考消息,八十八岁的老同志,//weibo.com/3841604334/G3eYYjpKB?refer_flag=1001030103_
反腐; 2018-02-19; 1; 10,51,	  新年来临之际，祝镇江检察院制造冤假错案俞波涛一伙报应在即，全家死光光！ ​	,NA,//weibo.com/6379582190/G3SYitBvb?refer_flag=1001030103_
反腐; 2018-02-19; 1; 10,52,		《 百姓身边依然腐 》 年年反腐年年腐、 百姓身边依然腐， 中央反腐声音在、 上海反腐行动慢。 司法鉴定来造假， 右腿开刀鉴左腿。 实名举报无人理， 证据确凿不立案。 逐级信访到中央， 层层转发回原地。 上下齐心共推诿，官官相护护罪犯。//@沈阳林民的事://@上海杨浦检察://@警民直通车-杨浦,维护正义声讨腐败,//weibo.com/3968275838/FBL2MrMvy?refer_flag=1001030103_
反腐; 2018-02-19; 1; 10,53,#上海爆料#《上海警方司法鉴定造假、警匪合作敲诈无人敢管》2011年5月31日上海市杨浦区控江四村63号102室程金涛、程志龙碰瓷诈骗团伙寻衅滋事扔物、打人，勾结腐败警察李洪国、贪赃法医俞谦銘、胡斌暐、陈新司法鉴定造假，程志龙右腿开刀、鉴定左腿，把陈旧性骨折鉴定成“新伤”敲诈被害人6万5000元。 ​		...展开全文c,NA,//weibo.com/3968275838/G3SXMyg3z?refer_flag=1001030103_
反腐; 2018-02-19; 1; 10,54,		//@股市石桥://@六国虹://@林起:儿媳妇也成反腐利器了。//@一叶知秋足彩:@林起 @人民日报 //@林建楊:右边是举报者本尊。这是最新情况，大家有问题也可以问她。//@王燕茹实名举报：我是本人，现在黄宇停职了，他爸还没有处理。		,努力减肥的鑫姐,//weibo.com/1432458327/G3vuF1NGU?refer_flag=1001030103_
反腐; 2018-02-19; 1; 10,55,	  【实名举报，一定转】“我是王燕茹，女，32岁，扬州中行员工，现实名举报原扬州市国资委主任，中共党员黄道龙（65岁）和其子扬州市资源交易中心政府采购科科长、中共党员黄宇（36岁），拥有来历不明的房产、珠宝、书画、成套的红木家具、豪华轿车及大量的银行卡和现金，资产高达几千万。” ​	,NA,//weibo.com/1822273504/G3SXeAKeR?refer_flag=1001030103_
反腐; 2018-02-19; 1; 10,56,		《 百姓身边依然腐 》 年年反腐年年腐、 百姓身边依然腐， 中央反腐声音在、 上海反腐行动慢。 司法鉴定来造假， 右腿开刀鉴左腿。 实名举报无人理， 证据确凿不立案。 逐级信访到中央， 层层转发回原地。 上下齐心共推诿，官官相护护罪犯。		,维护正义声讨腐败,//weibo.com/3968275838/BdcpDrmBk?refer_flag=1001030103_
反腐; 2018-02-19; 1; 10,57,"	  评论 @维护正义讨伐腐败 的博文 【2014年06月23日】： ""//@斜眠: 警匪合污演双簧，谝人没商量；脑残白痴造伪证，左右都不清。//@上海杨浦: 程志龙、程俊碰瓷诈骗团伙勾结腐警李洪国将2011年5月31日新华医院头颅CT和2011l年6..."" 查看原文： http://t.cn/RvYQeql ​	",NA,//weibo.com/3968275838/G3SWaFmqo?refer_flag=1001030103_
反腐; 2018-02-19; 1; 10,58,		《 百姓身边依然腐 》 年年反腐年年腐、 百姓身边依然腐， 中央反腐声音在、 上海反腐行动慢。 司法鉴定来造假， 右腿开刀鉴左腿。 实名举报无人理， 证据确凿不立案。 逐级信访到中央， 层层转发回原地。 上下齐心共推诿，官官相护护罪犯。//@廉洁上海：//@清风上海,维护正义声讨腐败,//weibo.com/3968275838/BdcpDrmBk?refer_flag=1001030103_
反腐; 2018-02-19; 1; 10,59,"	  评论 @维护正义讨伐腐败 的博文 【2014年06月23日】： ""//@斜眠: 警匪合污演双簧，谝人没商量；脑残白痴造伪证，左右都不清。//@上海杨浦: 程志龙、程俊碰瓷诈骗团伙勾结腐警李洪国将2011年5月31日新华医院头颅CT和2011l年6..."" 查看原文： http://t.cn/RvYQeql ​	",NA,//weibo.com/3968275838/G3SVUtidT?refer_flag=1001030103_
反腐; 2018-02-19; 1; 10,60,@依法治国反腐永远在路上://@胡海连：//://@拿不起法律武器的我们://@校园暴力事件://@戳轮胎A://@胡海连://@浪迹天涯母子的悲伤:///@胡海连://@四海为家的母子://@社会温暖官员残暴123://@正义的春天在哪里517: /@你们比窦娥冤://@碧海云天728://@许法成_西安://@云南山歌88://@被承包的,用户6400723722,//weibo.com/5902302543/FCWMc773o?refer_flag=1001030103_
反腐; 2018-02-19; 1; 10,61,#人民监督论坛#辽宁省大连市沙河口区(邵学科)的儿子(张峻宁6岁）系大连市沙河口区绿波小学一年二班学生，2011年4月14日在校被班级同学，桑梓航，姜明镇，刘瑞临，在操场殴打颈椎寰枢椎半脱位，至今天天颈椎疼，身体多处疼痛，迷糊，摔跤，晚上睡觉经常被口水呛醒，打呼噜，神经抽动恶梦，流鼻血大小便 ​		...展开全文c,NA,//weibo.com/6400723722/G3SVmaCnO?refer_flag=1001030103_
反腐; 2018-02-19; 1; 10,62,		//@四川遂宁六月飞雪825: 这样的城市也能入围全国文明城市，不知道是对反腐不作为的鼓励还是对文明城市的讽刺？！		,四川遂宁六月飞雪825,//weibo.com/5921070478/E9Ip2BgFS?refer_flag=1001030103_
反腐; 2018-02-19; 1; 10,63,	  发布了头条文章：《为什么四川遂宁的法院司法就这么任性呢？》 http://t.cn/RcHCcEf ​	,NA,//weibo.com/5921070478/G3SSe1riZ?refer_flag=1001030103_
反腐; 2018-02-19; 1; 10,64,		违法耕地肯定要回收的，去北京折腾没用。地方林业局都为难，国家林业局不会体谅，结局肯定是哪个局收缴不力哪个局换血；谁惹的麻烦谁背锅，终身问责；最好谁也别提损失的“地税”退不退，能不追缴这些年违法占地所得就不错了，相当于蹲监狱开工资。为什么军队反腐，为什么中央集权，为什么媒体管制越来 ​			...展开全文c,做人就得田新宇一点儿,//weibo.com/1961623427/G3SPlgQxL?refer_flag=1001030103_
反腐; 2018-02-19; 1; 10,65,		【新闻敲诈的式微】对21世纪系的打击，官媒的自我审查，都说明了依靠新闻敲诈获取盈利再也不可能光明正大走下去了。今年上半年一家非常著名的杂志盈利才50万，若无各类活动支撑，早就办不下了。纸媒的衰败面临市场和反腐的双重夹击，媒体人除了转型、出走和创业别无他法。树倒猢狲散的场景迟早到来。 ​		,香山飞雪10匡,//weibo.com/3583898567/G3SNvecw9?refer_flag=1001030103_
反腐; 2018-02-19; 1; 10,66,		几年前，茶马古道纪念活动到了高潮，普洱茶疯了，一斤几十万。转过年来，烂了大街。产地的古树都没人要了。又过了两年，听说有人去抄底，买下了很多古树。现在价格又飚起来了。几年前，反腐倡廉活动，台风一般扫过。奢侈品茅台酒没人敢喝了。价格降到了六百多。京东敞开供货。现在，又疯了。拿着钱都 ​			...展开全文c,昌平渔夫王增森,//weibo.com/1022963360/G3SNfy64x?refer_flag=1001030103_
反腐; 2018-02-19; 1; 10,67,		我分享了 @07魏克燕反腐敢死队队员 的头条文章 http://t.cn/RYC8iqc ​		,寻求i正义,//weibo.com/5644041408/G3SLnpdCV?refer_flag=1001030103_
反腐; 2018-02-19; 1; 10,68,@寒草莫默:权力唯我独尊便是恶。@很好看哦: @吐槽爆料哥:@演员蔡明宇:→_→@向上游的鱼V:文章最后“唯一能真正肃贪的路，就只有法治一条路”这个结论并不完全准确。腐败源自公权力不受限制，没有监督，所以唯有分权制衡，确保没有任何人和机构能够掌握绝对的权力，这才是真正的反腐肃贪之道。		,快活林杂谈,//weibo.com/6403339793/G3PFczVAh?refer_flag=1001030103_
反腐; 2018-02-19; 1; 10,69,	  【朱元璋铁腕治贪为何贪官越杀越多？】#逸事拾遗# 煞费苦心想缔造一个至纯至清的全新王朝的朱元璋，最终无奈地发出绝世悲叹：“我欲除贪赃官吏，奈何朝杀而暮犯？”#驴言片语# 为什么满朝文武“擢用之时，并效忠良，任用既久，俱系奸贪”呢？ http://t.cn/RRgXazq ​	,NA,//weibo.com/2854991941/G3SJZnW88?refer_flag=1001030103_
反腐; 2018-02-19; 1; 10,70,		//@眉中王: →_→//@佛山纺织染色师傅霸者007:李开腹还在中国各地演讲，这种反共反中的货为什么在中国这么有市场？反腐不仅在经济上，政治上更要反腐，反须把党内与李开腹勾结的人全部纠出来。		,中华儿女2_2,//weibo.com/2811244260/G3FG69d6P?refer_flag=1001030103_
反腐; 2018-02-19; 1; 10,71,	  他是特洛伊木马、诺基亚噩梦，外来的和尚好坑爹。2010年，诺基亚聘微软业务部总裁埃洛普，担任执行总裁兼CEO，这一年，诺基亚手机份额是30%。埃洛普上任后，全球裁减员工，引进美国高管，挑起内部争斗，全面与微软合作。2013年，诺基亚份额降至18%，2014年，微软成功收购诺基亚，之后埃洛普重返微软。 ​	,NA,//weibo.com/3748188542/G3SHzyrqu?refer_flag=1001030103_
反腐; 2018-02-19; 1; 10,72,		//@企鵝大暴走://@很好看哦://@吐槽爆料哥://@演员蔡明宇:→_→//@向上游的鱼V:文章最后“唯一能真正肃贪的路，就只有法治一条路”这个结论并不完全准确。腐败源自公权力不受限制，没有监督，所以唯有分权制衡，确保没有任何人和机构能够掌握绝对的权力，这才是真正的反腐肃贪之道。		,股爵士,//weibo.com/6403339793/G3PFczVAh?refer_flag=1001030103_
反腐; 2018-02-19; 1; 10,73,	  【朱元璋铁腕治贪为何贪官越杀越多？】#逸事拾遗# 煞费苦心想缔造一个至纯至清的全新王朝的朱元璋，最终无奈地发出绝世悲叹：“我欲除贪赃官吏，奈何朝杀而暮犯？”#驴言片语# 为什么满朝文武“擢用之时，并效忠良，任用既久，俱系奸贪”呢？ http://t.cn/RRgXazq ​	,NA,//weibo.com/3441474232/G3SEVyYts?refer_flag=1001030103_
反腐; 2018-02-19; 1; 10,74,		【新闻敲诈的式微】对21世纪系的打击，官媒的自我审查，都说明了依靠新闻敲诈获取盈利再也不可能光明正大走下去了。今年上半年一家非常著名的杂志盈利才50万，若无各类活动支撑，早就办不下了。纸媒的衰败面临市场和反腐的双重夹击，媒体人除了转型、出走和创业别无他法。树倒猢狲散的场景迟早到来。 ​		,小二上菜小二上zx2,//weibo.com/6328041019/G3SErtFiT?refer_flag=1001030103_
反腐; 2018-02-19; 1; 10,75,		//@驴行天下10:→_→//@向上游的鱼V:文章最后“唯一能真正肃贪的路，就只有法治一条路”这个结论并不完全准确。腐败源自公权力不受限制，没有监督，所以唯有分权制衡，确保没有任何人和机构能够掌握绝对的权力，这才是真正的反腐肃贪之道。		,达眼明,//weibo.com/6403339793/G3PFczVAh?refer_flag=1001030103_
反腐; 2018-02-19; 1; 10,76,	  【朱元璋铁腕治贪为何贪官越杀越多？】#逸事拾遗# 煞费苦心想缔造一个至纯至清的全新王朝的朱元璋，最终无奈地发出绝世悲叹：“我欲除贪赃官吏，奈何朝杀而暮犯？”#驴言片语# 为什么满朝文武“擢用之时，并效忠良，任用既久，俱系奸贪”呢？ http://t.cn/RRgXazq ​	,NA,//weibo.com/2900163357/G3SE0kelz?refer_flag=1001030103_
反腐; 2018-02-19; 1; 10,77,		//@很好看哦://@吐槽爆料哥://@演员蔡明宇:→_→//@向上游的鱼V:文章最后“唯一能真正肃贪的路，就只有法治一条路”这个结论并不完全准确。腐败源自公权力不受限制，没有监督，所以唯有分权制衡，确保没有任何人和机构能够掌握绝对的权力，这才是真正的反腐肃贪之道。		,红叶火竖,//weibo.com/6403339793/G3PFczVAh?refer_flag=1001030103_
反腐; 2018-02-19; 1; 10,78,	  【朱元璋铁腕治贪为何贪官越杀越多？】#逸事拾遗# 煞费苦心想缔造一个至纯至清的全新王朝的朱元璋，最终无奈地发出绝世悲叹：“我欲除贪赃官吏，奈何朝杀而暮犯？”#驴言片语# 为什么满朝文武“擢用之时，并效忠良，任用既久，俱系奸贪”呢？ http://t.cn/RRgXazq ​	,NA,//weibo.com/6296012463/G3SBi7hDS?refer_flag=1001030103_
反腐; 2018-02-19; 1; 10,79,@寒草莫默:权力唯我独尊便是恶。//@很好看哦: //@吐槽爆料哥://@演员蔡明宇:→_→//@向上游的鱼V:文章最后“唯一能真正肃贪的路，就只有法治一条路”这个结论并不完全准确。腐败源自公权力不受限制，没有监督，所以唯有分权制衡，确保没有任何人和机构能够掌握绝对的权力，这才是真正的反腐肃贪之道。		,rockwall,//weibo.com/6403339793/G3PFczVAh?refer_flag=1001030103_
反腐; 2018-02-19; 1; 10,80,	  【朱元璋铁腕治贪为何贪官越杀越多？】#逸事拾遗# 煞费苦心想缔造一个至纯至清的全新王朝的朱元璋，最终无奈地发出绝世悲叹：“我欲除贪赃官吏，奈何朝杀而暮犯？”#驴言片语# 为什么满朝文武“擢用之时，并效忠良，任用既久，俱系奸贪”呢？ http://t.cn/RRgXazq ​	,NA,//weibo.com/1237295175/G3SAQFJxT?refer_flag=1001030103_
反腐; 2018-02-19; 1; 10,81,"		无锡法官腐败透顶，执法犯法，收此杀人凶手朱静芬几十万贿赂〈证据，由法制报记者交江苏省政法委〉。无锡法官和党中央唱对台戏，公然对抗党中央""有腐必惩，反腐永远在路上""的决策，袒护腐败，庇护恐怖残暴杀人凶手！违纪违法，对抗法律，不执行省检察院抗，不执行最高院督办组亲临无锡法院督办此案重审		",用户6312834748,//weibo.com/6312834748/FF3JIpv3Z?refer_flag=1001030103_
反腐; 2018-02-19; 1; 10,82,	  分享视频 http://t.cn/RxguGYv http://t.cn/RQ9ST7Z ​	,NA,//weibo.com/6312834748/G3SzVDxYM?refer_flag=1001030103_
反腐; 2018-02-19; 1; 10,83,		//@眉中王:→_→//@佛山纺织染色师傅霸者007:李开腹还在中国各地演讲，这种反共反中的货为什么在中国这么有市场？反腐不仅在经济上，政治上更要反腐，反须把党内与李开腹勾结的人全部纠出来。		,晚霞留辉,//weibo.com/2811244260/G3FG69d6P?refer_flag=1001030103_
反腐; 2018-02-19; 1; 10,84,	  他是特洛伊木马、诺基亚噩梦，外来的和尚好坑爹。2010年，诺基亚聘微软业务部总裁埃洛普，担任执行总裁兼CEO，这一年，诺基亚手机份额是30%。埃洛普上任后，全球裁减员工，引进美国高管，挑起内部争斗，全面与微软合作。2013年，诺基亚份额降至18%，2014年，微软成功收购诺基亚，之后埃洛普重返微软。 ​	,NA,//weibo.com/2907303431/G3Sz4caie?refer_flag=1001030103_
反腐; 2018-02-19; 1; 10,85,		“反腐不应该反职工福利”坚决支持！怎么每次好事挨不到，坏事每次都是老百姓跟着受牵连。。。 ​		,别致--情绪的海角,//weibo.com/6448590192/G3SyACQEO?refer_flag=1001030103_
反腐; 2018-02-19; 1; 10,86,		 //@热血秋歌:其一，由皇权独揽到高度集权，真正起作用的不是法治而是人治。其二，严格吏治的实施，并不是为以法治国，而是权力斗争需要。其三，反腐缺乏标本兼治，一味酷刑严律，只能是前“捕”后继。		,chaofengu,//weibo.com/6403339793/G3PFczVAh?refer_flag=1001030103_
反腐; 2018-02-19; 1; 10,87,	  【朱元璋铁腕治贪为何贪官越杀越多？】#逸事拾遗# 煞费苦心想缔造一个至纯至清的全新王朝的朱元璋，最终无奈地发出绝世悲叹：“我欲除贪赃官吏，奈何朝杀而暮犯？”#驴言片语# 为什么满朝文武“擢用之时，并效忠良，任用既久，俱系奸贪”呢？ http://t.cn/RRgXazq ​	,NA,//weibo.com/5453848131/G3SubyyLm?refer_flag=1001030103_
反腐; 2018-02-19; 1; 10,88,		【新闻敲诈的式微】对21世纪系的打击，官媒的自我审查，都说明了依靠新闻敲诈获取盈利再也不可能光明正大走下去了。今年上半年一家非常著名的杂志盈利才50万，若无各类活动支撑，早就办不下了。纸媒的衰败面临市场和反腐的双重夹击，媒体人除了转型、出走和创业别无他法。树倒猢狲散的场景迟早到来。 ​		,Cshine的马甲曙,//weibo.com/3610891261/G3StQiEFK?refer_flag=1001030103_
反腐; 2018-02-19; 1; 10,89,		实名举报人个个都是反腐英雄。全社会都应支持。 //@黒姐: //@实名举报人陈春薷: //@营口冤案3: 转发微博		,实名举报人陈春薷,//weibo.com/3860805947/Fr40d9MmL?refer_flag=1001030103_
反腐; 2018-02-19; 1; 10,90,	  讲述 http://t.cn/RODYN3U ​	,NA,//weibo.com/2739425691/G3StPpmwI?refer_flag=1001030103_
反腐; 2018-02-19; 1; 10,91,@民生新闻调查评论网:有很多驻京办在京行贿官员，截访或者非法关押进京上访人员。百姓遇到的问题如果在当地能够得到解决，为啥要到北京去上访呢？傻子都明白的道理，难道官员们不明白？贪污腐败、执法犯法，让信访百姓的维权之路难上加难。希望反腐之剑早日斩断腐败的黑手，让信访的百姓早日拨云见日		,07一2,//weibo.com/3942029945/FiRwK0JUr?refer_flag=1001030103_
反腐; 2018-02-19; 1; 10,92,	  我发表了头条文章:《反贪腐 反迫害 (修改版)》 http://t.cn/RCnv0wu http://t.cn/R2WJ0Tr ​	,NA,//weibo.com/6199945317/G3Sthpj1p?refer_flag=1001030103_
反腐; 2018-02-19; 1; 10,93,@07魏克燕反腐敢死队队员:反腐维权的访民还有出头之日吗？！//@511678aa:比打鬼子要难百倍！//@07魏克燕反腐敢死队队员: 难道比打鬼子还难吗？//@郁垒002:冤案的推动，是持久战，是背水一战!//@郁垒002:反迫害，反贪腐——和党中央高度一致呀！//@公益大使20171012:转发微博		,07一2,//weibo.com/3942029945/FiRwK0JUr?refer_flag=1001030103_
反腐; 2018-02-19; 1; 10,94,	  我发表了头条文章:《反贪腐 反迫害 (修改版)》 http://t.cn/RCnv0wu http://t.cn/R2WJ0Tr ​	,NA,//weibo.com/6199945317/G3St76zGe?refer_flag=1001030103_
反腐; 2018-02-19; 1; 10,95,		权力唯我独尊便是恶。//@很好看哦: //@吐槽爆料哥://@演员蔡明宇:→_→//@向上游的鱼V:文章最后“唯一能真正肃贪的路，就只有法治一条路”这个结论并不完全准确。腐败源自公权力不受限制，没有监督，所以唯有分权制衡，确保没有任何人和机构能够掌握绝对的权力，这才是真正的反腐肃贪之道。		,寒草莫默,//weibo.com/6403339793/G3PFczVAh?refer_flag=1001030103_
反腐; 2018-02-19; 1; 10,96,	  【朱元璋铁腕治贪为何贪官越杀越多？】#逸事拾遗# 煞费苦心想缔造一个至纯至清的全新王朝的朱元璋，最终无奈地发出绝世悲叹：“我欲除贪赃官吏，奈何朝杀而暮犯？”#驴言片语# 为什么满朝文武“擢用之时，并效忠良，任用既久，俱系奸贪”呢？ http://t.cn/RRgXazq ​	,NA,//weibo.com/3003217555/G3SqtDMH3?refer_flag=1001030103_
反腐; 2018-02-19; 1; 10,97,@紫光阁#紫光阁反腐##紫光阁社评##紫光阁独家##国家赔偿行政诉讼##国家监察委员会##盘点2017##微党课##平安北京# #案件微播报##人民日报##国家公务员##山东公务员##法治中国##法律##新闻##头条##2017城市记忆# 丧失人性，泯灭党性！胆大妄为，胡作非为的流氓无赖！以人民的名义，要求政府，严惩罪犯！		,淄博内幕新闻,//weibo.com/6375051228/G2fBRvN5F?refer_flag=1001030103_
反腐; 2018-02-19; 1; 10,98,#首都警务报道##实事警务传真##警务创客·强警惠民##国内警务要闻##警务实战##警务动态##中国警务新闻##百姓警务室##公安##警察##警察·说#『实名举报：职务侵占罪罪行滔天，经侦“不予立案”_淄博内幕新闻』http://t.cn/RW1Qql2 ​​​	,NA,//weibo.com/5893679918/G3Sq41VWz?refer_flag=1001030103_
反腐; 2018-02-19; 1; 10,99,@紫光阁#紫光阁反腐##紫光阁社评##紫光阁独家##国家赔偿行政诉讼##国家监察委员会##盘点2017##微党课##平安北京# #案件微播报##人民日报##国家公务员##山东公务员##法治中国##法律##新闻##头条##2017城市记忆# 丧失人性，泯灭党性！胆大妄为，胡作非为的流氓无赖！以人民的名义，要求政府，严惩罪犯！		,淄博内幕新闻,//weibo.com/6400654123/G1J3MvwOH?refer_flag=1001030103_
反腐; 2018-02-19; 1; 10,100,#警方通报##公安新闻##案件微播报##人民日报# @人民日报 @检察日报 @南方周末 @CCTV焦点访谈 @CCTV今日说法 @人民的名义官微 @人民公安报总编室 @CCTV看点 @法制网 @法制晚报 @民主与法制网官方 @央视新闻 @中央人民广播电台@人民公安报@山东省公安厅经侦总队 @人民网山东频道 @山东警务督察    ​		...展开全文c,NA,//weibo.com/5893679918/G3SpYor8n?refer_flag=1001030103_
反腐; 2018-02-19; 1; 10,101,@紫光阁#紫光阁反腐##紫光阁社评##紫光阁独家##国家赔偿行政诉讼##国家监察委员会##盘点2017##微党课##平安北京# #案件微播报##人民日报##国家公务员##山东公务员##法治中国##法律##新闻##头条##2017城市记忆# 丧失人性，泯灭党性！胆大妄为，胡作非为的流氓无赖！以人民的名义，要求政府，严惩罪犯！		,淄博内幕新闻,//weibo.com/6400654123/FvYofhn8x?refer_flag=1001030103_
反腐; 2018-02-19; 1; 10,102,http://t.cn/RWNmIXlhttp://t.cn/RIetAXr ​​​http://t.cn/Rp4BFJ3 ​​​	,NA,//weibo.com/5893679918/G3SpVnUW9?refer_flag=1001030103_
反腐; 2018-02-19; 1; 10,103,@紫光阁#紫光阁反腐##紫光阁社评##紫光阁独家##国家赔偿行政诉讼##国家监察委员会##盘点2017##微党课##平安北京# #案件微播报##人民日报##国家公务员##山东公务员##法治中国##法律##新闻##头条##2017城市记忆# 丧失人性，泯灭党性！胆大妄为，胡作非为的流氓无赖！以人民的名义，要求政府，严惩罪犯！		,淄博内幕新闻,//weibo.com/6400654123/FvceGcbLj?refer_flag=1001030103_
反腐; 2018-02-19; 1; 10,104,#公安新闻##案件微播报##人民日报# @人民日报 @检察日报 @南方周末 @CCTV焦点访谈 @CCTV今日说法 @人民的名义官微 @人民公安报总编室 @CCTV看点 @法制网 @法制晚报 @民主与法制网官方 @央视新闻 @中央人民广播电台@人民公安报@山东省公安厅经侦总队 @人民网山东频道 @山东警务督察     ​		...展开全文c,NA,//weibo.com/5893679918/G3SpTlPvD?refer_flag=1001030103_
反腐; 2018-02-19; 1; 10,105,@紫光阁#紫光阁反腐##紫光阁社评##紫光阁独家##国家赔偿行政诉讼##国家监察委员会##盘点2017##微党课##平安北京# #案件微播报##人民日报##国家公务员##山东公务员##法治中国##法律##新闻##头条##2017城市记忆# 丧失人性，泯灭党性！胆大妄为，胡作非为的流氓无赖！以人民的名义，要求政府，严惩罪犯！		,淄博内幕新闻,//weibo.com/6400654123/Fvcemlja4?refer_flag=1001030103_
反腐; 2018-02-19; 1; 10,106,#公安新闻##案件微播报##人民日报# @人民日报 @检察日报 @南方周末 @CCTV焦点访谈 @CCTV今日说法 @人民的名义官微 @人民公安报总编室 @CCTV看点 @法制网 @法制晚报 @民主与法制网官方 @央视新闻 @中央人民广播电台@人民公安报@山东省公安厅经侦总队 @人民网山东频道 @山东警务督察     ​		...展开全文c,NA,//weibo.com/5893679918/G3SpQl5sp?refer_flag=1001030103_
反腐; 2018-02-19; 1; 10,107,@紫光阁#紫光阁反腐##紫光阁社评##紫光阁独家##国家赔偿行政诉讼##国家监察委员会##盘点2017##微党课##平安北京# #案件微播报##人民日报##国家公务员##山东公务员##法治中国##法律##新闻##头条##2017城市记忆# 丧失人性，泯灭党性！胆大妄为，胡作非为的流氓无赖！以人民的名义，要求政府，严惩罪犯！		,淄博内幕新闻,//weibo.com/2748538993/EBhn2372H?refer_flag=1001030103_
反腐; 2018-02-19; 1; 10,108,#万象##感动中国##新闻##淄博新鲜事##2017两会##今日热点##视野#要求政府，严惩罪犯！！！史上最牛！淄博博山牛B党员欺男霸女，谋夺他人巨额财产，《焦裕禄故里的毒苍蝇 》山东省淄博市博山区党员干部残害残疾人！ http://t.cn/RxpNMjm ​​​ http://t.cn/RiABQ2p http://t.cn/RJZbt5d ​​​『民众 ​		...展开全文c,NA,//weibo.com/5893679918/G3SpI8nVr?refer_flag=1001030103_
反腐; 2018-02-19; 1; 10,109,@紫光阁#紫光阁反腐##紫光阁社评##紫光阁独家##国家赔偿行政诉讼##国家监察委员会##盘点2017##微党课##平安北京# #案件微播报##人民日报##国家公务员##山东公务员##法治中国##法律##新闻##头条##2017城市记忆# 丧失人性，泯灭党性！胆大妄为，胡作非为的流氓无赖！以人民的名义，要求政府，严惩罪犯！		,淄博内幕新闻,//weibo.com/2748538993/EBhnlfEVI?refer_flag=1001030103_
反腐; 2018-02-19; 1; 10,110,	  分享自正义律师法制 《民众版的“王宝强和马蓉事件”》 - ... (来自 @头条博客) - http://t.cn/RJGOSAh ​​​『山东省淄博市博山区党员干部残害残疾人！谋夺他人巨额财产！(转载) -天涯社区』http://t.cn/Rxh07vI 『马上被删，速看！_淄博内幕新闻』http://t.cn/RJL4Wtp ​​​	,NA,//weibo.com/5893679918/G3SpCfgdO?refer_flag=1001030103_
反腐; 2018-02-19; 1; 10,111,@紫光阁#紫光阁反腐##紫光阁社评##紫光阁独家##国家赔偿行政诉讼##国家监察委员会##盘点2017##微党课##平安北京# #案件微播报##人民日报##国家公务员##山东公务员##法治中国##法律##新闻##头条##2017城市记忆# 丧失人性，泯灭党性！胆大妄为，胡作非为的流氓无赖！以人民的名义，要求政府，严惩罪犯！		,淄博内幕新闻,//weibo.com/2748538993/EBhnunSPL?refer_flag=1001030103_
反腐; 2018-02-19; 1; 10,112,	  焦裕禄故里的毒苍蝇 山东省淄博市博山区党员干部残害残疾人！谋夺他人巨额财产！(转载) http://t.cn/RxpNMjm ​​​ http://t.cn/RJZbt5d ​​​『民众版的“王宝强和马蓉事件”_凤凰财经』http://t.cn/RIetAXr ​​​  http://t.cn/RJugfak ​​​	,NA,//weibo.com/5893679918/G3SpAb1u1?refer_flag=1001030103_
反腐; 2018-02-19; 1; 10,113,		//@道路以目时代:旧的冤假错案还没有系统纠正，大量的上访群众还在苦苦呐喊，新的冤假错案又被制造出来了。//@迟夙生律师工作室: 博主大号何时解禁？ //@新面包树:一定是真正的腐败分子栽赃廉洁的人。//@假装大律师:反腐成了冤案重灾区		,111111asd在行动,//weibo.com/1782415244/EuDkcpTe0?refer_flag=1001030103_
反腐; 2018-02-19; 1; 10,114,	  到重庆长寿，为涉嫌受贿的孔祥文辩护，今天上午到法院交手续、阅卷，下午会见，孔祥文大呼冤枉。晚上住长寿古镇，篝火广场舞热闹非凡，朋友说孔祥文为长寿建设做了很大贡献，古镇就是时任长寿区开投公司董事长孔祥文引进建设的。@重庆孔祥文冤案 ​	,NA,//weibo.com/6014391960/G3SpA756e?refer_flag=1001030103_
反腐; 2018-02-19; 1; 10,115,@紫光阁#紫光阁反腐##紫光阁社评##紫光阁独家##国家赔偿行政诉讼##国家监察委员会##盘点2017##微党课##平安北京# #案件微播报##人民日报##国家公务员##山东公务员##法治中国##法律##新闻##头条##2017城市记忆# 丧失人性，泯灭党性！胆大妄为，胡作非为的流氓无赖！以人民的名义，要求政府，严惩罪犯！		,淄博内幕新闻,//weibo.com/2748538993/EBhLWidSk?refer_flag=1001030103_
反腐; 2018-02-19; 1; 10,116,#万象##感动中国##新闻##淄博新鲜事##2017两会##今日热点##视野#要求政府，严惩罪犯！！！史上最牛！淄博博山牛B党员欺男霸女，谋夺他人巨额财产，《焦裕禄故里的毒苍蝇 》山东省淄博市博山区党员干部残害残疾人！ http://t.cn/RxpNMjm ​​​ http://t.cn/RiABQ2p http://t.cn/RJZbt5d ​​​『民众 ​		...展开全文c,NA,//weibo.com/5893679918/G3Spx9zLb?refer_flag=1001030103_
反腐; 2018-02-19; 1; 10,117,@紫光阁#紫光阁反腐##紫光阁社评##紫光阁独家##国家赔偿行政诉讼##国家监察委员会##盘点2017##微党课##平安北京# #案件微播报##人民日报##国家公务员##山东公务员##法治中国##法律##新闻##头条##2017城市记忆# 丧失人性，泯灭党性！胆大妄为，胡作非为的流氓无赖！以人民的名义，要求政府，严惩罪犯！		,淄博内幕新闻,//weibo.com/2748538993/EBhMgCmNj?refer_flag=1001030103_
反腐; 2018-02-19; 1; 10,118,	  分享自正义律师法制 《民众版的“王宝强和马蓉事件”》 - ... (来自 @头条博客) - http://t.cn/RJGOSAh ​​​『山东省淄博市博山区党员干部残害残疾人！谋夺他人巨额财产！(转载) -天涯社区』http://t.cn/Rxh07vI 『马上被删，速看！_淄博内幕新闻』http://t.cn/RJL4Wtp ​​​	,NA,//weibo.com/5893679918/G3Sprxic6?refer_flag=1001030103_
反腐; 2018-02-19; 1; 10,119,@紫光阁#紫光阁反腐##紫光阁社评##紫光阁独家##国家赔偿行政诉讼##国家监察委员会##盘点2017##微党课##平安北京# #案件微播报##人民日报##国家公务员##山东公务员##法治中国##法律##新闻##头条##2017城市记忆# 丧失人性，泯灭党性！胆大妄为，胡作非为的流氓无赖！以人民的名义，要求政府，严惩罪犯！		,淄博内幕新闻,//weibo.com/2748538993/EBhMr1jYm?refer_flag=1001030103_
反腐; 2018-02-19; 1; 10,120,	  焦裕禄故里的毒苍蝇 山东省淄博市博山区党员干部残害残疾人！谋夺他人巨额财产！(转载) http://t.cn/RxpNMjm ​​​ http://t.cn/RJZbt5d ​​​『民众版的“王宝强和马蓉事件”_凤凰财经』http://t.cn/RIetAXr ​​​  http://t.cn/RJugfak ​​​	,NA,//weibo.com/5893679918/G3Sppbs23?refer_flag=1001030103_
反腐; 2018-02-19; 1; 10,121,@紫光阁#紫光阁反腐##紫光阁社评##紫光阁独家##国家赔偿行政诉讼##国家监察委员会##盘点2017##微党课##平安北京# #案件微播报##人民日报##国家公务员##山东公务员##法治中国##法律##新闻##头条##2017城市记忆# 丧失人性，泯灭党性！胆大妄为，胡作非为的流氓无赖！以人民的名义，要求政府，严惩罪犯！		,淄博内幕新闻,//weibo.com/2748538993/EBiaSg5B6?refer_flag=1001030103_
反腐; 2018-02-19; 1; 10,122,#万象##感动中国##新闻##淄博新鲜事##2017两会##今日热点##视野#要求政府，严惩罪犯！！！史上最牛！淄博博山牛B党员欺男霸女，谋夺他人巨额财产，《焦裕禄故里的毒苍蝇 》山东省淄博市博山区党员干部残害残疾人！ http://t.cn/RxpNMjm ​​​ http://t.cn/RiABQ2p http://t.cn/RJZbt5d ​​​『民众 ​		...展开全文c,NA,//weibo.com/5893679918/G3SpmwkUa?refer_flag=1001030103_
反腐; 2018-02-19; 1; 10,123,@紫光阁#紫光阁反腐##紫光阁社评##紫光阁独家##国家赔偿行政诉讼##国家监察委员会##盘点2017##微党课##平安北京# #案件微播报##人民日报##国家公务员##山东公务员##法治中国##法律##新闻##头条##2017城市记忆# 丧失人性，泯灭党性！胆大妄为，胡作非为的流氓无赖！以人民的名义，要求政府，严惩罪犯！		,淄博内幕新闻,//weibo.com/2748538993/EBiba27Js?refer_flag=1001030103_
反腐; 2018-02-19; 1; 10,124,	  分享自正义律师法制 《民众版的“王宝强和马蓉事件”》 - ... (来自 @头条博客) - http://t.cn/RJGOSAh ​​​『山东省淄博市博山区党员干部残害残疾人！谋夺他人巨额财产！(转载) -天涯社区』http://t.cn/Rxh07vI 『马上被删，速看！_淄博内幕新闻』http://t.cn/RJL4Wtp ​​​	,NA,//weibo.com/5893679918/G3Spi7ipE?refer_flag=1001030103_
反腐; 2018-02-19; 1; 10,125,@紫光阁#紫光阁反腐##紫光阁社评##紫光阁独家##国家赔偿行政诉讼##国家监察委员会##盘点2017##微党课##平安北京# #案件微播报##人民日报##国家公务员##山东公务员##法治中国##法律##新闻##头条##2017城市记忆# 丧失人性，泯灭党性！胆大妄为，胡作非为的流氓无赖！以人民的名义，要求政府，严惩罪犯！		,淄博内幕新闻,//weibo.com/2748538993/EBibhnDxC?refer_flag=1001030103_
反腐; 2018-02-19; 1; 10,126,	  焦裕禄故里的毒苍蝇 山东省淄博市博山区党员干部残害残疾人！谋夺他人巨额财产！(转载) http://t.cn/RxpNMjm ​​​ http://t.cn/RJZbt5d ​​​『民众版的“王宝强和马蓉事件”_凤凰财经』http://t.cn/RIetAXr ​​​  http://t.cn/RJugfak ​​​	,NA,//weibo.com/5893679918/G3SpftlEW?refer_flag=1001030103_
反腐; 2018-02-19; 1; 10,127,		//@道路以目时代:旧的冤假错案还没有系统纠正，大量的上访群众还在苦苦呐喊，新的冤假错案又被制造出来了。//@迟夙生律师工作室: 博主大号何时解禁？ //@新面包树:一定是真正的腐败分子栽赃廉洁的人。//@假装大律师:反腐成了冤案重灾区		,好人福报199109,//weibo.com/1782415244/EuDkcpTe0?refer_flag=1001030103_
反腐; 2018-02-19; 1; 10,128,	  到重庆长寿，为涉嫌受贿的孔祥文辩护，今天上午到法院交手续、阅卷，下午会见，孔祥文大呼冤枉。晚上住长寿古镇，篝火广场舞热闹非凡，朋友说孔祥文为长寿建设做了很大贡献，古镇就是时任长寿区开投公司董事长孔祥文引进建设的。@重庆孔祥文冤案 ​	,NA,//weibo.com/6237834578/G3Spbhou8?refer_flag=1001030103_
