query,Post ID,Post Content,nickname,link
污染; 2018-02-19; 1; 10,1,		//@DragonKnight_G字反黑组:广场被污染，大家转赞评好的微博上精选，点赞评论转发这条,养猪达人KJY,//weibo.com/2667414910/G3OeUADYX?refer_flag=1001030103_
污染; 2018-02-19; 1; 10,2,#权志龙##鸡涌是宝宝# 一笑就是小括弧心都酥了真是乖崽崽啊又是只爱你的一天@GDRAGON_OFFICIAL ​	,NA,//weibo.com/5591659819/G3PhCryuM?refer_flag=1001030103_
污染; 2018-02-19; 1; 10,3,		每过一次春节就是中国传统文化中腐朽糟粕部分的一次大泛滥！各种装神弄鬼，各种污染空气，朝拜各种泥像，各种花招（摇钱树等）破坏环境，各种厚颜无耻的讨财要钱，令人极度生厌！ ​		,天方白小俊,//weibo.com/1840123335/G3PhvETXL?refer_flag=1001030103_
污染; 2018-02-19; 1; 10,4,		2018年2月19日主要城市空气污染排行：邯郸419，邢台412，临汾411，衡水404，安阳379，石家庄320，焦作250，洛阳239，唐山203，长治203，保定193，乌鲁木齐188，秦皇岛186，我们的秦皇岛处于中度污染区，让我们低碳出行，共同保护身边的环境和不可再生资源！ ​		,新浪河北秦皇岛,//weibo.com/3270787893/G3Phry1bR?refer_flag=1001030103_
污染; 2018-02-19; 1; 10,5,		【14.9】无菌包装，三重防护有效过滤，人体工学设计，更贴服，随身携带，防止二次污染。赠运费险，购物无忧！拍两盒送一盒！多色可选！ 领劵链接请查看评论~ ​		,优惠分享叔,//weibo.com/6064244177/G3PhnFPyS?refer_flag=1001030103_
污染; 2018-02-19; 1; 10,6,		轻度污染,一切皆有定论,//weibo.com/1401055392/G3PeKj6yq?refer_flag=1001030103_
污染; 2018-02-19; 1; 10,7,	  看看这个污染图，你，在哪里？ ​	,NA,//weibo.com/2130308625/G3Phjk6Il?refer_flag=1001030103_
污染; 2018-02-19; 1; 10,8,		江门市空气质量预报日期： 2018年 2 月 19日预报：20日，本地区空气质量以良为主，首要污染物为PM2.5或NO2；21-22日，本地区空气质量为优到良，首要污染物为PM2.5或NO2。 ​		,江门环保,//weibo.com/5339178090/G3PhdDCNW?refer_flag=1001030103_
污染; 2018-02-19; 1; 10,9,		诽谤别人、无论是从材质上还是廓型上。这一季也不乏新颖有趣的包款，先污染了自己的嘴巴；就象含血喷人：如果是玩味时尚的达人[5] ​		,鹿鹿_红尘,//weibo.com/3969135336/G3PhbxQrA?refer_flag=1001030103_
污染; 2018-02-19; 1; 10,10,		2月19日9时我市4个国控点空气质量指数（AQI）为42-54。2月18日，我市4个国控点空气质量指数（AQI）均值为53，等级为良，首要污染物为PM2.5。 ​		,江门环保,//weibo.com/5339178090/G3Ph4tDO7?refer_flag=1001030103_
污染; 2018-02-19; 1; 10,11,		//@DragonKnight_G字反黑组:广场被污染，大家转赞评好的微博上精选，点赞评论转发这条,云扫荡,//weibo.com/2667414910/G3OeUADYX?refer_flag=1001030103_
污染; 2018-02-19; 1; 10,12,#权志龙##鸡涌是宝宝# 一笑就是小括弧心都酥了真是乖崽崽啊又是只爱你的一天@GDRAGON_OFFICIAL ​	,NA,//weibo.com/5923114255/G3Ph35dNV?refer_flag=1001030103_
污染; 2018-02-19; 1; 10,13,		乖龙龙啊//@DragonKnight_G字反黑组:广场被污染，大家转赞评好的微博上精选，点赞评论转发这条,七七莉和G先生的烈酒,//weibo.com/2667414910/G3OeUADYX?refer_flag=1001030103_
污染; 2018-02-19; 1; 10,14,#权志龙##鸡涌是宝宝# 一笑就是小括弧心都酥了真是乖崽崽啊又是只爱你的一天@GDRAGON_OFFICIAL ​	,NA,//weibo.com/5785118059/G3PgRv2Un?refer_flag=1001030103_
污染; 2018-02-19; 1; 10,15,		小孩的红包父母可以没收吗？我觉得应该！案例1有一个孩子有了压岁钱他就去村里头的小卖部买鞭炮，在制造环境污染，应严打击；案例2还是那个小孩子有了压岁钱自己不节制挥霍，拿去找其他朋友赌博，从小养成坏习惯，长大了沉迷赌博，前途没了，家庭还能幸福吗？案例3世界那么大，生活情况也差之千里，小 ​			...展开全文c,顾夏的香浓脆排骨面,//weibo.com/2499780780/G3PgQ1uzo?refer_flag=1001030103_
污染; 2018-02-19; 1; 10,16,		//@DragonKnight_G字反黑组:广场被污染，大家转赞评好的微博上精选，点赞评论转发这条,ooGrn8,//weibo.com/2667414910/G3OeUADYX?refer_flag=1001030103_
污染; 2018-02-19; 1; 10,17,#权志龙##鸡涌是宝宝# 一笑就是小括弧心都酥了真是乖崽崽啊又是只爱你的一天@GDRAGON_OFFICIAL ​	,NA,//weibo.com/5265143046/G3PgJunJ4?refer_flag=1001030103_
污染; 2018-02-19; 1; 10,18,		【溏心鸡蛋好不好】溏心鸡蛋的口感让很多人着迷，但这种吃法好吗？鸡蛋易受细菌污染，常见的致病菌是沙门氏菌。鸡蛋制品加热到71℃以上后，沙门氏菌基本被剿灭，蛋黄也凝固了，但如果蛋黄处于“溏心”状态，就无法有效灭菌。 ​		,孤独萦绕珍贵,//weibo.com/6115176764/G3PgHt0db?refer_flag=1001030103_
污染; 2018-02-19; 1; 10,19,		(英)培根：“一次不公正的司法判决，其恶果甚于十次犯罪，因为犯罪只是弄脏了一支水流，而错误的司法判决则是污染了整个水源。” ​		,没谱微博,//weibo.com/1494813740/G3PgDkos9?refer_flag=1001030103_
污染; 2018-02-19; 1; 10,20,		白领4招防办公室污染①多通风勤打扫；②摆放绿色植物；③养成良好办公习惯；④饮食调节，多吃“三抗食物”GHF458：抗粉尘吃鸡、鸭、猪血，抗金属食用牛奶、豆腐，抗辐射多吃海带等蔬菜。 ​		,神雕小磊,//weibo.com/6435160755/G3PgzdRqH?refer_flag=1001030103_
污染; 2018-02-19; 1; 10,21,"		【孩子吃水果不能代替蔬菜】很多宝宝爱吃水果,但不爱吃蔬菜,但水果不能代替蔬菜.蔬菜比一般水果含矿物盐(如钙磷钾等)多;鲜菜含维生素C,胡萝卜素等维生素也要比水果多若干倍.蔬菜的膳食纤维也比水果多.多吃蔬菜还可防便秘,并有防癌作用.多吃新鲜绿色无污染的蔬菜,吃出健康好宝宝。 ​		",票cyljcyx方,//weibo.com/6154822525/G3Pgu8rTp?refer_flag=1001030103_
污染; 2018-02-19; 1; 10,22,		【高考生物】#生态环境# 1、 不仅在生物群落内部，而且生物群落与无机环境之间也存在负反馈调节。2、全球性生态环境问题主要包括全球气候变化、水资源短缺、臭氧层破坏、酸雨、土地荒漠化、海洋污染或生物多样性锐减等。 3、营养生殖能使后代保持亲本的性状。 ​		,爱学习learning,//weibo.com/5517428145/G3PgrcK3u?refer_flag=1001030103_
污染; 2018-02-19; 1; 10,23,		//@DragonKnight_G字反黑组:广场被污染，大家转赞评好的微博上精选，点赞评论转发这条,Swaggy-GD,//weibo.com/2667414910/G3OeUADYX?refer_flag=1001030103_
污染; 2018-02-19; 1; 10,24,#权志龙##鸡涌是宝宝# 一笑就是小括弧心都酥了真是乖崽崽啊又是只爱你的一天@GDRAGON_OFFICIAL ​	,NA,//weibo.com/5295149424/G3PggwzNE?refer_flag=1001030103_
污染; 2018-02-19; 1; 10,25,		【高考化学】#化学与生活#1、污染大气气体：SO2、CO、NO2、NO，其中SO2、NO2形成酸雨。环境污染：大气污染、水污染、土壤污染、食品污染、固体废弃物污染、噪声污染。工业三废：废渣、废水、废气。|【爱学习】... ​		,爱学习出品,//weibo.com/5578531737/G3Pg23TmR?refer_flag=1001030103_
污染; 2018-02-19; 1; 10,26,		看看这个污染图，你，在哪里？ ​		,王冲,//weibo.com/1401055392/G3PeKj6yq?refer_flag=1001030103_
污染; 2018-02-19; 1; 10,27,		//@DragonKnight_G字反黑组:广场被污染，大家转赞评好的微博上精选，点赞评论转发这条,巨星2020,//weibo.com/2667414910/G3OeUADYX?refer_flag=1001030103_
污染; 2018-02-19; 1; 10,28,#权志龙##鸡涌是宝宝# 一笑就是小括弧心都酥了真是乖崽崽啊又是只爱你的一天@GDRAGON_OFFICIAL ​	,NA,//weibo.com/5269059070/G3PeJnU51?refer_flag=1001030103_
污染; 2018-02-19; 1; 10,29,#临沂实时空气质量# 2月19日12时，临沂市AQI指数59，首要污染物PM10。 ​		,临沂环境监测,//weibo.com/5144676082/G3PeIe4vE?refer_flag=1001030103_
污染; 2018-02-19; 1; 10,30,@首都网警 @微博客服 登上首页污染我心灵，救救孩子//@nzdhhkamca:@首都网警 @微博客服 您好，这位po主在微博写淫秽色情文章，作为微博用户，正好浏览到文章感觉很不适，请给予解决，给广大微博（未成年微博用户）用户呈现文明干净的社交空间		,予予baek,//weibo.com/2535885851/G3KsN86jR?refer_flag=1001030103_
污染; 2018-02-19; 1; 10,31,	  赶尽杀绝是不是很有意思？你们看文的时候看得那么开心，回踩的时候也踩得那么用力。写手写她们的故事，却活的那么不容易。取悦的是你们，受伤的还是自己。无论是贴吧还是毒唯都那么了不起？一群打着毒唯旗号的白嫖总在肆意妄为地批判别人，明明自己才是最不干活的人。我问心无愧，我追星，买专辑 ​		...展开全文c,NA,//weibo.com/6357619132/G3PernIzc?refer_flag=1001030103_
污染; 2018-02-19; 1; 10,32,		【眼药水开瓶4周就得扔】眼药水的“保鲜期”只有4周。眼科医生提醒，眼药水包装上的保质期通常指未开封的状态，一旦开封使用，如4周内未用完，应立即丢弃。眼药水开封后，保存环境发生了改变，药效会逐渐减弱；在使用时药液还可能被空气中的微生物污染，带来健康隐患。 ​		,庾片迫庾亚印,//weibo.com/5850397405/G3Pem3bHM?refer_flag=1001030103_
污染; 2018-02-19; 1; 10,33,		//@DragonKnight_G字反黑组:广场被污染，大家转赞评好的微博上精选，点赞评论转发这条,xxgt_ssonly,//weibo.com/2667414910/G3OeUADYX?refer_flag=1001030103_
污染; 2018-02-19; 1; 10,34,#权志龙##鸡涌是宝宝# 一笑就是小括弧心都酥了真是乖崽崽啊又是只爱你的一天@GDRAGON_OFFICIAL ​	,NA,//weibo.com/1827705415/G3PehCIZq?refer_flag=1001030103_
污染; 2018-02-19; 1; 10,35,		如果自认为文笔很好思想成熟 也别拿出来污染空气//@哥哥真好看:我希望微博能加强扫黄力度现在的孩子是怎么了呢 不好好学习看这些东西 叔侄父女啥的看了不觉得膈应啊 喜欢写东西男性名字多的是 没必要用爱豆的吧 别打着喜欢他的旗号写些yhsq的文字 脏了广场也脏了未成年人的思想		,圈养小咸,//weibo.com/2535885851/G3KsN86jR?refer_flag=1001030103_
污染; 2018-02-19; 1; 10,36,	  赶尽杀绝是不是很有意思？你们看文的时候看得那么开心，回踩的时候也踩得那么用力。写手写她们的故事，却活的那么不容易。取悦的是你们，受伤的还是自己。无论是贴吧还是毒唯都那么了不起？一群打着毒唯旗号的白嫖总在肆意妄为地批判别人，明明自己才是最不干活的人。我问心无愧，我追星，买专辑 ​		...展开全文c,NA,//weibo.com/2010626065/G3Pe67X9T?refer_flag=1001030103_
污染; 2018-02-19; 1; 10,37,		请问特色是如何脱贫的?一一一农村造血功能全面崩溃:土地贫瘠板结、水土流失、粮食转基因、粮食价格急速下跌、农用物资急速上涨、工业城市用地急速扩张、外出打工挣钱难、农民经商不挣钱、低端农民被驱赶、农村个体经济全面完蛋、水资源生态污染、村支部形同黑社会、等等一一一一如此众多恶因如何脱贫?		,痴傻呆憨之二,//weibo.com/1367118462/G3Kzm3zur?refer_flag=1001030103_
污染; 2018-02-19; 1; 10,38,	  『新华社：中国5年减贫6853万人 创造减贫史上最好成绩_财经网 - CAIJING.COM.CN』|新华社：中... ​	,NA,//weibo.com/6272718486/G3Pe38gMX?refer_flag=1001030103_
污染; 2018-02-19; 1; 10,39,"		痘百科在人体皮肤表面，皮肤及毛囊内有一些常驻菌，本身并不致病，但这些微生物在痤疮形成过程中，在特定环境下(如汗液)就会发生问题,皮脂是含脂类物质，分泌多了很浓很稠的时候，加上环境污染TOT774的粉尘，脱落的角化细胞混在一起就会堵塞毛囊，因此皮脂代谢和客观环境是致使痤疮形成的重要原因哦。 ​		",曲曲棒棒的娴,//weibo.com/6429309777/G3Pe190oK?refer_flag=1001030103_
污染; 2018-02-19; 1; 10,40,		【千万注意：七个坏习惯加快衰老】1、轻易发怒会令人产生皱纹。2、疲于奔命令面容憔悴。3、暴肥暴瘦令皮肤失去弹性松弛，甚至产生皱纹。4、吸烟令皮肤变黄变灰。5、大量饮酒或经常饮酒，会令皮肤发红肿胀。6、摄入污染食品令人早衰。7、防晒不足伤害皮肤。 ​		,落雨VC飘雪p荔东显,//weibo.com/5889968201/G3PdNsiHb?refer_flag=1001030103_
污染; 2018-02-19; 1; 10,41,		在家里面还有我爱你们了、这些好看这些什么、这些刺激性强拆被称为无任何污染……在这样一个样？我阿姨兮带路，在你面前可以让#m鹿m的红包# 网页链接 ​		,彬哥帅过陈伟霆,//weibo.com/1780718563/G3PdJ3qkb?refer_flag=1001030103_
污染; 2018-02-19; 1; 10,42,		【车内空气成购车重点考虑因素】车内的空气质量和车内污染问题近年来受到各界严重关注，而对其存在的普遍性以及危害普通大众也有了基本的认知。在近日召开的第二届车内环境发展论坛上，国家环保部相关负责人表示，车内空气质量标准是国家环保部重点修订的标准，目前标准修订工作正在进行中。 ​		,古应彼头,//weibo.com/6239063676/G3PdEkLF5?refer_flag=1001030103_
污染; 2018-02-19; 1; 10,43,		【当父母对孩子的“喜怒无常”头痛不已时，也要低头看看自己了】是不是因为自己在工作、家庭等等遇到困难，带来的坏情绪间接地影响到宝宝，造成了孩子心灵上的“污染”，让他们也逐渐喜怒不定。如果是这样，爸爸妈妈们需要学着在宝宝面前控制自己的坏脾气，尽量冷静后再面对孩子。 ​		,用户5789423722,//weibo.com/5789423722/G3PdEiF8J?refer_flag=1001030103_
污染; 2018-02-19; 1; 10,44,#中国赞#2小时前刚刚从树上摘下的洋槐花，加上鸡蛋清炒一下，清香无比。绝对的绿色无污染，无农药，无化肥，纯天然，超新鲜。 ​		,Kin_Fai_Mak,//weibo.com/2022008337/G3PdDaXN6?refer_flag=1001030103_
污染; 2018-02-19; 1; 10,45,		春节期间，北京首都保持一个非常理性大都市，普普通通的一个自然的政治化城市，不像地方二、三线城市的花灯高照，光亮工程十分抢眼，我任为北京这方面做的十分好，在我们富有同时也不能太铺张浪费！过份光亮是名种资源浪费和光污染。 |天韵阁(薛... ​		,欧普丽创业成功,//weibo.com/1805307031/G3PdzlFrN?refer_flag=1001030103_
污染; 2018-02-19; 1; 10,46,		//@DragonKnight_G字反黑组:广场被污染，大家转赞评好的微博上精选，点赞评论转发这条,权志龙是我的心头宝,//weibo.com/2667414910/G3OeUADYX?refer_flag=1001030103_
污染; 2018-02-19; 1; 10,47,#权志龙##鸡涌是宝宝# 一笑就是小括弧心都酥了真是乖崽崽啊又是只爱你的一天@GDRAGON_OFFICIAL ​	,NA,//weibo.com/3467523164/G3Pdq7Aln?refer_flag=1001030103_
污染; 2018-02-19; 1; 10,48,		【千万注意：七个坏习惯加快衰老】1、轻易发怒会令人产生皱纹。2、疲于奔命令面容憔悴。3、暴肥暴瘦令皮肤失去弹性松弛，甚至产生皱纹。4、吸烟令皮肤变黄变灰。5、大量饮酒或经常饮酒，会令皮肤发红肿胀。6、摄入污染食品令人早衰。7、防晒不足伤害皮肤。 ​		,LONGFENG977939877,//weibo.com/3206874472/G3Pdj6KRU?refer_flag=1001030103_
污染; 2018-02-19; 1; 10,49,		坏脾气，破坏人际关系，影响健康，生气将会污染生命。脾气太坏的人，命运之神不会照顾你的。所以，要争气不生气，不伤元气，成得大气。遇事冷静，思成而行，少走弯路，增大成功的几率。运气好，命里几多福！ ​		,sweet不死唐三藏,//weibo.com/5795218422/G3Pde2tkQ?refer_flag=1001030103_
污染; 2018-02-19; 1; 10,50,		巨蟹都是乖孩子，把自己隔离在没有污染的世界里。巨蟹纯净得你想象不到，过着简单的生活。喜欢一个人是真的喜欢，可以喜欢很久很久，但有一天后来发现对方变得自己不认识了，巨蟹会毫不犹豫的头也不回把自己从那段回忆中抽离出来。他们不是胆小鬼，只是太会保护自己，太清醒了。 ​		,惊恐葡弓妖术,//weibo.com/6443081924/G3Pd0amt3?refer_flag=1001030103_
污染; 2018-02-19; 1; 10,51,		//@DragonKnight_G字反黑组:广场被污染，大家转赞评好的微博上精选，点赞评论转发这条,鲜芋沙冰,//weibo.com/2667414910/G3OeUADYX?refer_flag=1001030103_
污染; 2018-02-19; 1; 10,52,#权志龙##鸡涌是宝宝# 一笑就是小括弧心都酥了真是乖崽崽啊又是只爱你的一天@GDRAGON_OFFICIAL ​	,NA,//weibo.com/5124551294/G3PcXtDwD?refer_flag=1001030103_
污染; 2018-02-19; 1; 10,53,		发布了头条文章：《初三北京回暖最高温8℃ 将现轻度污染早晨有雾侵扰》 |初三北京回... ​		,pkacc093_kt,//weibo.com/6413936841/G3PcUwYTc?refer_flag=1001030103_
污染; 2018-02-19; 1; 10,54, 每天洗脸很关键，没清洁干净，皮肤只能吸收保养品的20％，您花再昂贵买的护肤品，也只会收效胜微，经常给“毛孔洗澡”，吸收率高达到90％以上。空气中细微污染灰尘，棉絮残妆等垃圾每时每刻在侵蚀着我们的毛孔，就会导致肌肤不通透，干燥、灰暗，长痘，毛孔粗大，衰老加速等，所以清洁很重要 ​		,Blc王妍,//weibo.com/5124920494/G3PcD6vId?refer_flag=1001030103_
污染; 2018-02-19; 1; 10,55,		【苏梅岛】想象你此刻正拥有你一个苏梅岛的下午，抛开生活的压力，远离污染的空气，来到这里享受蓝天白云，享受一望无际的大海。那是多么惬意闲适的时光~ ​		,美健盛世新茗,//weibo.com/6163177954/G3PcCwrv6?refer_flag=1001030103_
污染; 2018-02-19; 1; 10,56,#权志龙# //@DragonKnight_G字反黑组:广场被污染，大家转赞评好的微博上精选，点赞评论转发这条,jiyong888888,//weibo.com/2667414910/G3OeUADYX?refer_flag=1001030103_
污染; 2018-02-19; 1; 10,57,#权志龙##鸡涌是宝宝# 一笑就是小括弧心都酥了真是乖崽崽啊又是只爱你的一天@GDRAGON_OFFICIAL ​	,NA,//weibo.com/5124886330/G3PcCttOO?refer_flag=1001030103_
污染; 2018-02-19; 1; 10,58,		//@鸡涌宝贝儿_://@龙颜酱://@DragonKnight_G字反黑组:广场被污染，大家转赞评好的微博上精选，点赞评论转发这条,鸡德来滚的快活,//weibo.com/2667414910/G3OeUADYX?refer_flag=1001030103_
污染; 2018-02-19; 1; 10,59,#权志龙##鸡涌是宝宝# 一笑就是小括弧心都酥了真是乖崽崽啊又是只爱你的一天@GDRAGON_OFFICIAL ​	,NA,//weibo.com/5215476793/G3Pcypybm?refer_flag=1001030103_
污染; 2018-02-19; 1; 10,60,		注意脸部清洁挨近脸部的毛发容易残留洁面泡沫堵塞毛孔；也会沾染灰尘和油脂，在脸上扫来扫去，也会污染面部皮肤。所以要彻底的冲洗干净这些部位，不要让毛发挡住面部。经常被阳光直晒不仅有紫外线的伤害，也会令汗腺及皮脂腺的分泌活跃，阻塞毛孔，加速发炎。所GHF458以一定要作好防晒工作。 ​		,一通百通是个小疯子静,//weibo.com/6399401764/G3Pcxby1t?refer_flag=1001030103_
污染; 2018-02-19; 1; 10,61,#全国空气质量预报#未来三天（2月19-21日），全国大部空气质量以良至轻度污染为主，华北中南部重度污染过程逐步缓解。 ​​​​		,临沂环境监测,//weibo.com/5144676082/G3PcwllLy?refer_flag=1001030103_
污染; 2018-02-19; 1; 10,62,		//@DragonKnight_G字反黑组:广场被污染，大家转赞评好的微博上精选，点赞评论转发这条,onlyGDlover,//weibo.com/2667414910/G3OeUADYX?refer_flag=1001030103_
污染; 2018-02-19; 1; 10,63,#权志龙##鸡涌是宝宝# 一笑就是小括弧心都酥了真是乖崽崽啊又是只爱你的一天@GDRAGON_OFFICIAL ​	,NA,//weibo.com/5763186265/G3Pcv7nYS?refer_flag=1001030103_
污染; 2018-02-19; 1; 10,64,		地球不可欺，人类伤不起。现如今的地球所发出的一系列悲剧动作就是对人类不爱护地球而作出的反抗！！！大肆砍伐森林，纵火，水污染，空气污染，不环保，到处扔弃垃圾，抢杀动物，破坏生物链···大规模的建筑，挖空地表···人类什么时候才能觉悟！！！ ​		,妩媚大神几几,//weibo.com/6431726219/G3PcqrnM1?refer_flag=1001030103_
污染; 2018-02-19; 1; 10,65,		巨蟹都是乖孩子，把自己隔离在没有污染的世界里。巨蟹纯净得你想象不到，过着简单的生活。喜欢一个人是真的喜欢，可以喜欢很久很久，但有一天后来发现对方变得自己不认识了，巨蟹会毫不犹豫的头也不回把自己从那段回忆中抽离出来。他们不是胆小鬼，只是太会保护自己，太清醒了。 ​		,轩昂思琪畅快哀,//weibo.com/6340498021/G3Pco3560?refer_flag=1001030103_
污染; 2018-02-19; 1; 10,66,		【当父母对孩子的“喜怒无常”头痛不已时，也要低头看看自己了】是不是因为自己在工作、家庭等等遇到困难，带来的坏情绪间接地影响到宝宝，造成了孩子心灵上的“污染”，让他们也逐渐喜怒不定。如果是这样，爸爸妈妈们需要学着在宝宝面前控制自己的坏脾气，尽量冷静后再面对孩子。 ​		,哇哇哇故事,//weibo.com/3281003122/G3PciplIb?refer_flag=1001030103_
污染; 2018-02-19; 1; 10,67,		//@龙颜酱://@DragonKnight_G字反黑组:广场被污染，大家转赞评好的微博上精选，点赞评论转发这条,鸡涌宝贝儿_,//weibo.com/2667414910/G3OeUADYX?refer_flag=1001030103_
污染; 2018-02-19; 1; 10,68,#权志龙##鸡涌是宝宝# 一笑就是小括弧心都酥了真是乖崽崽啊又是只爱你的一天@GDRAGON_OFFICIAL ​	,NA,//weibo.com/5973270652/G3Pci67gC?refer_flag=1001030103_
污染; 2018-02-19; 1; 10,69,		//@小权的iye://@DragonKnight_G字反黑组:广场被污染，大家转赞评好的微博上精选，点赞评论转发这条,小权的iye,//weibo.com/2667414910/G3OeUADYX?refer_flag=1001030103_
污染; 2018-02-19; 1; 10,70,#权志龙##鸡涌是宝宝# 一笑就是小括弧心都酥了真是乖崽崽啊又是只爱你的一天@GDRAGON_OFFICIAL ​	,NA,//weibo.com/5825984002/G3Pc9zazD?refer_flag=1001030103_
污染; 2018-02-19; 1; 10,71,		【苏梅岛】苏梅岛是泰国第三大岛，相比人们熟知的普吉岛来说，这里没那么商业，充满着浓郁的原始气息。抛开生活的压力，远离污染的空气，来苏梅岛享受蓝天白云，享受一望无际的大海吧！ ​		,包素窗包砍阔,//weibo.com/5851024949/G3Pc86CfT?refer_flag=1001030103_
污染; 2018-02-19; 1; 10,72,		不配和我讲话。不屌，他还问，这是谁家的？真是鼠辈，勒塞 低等动物 出不够的笑话 心理不正常，污染环境，社会文明 ​		,用户6206080823,//weibo.com/6206080823/G3Pc0DEPF?refer_flag=1001030103_
污染; 2018-02-19; 1; 10,73,//@DragonKnight_G字反黑组:广场被污染，大家转赞评好的微博上精选，点赞评论转发这条,等龙归来,//weibo.com/2667414910/G3OeUADYX?refer_flag=1001030103_
污染; 2018-02-19; 1; 10,74,#权志龙##鸡涌是宝宝# 一笑就是小括弧心都酥了真是乖崽崽啊又是只爱你的一天@GDRAGON_OFFICIAL ​	,NA,//weibo.com/6087254248/G3PbU9LB7?refer_flag=1001030103_
污染; 2018-02-19; 1; 10,75,		//@DragonKnight_G字反黑组:广场被污染，大家转赞评好的微博上精选，点赞评论转发这条,小权的iye,//weibo.com/2667414910/G3OeUADYX?refer_flag=1001030103_
污染; 2018-02-19; 1; 10,76,#权志龙##鸡涌是宝宝# 一笑就是小括弧心都酥了真是乖崽崽啊又是只爱你的一天@GDRAGON_OFFICIAL ​	,NA,//weibo.com/5825984002/G3PbPrqUZ?refer_flag=1001030103_
污染; 2018-02-19; 1; 10,77,		好讨厌，重度污染 ​		,帅哥檀檀溪6468705147,//weibo.com/6468705147/G3PbOy9pw?refer_flag=1001030103_
污染; 2018-02-19; 1; 10,78,		科学家用动物细胞，在实验室培养人造肉，主要是欺骗动物细胞，让它以为自己长在动物身上。目前美国已经有十几家人造肉公司，长远来看，人造肉成本低，污染小，会逐渐进入市场。你会吃吗？ 时差视频的... ​		,C科技,//weibo.com/1823630913/G3PbxbAdA?refer_flag=1001030103_
污染; 2018-02-19; 1; 10,79,		我龙的笑哇//@DragonKnight_G字反黑组:广场被污染，大家转赞评好的微博上精选，点赞评论转发这条,G柚-,//weibo.com/2667414910/G3OeUADYX?refer_flag=1001030103_
污染; 2018-02-19; 1; 10,80,#权志龙##鸡涌是宝宝# 一笑就是小括弧心都酥了真是乖崽崽啊又是只爱你的一天@GDRAGON_OFFICIAL ​	,NA,//weibo.com/3741060275/G3PbqkfXB?refer_flag=1001030103_
污染; 2018-02-19; 1; 10,81,		//@DragonKnight_G字反黑组:广场被污染，大家转赞评好的微博上精选，点赞评论转发这条,MBSUD,//weibo.com/2667414910/G3OeUADYX?refer_flag=1001030103_
污染; 2018-02-19; 1; 10,82,#权志龙##鸡涌是宝宝# 一笑就是小括弧心都酥了真是乖崽崽啊又是只爱你的一天@GDRAGON_OFFICIAL ​	,NA,//weibo.com/1055365390/G3Pbkrexu?refer_flag=1001030103_
污染; 2018-02-19; 1; 10,83,		分级吧，求你们了，国产动画也分级吧不想再看见小学生污染弹幕和评论区了//文艺从业者永不妥协//还是有人不妥协，还是有人出来说话//敬佩。无以为助，只好转发支持//谢导真敢讲话，真心值得敬佩//:看得热泪盈眶...佩服谢老的见地、真诚和勇敢！长路漫漫，任重道远！		,电饭煲的汤糊了,//weibo.com/3058863073/G3FL8bKZZ?refer_flag=1001030103_
污染; 2018-02-19; 1; 10,84,	  我发表了头条文章:《2012年《呼吁以分级制代替电影审查的公开信》》 |2012年《呼... |北京·颐源... ​	,NA,//weibo.com/2651571015/G3Pbk9B8c?refer_flag=1001030103_
污染; 2018-02-19; 1; 10,85,敲可爱#权志龙# //@DragonKnight_G字反黑组:广场被污染，大家转赞评好的微博上精选，点赞评论转发这条,即使在梦里也要与你相遇,//weibo.com/2667414910/G3OeUADYX?refer_flag=1001030103_
污染; 2018-02-19; 1; 10,86,#权志龙##鸡涌是宝宝# 一笑就是小括弧心都酥了真是乖崽崽啊又是只爱你的一天@GDRAGON_OFFICIAL ​	,NA,//weibo.com/5716294305/G3PbjfvMI?refer_flag=1001030103_
污染; 2018-02-19; 1; 10,87,#权志龙# #宣誓!我会等着权志龙# //@DragonKnight_G字反黑组:广场被污染，大家转赞评好的微博上精选，点赞评论转发这条,只喜欢你1988,//weibo.com/2667414910/G3OeUADYX?refer_flag=1001030103_
污染; 2018-02-19; 1; 10,88,#权志龙##鸡涌是宝宝# 一笑就是小括弧心都酥了真是乖崽崽啊又是只爱你的一天@GDRAGON_OFFICIAL ​	,NA,//weibo.com/6077511266/G3PbhsX46?refer_flag=1001030103_
污染; 2018-02-19; 1; 10,89,		//@DragonKnight_G字反黑组:广场被污染，大家转赞评好的微博上精选，点赞评论转发这条,MBSUD,//weibo.com/2667414910/G3OeUADYX?refer_flag=1001030103_
污染; 2018-02-19; 1; 10,90,#权志龙##鸡涌是宝宝# 一笑就是小括弧心都酥了真是乖崽崽啊又是只爱你的一天@GDRAGON_OFFICIAL ​	,NA,//weibo.com/1055365390/G3PbdjBdw?refer_flag=1001030103_
污染; 2018-02-19; 1; 10,91,		//@DragonKnight_G字反黑组:广场被污染，大家转赞评好的微博上精选，点赞评论转发这条,xxxionlygd,//weibo.com/2667414910/G3OeUADYX?refer_flag=1001030103_
污染; 2018-02-19; 1; 10,92,#权志龙##鸡涌是宝宝# 一笑就是小括弧心都酥了真是乖崽崽啊又是只爱你的一天@GDRAGON_OFFICIAL ​	,NA,//weibo.com/5073362982/G3PbbAdjn?refer_flag=1001030103_
污染; 2018-02-19; 1; 10,93,		【高考化学】#化学与生活#1、污染大气气体：SO2、CO、NO2、NO，其中SO2、NO2形成酸雨。环境污染：大气污染、水污染、土壤污染、食品污染、固体废弃物污染、噪声污染。工业三废：废渣、废水、废气。|【爱学习】... ​		,爱学习研究室,//weibo.com/5117404296/G3Pba4Eh1?refer_flag=1001030103_
污染; 2018-02-19; 1; 10,94,		小奶包//@DragonKnight_G字反黑组:广场被污染，大家转赞评好的微博上精选，点赞评论转发这条,GD_baby静扬婉儿,//weibo.com/2667414910/G3OeUADYX?refer_flag=1001030103_
污染; 2018-02-19; 1; 10,95,#权志龙##鸡涌是宝宝# 一笑就是小括弧心都酥了真是乖崽崽啊又是只爱你的一天@GDRAGON_OFFICIAL ​	,NA,//weibo.com/5063334462/G3Pb6vFar?refer_flag=1001030103_
污染; 2018-02-19; 1; 10,96,		//@六股河的风:@常识与勇气: 法治社会应该一视同仁，不能因为某人贡献大，权力大而选择性执法。如果骂人者要拘留10天，那么所有的骂人者都应该拘留10天。//@燃烧吧燕小抗:你国牛逼，想抓谁抓谁，想套什么罪名都成立，放个屁也算污染大气，就问你服不服。		,220284啄木鸟,//weibo.com/1618051664/G3Ip5FjJz?refer_flag=1001030103_
污染; 2018-02-19; 1; 10,97,	  【官方通报“律师”侮辱核潜艇之父黄旭华:行拘10日】山东临沭通报“律师”侮辱核潜艇之父事件:临沭县公安局对在微博上公然侮辱“中国核潜艇之父”黄旭华院士的“禚律师_a6j”行政拘留10日，罚款500元。该男子原系山东德与法律师事务所律师，2017年8月8日注销律师执业证书。|官方通报“... ​	,NA,//weibo.com/2378625865/G3Pb1gJZX?refer_flag=1001030103_
污染; 2018-02-19; 1; 10,98,		//@龙颜酱://@DragonKnight_G字反黑组:广场被污染，大家转赞评好的微博上精选，点赞评论转发这条,盘龙大队长_,//weibo.com/2667414910/G3OeUADYX?refer_flag=1001030103_
污染; 2018-02-19; 1; 10,99,#权志龙##鸡涌是宝宝# 一笑就是小括弧心都酥了真是乖崽崽啊又是只爱你的一天@GDRAGON_OFFICIAL ​	,NA,//weibo.com/2835237020/G3PaYyW9Q?refer_flag=1001030103_
污染; 2018-02-19; 1; 10,100,		人家说的是美帝的主要污染源，跟咱国没关注，		,内裤外穿008,//weibo.com/1618051664/G3KyXaOdN?refer_flag=1001030103_
污染; 2018-02-19; 1; 10,101,	  【雾霾居然和这个人气商品有关 还敢买来送人吗？】美国《科学》周刊近日刊登的一项研究显示：含有从石油提取化合物的日化用品，如香水、家居清洁剂、杀虫剂等，对城市空气的污染水平与机动车尾气差不多。该研究发现，在某些细微颗粒物排放指标上，日化用品大大超过了机动车尾气。|雾霾居然和... ​	,NA,//weibo.com/1756630001/G3PaRrkSV?refer_flag=1001030103_
污染; 2018-02-19; 1; 10,102,#凯源##凯源盛世# 背景:本人凯源男饭 生活中除了两个同属性姐妹没人知道我追星昨天和我对象聊天 他忽然发了张gls的照片给我污染超话的话我就删了 ​		,道系男孩,//weibo.com/5692945492/G3PaPoQw1?refer_flag=1001030103_
污染; 2018-02-19; 1; 10,103,//@DragonKnight_G字反黑组:广场被污染，大家转赞评好的微博上精选，点赞评论转发这条,鲜芋沙冰,//weibo.com/2667414910/G3OeUADYX?refer_flag=1001030103_
污染; 2018-02-19; 1; 10,104,#权志龙##鸡涌是宝宝# 一笑就是小括弧心都酥了真是乖崽崽啊又是只爱你的一天@GDRAGON_OFFICIAL ​	,NA,//weibo.com/5124551294/G3PaOwR5b?refer_flag=1001030103_
污染; 2018-02-19; 1; 10,105,		我发表了新文章：当前，生态安全已成为全球关注的焦点。全球气候变暖土地荒漠化、水土流失、水资源匮乏和污染、森林植被破坏、生物失去多样性，以及各种飓风|巨菌草——治... ​		,山东海盛菌草,//weibo.com/5466658306/G3PaLxAUk?refer_flag=1001030103_
污染; 2018-02-19; 1; 10,106,@常识与勇气: 法治社会应该一视同仁，不能因为某人贡献大，权力大而选择性执法。如果骂人者要拘留10天，那么所有的骂人者都应该拘留10天。//@燃烧吧燕小抗:你国牛逼，想抓谁抓谁，想套什么罪名都成立，放个屁也算污染大气，就问你服不服。		,六股河的风,//weibo.com/1618051664/G3Ip5FjJz?refer_flag=1001030103_
污染; 2018-02-19; 1; 10,107,	  【官方通报“律师”侮辱核潜艇之父黄旭华:行拘10日】山东临沭通报“律师”侮辱核潜艇之父事件:临沭县公安局对在微博上公然侮辱“中国核潜艇之父”黄旭华院士的“禚律师_a6j”行政拘留10日，罚款500元。该男子原系山东德与法律师事务所律师，2017年8月8日注销律师执业证书。|官方通报“... ​	,NA,//weibo.com/2073536807/G3PaKlNvv?refer_flag=1001030103_
污染; 2018-02-19; 1; 10,108,		美少年呀//@只想做一个Henecia://@DragonKnight_G字反黑组:广场被污染，大家转赞评好的微博上精选，点赞评论转发这条,志龙好看,//weibo.com/2667414910/G3OeUADYX?refer_flag=1001030103_
污染; 2018-02-19; 1; 10,109,#权志龙##鸡涌是宝宝# 一笑就是小括弧心都酥了真是乖崽崽啊又是只爱你的一天@GDRAGON_OFFICIAL ​	,NA,//weibo.com/5162232760/G3PaJf7F7?refer_flag=1001030103_
污染; 2018-02-19; 1; 10,110,		//@kwonpmo://@DragonKnight_G字反黑组:广场被污染，大家转赞评好的微博上精选，点赞评论转发这条,心中执念权志龙,//weibo.com/2667414910/G3OeUADYX?refer_flag=1001030103_
污染; 2018-02-19; 1; 10,111,#权志龙##鸡涌是宝宝# 一笑就是小括弧心都酥了真是乖崽崽啊又是只爱你的一天@GDRAGON_OFFICIAL ​	,NA,//weibo.com/6015288469/G3PaHos5N?refer_flag=1001030103_
污染; 2018-02-19; 1; 10,112,		饭店儿，天房园，迷的力城.....都是多美好的名字....... 中国人命名的艺术，在“近代”被汉奸们污染了。正本清源，时不我待。		,用户194910011500,//weibo.com/6312135066/G3JyDj8Za?refer_flag=1001030103_
污染; 2018-02-19; 1; 10,113,	  此《甘肃镇战守图略》前半自东向西描述明代甘肃镇辖区军事防务，一图一说共十八页，全图采青绿山水画法，东起兰州城，西至嘉裕关。后半主述「西域土地人物」，图东起嘉裕关，记录西域各地和人文景观。此为台北故宫博物院藏，明嘉靖时期纸本彩绘。介绍下载（非高清）：网页链接 ​	,NA,//weibo.com/6357118312/G3Paxlz6F?refer_flag=1001030103_
污染; 2018-02-19; 1; 10,114,		//@DragonKnight_G字反黑组:广场被污染，大家转赞评好的微博上精选，点赞评论转发这条,小吴的逸想天開,//weibo.com/2667414910/G3OeUADYX?refer_flag=1001030103_
污染; 2018-02-19; 1; 10,115,#权志龙##鸡涌是宝宝# 一笑就是小括弧心都酥了真是乖崽崽啊又是只爱你的一天@GDRAGON_OFFICIAL ​	,NA,//weibo.com/1706405910/G3PasFl5m?refer_flag=1001030103_
污染; 2018-02-19; 1; 10,116,		【车内空气成购车重点考虑因素】车内的空气质量和车内污染问题近年来受到各界严重关注，而对其存在的普遍性以及危害普通大众也有了基本的认知。在近日召开的第二届车内环境发展论坛上，国家环保部相关负责人表示，车内空气质量标准是国家环保部重点修订的标准，目前标准修订工作正在进行中。 ​		,旧礼盐05,//weibo.com/6078663984/G3PaslgAx?refer_flag=1001030103_
污染; 2018-02-19; 1; 10,117,		//@DragonKnight_G字反黑组:广场被污染，大家转赞评好的微博上精选，点赞评论转发这条,等风起时盼君归,//weibo.com/2667414910/G3OeUADYX?refer_flag=1001030103_
污染; 2018-02-19; 1; 10,118,#权志龙##鸡涌是宝宝# 一笑就是小括弧心都酥了真是乖崽崽啊又是只爱你的一天@GDRAGON_OFFICIAL ​	,NA,//weibo.com/5526192100/G3PaiCRrA?refer_flag=1001030103_
污染; 2018-02-19; 1; 10,119,		这些人心理不正常，别沾染我们纯洁的心灵 吃饱有个家，温馨愉快，这是基础，那么好的女孩还能有心思，家庭条件那么好，我真佩服这些勒塞，我看见他们心脏疼，他们是害人精，文化遗产 ，糟蹋人 活不长污染大气层 ​		,用户6206080823,//weibo.com/6206080823/G3Paf6M4H?refer_flag=1001030103_
污染; 2018-02-19; 1; 10,120,#六盘水同城# 六盘水发耳乡双井村，有人把发耳乡的垃圾拉到这里的森林里焚烧，周围有居民和果树，垃圾堆成了山，空气污染严重		,六盘水同城,//weibo.com/6047008022/G3Ib3tG4H?refer_flag=1001030103_
污染; 2018-02-19; 1; 10,121,#六盘水爆料# 网友投稿爆料，六盘水发耳乡双井村，有人把发耳乡的垃圾拉到这里的森林里焚烧，周围有居民和果树，垃圾堆成了山，空气污染严重，居民身体免疫降低。这种情况已经持续了三个月！@盘州头条排行榜- @六盘水同城 @六盘水身边事 ​	,NA,//weibo.com/6072765086/G3Paco6yn?refer_flag=1001030103_
污染; 2018-02-19; 1; 10,122,		//@DragonKnight_G字反黑组:广场被污染，大家转赞评好的微博上精选，点赞评论转发这条,_AYIXXX_,//weibo.com/2667414910/G3OeUADYX?refer_flag=1001030103_
污染; 2018-02-19; 1; 10,123,#权志龙##鸡涌是宝宝# 一笑就是小括弧心都酥了真是乖崽崽啊又是只爱你的一天@GDRAGON_OFFICIAL ​	,NA,//weibo.com/5192943511/G3Pa75RJC?refer_flag=1001030103_
污染; 2018-02-19; 1; 10,124,		2017年9月26日，省政府办公厅印发我省落实国家攻坚方案的实施细则，明确11项31条具体任务措施，将重点任务分解到各市、各部门；9月27日，省政府召开全省#秋冬季大气污染综合治理攻坚行动#电视会议，对相关工作作出具体部署。		,德州环境,//weibo.com/3354394424/G3OknxxWA?refer_flag=1001030103_
污染; 2018-02-19; 1; 10,125,	  【谋篇布局、综合施策，深化改革、创新方法，结构调整，动能转换——美丽山东脚步铿锵】|美丽山东脚... ​	,NA,//weibo.com/3577025333/G3Pa49kMM?refer_flag=1001030103_
污染; 2018-02-19; 1; 10,126,		//@DragonKnight_G字反黑组:广场被污染，大家转赞评好的微博上精选，点赞评论转发这条,捕龙达人_,//weibo.com/2667414910/G3OeUADYX?refer_flag=1001030103_
污染; 2018-02-19; 1; 10,127,#权志龙##鸡涌是宝宝# 一笑就是小括弧心都酥了真是乖崽崽啊又是只爱你的一天@GDRAGON_OFFICIAL ​	,NA,//weibo.com/3447574444/G3P9YesGv?refer_flag=1001030103_
污染; 2018-02-19; 1; 10,128,		//@DragonKnight_G字反黑组:广场被污染，大家转赞评好的微博上精选，点赞评论转发这条,逸萌miffy,//weibo.com/2667414910/G3OeUADYX?refer_flag=1001030103_
污染; 2018-02-19; 1; 10,129,#权志龙##鸡涌是宝宝# 一笑就是小括弧心都酥了真是乖崽崽啊又是只爱你的一天@GDRAGON_OFFICIAL ​	,NA,//weibo.com/5220013668/G3P9UnG4F?refer_flag=1001030103_
污染; 2018-02-19; 1; 10,130,		//@DragonKnight_G字反黑组:广场被污染，大家转赞评好的微博上精选，点赞评论转发这条,龙颜酱,//weibo.com/2667414910/G3OeUADYX?refer_flag=1001030103_
污染; 2018-02-19; 1; 10,131,#权志龙##鸡涌是宝宝# 一笑就是小括弧心都酥了真是乖崽崽啊又是只爱你的一天@GDRAGON_OFFICIAL ​	,NA,//weibo.com/5092385082/G3P9RphUr?refer_flag=1001030103_
污染; 2018-02-19; 1; 10,132,		//@只想做一个Henecia://@DragonKnight_G字反黑组:广场被污染，大家转赞评好的微博上精选，点赞评论转发这条,xoxtG,//weibo.com/2667414910/G3OeUADYX?refer_flag=1001030103_
污染; 2018-02-19; 1; 10,133,#权志龙##鸡涌是宝宝# 一笑就是小括弧心都酥了真是乖崽崽啊又是只爱你的一天@GDRAGON_OFFICIAL ​	,NA,//weibo.com/5281248741/G3P9P4mAK?refer_flag=1001030103_
污染; 2018-02-19; 1; 10,134,		//@DragonKnight_G字反黑组:广场被污染，大家转赞评好的微博上精选，点赞评论转发这条,kwonpmo,//weibo.com/2667414910/G3OeUADYX?refer_flag=1001030103_
污染; 2018-02-19; 1; 10,135,#权志龙##鸡涌是宝宝# 一笑就是小括弧心都酥了真是乖崽崽啊又是只爱你的一天@GDRAGON_OFFICIAL ​	,NA,//weibo.com/5788837647/G3P9NhLCL?refer_flag=1001030103_
污染; 2018-02-19; 1; 10,136,		//@DragonKnight_G字反黑组:广场被污染，大家转赞评好的微博上精选，点赞评论转发这条,汽水糖罐子,//weibo.com/2667414910/G3OeUADYX?refer_flag=1001030103_
污染; 2018-02-19; 1; 10,137,#权志龙##鸡涌是宝宝# 一笑就是小括弧心都酥了真是乖崽崽啊又是只爱你的一天@GDRAGON_OFFICIAL ​	,NA,//weibo.com/5354238041/G3P9MnFnw?refer_flag=1001030103_
污染; 2018-02-19; 1; 10,138,//@DragonKnight_G字反黑组:广场被污染，大家转赞评好的微博上精选，点赞评论转发这条,只想做一个Henecia,//weibo.com/2667414910/G3OeUADYX?refer_flag=1001030103_
污染; 2018-02-19; 1; 10,139,#权志龙##鸡涌是宝宝# 一笑就是小括弧心都酥了真是乖崽崽啊又是只爱你的一天@GDRAGON_OFFICIAL ​	,NA,//weibo.com/2806227363/G3P9Lxeti?refer_flag=1001030103_
污染; 2018-02-19; 1; 10,140,		【未来三天空气质量还不错 我市解除重污染天气黄色预警】记者从市政府新闻办获悉，预计未来3天环境空气质量将整体处于良-轻度污染水平，我市发布重污染天气黄色预警解除信息。受较强冷空气影响，自2月18日午后，我市雾霾过程快速减弱消散，至19日8时，我市环境空气质量持续处于良的水平，19日上午，阳 ​			...展开全文c,西安新闻网,//weibo.com/2208160981/G3P9KBUcU?refer_flag=1001030103_
污染; 2018-02-19; 1; 10,141,		//@小早川芽媄: //@哥哥真好看://@思馅若渴://@给你啵bo啾咪://@无限甜啵://@小白bbho:简单的说就是一群精虫上脑的小妹妹污染广场屡教不改，借这个满足自己虚荣心。追星是要做对爱豆好的事，不是想方设法去抹黑他。		,杏坂小澈,//weibo.com/2563923751/G3InIi15s?refer_flag=1001030103_
污染; 2018-02-19; 1; 10,142,	  你写色情文章yy他人 并且带上大名艾特正主 有些用这种方式涨粉满足自己的虚荣心 还是觉得自己没有错 只是另一种追星的方式有没有想过发的这种文章被顶到了广场上后被新饭或者想了解明星本人的路人看到回对明星本人有怎么样的影响追星的底线是至少不招黑 希望大家明白 ​	,NA,//weibo.com/6023327583/G3P9JqclN?refer_flag=1001030103_
污染; 2018-02-19; 1; 10,143,		//@DragonKnight_G字反黑组:广场被污染，大家转赞评好的微博上精选，点赞评论转发这条,逃离现实的浪漫主义家,//weibo.com/2667414910/G3OeUADYX?refer_flag=1001030103_
污染; 2018-02-19; 1; 10,144,#权志龙##鸡涌是宝宝# 一笑就是小括弧心都酥了真是乖崽崽啊又是只爱你的一天@GDRAGON_OFFICIAL ​	,NA,//weibo.com/3719743262/G3P9Ii69Q?refer_flag=1001030103_
污染; 2018-02-19; 1; 10,145,		时光荏苒，岁月如梭。转眼之间又是一年。每逢佳节倍思亲思念亲人，想念朋友…...家乡的纯天然  无污染  自然成熟的山果 ​		,馨雨心薇,//weibo.com/1139798525/G3P9Cn3Wh?refer_flag=1001030103_
污染; 2018-02-19; 1; 10,146,		//@陕西消防:环境污染、噪音污染、资源浪费、安全隐患！春节燃放烟花爆竹应理性。		,陕西汉中经开消防,//weibo.com/6389370355/G3lLFkwZu?refer_flag=1001030103_
污染; 2018-02-19; 1; 10,147,	  1000万响的鞭炮见过吗，点燃后如同核弹爆炸 啪一发的秒... ​	,NA,//weibo.com/5446398021/G3P9tsgK4?refer_flag=1001030103_
污染; 2018-02-19; 1; 10,148,#一骑绝尘权志龙# //@DragonKnight_G字反黑组:广场被污染，大家转赞评好的微博上精选，点赞评论转发这条,1988-vintage,//weibo.com/2667414910/G3OeUADYX?refer_flag=1001030103_
污染; 2018-02-19; 1; 10,149,#权志龙##鸡涌是宝宝# 一笑就是小括弧心都酥了真是乖崽崽啊又是只爱你的一天@GDRAGON_OFFICIAL ​	,NA,//weibo.com/6253616412/G3P9mmJ16?refer_flag=1001030103_
污染; 2018-02-19; 1; 10,150,		【溏心鸡蛋好不好】溏心鸡蛋的口感让很多人着迷，但这种吃法好吗？鸡蛋易受细菌污染，常见的致病菌是沙门氏菌。鸡蛋制品加热到71℃以上后，沙门氏菌基本被剿灭，蛋黄也凝固了，但如果蛋黄处于“溏心”状态，就无法有效灭菌。 ​		,花粉思元怀恋惊,//weibo.com/6369425533/G3P9m7c4K?refer_flag=1001030103_
污染; 2018-02-19; 1; 10,151,		//@济南环保://@山东环境:2月16日，扩散条件转为不利，预计，半岛、鲁南沿海以良轻为主，其他地区以轻中度污染为主，首要污染物为PM2.5。		,商河环保,//weibo.com/3354394424/G321TgIJR?refer_flag=1001030103_
污染; 2018-02-19; 1; 10,152,	  【山东：发布环境空气质量形势预报】 污染过程提示：2月16日～2月19日，湿度较大，扩散条件较不利，我省中西部城市会有一次轻中度污染过程，部分城市可能出现小时重度污染，其中15～16日受烟花爆竹影响，空气质量级别可能比预报级别偏重1～2级。 |山东省环境... ​	,NA,//weibo.com/5085350726/G3P9f0OaH?refer_flag=1001030103_
污染; 2018-02-19; 1; 10,153,		买房子花了一百多万，装修花了三四十万，却舍不得花几千买台空气净化器，净化一下室内甲醛，到头来得了白血病 ！！[流泪][流泪][流泪] 知道现在的人为什么有那么多的鼻炎，咽炎，肺炎？和我们住的新楼房有直接关系啊！ 尚赫纳米空气净化机，让你远离室内污染，远离白血病！ 大飝fly的... ​		,大飝fly,//weibo.com/5526499905/G3P95y8V2?refer_flag=1001030103_
污染; 2018-02-19; 1; 10,154,		//@济南环保:#全国空气质量预报#未来三天（2月16-18日），全国大部空气质量以良至轻度污染为主，华北中南部、华东内陆、华南内陆和西南盆地等地区空气质量较差，局地以中至重度污染为主。 ​​​		,商河环保,//weibo.com/6059162597/G3fp1pYZN?refer_flag=1001030103_
污染; 2018-02-19; 1; 10,155,#全国空气质量预报#未来三天（2月16-18日），全国大部空气质量以良至轻度污染为主，华北中南部、华东内陆、华南内陆和西南盆地等地区空气质量较差，局地以中至重度污染为主。 ​	,NA,//weibo.com/5085350726/G3P95j4bj?refer_flag=1001030103_
污染; 2018-02-19; 1; 10,156,		//@DragonKnight_G字反黑组:广场被污染，大家转赞评好的微博上精选，点赞评论转发这条,swagchicG,//weibo.com/2667414910/G3OeUADYX?refer_flag=1001030103_
污染; 2018-02-19; 1; 10,157,#权志龙##鸡涌是宝宝# 一笑就是小括弧心都酥了真是乖崽崽啊又是只爱你的一天@GDRAGON_OFFICIAL ​	,NA,//weibo.com/5936359300/G3P92j2fE?refer_flag=1001030103_
污染; 2018-02-19; 1; 10,158,		【注意：七个坏习惯加快衰老】1、轻易发怒会令人产生皱纹。2、疲于奔命令面容憔悴。3、暴肥暴瘦令皮肤失去弹性、松弛，甚至产生皱纹。4、吸烟令皮肤变黄变灰。5、大量饮酒或经常饮酒，会令皮肤发红肿胀。6、摄入污染食品令人早衰。7、防晒不足伤害皮肤。 ​		,consolidate18831,//weibo.com/6473165054/G3P8XBts6?refer_flag=1001030103_
污染; 2018-02-19; 1; 10,159,"		宝宝摔倒处理有方张思莱提醒,当孩子摔在地上时,家长要首先检查孩子有没有外伤.如果皮下有血肿,可以用毛巾冷敷,促进血管收缩,以减少出血.如果皮肤有伤口,用干净纱布覆盖上先止血,保持伤口不TFI763要继续被污染.如果关节活动受限或骨骼出现问题,保持原来的姿势去医院,不要自行处理。 ​		",文化市场happy蓓,//weibo.com/6429038547/G3P8SwZIZ?refer_flag=1001030103_
污染; 2018-02-19; 1; 10,160,		不喜欢打爆竹，声音大的像是要把耳朵震聋，甚至有时候不注意，还会吓一跳。不是很理解那种放的爆竹越大越响，就越会有好运，越吉利。除了响声大，还污染空气不是嘛？不喜欢去吃酒席，很多人坐一桌，大部分人都不认识，认识也不太熟。吃饭的时候显得拘束，不自在。菜离得远的话，还吃不到，人多的时候 ​			...展开全文c,梦回花亦落,//weibo.com/6016122874/G3P8KwTy0?refer_flag=1001030103_
污染; 2018-02-19; 1; 10,161,		高科技盆栽Broto，不需要土壤，也无需担心污染。Broto采用aeroponic技术，可以让花卉不需要土壤也能生存，全靠那些发光二极管来照顾植物，并且配备了一个系统可以显示植物的PH值，湿度，温度和养分。你是否也想弄一个不需要照顾的高科技盆栽呢？ ​		,快乐小松鼠快乐ing,//weibo.com/6243881123/G3P8JqPgn?refer_flag=1001030103_
污染; 2018-02-19; 1; 10,162,		连脏的定义都在强词夺理“只是被污染了，不是脏”哈哈哈 ​		,一一千一一,//weibo.com/3213281837/G3P8AdZwr?refer_flag=1001030103_
污染; 2018-02-19; 1; 10,163,		春节期间广西14地市放炮 南宁空气污染最小		,南宁同城,//weibo.com/2689598592/G3OhweL1t?refer_flag=1001030103_
污染; 2018-02-19; 1; 10,164,#南宁身边事#【春节期间广西14地市放炮 南宁空气污染最小】根据自治区环境保护厅数据显示：除夕傍晚7点到初一早上6点，受集中燃放烟花爆竹影响，全区14个设区市出现了不同程度的空气污染。按各市PM2.5浓度小时峰值从高到低排名顺序为：贺州市、玉林市、梧州市、柳州市、桂林市、河池市、防城港市、崇左 ​		...展开全文c,NA,//weibo.com/6068931101/G3P8w5BBT?refer_flag=1001030103_
污染; 2018-02-19; 1; 10,165,		广场被污染，大家转赞评好的微博上精选，点赞评论转发这条,DragonKnight_G字反黑组,//weibo.com/2667414910/G3OeUADYX?refer_flag=1001030103_
污染; 2018-02-19; 1; 10,166,#权志龙##鸡涌是宝宝# 一笑就是小括弧心都酥了真是乖崽崽啊又是只爱你的一天@GDRAGON_OFFICIAL ​	,NA,//weibo.com/5659373910/G3P8t9W0S?refer_flag=1001030103_
污染; 2018-02-19; 1; 10,167,#学术研究分享# 挥发性性有机物（VOC，是一类物质的统称）是城市大气污染（如颗粒物、臭氧）的前驱物。我国现阶段治理大气污染的一个重点也是控制VOC的源头和排放。在城市范围，它们原本有比较完善的排放清单，以化石燃料燃烧和汽车尾气排放为主。而NOAA等机构的科学家在Science上的最新研究显示，从挥 ​			...展开全文c,Atmosphere_Ctq,//weibo.com/1740129125/G3P8nvXFR?refer_flag=1001030103_
污染; 2018-02-19; 1; 10,168,		//@济南环保:【山东：发布环境空气质量形势预报】 污染过程提示：2月17日～2月19日，湿度较大，扩散条件较不利，我省中西部城市会有一次中至重度污染过程。请注意出行安全并注意防护。 ​​​		,商河环保,//weibo.com/3354394424/G3ujagEBw?refer_flag=1001030103_
污染; 2018-02-19; 1; 10,169,	  【山东：发布环境空气质量形势预报】 污染过程提示：2月17日～2月19日，湿度较大，扩散条件较不利，我省中西部城市会有一次中至重度污染过程。请注意出行安全并注意防护。 |山东省环境... ​	,NA,//weibo.com/5085350726/G3P8jlArW?refer_flag=1001030103_
污染; 2018-02-19; 1; 10,170,		//@济南环保:#今日山东#【山东：推广清洁能源 守护白云蓝天】去年9月份以来，山东在济南、淄博等7个京津冀大气污染传输通道城市全面启动了清洁采暖气代煤、电代煤工程。目前，山东累计压减煤炭消费量2706万吨，57万户完成气代煤电代煤改造。		,商河环保,//weibo.com/2993099575/G3vC9y0xN?refer_flag=1001030103_
污染; 2018-02-19; 1; 10,171,#今日山东#【山东：推广清洁能源 守护白云蓝天】去年9月份以来，山东在济南、淄博等7个京津冀大气污染传输通道城市全面启动了清洁采暖气代煤、电代煤工程。目前，山东累计压减煤炭消费量2706万吨，57万户完成气代煤电代煤改造。2017年第四季度，全省“蓝天白云，繁星闪烁”天数同比增加了12.2天；环境 ​		...展开全文c,NA,//weibo.com/5085350726/G3P86pqOa?refer_flag=1001030103_
污染; 2018-02-19; 1; 10,172,		//@济南环保:#全国空气质量预报#未来三天（2月18-20日），全国大部空气质量以良至轻度污染为主，华北中南部将出现一次中至重度污染过程。 ​​​		,商河环保,//weibo.com/6059162597/G3xQUeE3q?refer_flag=1001030103_
污染; 2018-02-19; 1; 10,173,#全国空气质量预报#未来三天（2月18-20日），全国大部空气质量以良至轻度污染为主，华北中南部将出现一次中至重度污染过程。 ​	,NA,//weibo.com/5085350726/G3P82vRKQ?refer_flag=1001030103_
污染; 2018-02-19; 1; 10,174,		哈哈哈排右右，不怕闷死//@一条毗卡毗卡的大龙://@神一样的少年223:不就是阻碍呼吸吗？是否能有效防大气污染未知。带气阀的3M了解一下//@日本美妆情报酱:原理是因为要努力呼吸吗哈哈哈//@蛊兔://@他妈_想发财见爱豆://@佐野玲於家的痣:減肥神器get,进化喝风的素素,//weibo.com/1593933550/G3IDfl07U?refer_flag=1001030103_
污染; 2018-02-19; 1; 10,175,	  羽生结弦爱用的口罩，平常只是戴着3个礼拜能瘦6kg，腰围更是减了11.5cm…懒人表示春节后急需林萍在日本... ​	,NA,//weibo.com/1742747821/G3P7O5uSL?refer_flag=1001030103_
污染; 2018-02-19; 1; 10,176,		2003年在天津置房装修，我装了皇明太阳能热水器，那个时候他们的安装、售后服务就已经比现在的多数企业好很多，产品节能，质量好，良心产品，良心企业！一直期待太阳能利用这样的少污染技术与应用有所突破，为了生态环境，谁都应该支持这样的企业发展强大！		,曾海荣V,//weibo.com/5856715892/G3ON8bEKw?refer_flag=1001030103_
污染; 2018-02-19; 1; 10,177,	  突发！山东功勋企业家赶过年实名举报市委书记，隐情令人震惊！ 黄鸣办企业，不请客不送礼，正道直行，凭真材实学。这样的企业家我就支持。混合经济体制，最难得的就是这样的企业家。可是，遇上了按潜规则办事的市委书记，就被卡死了。当然，这样的市委书记实在是有眼无珠。看吧，黄鸣一定能胜利的。 ​		...展开全文c,NA,//weibo.com/1768617607/G3P7LF2Vj?refer_flag=1001030103_
污染; 2018-02-19; 1; 10,178,#金堂天气# 预计我县今天白天多云，气温5到15℃，北风1到3级。空气污染扩散条件指数3级，中，气象条件对空气污染物稀释、扩散和清除无明显影响 ​​​​		,金堂服务,//weibo.com/3446746724/G3P7KuA0M?refer_flag=1001030103_
污染; 2018-02-19; 1; 10,179,		水被污染成这样，也没有管的？ |诸城·石桥... 周涛40420... ​		,周涛40420,//weibo.com/5365975721/G3P7Hftd0?refer_flag=1001030103_
污染; 2018-02-19; 1; 10,180,#中国赞#【“煽扇除霾”专利申请人：坚信有用 研究除霾方法已七八年】杜清尘表示当然相信该发明会起作用，“否则不会花大量时间精力去研究。”他称研究包括化学除霾在内的除霾方法已七八年。他自己评价该方案“成本低、效果显著，且不会二次环境污染”。 ​		,立workaholic-Li,//weibo.com/283284716/G3P7GnR2z?refer_flag=1001030103_
污染; 2018-02-19; 1; 10,181,"		看了唐人街系列两部 喜剧的外壳下，导演辨析了善恶的道理。  第一部 秦风告诉思诺:""一张白纸对折，成2面，可以立在桌子上。""就像思诺最开始是一张白纸，单纯无污染却不能立起来。只有被折成2面才能立起。白纸的一面代表的是善良，另一面代表的是是罪恶，就像大多数的人一样，不是极善，不是极恶 ​			...展开全文c",珊珊珊珊珊llly,//weibo.com/5366653214/G3P7G8LFj?refer_flag=1001030103_
污染; 2018-02-19; 1; 10,182,		//@德州环境:德州市决定2月19日10时发布重污染天气黄色预警，同步启动Ⅲ级应急响应		,用户秦时明月汉时关,//weibo.com/3577025333/G3OchvkuM?refer_flag=1001030103_
污染; 2018-02-19; 1; 10,183,	  发布了头条文章：《2月19日10时我市启动重污染天气Ⅲ级应急响应》 |2月19日10... ​	,NA,//weibo.com/6267944738/G3P7nr5fx?refer_flag=1001030103_
污染; 2018-02-19; 1; 10,184,		//@济南环保:【“同呼吸 共奋斗”八条公民行为准则，一起争取更多蓝天】第一条：关注空气质量。遵守大气污染防治法律法规，参与和监督大气环境保护工作，了解政府发布的环境空气质量信息。		,商河环保,//weibo.com/6059162597/G3EMafIxF?refer_flag=1001030103_
污染; 2018-02-19; 1; 10,185,	  【“同呼吸 共奋斗”八条公民行为准则，一起争取更多蓝天】第一条：关注空气质量。遵守大气污染防治法律法规，参与和监督大气环境保护工作，了解政府发布的环境空气质量信息。第二条：做好健康防护。重污染天气情况下，响应各级人民政府启动的应急预案，采取健康防护措施。第三条：减少烟尘排放。 ​		...展开全文c,NA,//weibo.com/5085350726/G3P7l74zZ?refer_flag=1001030103_
污染; 2018-02-19; 1; 10,186,		02月19日 12时【市区】空气质量指数40，一级，首要污染物无，空气清新，非常适宜户外活动或锻炼。详情见网站【|青岛市环境...】 ​		,青岛环境监测,//weibo.com/1166572170/G3P7bl2nv?refer_flag=1001030103_
污染; 2018-02-19; 1; 10,187,"		纯天然木纤维产品是选用2至3年生天然无污染的澳洲速生树木，粉碎高温蒸煮成木浆提取纤维制成。经过特殊技术和生产工艺剔除木材中的糖和脂份，并采用先进技术根除物质的静电反应。整个过程中没有任何化学上的成份,与棉花一样都是100%的绿色产品。具有天然的抗菌保健，清除异味、自清自洁的功能，触感柔 ​			...展开全文c",永远做我自己,//weibo.com/5516876311/G3P72vkDJ?refer_flag=1001030103_
污染; 2018-02-19; 1; 10,188,		10种植物有助消除室内空气污染雾霾天不断，室内空气也跟着遭殃，不仅如此，装修、化学清洁剂等还会向空气释放有害物质。此时，不妨在家里多摆放些绿植，能帮一些小忙。TFI7631.常青藤 2.白鹤芋 3.散尾葵 4.菊花 5.虎尾兰 6.吊兰 7. 芦荟 8.富贵竹 9.绿萝 10.滴水观音。 ​		,爱吃糖的大蜗牛,//weibo.com/6427034400/G3P72asqP?refer_flag=1001030103_
污染; 2018-02-19; 1; 10,189,		//@偷渡眼底:首先 我个人认为这不关你的事 你很有点戏多 所谓戏精可能就是你的代名词吧@白何鹿天  其次 我们每天辛辛苦苦在那里净化 那些写手一二三再而三的写一些yhsq的文章给爱豆本身带来不好的影响 你说的很对 我们不想看就不要看 每天去搜索我自己爱豆大名的时候都会看见这些奇奇怪怪的东西污染眼		,爱因思贤,//weibo.com/6208025327/G3HFGx6we?refer_flag=1001030103_
污染; 2018-02-19; 1; 10,190,	  今天@贤儿的可爱因子 的一条微博下面有很多人喷，我说一下我的观点:1、你们觉得恶心可以不看。2、而且yy的话你们也有份。3、天天说什么误上真人。(呵呵呵呵)4、骂人请不要用长辈。最后配上几副图。最后想说不想看就滚。#EXO小黄文# ​	,NA,//weibo.com/5814020965/G3P6Z0iIA?refer_flag=1001030103_
污染; 2018-02-19; 1; 10,191,		【苏梅岛】苏梅岛是泰国第三大岛，相比人们熟知的普吉岛来说，相对没有那么嘈杂。抛开生活的压力，远离污染的空气，来到这里享受蓝天白云，享受一望无际的大海吧！ ​		,宛金麟,//weibo.com/3819363717/G3P6Ry59l?refer_flag=1001030103_
污染; 2018-02-19; 1; 10,192,		别带电影演员的名字好吗 辣到我的眼睛了🙄污染别人的广场你们这些邪教很棒棒 网页链接,你的卤煮,//weibo.com/2381084525/G3NCXxaEh?refer_flag=1001030103_
污染; 2018-02-19; 1; 10,193,	  我想说两句，有的宝宝看到红海里顺懂cp很气，好吧，你很气说明你很在意，说明从另一个角度，你也是认真了，所以啊，只是电影里的角色搭配，乐乐就好了，为什么非要拿来和我们真人瑜洲cp比呢，根本不用比也没法比。然后，我看鲸鱼和尹昉的那个采访了，我是真感觉尹昉说朝夕相处，一起买菜的时候，老大 ​		...展开全文c,NA,//weibo.com/5898605536/G3P6Pbi0N?refer_flag=1001030103_
污染; 2018-02-19; 1; 10,194,		桑葚子是桑树的果实，又名桑葚，桑果，桑椹。早在两千多年前，桑椹已是中国皇帝御用的补品。因桑葚子特殊的生长环境，使桑果具有天然生长，无任何污染的特点，所以桑椹又被称为“民间圣果”。 桑葚子含有丰富的活性蛋白、维生素、氨基酸、胡萝卜素、矿物质等成分，营养是苹果的5-6倍。		,子母河谷圣果红,//weibo.com/6357062038/Fv6HS2GVO?refer_flag=1001030103_
污染; 2018-02-19; 1; 10,195,	  桑葚中白黎芦是重要的是抗衰老关键#新疆子母河谷.桑椹果酒# 试验结果显示，桑椹活性饮品可以对糖尿病及代谢综合征患者起到很好的辅助治疗作用。　　此次临床试验中，新加坡研究组随机抽取了30名2型糖尿病患者，通过服用从黑桑椹和桑叶、桑枝中提取活性成分，采用科学配方制成的果饮，进行血糖、血脂 ​		...展开全文c,NA,//weibo.com/6357062038/G3P6ykU6v?refer_flag=1001030103_
污染; 2018-02-19; 1; 10,196,		【卡隆海滩】卡隆海滩位于帕通海滩南，是普吉岛第三大海滩，也是岛上最长的海滩之一。卡隆海滩，不若巴通那般热闹喧哗，倒像是一座海水浴场。无污染的沙质海滩就像一个白色的勺子蜿蜒在海边。沿着海滩是一大片松木林，腹地很宽，游客要不戏水、晒太阳，要不就是坐在躺椅上看书、打盹，惬意至极… ​			...展开全文c,一天一个微笑的世界吉,//weibo.com/5090995879/G3P6q4d7m?refer_flag=1001030103_
污染; 2018-02-19; 1; 10,197,		森之灵大概会出正片的一个人设作业赶完后在画个堕化（被污染）版的妆面设计也画画好了（生于草图死于上色） ​		,卡布其诺earl,//weibo.com/6042598696/G3P63iUkW?refer_flag=1001030103_
污染; 2018-02-19; 1; 10,198,		即预测未来持续三天出现严重污染时：北京通过《北京市空气重污染应急预案》；将整体停驶80%。聪明和智慧的区别:现实生活中。而能吃亏的是智者……机动车将实施单双号限行措施：【北京持续三天空气污染将实行单双号限行】日前：聪明人知道自己能做什么、而智者明白自己不能做什么！ ​		,又一弯浅金,//weibo.com/3986839605/G3P5YAoms?refer_flag=1001030103_
污染; 2018-02-19; 1; 10,199,"#人生感悟,春节到了,过年了,为什么现在过年的年味越来越淡!#   另外，城市化速度的加快。造成了基础设施建设的滞后，街道上缺乏文化设施和娱乐设施。加上大气污染，人们也懒得出去！ ​		",小宁冷落,//weibo.com/6380729373/G3P5QkDp9?refer_flag=1001030103_
污染; 2018-02-19; 1; 10,200,"		【香格里拉大峡谷旅游风景区】位于香格里拉县城西北部80多千米处，因峡谷一头名""香格""，另一头名""里拉""，故名香格里拉大峡谷，据说在《消失的地平线》一书中所说的""蓝月亮峡谷""就是这里。走进峡谷，天蓝、林密、水清，花香扑鼻，不时还会有啁啾的小鸟一掠而过，清灵秀气，有如一片未受污染的""净土""。 ​		",夏伟松1976,//weibo.com/5565344076/G3P5LiTVh?refer_flag=1001030103_
污染; 2018-02-19; 1; 10,201,		【备孕期饮食禁忌】不止孕期，备孕期同样少不了饮食上的禁忌。为了你可以怀上健康聪明的宝宝，在孕前饮食中，你可要特别注意了哦。1、减肥要科学。2、营养摄入要均衡。3、孕前要减少吃各种腌制品，例如咸鱼、腊肉、香肠等食物。4、孕前避免食物污染。 ​		,你说爱我的勇气那里去了,//weibo.com/3626640357/G3P5F6fVX?refer_flag=1001030103_
污染; 2018-02-19; 1; 10,202,		首先 我个人认为这不关你的事 你很有点戏多 所谓戏精可能就是你的代名词吧@白何鹿天  其次 我们每天辛辛苦苦在那里净化 那些写手一二三再而三的写一些yhsq的文章给爱豆本身带来不好的影响 你说的很对 我们不想看就不要看 每天去搜索我自己爱豆大名的时候都会看见这些奇奇怪怪的东西污染眼球能不气吗？		,偷渡眼底,//weibo.com/6208025327/G3HFGx6we?refer_flag=1001030103_
污染; 2018-02-19; 1; 10,203,	  今天@贤儿的可爱因子 的一条微博下面有很多人喷，我说一下我的观点:1、你们觉得恶心可以不看。2、而且yy的话你们也有份。3、天天说什么误上真人。(呵呵呵呵)4、骂人请不要用长辈。最后配上几副图。最后想说不想看就滚。#EXO小黄文# ​	,NA,//weibo.com/2948644853/G3P5F53iR?refer_flag=1001030103_
污染; 2018-02-19; 1; 10,204,		给你精神污染 ​		,Gst_管叔吃鱼,//weibo.com/1647748684/G3P5Di8r3?refer_flag=1001030103_
污染; 2018-02-19; 1; 10,205,#中国赞#【世界卫生组织9条防癌提示】①不吃熏腌制食物。②不吃过热过硬、过焦过咸的食物，不喝过烫的水。③不吃发霉粮食及制品。④不用洗衣粉擦洗餐具、茶具或食物。⑤吃饭不要过饱，控制肉类的摄入量。⑥不吃被农药污染的蔬果。⑦不酗酒。⑧不吸烟。⑨每天开窗1至2小时。 ​		,龙欲天涯_941,//weibo.com/3047430717/G3P5v1K5c?refer_flag=1001030103_
污染; 2018-02-19; 1; 10,206,		性象白纸，一经污染，便永不能再如以前的洁白。 ​		,不爱飞儿你爱谁soj,//weibo.com/2478303677/G3P5t14kX?refer_flag=1001030103_
污染; 2018-02-19; 1; 10,207,		梦想独立团，骑行渭河全程九载寻梦，重访渭河绿色联盟..，清早从宝鸡出发，一路狂奔，中午到达蔡家坡，渭滨路上，股股恶臭，排污口明暗相间，渭河污染的迹象从这里始。下午五点到达杨凌，明天赶往西安。 ​		,烦砸你一砖头,//weibo.com/3986343856/G3P5sFERe?refer_flag=1001030103_
污染; 2018-02-19; 1; 10,208,		会激发很多污染源的污染释放：却不知道身后的这个空间正在高温的催化下发生着一些不为人知的事情；日久更可能致癌。】夏季高温天气：当我们关上车门转身离开时；如果不注意这种隐形的杀手……鸡蛋放前风挡30分钟；这么高的温度！ ​		,沙千亦叛,//weibo.com/6364585910/G3P5qBsBp?refer_flag=1001030103_
污染; 2018-02-19; 1; 10,209,		我心已污染！努力清污中。		,御弟0812,//weibo.com/5601948311/G3LMu9HVp?refer_flag=1001030103_
污染; 2018-02-19; 1; 10,210,	  人心本无染， 心静自然清。 ​​​ ​​​​	,NA,//weibo.com/3763781850/G3P5prTMq?refer_flag=1001030103_
污染; 2018-02-19; 1; 10,211,		【眼药水开瓶4周就得扔】眼药水的“保鲜期”只有4周。眼科医生提醒，眼药水包装上的保质期通常指未开封的状态，一旦开封使用，如4周内未用完，应立即丢弃。眼药水开封后，保存环境发生了改变，药效会逐渐减弱；在使用时药液还可能被空气中的微生物污染，带来健康隐患。 ​		,彼此安恋思,//weibo.com/6132572375/G3P5f5OtX?refer_flag=1001030103_
污染; 2018-02-19; 1; 10,212,		世界越是浮躁，我们的内心越应该淡定，因为内心的平静可抵御外界的干扰。浮躁，会使人性失去根基，使清澈纯洁的心灵受到污染，最终导致精神的贫乏。只有淡定，才能于浮躁的社会里坚守原则，在物欲横流的社会里保持内心的从容与淡定，让心灵回归清纯，“宁静致远，淡泊明志”，给心灵一片滋润的净土。 ​		,可爱多灬臭镁,//weibo.com/5314726128/G3P5f5OxH?refer_flag=1001030103_
污染; 2018-02-19; 1; 10,213,		过年不打烊 芭比冰肌隔离乳——强效隔离、防晒、保湿、调和肤色、拒绝分层、舒缓控油、让肌肤0污染😅 用户605640... ​		,用户6056409097,//weibo.com/6056409097/G3P52mHGB?refer_flag=1001030103_
污染; 2018-02-19; 1; 10,214,		只要自觉心安，东西南北都好。如有一人未度，切莫自己逃了。永远不要以自己的想法去揣度别人，你只有保证自己怎样，并不能保证别人何如。恶语永远不要出自于我们的口中，不管他有多坏，有多恶。你[飙泪]愈骂他，你的心就被污染了，你要想，他就是你的善知识，从中伤我们的人那儿练就我们的修为。 ​		,年轻的莪的关心,//weibo.com/5794425344/G3P50kjLo?refer_flag=1001030103_
污染; 2018-02-19; 1; 10,215,		//@佛教微博:众生内心污染和清净的程度不同，看到的现象也千差万别。如一杯水，地狱众生看到的是铁汁；饿鬼众生看到的是脓血；畜生众生看到的是住处；人类看到的是水；天人看到的是甘露；八地菩萨看到的是佛母玛玛格；佛陀看到的是圆满大法界。内心越污染，所见现象越恶劣；内心越清净，所见现象越庄严		,葭葭天地,//weibo.com/2050149565/G3jJVqOCb?refer_flag=1001030103_
污染; 2018-02-19; 1; 10,216,"	  【经典助印计划之首版《圆觉经》(注音)再版《六祖坛经》(注音)】《圆觉经》大乘经典,是佛为文殊,普贤等十二位菩萨宣说如来圆觉的妙理和观行方法,唐宋明以来天台宗贤首宗禅宗等盛行宣讲之经典;《六祖坛经》佛教唯一一本僧人著经书,佛教界学术界共同称之为经的禅宗著作.即日起助印,截止3月27日 ​	",NA,//weibo.com/1852712377/G3P4YuX7x?refer_flag=1001030103_
污染; 2018-02-19; 1; 10,217,		我免费围观了 @梁无咎 的回答，问题价值 1.50 元，快来一起免费围观~ 微博问答 ​		,种花家的红领兔,//weibo.com/5554630417/G3P4ggIRY?refer_flag=1001030103_
污染; 2018-02-19; 1; 10,218,		有时候觉得有些女权主义鼓吹的自由跑偏了，架着女权的幌子给自己行一些龌龊之事，还以之为傲，年轻的本来就意志不坚定的姑娘们三观很快被污染，所以感觉国家意识形态的规范与引导还是很有必要的		,狮子座孙豪,//weibo.com/5594001828/G3Hdp8dsK?refer_flag=1001030103_
污染; 2018-02-19; 1; 10,219,	  社会浮躁，太多女孩一副娼妓面孔 ​	,NA,//weibo.com/5555852224/G3P4aAQkg?refer_flag=1001030103_
污染; 2018-02-19; 1; 10,220,		【日照海滨公园】日照海滨公园依山傍海，浪缓滩阔，沙质细润，海水洁净，拥有7公里的黄金海岸线，是北方一流的天然海滨浴场，被有关专家誉为“中国沿海仅存未被污染的黄金海岸”。美籍华裔物理学家丁肇中先生称这里的沙滩“夏威夷所不及”。日照海滨国家森林公园位于山东省日照市北沿海路北首。 ​		,郁葱静谧L1ZJ,//weibo.com/5941519887/G3P44EyJh?refer_flag=1001030103_
污染; 2018-02-19; 1; 10,221,		辛苦lab了！！！//@Lab3:中间发生了点事…感谢好对手@黑桃moai @今天也在感嘆喜多川的可愛_緋紅 和好搭档@乌鲁克的韭菜 ！！！真的很对不起最后滑垒成这样，但是，多少算是写完了……总觉得我自己都有点精神污染了（去拿柚子叶洗澡）		,黑桃moai,//weibo.com/5102552610/G3OUo0Umw?refer_flag=1001030103_
污染; 2018-02-19; 1; 10,222,#FWVII# @FWVII教会 滑垒！！！ |[No.008] L... ​	,NA,//weibo.com/1756765885/G3P4498r9?refer_flag=1001030103_
污染; 2018-02-19; 1; 10,223,		大年初四慢跑13km，有雾轻度污染-2℃，全程带口罩#beatyesterday #garmin 在 Garmin Connect 上查看我的 跑步 活动。 #beatyesterday网页链接 ​		,ZYWPNN,//weibo.com/1305260352/G3P3YdnH3?refer_flag=1001030103_
污染; 2018-02-19; 1; 10,224,		【12时PM2.5浓度（微克/立方米）】城六区：137；西北部：106；东北部：164；东南部：161；西南部：148。目前全市整体空气质量为中度污染水平，东部郊区和西部的房山区达到重度污染水平。网页链接 ​		,北京环境监测,//weibo.com/2516831703/G3P3XBJbZ?refer_flag=1001030103_
污染; 2018-02-19; 1; 10,225,		2018年02月19日11时北京平均天气空气质量：天气多云，温度0°C，湿度60%，风向东风，风力微风级。【中标】176，【美标】191。空气中度污染。儿童、老年人及心脏病、呼吸系统疾病患者应尽量减少外出，停留在室内，一般人群应适量减少户外运动。（分享自 @北京空气污染播报） 网页链接 ​		,火星跑步者,//weibo.com/1756595897/G3P3zENK9?refer_flag=1001030103_
污染; 2018-02-19; 1; 10,226,		//@中国刘杰://@森林屋子:还真不不如豆腐渣，豆腐渣放在地里可以变成肥料，这东西只会污染环境//@陶公春秋:比豆腐渣还是要坚固一些的嘛…… 鉴定完毕。		,lvh3sg5ya2j9l0et8wz9o,//weibo.com/1600463082/G3JsF7oRW?refer_flag=1001030103_
污染; 2018-02-19; 1; 10,227,	  网友：水利工程修成豆腐渣工程，“水泥”用手一掰就开。。 中国刘杰的... ​	,NA,//weibo.com/5528319224/G3P3s17N7?refer_flag=1001030103_
污染; 2018-02-19; 1; 10,228,		那个话题发现太迟了，主持人已被鸡粉拿下，我就删了前面发的不想污染主页 ​		,一番元宵kkk,//weibo.com/2645967831/G3P3pCxKV?refer_flag=1001030103_
污染; 2018-02-19; 1; 10,229,		圆珠笔油弄到手上很难洗掉，可用酒精棉球（也可用白酒）放在手上被污染处，圆珠笔油很快就被吸附，再用清水冲洗即能洗净。 ​		,YURI是大咖乐悠悠,//weibo.com/6441931628/G3P3bbruT?refer_flag=1001030103_
污染; 2018-02-19; 1; 10,230,		特价。来。[爱心]澳洲贝拉米有机奶粉，星娃嗯哼同款*吴京家也是喝这个。 贝拉米天然有机婴幼儿奶粉刚出生不久的宝宝，肠道非常娇嫩，对很多奶粉都不容易适应贝拉米在澳洲很著名，获得了澳洲和新西兰的有机认可喔。“奶源来自澳洲生态保护很好的小岛”“原料有机无污染”加工生产也很严格 ​			...展开全文c,mo的澳洲代购,//weibo.com/3532632453/G3P2Nvl4F?refer_flag=1001030103_
污染; 2018-02-19; 1; 10,231,		纯竹工坊原生竹浆本色卷纸卫生纸卷筒纸妇婴家用厕纸手纸包邮48卷#比特币或再度大幅飙升#天然竹浆，无污染，不漂白，不添加，柔韧不易破，抑菌环保，食品级竹浆纸，居家必备。 【原价】59.9元 【券后】39.9元 【下单】|网页链接 【每天六万优惠卷】网页链接 ​		,大大省钱君,//weibo.com/2275044791/G3P2KhppP?refer_flag=1001030103_
污染; 2018-02-19; 1; 10,232,#江苏师大三下乡# 教育科学学院 冯舜尧  寒假里，因为有感于家乡生态环境质量的提高以及人们生活水平的提高，所以我对家乡的生态环境进行了调查研究。通过调查与研究，我逐渐发现，家乡的道路更加笔直了，环境更加优美了。原本荒芜的土地得到了合理的开发，废弃的工厂和被污染的河流得到了科学 ​			...展开全文c,至君NBA,//weibo.com/6331828782/G3P2G7OHB?refer_flag=1001030103_
污染; 2018-02-19; 1; 10,233,		我参与了@五星麦克阿瑟 发起的投票 【你给今年的春晚打几分？】，我投给了“负分，滚粗！噪音污染”这个选项。你也快来表态吧~		,真爱无敌7QM,//weibo.com/6445381362/G3nkoEYsR?refer_flag=1001030103_
污染; 2018-02-19; 1; 10,234,	  我发起了一个投票 【你给今年的春晚打几分？】网页链接 ​	,NA,//weibo.com/3399728962/G3P2yaRRi?refer_flag=1001030103_
污染; 2018-02-19; 1; 10,235,		谁他么放的烟花100响的打扰我睡午觉，影响小区卫生，污染小区环境，你想死我们不想死，你放完炮竹应该清理掉，妨碍小区的交通别逼我大过年去你家烧纸。 盐城专业接... ​		,盐城专业接盘侠,//weibo.com/6064363291/G3P2r3PAy?refer_flag=1001030103_
污染; 2018-02-19; 1; 10,236,		【当父母对孩子的“喜怒无常”头痛不已时，也要低头看看自己了】是不是因为自己在工作、家庭等等遇到困难，带来的坏情绪间接地影响到宝宝，造成了孩子心灵上的“污染”，让他们也逐渐喜怒不定。如果是这样，爸爸妈妈们需要学着在宝宝面前控制自己的坏脾气，尽量冷静后再面对孩子。 ​		,woaiwojia_28215,//weibo.com/3804866491/G3P2jDS31?refer_flag=1001030103_
污染; 2018-02-19; 1; 10,237,		《垃圾场与贪官》实话实说在2005年建垃圾场到现在国家补偿污染费平均每人56000元村民之今都没有北褚村村民大约1200人一共是6720万元，垃圾车往垃圾场送垃圾每车褚军田提40元每天320车每天褚军田收1万2千8百元一年就是4672万垃圾场开业到结束一共11年共计51392000元刚查出来，光卖沙1000多万，为啥不管		,暗黑向实话实说886,//weibo.com/6352574976/FipNmhPS4?refer_flag=1001030103_
污染; 2018-02-19; 1; 10,238,	  昌邑市都昌垃圾场 暗黑向实话... ​	,NA,//weibo.com/6352574976/G3P29zuGo?refer_flag=1001030103_
污染; 2018-02-19; 1; 10,239,"		【孩子吃水果不能代替蔬菜】很多宝宝爱吃水果,但不爱吃蔬菜,但水果不能代替蔬菜.蔬菜比一般水果含矿物盐(如钙磷钾等)多;鲜菜含维生素C,胡萝卜素等维生素也要比水果多若干倍.蔬菜的膳食纤维也比水果多.多吃蔬菜还可防便秘,并有防癌作用.多吃新鲜绿色无污染的蔬菜,吃出健康好宝宝。 ​		",天高寂静雪白,//weibo.com/6439275676/G3P24zO0q?refer_flag=1001030103_
污染; 2018-02-19; 1; 10,240,		至今为止，艾滋病仍是让人十分惧怕的传染病。所以这个问题提得好，让我们来看一看，什么样的情况下离体的污染血液，具有感染人的可能。离开人的身体在室温下、液体环境中的HIV可以存活15天。离体血液中HIV的存活时间决定于离体血液中病毒的含量，病毒含量高的血液，在未干的情况下，在室温中放置96小 ​			...展开全文c,李大妞Fighting,//weibo.com/5125135606/G3P23ncBg?refer_flag=1001030103_
污染; 2018-02-19; 1; 10,241,		【苏梅岛】苏梅岛是泰国第三大岛，相比人们熟知的普吉岛来说，这里没那么商业，充满着浓郁的原始气息。抛开生活的压力，远离污染的空气，来苏梅岛享受蓝天白云，享受一望无际的大海吧！ ​		,欢腾思春思,//weibo.com/6169844411/G3P1ZhAvX?refer_flag=1001030103_
污染; 2018-02-19; 1; 10,242,#Y's book# 柴静 《看见》过半了 赶紧随便写几句 这书感觉有点像自传 又有点像小故事 开头几章节 没怎么琢磨透 看着看着有点意思 用眼观察 用心感受 可是记者只能是还原真相 不能添加个人观点与看法 不然那就是舆论导向了 写了非典 写了同性恋人 写了非法征地拆违 写了政治聚焦 写了空气污染与雾霾 写 ​			...展开全文c,syy_可乐鼠,//weibo.com/1985194491/G3P1Ong2J?refer_flag=1001030103_
污染; 2018-02-19; 1; 10,243,#厦门#都说厦门最美丽环境最好，可是白鹭洲公园的死鱼到处都是，臭气熏天。湖水污染严重，春节期间也没人管没人治理吗？@厦门晚报 @厦门新闻频道 @厦门大城小事 @厦门本地新闻 @厦门的那点事 @看厦门 @新浪厦门 @厦门日报 ​		,爱的洋洋洒洒,//weibo.com/5731086173/G3P1O5D5D?refer_flag=1001030103_
