query,Post ID,Post Content,nickname,link
污染; 2018-02-19; 1; 10,1,这也不会是博主自己发着玩吧，如果现实生活中有这样的男孩，那就让他乖乖做只单身狗算了，不要出来祸害人类了，严重污染人类生态环境,Markus-Feng,//weibo.com/3129816345/G3OEYElf0?refer_flag=1001030103_
污染; 2018-02-19; 1; 10,2,	  相亲遇到直男癌是什么体验 ​	,NA,//weibo.com/2988242687/G3PKz0YAV?refer_flag=1001030103_
污染; 2018-02-19; 1; 10,3,		【茼蒿营养价值高】茼蒿富含矿物质、胡萝卜素、蛋白质、膳食纤维、维生素C等，污染轻，营养丰，高水分，低热能。茼蒿食用部分为幼嫩茎叶，味道清香，可凉拌，也可荤素炒食，烧豆腐、做汤、做馅等，秋冬涮火锅食用也别具风味。 ​		,小彡费_8zj8,//weibo.com/6155960190/G3PKyaesH?refer_flag=1001030103_
污染; 2018-02-19; 1; 10,4,		每一个个体的行动汇聚在一起，都会成为推动变革的力量。请加入我们，让关切成为行动，一起#战胜污染#，携手迈向#零污染地球#。你的支持至关重要！@联合国环境规划署 @微公益网页链接 ​		,若泽为安6,//weibo.com/5873934188/G3PKo4cgm?refer_flag=1001030103_
污染; 2018-02-19; 1; 10,5,我的小括弧//@DragonKnight_G字反黑组:广场被污染，大家转赞评好的微博上精选，点赞评论转发这条,LOVEGD龙tory,//weibo.com/2667414910/G3OeUADYX?refer_flag=1001030103_
污染; 2018-02-19; 1; 10,6,#权志龙##鸡涌是宝宝# 一笑就是小括弧心都酥了真是乖崽崽啊又是只爱你的一天@GDRAGON_OFFICIAL ​	,NA,//weibo.com/5219832513/G3PKktYQu?refer_flag=1001030103_
污染; 2018-02-19; 1; 10,7,		【空气质量日报】2月18日空气质量：中度污染，首要污染物：PM10，全市AQI指数：198 ​		,西安环保,//weibo.com/5346243842/G3PKcx7Nm?refer_flag=1001030103_
污染; 2018-02-19; 1; 10,8,		//@苏哈哈_苏莱曼昵:上学时学政治课，老师告诉学生：资本主义是垂死的、腐朽的，两极分化厉害，空气污染严重，富人为所欲为，穷人连病都看不起，这样的纸老虎，兔子尾巴长不了，一打就完蛋！敌人一天天烂下去，我们一天天好起来。这么多年过去了，所言不虚，不但是民不聊生，也官不聊生！,流水无颜531xyy,//weibo.com/6153824818/G3OElCBc3?refer_flag=1001030103_
污染; 2018-02-19; 1; 10,9,	  近日，有媒体爆出美帝退休总统奥巴马女儿四处打散工，来赚取社会履历！从毕业后，19岁的她一直在工作上碰壁，不得心愿，估计她每年正月拜年肯定都是匆匆的放下酒和点心，然后假寒暄几句，不多呆，生怕亲戚朋友问起她工作的事！一个正国级干部如果连子女都安置不好，还有什么脸说自己是为人民服务的？可 ​		...展开全文c,NA,//weibo.com/6455353539/G3PKboEOl?refer_flag=1001030103_
污染; 2018-02-19; 1; 10,10,		//@DragonKnight_G字反黑组:广场被污染，大家转赞评好的微博上精选，点赞评论转发这条,愿永远永远_818,//weibo.com/2667414910/G3OeUADYX?refer_flag=1001030103_
污染; 2018-02-19; 1; 10,11,#权志龙##鸡涌是宝宝# 一笑就是小括弧心都酥了真是乖崽崽啊又是只爱你的一天@GDRAGON_OFFICIAL ​	,NA,//weibo.com/5564785397/G3PK7dQDD?refer_flag=1001030103_
污染; 2018-02-19; 1; 10,12,		【白开水也有保质期】很多家庭会在夏天准备个大玻璃杯凉白开水，认为这样卫生、方便。但夏季天热，空气湿度高，细菌繁殖快，凉白开放置时间不宜过长。无论常温或冷藏条件下，都不要超过2天，最好当天喝完。敞口放置时，要放在周围环境干净的地方，以免被污染。此外，切忌把放凉的水重新加热饮用。 ​		,悲恋担忧激,//weibo.com/6478687828/G3PK3qu15?refer_flag=1001030103_
污染; 2018-02-19; 1; 10,13,特价258/2个，直邮，自留款Contigo保龄球保温水杯❤️保温10小时，保冷24小时❄️ 特殊材质的304不锈钢材质、环保无污染♻️不生锈双层不锈钢内胆 密封性超强顶部带有小把手 拎起来很方便️不含BPA 无毒无味 不漏不溢！ 591ml！国内一只都要300啦[调皮] ​		,coco美国代购正品直邮,//weibo.com/3930005484/G3PJYoKM6?refer_flag=1001030103_
污染; 2018-02-19; 1; 10,14,		【卡隆海滩】卡隆海滩位于帕通海滩南，是普吉岛第三大海滩，也是岛上最长的海滩之一。卡隆海滩，不若巴通那般热闹喧哗，倒像是一座海水浴场。无污染的沙质海滩就像一个白色的勺子蜿蜒在海边。沿着海滩是一大片松木林，腹地很宽，游客要不戏水、晒太阳，要不就是坐在躺椅上看书、打盹，惬意至极…… ​		,零落怒吼单音,//weibo.com/6455573411/G3PJPde5o?refer_flag=1001030103_
污染; 2018-02-19; 1; 10,15,		飞鹰参与环保志愿多年.保护环境.扶助贫寒.爱心助学.森林防火.抗洪支灾.多次奋勇救人！保护共亨环境.改善一条条遭污染的河流变清流.保护饮用水源.造福宁乡龙田人民！2017年龙田政府张炜书记请我参与创建龙田美好环境.上了四个月班.到年底工资一分都没付我.老婆闹着要离婚@湖南省政府门户网站@湖南微政务,大地飞鹰在路上,//weibo.com/3538147441/FnJEy8n0L?refer_flag=1001030103_
污染; 2018-02-19; 1; 10,16,#点亮志愿者##公益之美# 宁乡党校扶贫走乡村.精准扶贫助贫寒.9.27飞鹰与杨赞代带着宁乡党校爱心人士的重托.行走在宁乡西部龙田镇乡间小道.为各位贫困老人送达双节深情问候.暖心捐赠.幕幕温情.爱心感动一张张慈详的面容.暖在心头@刘帅168@志愿者李仕铭@点亮志愿者@三湘名博沙龙@宁乡热点集@宁乡资讯 ​		...展开全文c,NA,//weibo.com/3538147441/G3PJMzQZT?refer_flag=1001030103_
污染; 2018-02-19; 1; 10,17,"#中国赞#【孩子吃水果不能代替蔬菜】很多宝宝爱吃水果,但不爱吃蔬菜,但水果不能代替蔬菜.蔬菜比一般水果含矿物盐(如钙磷钾等)多;鲜菜含维生素C,胡萝卜素等维生素也要比水果多若干倍.蔬菜的膳食纤维也比水果多.多吃蔬菜还可防便秘,并有防癌作用.多吃新鲜绿色无污染的蔬菜,吃出健康好宝宝。 ​		",myblacklife_110,//weibo.com/1373450134/G3PJAqNIO?refer_flag=1001030103_
污染; 2018-02-19; 1; 10,18,		变丑的两组直拍 太可怕了太可怕了太可怕了 简直精神污染 ​		,甜心小天云养日记,//weibo.com/6264262998/G3PJyCHRu?refer_flag=1001030103_
污染; 2018-02-19; 1; 10,19,		还有 ufo是真的很有钱超有钱感觉就在说：老子就是有钱，有钱就是大晒，即使你们都说我光污染，这也是用钱堆出来的光污染！别的光污染做得到吗！！！ ​		,勅使河原,//weibo.com/5334698033/G3PJr1zsV?refer_flag=1001030103_
污染; 2018-02-19; 1; 10,20,		家里的老爷子老太太必看新闻lianbo，最喜欢看山东卫视，看的如痴如醉，可以说每天都是重度精神污染了 ​		,mirai366,//weibo.com/2456801754/G3PJmxHum?refer_flag=1001030103_
污染; 2018-02-19; 1; 10,21,		飞鹰参与环保志愿多年.保护环境.扶助贫寒.爱心助学.森林防火.抗洪支灾.多次奋勇救人！保护共亨环境.改善一条条遭污染的河流变清流.保护饮用水源.造福宁乡龙田人民！2017年龙田政府张炜书记请我参与创建龙田美好环境.上了四个月班.到年底工资一分都没付我.老婆闹着要离婚@湖南省政府门户网站@湖南微政务,大地飞鹰在路上,//weibo.com/3538147441/Fooarc6gr?refer_flag=1001030103_
污染; 2018-02-19; 1; 10,22,#点亮志愿者##绿色卫士#10.1官民欢庆国庆.歌颂美好祖国.湖南省环境监督处长@刘帅168 领队.绿色卫士志愿同仁保护母亲河.湘江捞刀河溯源行.一行荡舟湘江.一行奔波浏阳市社港镇攀登大围山石柱峰.浏览湖湘秀美山水.腑视锦绣潇湘大美风光.图中各位阳光志愿女孩.穿行山间小道1.8万步.志愿风采线.最美公益情怀 ​		...展开全文c,NA,//weibo.com/3538147441/G3PJmdU1q?refer_flag=1001030103_
污染; 2018-02-19; 1; 10,23,		【美国花旗参】是一种补而不燥、男女老少皆宜的高级保健品。西洋参具有补气养血、滋阴补肾、健脾养胃、延缓衰老及养颜等功效。因为这里的花旗参实在没有污染的土地里种植而成，所以它的味道是很甘香的。用它来煮汤冲茶都是很好的选择 #Unpredictable# #Nothing to Lose# @TFBOYS-易烊千玺,甜甜火羊,//weibo.com/3623353053/G37g21waV?refer_flag=1001030103_
污染; 2018-02-19; 1; 10,24,	  今天…一起过节吧…🤗 ​	,NA,//weibo.com/5601464211/G3PJia8Eo?refer_flag=1001030103_
污染; 2018-02-19; 1; 10,25,		//@DragonKnight_G字反黑组:广场被污染，大家转赞评好的微博上精选，点赞评论转发这条,Lee-LGZ,//weibo.com/2667414910/G3OeUADYX?refer_flag=1001030103_
污染; 2018-02-19; 1; 10,26,#权志龙##鸡涌是宝宝# 一笑就是小括弧心都酥了真是乖崽崽啊又是只爱你的一天@GDRAGON_OFFICIAL ​	,NA,//weibo.com/3807065626/G3PJexfXp?refer_flag=1001030103_
污染; 2018-02-19; 1; 10,27,		【千万注意：七个坏习惯加快衰老】1、轻易发怒会令人产生皱纹。2、疲于奔命令面容憔悴。3、暴肥暴瘦令皮肤失去弹性松弛，甚至产生皱纹。4、吸烟令皮肤变黄变灰。5、大量饮酒或经常饮酒，会令皮肤发红肿胀。6、摄入污染食品令人早衰。7、防晒不足伤害皮肤。 ​		,孝M笑笑只为依红妆,//weibo.com/6165618446/G3PJef8cO?refer_flag=1001030103_
污染; 2018-02-19; 1; 10,28,		我现在重污染区，昨天现场拍摄的视频，竟然招来个别小丑的谩骂，估计触动了个别人的利益？昨天重污染，今天依然是！@环保部发布@河北环保发布@河北发布。 网页链接,瓦良格号归来,//weibo.com/1401055392/G3PeKj6yq?refer_flag=1001030103_
污染; 2018-02-19; 1; 10,29,	  看看这个污染图，你，在哪里？ ​	,NA,//weibo.com/3881150636/G3PJcbt7i?refer_flag=1001030103_
污染; 2018-02-19; 1; 10,30,#辞旧迎新，潭阳春节送话费活动#诽谤别人，就像含血喷人，先污染了自己的嘴巴。		,那位先森_Nelson丶63,//weibo.com/3242760373/G2kyCh7W9?refer_flag=1001030103_
污染; 2018-02-19; 1; 10,31,#辞旧迎新，潭阳春节送话费活动#转发本活动内容，就有机会赢取价值100元的手机话费充值卡！ 网页链接 ​	,NA,//weibo.com/3531427754/G3PJbzNDz?refer_flag=1001030103_
污染; 2018-02-19; 1; 10,32,		飞鹰参与环保志愿多年.保护环境.扶助贫寒.爱心助学.森林防火.抗洪支灾.多次奋勇救人！保护共亨环境.改善一条条遭污染的河流变清流.保护饮用水源.造福宁乡龙田人民！2017年龙田政府张炜书记请我参与创建龙田美好环境.上了四个月班.到年底工资一分都没付我.老婆闹着要离婚@湖南省政府门户网站@湖南微政务,大地飞鹰在路上,//weibo.com/3538147441/FoNOTcIvn?refer_flag=1001030103_
污染; 2018-02-19; 1; 10,33,#点亮志愿者##绿色卫士#节日浓情不只有真诚美好祝福.谨记安全意识文明礼让行车.飞鹰祝各界友人中秋快乐.阖家美满幸福@志愿者李仕铭 @刘帅168@长沙发布@三湘名博沙龙@点亮志愿者@随手公益-湖南@长沙热点集@宁乡热点集@何春银微想@湖南省志愿服务@共青团中央@大美宁乡@交警号手@长沙鸟会@美丽大湖南 ​		...展开全文c,NA,//weibo.com/3538147441/G3PJ4eslB?refer_flag=1001030103_
污染; 2018-02-19; 1; 10,34,		油力士大小号蛋糕纸托烘焙纸杯蛋糕纸杯雪媚娘纸托马芬杯面包纸杯 正品油力士，质量好，大品牌。六种颜色，任你挑选，蛋糕纸托烘焙纸杯，厂家直销，规格齐全，放油、防水、不沾，耐高温无污染，食品级材质，无异味，安全方便。【全国包邮】 【在售价】11元 【券后价】9元包邮  已经销售：573 【领 ​			...展开全文c,乐当家商贸,//weibo.com/5324021736/G3PJ0DhFl?refer_flag=1001030103_
污染; 2018-02-19; 1; 10,35,		走在乡间的小路上，人少没污染，舒服 |武汉·长轩... ​		,我要快乐o_1j5,//weibo.com/1221130425/G3PIXq5La?refer_flag=1001030103_
污染; 2018-02-19; 1; 10,36,		.@青岛城事 @青岛公安110 @青岛环保 高新区珊瑚湾30#楼业主，你大正月的在家哈点酒多好，干嘛跑到自家的空置房烧荒，看吧！红外报警烧坏了，监控烧坏了，环境污染了，你说咋办吧？ 勤快人110... ​		,勤快人110,//weibo.com/5854009927/G3PIIk31t?refer_flag=1001030103_
污染; 2018-02-19; 1; 10,37,		白开水也有保质期很多人喜欢在头天晚上晾好一杯开水，第二天一ZAR105早再喝。这种做法在温度不高时还可以；如气温超过30摄氏度，空气湿度又较高，细菌繁殖较快，隔夜凉开水就会失去生物活性，并且极易被污染而引起腹泻。当天烧的开水最好当天喝完。凉白开放置超过3天最好不再饮用。 ​		,漫山猴群我腚最红,//weibo.com/6434517561/G3PIGyKO8?refer_flag=1001030103_
污染; 2018-02-19; 1; 10,38,#田柾国##田柾国值得宠爱# ‼️紧急举报‼️柾国的一个投票上了新闻米兔出了条安利微博，不知道是哪里戳中了dyq的点，dyq就无缘无故去营销号转发脏文字rs柾国，发帖诅咒柾国，柾国真的可怜大过年的要受这些无妄之灾。大家动动手多多举报，不要让黑子污染柾国的安利微博。主页拉黑： ​			...展开全文c,TreasureKook田柾国个人博,//weibo.com/2574118244/G3PIC8M3F?refer_flag=1001030103_
污染; 2018-02-19; 1; 10,39,		飞鹰参与环保志愿多年.保护环境.扶助贫寒.爱心助学.森林防火.抗洪支灾.多次奋勇救人！保护共亨环境.改善一条条遭污染的河流变清流.保护饮用水源.造福宁乡龙田人民！2017年龙田政府张炜书记请我参与创建龙田美好环境.上了四个月班.到年底工资一分都没付我.老婆闹着要离婚@湖南省政府门户网站@湖南微政务,大地飞鹰在路上,//weibo.com/3538147441/FpCj8zT1G?refer_flag=1001030103_
污染; 2018-02-19; 1; 10,40,#点亮志愿者##绿色卫士##河流守望者沩水站# 公益之美.关爱环境.爱护公共设施.共同致力创建美丽家园.宣传倡导环境文明环保意识.行动参与只为更美好明天.志愿服务.经年穿梭在志愿路上的身影.公益精神影响龙田父老.湖湘人民全国公众志愿同仁.践行环保多年.不求过程只求改善后的效果.环保真情故事.感染曾仇 ​		...展开全文c,NA,//weibo.com/3538147441/G3PIxqf68?refer_flag=1001030103_
污染; 2018-02-19; 1; 10,41,		总感觉是鱼被污染了 没洗干净,恋爱你微笑,//weibo.com/5977436549/G3JSFBr89?refer_flag=1001030103_
污染; 2018-02-19; 1; 10,42,	  霸气的蓝鹦鹉鱼刺身，看看日本厨师是怎么处理的。 爱吃的飞鱼... ​	,NA,//weibo.com/5227331889/G3PIs4U9E?refer_flag=1001030103_
污染; 2018-02-19; 1; 10,43,		①不能带边伯贤大名以及有关的任何话题，不污染边伯贤相关搜索和广场增加粉丝净化任务。 ②不可以发带边伯贤名字的文字和头条文章 ③绝对不可以艾特边伯贤，打扰本人。 ④自觉维护偶像形象以及尊重法律法规，边伯贤相关文章内容要合法合俗，不在公众场合传播yhsq、伤风败俗等污染网络环境的读物。		,香甜樱桃汁,//weibo.com/5832408269/G3PvXkx83?refer_flag=1001030103_
污染; 2018-02-19; 1; 10,44,	  判断xhw的方法是写这篇文的主旨是什么，正常文里出现的H描写是根据作者的情节安排水到渠成，xhw里的H是为了性而性。当然也有网文作者专门写这种题材的，但人家可没有拿现实生活中的明星偶像当作自己的主角进行无底线的意淫（比如人shou/乱lun）。 “大部分文里都有H凭什么自己写的文就叫xhw？”这个问 ​		...展开全文c,NA,//weibo.com/5609230082/G3PIme5tj?refer_flag=1001030103_
污染; 2018-02-19; 1; 10,45,		//@DragonKnight_G字反黑组:广场被污染，大家转赞评好的微博上精选，点赞评论转发这条,抱走鸡涌_,//weibo.com/2667414910/G3OeUADYX?refer_flag=1001030103_
污染; 2018-02-19; 1; 10,46,#权志龙##鸡涌是宝宝# 一笑就是小括弧心都酥了真是乖崽崽啊又是只爱你的一天@GDRAGON_OFFICIAL ​	,NA,//weibo.com/5596984575/G3PIbxFT6?refer_flag=1001030103_
污染; 2018-02-19; 1; 10,47,		【痘痘生长过程】痘痘的产生是由于人体雄性激素分泌过旺，刺激皮脂腺分泌大量的油脂，增加皮肤的粘合力，此时如受外界灰尘等污染附着物的侵袭，长时间清洁不当，堵塞毛孔，再受厌氧菌、痤疮丙酸杆菌和其它细菌交叉感染，最终形成痘痘。 ​		,凡旋VWNo56_gle蒙其,//weibo.com/5883966639/G3PI1ubis?refer_flag=1001030103_
污染; 2018-02-19; 1; 10,48,		飞鹰参与环保志愿多年.保护环境.扶助贫寒.爱心助学.森林防火.抗洪支灾.多次奋勇救人！保护共亨环境.改善一条条遭污染的河流变清流.保护饮用水源.造福宁乡龙田人民！2017年龙田政府张炜书记请我参与创建龙田美好环境.上了四个月班.到年底工资一分都没付我.老婆闹着要离婚@湖南省政府门户网站@湖南微政务,大地飞鹰在路上,//weibo.com/3538147441/Fqe9G7q0e?refer_flag=1001030103_
污染; 2018-02-19; 1; 10,49,#点亮志愿者##绿色卫士#保护野生动物.没有捕猎就没有杀戮.10.13上午到宁乡龙田社区.见多人在围观.看此人在十字路边摆摊残忍剥皮宰杀数10只野生石蛙.网袋里装一只野生中华鳖.飞鹰阻止宰杀.现场向大家宣传野生动物保护法.拒绝捕食.促生物链和谐.请放生水生精灵.贩卖杀戮者强词说是养殖商品.和飞鹰发生争 ​		...展开全文c,NA,//weibo.com/3538147441/G3PI0AT7r?refer_flag=1001030103_
污染; 2018-02-19; 1; 10,50,		飞鹰参与环保志愿多年.保护环境.扶助贫寒.爱心助学.森林防火.抗洪支灾.多次奋勇救人！保护共亨环境.改善一条条遭污染的河流变清流.保护饮用水源.造福宁乡龙田人民！2017年龙田政府张炜书记请我参与创建龙田美好环境.上了四个月班.到年底工资一分都没付我.老婆闹着要离婚@湖南省政府门户网站@湖南微政务,大地飞鹰在路上,//weibo.com/3538147441/FqeYlaJV2?refer_flag=1001030103_
污染; 2018-02-19; 1; 10,51,#点亮志愿者##绿色卫士##河流守望者沩水站# 挥洒真情.影响身边大众.一带一路.在家乡从事文明劝导员已有几月.宣传环境保护.做文明守则公民！龙田社区狭窄的街道.父老乡亲为生计摆摊占道经营.车辆无序停放.至街道屡遭车流拥堵.我在进行劝导中遭人误解刀架脖子受伤.用一笑而过.精神影响.真情感动.护送老人 ​		...展开全文c,NA,//weibo.com/3538147441/G3PHMoyI8?refer_flag=1001030103_
污染; 2018-02-19; 1; 10,52,		划重点，营养价值低、还有污染,soyisama,//weibo.com/6157151766/G3G7vxV5t?refer_flag=1001030103_
污染; 2018-02-19; 1; 10,53,	  【每一片都是一只鲨鱼的尸体】原以为这些人是在屋顶铺瓦，但近看后，血淋淋的真相令人不寒而栗！ ​	,NA,//weibo.com/2840495410/G3PHI2r4q?refer_flag=1001030103_
污染; 2018-02-19; 1; 10,54,		东营，02月19日，周一，空气质量指数：116，空气质量：轻度污染。 ​		,东营天气通,//weibo.com/5112650387/G3PHDhQRn?refer_flag=1001030103_
污染; 2018-02-19; 1; 10,55,		回复 别污染了艺兴的微博		,调皮小懒虫2008,//weibo.com/2706896955/G3Hcaz8dh?refer_flag=1001030103_
污染; 2018-02-19; 1; 10,56,#最好的舞台# 台上balance 台下balance 哥俩一起balance #黄渤导演作品# 黄渤导演电... ​	,NA,//weibo.com/3971901219/G3PHwt4A3?refer_flag=1001030103_
污染; 2018-02-19; 1; 10,57,		飞鹰参与环保志愿多年.保护环境.扶助贫寒.爱心助学.森林防火.抗洪支灾.多次奋勇救人！保护共亨环境.改善一条条遭污染的河流变清流.保护饮用水源.造福宁乡龙田人民！2017年龙田政府张炜书记请我参与创建龙田美好环境.上了四个月班.到年底工资一分都没付我.老婆闹着要离婚@湖南省政府门户网站@湖南微政务,大地飞鹰在路上,//weibo.com/3538147441/FrgFInrmC?refer_flag=1001030103_
污染; 2018-02-19; 1; 10,58,#点亮志愿者##绿色卫士# 关爱环境播种爱心善良.随手公益把垃圾带走入桶.共护美丽家园.大美宁乡龙田风光.蓝天白云视觉亮美@刘帅168@志愿者李仕铭@三湘名博沙龙@宁乡热点集@公众环境马军@湖南省环境保护厅@点亮志愿者@交警号手@农大MXD@共青湖南@共青团宁乡县委员会@河流守望者@蔚蓝地图@大美宁乡@我爱宁 ​		...展开全文c,NA,//weibo.com/3538147441/G3PHs3yQM?refer_flag=1001030103_
污染; 2018-02-19; 1; 10,59,		一次不公正的审判，其恶果甚至超过十次犯罪。因为犯罪虽然无视法律 ——好比污染了水流，而不公正的审判则毁坏法律——好比污染了水源。 ​		,小甜甜媚狐情话,//weibo.com/6448918626/G3PHqihif?refer_flag=1001030103_
污染; 2018-02-19; 1; 10,60,#中国赞##安亭新镇#从吴淞江、环城河到居住街坊形成三重围合与颖奕高尔夫球场、汽车博览公园隔江相望。城镇内78种乔灌木和草木类植被，每一种植物又是针对吸引鸟种而种植的，力求达到低污染的自然环境。次生的湖泊总面积达到20万平方米形成怡美自然、天人和谐的亲水型居住环境。 ​		,一个人的旅途S很孤单,//weibo.com/2660684471/G3PHkDfxc?refer_flag=1001030103_
污染; 2018-02-19; 1; 10,61,		同是当代都市电视剧，《恋爱先生》剧情开展紧密贴合剧名。《谈判官》不妨就叫“谈爱官”，以童薇与妖怪形象的中美混血小子的谈爱直线交集另外一二条理还乱的感情线挥舞得一塌糊涂。妻子乱看驱闲，我“被动吸烟”地被噪声污染。 ​		,苏生王,//weibo.com/5275129910/G3PHk6Ekq?refer_flag=1001030103_
污染; 2018-02-19; 1; 10,62,		//@Kjylucifer://@sango000://@DragonKnight_G字反黑组:广场被污染，大家转赞评好的微博上精选，点赞评论转发这条,流光浮灯,//weibo.com/2667414910/G3OeUADYX?refer_flag=1001030103_
污染; 2018-02-19; 1; 10,63,#权志龙##鸡涌是宝宝# 一笑就是小括弧心都酥了真是乖崽崽啊又是只爱你的一天@GDRAGON_OFFICIAL ​	,NA,//weibo.com/3262951522/G3PHiAwDo?refer_flag=1001030103_
污染; 2018-02-19; 1; 10,64,		动漫中的精神污染，要瞎大家一起瞎(同步自@新浪看点)|动漫中的精... ​		,蓝瑟酱的动漫乱谈微微,//weibo.com/6449622719/G3PHih4dY?refer_flag=1001030103_
污染; 2018-02-19; 1; 10,65,		2018年02月19日13时北京平均天气空气质量：天气多云，温度2°C，湿度50%，风向东北风，风力微风级。【中标】193，【美标】197。空气中度污染。儿童、老年人及心脏病、呼吸系统疾病患者应尽量减少外出，停留在室内，一般人群应适量减少户外运动。（分享自 @北京空气污染播报） 网页链接 ​		,火星跑步者,//weibo.com/1756595897/G3PHh7YrE?refer_flag=1001030103_
污染; 2018-02-19; 1; 10,66,		飞鹰参与环保志愿多年.保护环境.扶助贫寒.爱心助学.森林防火.抗洪支灾.多次奋勇救人！保护共亨环境.改善一条条遭污染的河流变清流.保护饮用水源.造福宁乡龙田人民！2017年龙田政府张炜书记请我参与创建龙田美好环境.上了四个月班.到年底工资一分都没付我.老婆闹着要离婚@湖南省政府门户网站@湖南微政务,大地飞鹰在路上,//weibo.com/3538147441/FrAZcAkPK?refer_flag=1001030103_
污染; 2018-02-19; 1; 10,67,#点亮志愿者##绿色卫士##四水守望者#风雨坚守5年.摩托骑行万里.为源于70年代的一汪强酸黄水还清流.那年2013@绿色潇湘 河流守望者兄弟@湘潭矛戈@湘潭环保迪迪因事路过安化县清塘镇梧桐村.发现河道一汪酸度2-3黄水汪流.转告飞鹰接力跟进监督.跨地区守望至今5年.行程上百次经历烈日寒霜年轮.往返50公里持 ​		...展开全文c,NA,//weibo.com/3538147441/G3PHet6AN?refer_flag=1001030103_
污染; 2018-02-19; 1; 10,68,		淘宝优惠券 精选天然陈年艾草，天然无污染无添加，祛湿气，活血，脚臭等等，一泡搞定。 【原价】39.9元 【券后】14.9元 【下单】网页链接 #数码家电##全民优惠券##优品优惠券# ​		,悠悠很优秀,//weibo.com/6160515256/G3PHcnSpK?refer_flag=1001030103_
污染; 2018-02-19; 1; 10,69,		【世界卫生组织9条防癌提示】①不吃熏腌制食物。②不吃过热过硬、过焦过咸的食物，不喝过烫的水。③不吃发霉粮食及制品。④不用洗衣粉擦洗餐具、茶具或食物。⑤吃饭不要过饱，控制肉类的摄入量。⑥不吃被农药污染的蔬果。⑦不酗酒。⑧不吸烟。⑨每天开窗1至2小时。 ​		,弟水交所显一omi,//weibo.com/6486242005/G3PHbuBbb?refer_flag=1001030103_
污染; 2018-02-19; 1; 10,70,@佛教微博:众生内心污染和清净的程度不同，看到的现象也千差万别。如一杯水，地狱众生看到的是铁汁；饿鬼众生看到的是脓血；畜生众生看到的是住处；人类看到的是水；天人看到的是甘露；八地菩萨看到的是佛母玛玛格；佛陀看到的是圆满大法界。内心越污染，所见现象越恶劣；内心越清净，所见现象越庄严		,carsonshu,//weibo.com/2050149565/G3jJVqOCb?refer_flag=1001030103_
污染; 2018-02-19; 1; 10,71,"	  【经典助印计划之首版《圆觉经》(注音)再版《六祖坛经》(注音)】《圆觉经》大乘经典,是佛为文殊,普贤等十二位菩萨宣说如来圆觉的妙理和观行方法,唐宋明以来天台宗贤首宗禅宗等盛行宣讲之经典;《六祖坛经》佛教唯一一本僧人著经书,佛教界学术界共同称之为经的禅宗著作.即日起助印,截止3月27日 ​	",NA,//weibo.com/2112709097/G3PHbcGD6?refer_flag=1001030103_
污染; 2018-02-19; 1; 10,72,		二三里丨【烟花虽美但却严重影响了空气质量】除夕夜榆林空气污染快速抬升 网页链接 ​		,用户6460756841,//weibo.com/6460756841/G3PH8fdR2?refer_flag=1001030103_
污染; 2018-02-19; 1; 10,73,		发布空气重污染预警……市政府日前召开专题会议……【北京重污染日或实行机动车单双号限行】北京正在制定《北京市空气重污染应急预案》，后来没多久发现老婆怀孕了：今后、医生给了他们避孕药、小两口高兴的回家了。并将加大最高预警级别的强制性减排和健康防护提醒措施；北京将采取单日和多日重污染综 ​			...展开全文c,颜觅蕾,//weibo.com/3976934173/G3PH5Czsb?refer_flag=1001030103_
污染; 2018-02-19; 1; 10,74,#王俊凯18岁karryon#做戏要做全套你这是低估了我的智商还是高估你的智商我不知道是因为我的心受不得一丁点污染还是因为你是我亲人发生在我眼皮底下的事怎能装作什么都不知道更糟糕的是我只能把这个无关自己的秘密憋在心里最受折磨的是连我最亲近的人都不能说			...展开全文c,小丸子转圈圈_remember_,//weibo.com/5774551397/G3PH5jTUe?refer_flag=1001030103_
污染; 2018-02-19; 1; 10,75,#我们在行动# 沂水县何法淞局长带值班中队对山东清沂山石化股份有限公司现场检查，各项污染治理设施运行正常，煅后焦新升级的除尘设施预计30天内投运。对山东鲁洲化工有限公司现场检查，各项污染治理设施运行正常。现场要求企业做好假期值班及环境安全工作。@临沂环境 ​		,山东沂水环境,//weibo.com/3803662613/G3PH0z2Qh?refer_flag=1001030103_
污染; 2018-02-19; 1; 10,76,		//@我的G宝贝://@Kjylucifer://@sango000://@DragonKnight_G字反黑组:广场被污染，大家转赞评好的微博上精选，点赞评论转发这条,__To_Get_her,//weibo.com/2667414910/G3OeUADYX?refer_flag=1001030103_
污染; 2018-02-19; 1; 10,77,#权志龙##鸡涌是宝宝# 一笑就是小括弧心都酥了真是乖崽崽啊又是只爱你的一天@GDRAGON_OFFICIAL ​	,NA,//weibo.com/5902520713/G3PGWoQSd?refer_flag=1001030103_
污染; 2018-02-19; 1; 10,78,		//@中国刘杰://@森林屋子:还真不不如豆腐渣，豆腐渣放在地里可以变成肥料，这东西只会污染环境//@陶公春秋:比豆腐渣还是要坚固一些的嘛…… 鉴定完毕。		,伊吹五月yam,//weibo.com/1600463082/G3JsF7oRW?refer_flag=1001030103_
污染; 2018-02-19; 1; 10,79,	  网友：水利工程修成豆腐渣工程，“水泥”用手一掰就开。。 中国刘杰的... ​	,NA,//weibo.com/2191394020/G3PGPAVDh?refer_flag=1001030103_
污染; 2018-02-19; 1; 10,80,		//@DragonKnight_G字反黑组:广场被污染，大家转赞评好的微博上精选，点赞评论转发这条,only·gtop,//weibo.com/2667414910/G3OeUADYX?refer_flag=1001030103_
污染; 2018-02-19; 1; 10,81,#权志龙##鸡涌是宝宝# 一笑就是小括弧心都酥了真是乖崽崽啊又是只爱你的一天@GDRAGON_OFFICIAL ​	,NA,//weibo.com/5474254687/G3PGJqSml?refer_flag=1001030103_
污染; 2018-02-19; 1; 10,82,		飞鹰参与环保志愿多年.保护环境.扶助贫寒.爱心助学.森林防火.抗洪支灾.多次奋勇救人！保护共亨环境.改善一条条遭污染的河流变清流.保护饮用水源.造福宁乡龙田人民！2017年龙田政府张炜书记请我参与创建龙田美好环境.上了四个月班.到年底工资一分都没付我.老婆闹着要离婚@湖南省政府门户网站@湖南微政务,大地飞鹰在路上,//weibo.com/3538147441/Fs9gf8kZK?refer_flag=1001030103_
污染; 2018-02-19; 1; 10,83,#点亮志愿者##绿色卫士##公益之美# 保护环境.人人有责.全民意识.行动参与.共建美丽家园.图为龙田政府干群与绿色卫士在行动.创建亮洁优居环境.文明社区.爱我美丽中国.爱我美好家园@刘帅168@志愿者李仕铭@三湘名博沙龙@湖南省志愿服务@湖南省环境保护厅@点亮志愿者@共青湖南@大美宁乡@我爱宁乡@心在长沙 ​		...展开全文c,NA,//weibo.com/3538147441/G3PGwq6jj?refer_flag=1001030103_
污染; 2018-02-19; 1; 10,84,"		宝宝摔倒处理有方张思莱提醒,当孩子摔在地上时,家长要首先检查孩子有没有外伤.如果皮下有血肿,可以用毛巾冷敷,促进血TFI763管收缩,以减少出血.如果皮肤有伤口,用干净纱布覆盖上先止血,保持伤口不要继续被污染.如果关节活动受限或骨骼出现问题,保持原来的姿势去医院,不要自行处理。 ​		",自成在江湖筠,//weibo.com/6425509447/G3PGskodn?refer_flag=1001030103_
污染; 2018-02-19; 1; 10,85,		营养价值比牛奶高很多 🐐CapriLac成人羊奶粉1kg，羊奶粉中的 “爱马仕”无污染！无添加剂！富含高乳钙、高蛋白及多种矿物质，可以健脾养胃 美容养颜！还含有A2 beta酪蛋白，长期喝可以降低心脏病 糖尿病的发病率～羊奶粉营养是牛奶粉的2倍❤尤其适合牛奶过敏人群～并且羊奶是最适合人体的营养品！大 ​			...展开全文c,楠楠澳洲正品代购,//weibo.com/2306873841/G3PGpkicD?refer_flag=1001030103_
污染; 2018-02-19; 1; 10,86,		//@Kjylucifer://@sango000://@DragonKnight_G字反黑组:广场被污染，大家转赞评好的微博上精选，点赞评论转发这条,我的G宝贝,//weibo.com/2667414910/G3OeUADYX?refer_flag=1001030103_
污染; 2018-02-19; 1; 10,87,#权志龙##鸡涌是宝宝# 一笑就是小括弧心都酥了真是乖崽崽啊又是只爱你的一天@GDRAGON_OFFICIAL ​	,NA,//weibo.com/5667764054/G3PG1FME3?refer_flag=1001030103_
污染; 2018-02-19; 1; 10,88,"		竹荪干货野生无硫熏长裙竹笙 【在售价31.9元，券后21.90元包邮】 竹荪营养丰富，香味浓郁，滋味鲜美，井冈山天然环境种植，零化肥，零添加，零污染，健康不添加任何防腐剂 领券下单：网页链接 复制这条微博￥u4ac0nwGtlD￥,打开[手机淘宝]即可领券并下单。 ​		",深情不是罪灬,//weibo.com/1784345650/G3PG0df3O?refer_flag=1001030103_
污染; 2018-02-19; 1; 10,89,		清洁肌肤是延缓衰老头等大GDP564事我们生活的环境中的尘埃、污染和病原微生物，加上皮脂分泌和排泄油脂、汗液。这些物质都会影响皮肤的呼吸。所有只有彻底清洁皮肤，才能保持肌肤正常的新陈代谢，才能让保湿、抗衰老顺利进行，让细胞充盈和新生的成分彻底渗透到肌肤深层，才能有效提升皮肤的弹性。 ​		,还下很快乐艳,//weibo.com/6446327337/G3PFY7FiL?refer_flag=1001030103_
污染; 2018-02-19; 1; 10,90,		【西安解除重污染天气黄色预警 未来三天空气质量较好】2月19日，西安市重污染天气应急指挥部办公室发布解除重污染天气黄色预警通知，预计未来3天环境空气质量将整体处于良-轻度污染水平。 ​		,华商报,//weibo.com/1717833412/G3PFPk3rF?refer_flag=1001030103_
污染; 2018-02-19; 1; 10,91,		//@DragonKnight_G字反黑组: 广场被污染，大家转赞评好的微博上精选，点赞评论转发这条,胡蓉babybaby,//weibo.com/2667414910/G3OeUADYX?refer_flag=1001030103_
污染; 2018-02-19; 1; 10,92,#权志龙##鸡涌是宝宝# 一笑就是小括弧心都酥了真是乖崽崽啊又是只爱你的一天@GDRAGON_OFFICIAL ​	,NA,//weibo.com/5220029901/G3PFPgKea?refer_flag=1001030103_
污染; 2018-02-19; 1; 10,93,		挂靠锅炉烟气处理工找环境污染治理设施运营资质挂靠，没试用过，一直在手，随时可以挂靠，方工18566031949 ​		,sweetS路过6485331170,//weibo.com/6485331170/G3PFB4AOJ?refer_flag=1001030103_
污染; 2018-02-19; 1; 10,94,#中国赞#【北京供暖36天 32天空气质量优良】从11月15日进入采暖季至12月20日的36天里，北京有32个空气质量优良天，空气达标率达89%，PM2.5浓度平均仅38微克/立方米，堪比非采暖季。目前为止今年秋冬季只出现4个重污染天，比往年少一半还多。近期风力较大和“散乱污”的治理等是主要原因。 ​			...展开全文c,壮静之思绪,//weibo.com/2187001870/G3PFsdSe4?refer_flag=1001030103_
污染; 2018-02-19; 1; 10,95,		飞鹰参与环保志愿多年.保护环境.扶助贫寒.爱心助学.森林防火.抗洪支灾.多次奋勇救人！保护共亨环境.改善一条条遭污染的河流变清流.保护饮用水源.造福宁乡龙田人民！2017年龙田政府张炜书记请我参与创建龙田美好环境.上了四个月班.到年底工资一分都没付我.老婆闹着要离婚@湖南省政府门户网站@湖南微政务,大地飞鹰在路上,//weibo.com/3538147441/FvGCzDkim?refer_flag=1001030103_
污染; 2018-02-19; 1; 10,96,#点亮志愿者##绿色卫士##河流守望者#《好人中国》志愿温情路.心声意传情.风雨无阻隔.共护美家园.雾色边城感冬意.伫立风中护美洁@志愿者李仕铭@刘帅168@三湘名博沙龙@点亮志愿者@随手公益-湖南@宁乡热点集@大美宁乡 @我爱宁乡@长沙美丽风彩线@心在长沙 @宁乡新闻头条@湖南省环境保护厅@湖南省志愿服务 ​		...展开全文c,NA,//weibo.com/3538147441/G3PFbqm3i?refer_flag=1001030103_
污染; 2018-02-19; 1; 10,97,		【早孕期出血】无原因的阴 道褐色分泌物。中外孕妇对比，中国妈妈似乎更容易碰到此类问题，原因多与之前有过人流、上环、刮宫等这些伤害子宫内膜的经历有关，加之空气、水等生活环境的污染，导致妊娠时内膜疤痕出血。如果HCG检查正常，就顺其自然，而不要盲目使用药物。以免对胚胎造成伤害。 ​		,全球母婴亲子乐园,//weibo.com/3229133692/G3PF8rwPy?refer_flag=1001030103_
污染; 2018-02-19; 1; 10,98,		//@推火车的托马斯z://@电饭煲的汤糊了:分级吧，求你们了，国产动画也分级吧不想再看见小学生污染弹幕和评论区了//文艺从业者永不妥协//还是有人不妥协，还是有人出来说话//敬佩。无以为助，只好转发支持//谢导真敢讲话，真心值得敬佩//:看得热泪盈眶...佩服谢老的见地、真诚和勇敢！长路漫漫，任重道		,阿辉今天也很可爱,//weibo.com/3058863073/G3FL8bKZZ?refer_flag=1001030103_
污染; 2018-02-19; 1; 10,99,	  我发表了头条文章:《2012年《呼吁以分级制代替电影审查的公开信》》 |2012年《呼... |北京·颐源... ​	,NA,//weibo.com/2143745892/G3PEWmjK8?refer_flag=1001030103_
污染; 2018-02-19; 1; 10,100,		但竹炭吸收甲醛却并不能将其锁定在竹炭内部；让痛苦翻篇儿的好办法不是把它撕掉！吸收的同时也在向空气中释放、而是赶紧开始写新的一页：还会成为新的甲醛污染源、【竹炭除甲醛】竹炭具有一定的吸附性，就没有那么多时间搂着痛苦……当你没有那么多的时间和精力消耗在对痛苦无谓的反刍中……当你主动地 ​			...展开全文c,青岛胶河源,//weibo.com/3966633993/G3PEW2owW?refer_flag=1001030103_
污染; 2018-02-19; 1; 10,101,		2月19日，市城管局人民公园志愿者们继续开展假日志愿服务，着力保持志愿服务长效常态，展现文明风采。在志愿服务队的影响和带动下，临沂一中十余名学生也加入到志愿服务活动中来，深入园区、走上街头，捡拾白色污染，清理卫生死角，引导游客文明游园，为清洁城市环境、倡导文明出行贡献一份力量。 ​		,临沂人民公园,//weibo.com/6189260593/G3PEUw6cf?refer_flag=1001030103_
污染; 2018-02-19; 1; 10,102,		天啊我tm……我嗑个cp也能碰到xx粉……某些精神污染能不能放过三次元 ​		,似李大天使学姐,//weibo.com/6471363842/G3PERzJNh?refer_flag=1001030103_
污染; 2018-02-19; 1; 10,103,"		痘百科在人体皮肤表面，皮肤及毛囊内有一些常驻菌，本身并不致病，但这些微生物在痤疮形成过程中，在特定环境下(如汗液)就会发生问题,皮脂SMI397是含脂类物质，分泌多了很浓很稠的时候，加上环境污染的粉尘，脱落的角化细胞混在一起就会堵塞毛囊，因此皮脂代谢和客观环境是致使痤疮形成的重要原因哦。 ​		",我是马甲我威武,//weibo.com/6434605005/G3PERBvru?refer_flag=1001030103_
污染; 2018-02-19; 1; 10,104,		飞鹰参与环保志愿多年.保护环境.扶助贫寒.爱心助学.森林防火.抗洪支灾.多次奋勇救人！保护共亨环境.改善一条条遭污染的河流变清流.保护饮用水源.造福宁乡龙田人民！2017年龙田政府张炜书记请我参与创建龙田美好环境.上了四个月班.到年底工资一分都没付我.老婆闹着要离婚@湖南省政府门户网站@湖南微政务,大地飞鹰在路上,//weibo.com/3538147441/FvWB5d31D?refer_flag=1001030103_
污染; 2018-02-19; 1; 10,105,#点亮志愿者##精准扶贫在三湘##绿色卫士# 《好人中国》惠民政策.精准扶贫.宁乡7.1洪灾冲毁的家园.长沙市宁乡政府统一规划征收土地建立扶贫集居点.为A级危房受灾户按人平分配.无偿扶助基础设施完善的建房用地.每户建房救助资金8万元.徒步龙田扶贫集居点.看父老乡亲辛勤劳作重建家园.交流中一张张幸福笑 ​		...展开全文c,NA,//weibo.com/3538147441/G3PEODAl4?refer_flag=1001030103_
污染; 2018-02-19; 1; 10,106,		//@DragonKnight_G字反黑组:广场被污染，大家转赞评好的微博上精选，点赞评论转发这条,Cnothingd,//weibo.com/2667414910/G3OeUADYX?refer_flag=1001030103_
污染; 2018-02-19; 1; 10,107,#权志龙##鸡涌是宝宝# 一笑就是小括弧心都酥了真是乖崽崽啊又是只爱你的一天@GDRAGON_OFFICIAL ​	,NA,//weibo.com/5626313699/G3PEpgN7t?refer_flag=1001030103_
污染; 2018-02-19; 1; 10,108,		【苏梅岛】想象你此刻正拥有你一个苏梅岛的下午，抛开生活的压力，远离污染的空气，来到这里享受蓝天白云，享受一望无际的大海。那是多么惬意闲适的时光~ ​		,fenglilybaby嘉,//weibo.com/3904768257/G3PEpezFI?refer_flag=1001030103_
污染; 2018-02-19; 1; 10,109,"		春运专题气象信息服务:本周（2月19到25日）多弱冷空气活动,今天夜间到20日全县多云到阴,21到25日全县以多云到晴为主;20、21、23日有4级左右偏北风;最高气温20日为1度,其它时段6到10度,最低气温普遍在零下7到零下3度.本周气象条件总体较有利于空气污染物扩散. ​		",贺兰气象,//weibo.com/5112026118/G3PEd7fAE?refer_flag=1001030103_
污染; 2018-02-19; 1; 10,110,		发表了博文《2018.FEB.19.MON.雾霾多云中度大气污染0~12&#8451;》早上八点五十起床。昨傍晚五点四十老妻接回女儿女婿。然后老妻和女儿一道早厨房弄一桌好菜，其乐融融相同团圆饭。早餐后|2018.FEB.1... ​		,忆言斋,//weibo.com/1141287742/G3PE86lfd?refer_flag=1001030103_
污染; 2018-02-19; 1; 10,111,		//@DragonKnight_G字反黑组:广场被污染，大家转赞评好的微博上精选，点赞评论转发这条,你的括弧好甜呀,//weibo.com/2667414910/G3OeUADYX?refer_flag=1001030103_
污染; 2018-02-19; 1; 10,112,#权志龙##鸡涌是宝宝# 一笑就是小括弧心都酥了真是乖崽崽啊又是只爱你的一天@GDRAGON_OFFICIAL ​	,NA,//weibo.com/5629535443/G3PE6j4gJ?refer_flag=1001030103_
污染; 2018-02-19; 1; 10,113,		//@DragonKnight_G字反黑组:广场被污染，大家转赞评好的微博上精选，点赞评论转发这条,Kwonjiyong_peace-1,//weibo.com/2667414910/G3OeUADYX?refer_flag=1001030103_
污染; 2018-02-19; 1; 10,114,#权志龙##鸡涌是宝宝# 一笑就是小括弧心都酥了真是乖崽崽啊又是只爱你的一天@GDRAGON_OFFICIAL ​	,NA,//weibo.com/5363781649/G3PDZcfxY?refer_flag=1001030103_
污染; 2018-02-19; 1; 10,115,		飞鹰参与环保志愿多年.保护环境.扶助贫寒.爱心助学.森林防火.抗洪支灾.多次奋勇救人！保护共亨环境.改善一条条遭污染的河流变清流.保护饮用水源.造福宁乡龙田人民！2017年龙田政府张炜书记请我参与创建龙田美好环境.上了四个月班.到年底工资一分都没付我.老婆闹着要离婚@湖南省政府门户网站@湖南微政务,大地飞鹰在路上,//weibo.com/3538147441/FxPMh7jN5?refer_flag=1001030103_
污染; 2018-02-19; 1; 10,116,#点亮志愿者##绿色卫士##河流守望者#守望碧水蓝天.12.2宁乡经开区环保行.迎冬雾色践行经开区工业园环境监察.园区产业发展环保同步提升.高耸烟囱废气无超排现象.大气污染特护期间.各点建设工地采取措施全面覆盖.防裸露扬尘污染大气.经过整改建设中龙骨坝.雨后泥泞厚粘足底.卷起一路泥花.沿左干渠流域至 ​		...展开全文c,NA,//weibo.com/3538147441/G3PDXc9PO?refer_flag=1001030103_
污染; 2018-02-19; 1; 10,117,		这些虫卵极易从纱孔中落下而污染食物；仍会留下带有病菌的虫卵。你不如去接受它。但会停留在纱罩上面；苍蝇虽然不会直接落到食物上！【用纱罩罩食物防蝇】用纱罩罩在食物上。 |滨州·阳信... ​		,足球不倒问,//weibo.com/2887900295/G3PDVpzor?refer_flag=1001030103_
污染; 2018-02-19; 1; 10,118,		所以，，，这是想干嘛？这是个商业化的时代没错，用噱头吸引眼球也没错，为什么要拿人家内部的人比来比去，凭什么用你们庸俗的铜臭味污染别人？他走到今天走了多久，他的师兄弟们给了他多少勇气，凭什么这样做？下一次是不是就是说二爷跟小岳岳争德云一哥了？他们不会在意，但不代表这个社会不会在意， ​			...展开全文c,一沥红尘,//weibo.com/6004046438/G3PDR0tqx?refer_flag=1001030103_
污染; 2018-02-19; 1; 10,119,		啥子都人造，以前的都污染，让人死绝了才好！		,提三尺剑斩天下群妖,//weibo.com/1861477054/G3PjgsCdU?refer_flag=1001030103_
污染; 2018-02-19; 1; 10,120,	  【人造肉的时代来了！实验室里培养的肉肉，朋友了解一下吗？】美国硅谷有数十家人造肉创业公司，这些实验室里培养的肉，已进入美国市场，在300家超市售卖。科研人员希望可以通过人造肉，减少人们对普通肉制品的依赖。因为畜牧业消耗大量土地和水资源，并排放大量温室气体。人造肉的未来前景被众 ​		...展开全文c,NA,//weibo.com/2264965285/G3PDN6WMa?refer_flag=1001030103_
污染; 2018-02-19; 1; 10,121,		飞鹰参与环保志愿多年.保护环境.扶助贫寒.爱心助学.森林防火.抗洪支灾.多次奋勇救人！保护共亨环境.改善一条条遭污染的河流变清流.保护饮用水源.造福宁乡龙田人民！2017年龙田政府张炜书记请我参与创建龙田美好环境.上了四个月班.到年底工资一分都没付我.老婆闹着要离婚@湖南省政府门户网站@湖南微政务,大地飞鹰在路上,//weibo.com/3538147441/Fy1cB9Tf7?refer_flag=1001030103_
污染; 2018-02-19; 1; 10,122,#点亮志愿者##绿色卫士# 《好人中国》寒夜里的守护者.12.4.凌晨2点.宁乡市龙田镇社区十字路中心.一辆卡车超高装载风景树挂断多条线路.风景树跌落十字路街道.龙田镇派出所宋志军警官与绿色卫士志愿者为护行人车辆安全.迎寒夜排除安全隐患.坚守现场.采取措施应急预防.将挂断垂落街中的线路捆扎安固.避免 ​		...展开全文c,NA,//weibo.com/3538147441/G3PDF9pmd?refer_flag=1001030103_
污染; 2018-02-19; 1; 10,123,		【这是什么情况？】@行走_荷尔蒙 ：莆田涵江人民公园内，大年初二来逛公园，发现公园内河道污染严重，河内鱼类死亡，触目惊心，河道死鱼已经发臭，想必已经有一段时间。整个公园弥漫着酸臭腐烂的味道，主要是这么多生物死亡，实属遗憾和惋惜。 ​		,莆田好,//weibo.com/5663965155/G3PDCtxIR?refer_flag=1001030103_
污染; 2018-02-19; 1; 10,124,		飞鹰参与环保志愿多年.保护环境.扶助贫寒.爱心助学.森林防火.抗洪支灾.多次奋勇救人！保护共亨环境.改善一条条遭污染的河流变清流.保护饮用水源.造福宁乡龙田人民！2017年龙田政府张炜书记请我参与创建龙田美好环境.上了四个月班.到年底工资一分都没付我.老婆闹着要离婚@湖南省政府门户网站@湖南微政务,大地飞鹰在路上,//weibo.com/3538147441/FyipPr6ER?refer_flag=1001030103_
污染; 2018-02-19; 1; 10,125,#点亮志愿者##绿色卫士##三湘名博沙龙#10.5.32个国际志愿者日.感恩为公益事业付出辛勤努力的所有志愿朋友.无论是参入救援救灾.助学助残.关爱孤寡老人.留守儿童.造血干细胞捐献及献血等各个领域.保护环境为共享生存的地球.都有着志愿者无私奉献身影.志愿者用行动帮助他人.暖亮人心燃起希望.志愿情怀平凡 ​		...展开全文c,NA,//weibo.com/3538147441/G3PDnE5u7?refer_flag=1001030103_
污染; 2018-02-19; 1; 10,126,		【车内空气成购车重点考虑因素】车内的空气质量和车内污染问题近年来受到各界严重关注，而对其存在的普遍性以及危害普通大众也有了基本的认知。在近日召开的第二届车内环境发展论坛上，国家环保部相关负责人表示，车内空气质量标准是国家环保部重点修订的标准，目前标准修订工作正在进行中。 ​		,寂然恐惧悲恋,//weibo.com/6141062799/G3PDcu0i3?refer_flag=1001030103_
污染; 2018-02-19; 1; 10,127,		有几个sb明星的粉丝只敢用小号怼我，别污染了我的大号 ​		,不知道什么鬼的什么鬼,//weibo.com/5082952687/G3PD5n4y9?refer_flag=1001030103_
污染; 2018-02-19; 1; 10,128,		飞鹰参与环保志愿多年.保护环境.扶助贫寒.爱心助学.森林防火.抗洪支灾.多次奋勇救人！保护共亨环境.改善一条条遭污染的河流变清流.保护饮用水源.造福宁乡龙田人民！2017年龙田政府张炜书记请我参与创建龙田美好环境.上了四个月班.到年底工资一分都没付我.老婆闹着要离婚@湖南省政府门户网站@湖南微政务,大地飞鹰在路上,//weibo.com/3538147441/FyRBq2ZP0?refer_flag=1001030103_
污染; 2018-02-19; 1; 10,129,#点亮志愿者##绿色卫士##保护饮用水源#12.9晴.到宁乡市龙田镇杨柳坝饮用水源水库后续监察.触目水库沙滩铲车在挖采砂石.请职能部门监管遏制.确保饮水源生态水土保持.飞鹰从2015年跟进监督至今.协助安化县高明乡与宁乡市龙田镇两地区政府协同整治有效改善交界点堆积的生活垃圾危及龙田镇饮用水源.清理垃 ​		...展开全文c,NA,//weibo.com/3538147441/G3PD4x2RZ?refer_flag=1001030103_
污染; 2018-02-19; 1; 10,130,		陕西，四川空气转好，西安，成都解除重污染预警。。不过。。。今早十时德州启动了黄色预警@蔚蓝地图 @公众环境马军 IPE数据库... ​		,IPE数据库,//weibo.com/5945621141/G3PD2oBKf?refer_flag=1001030103_
污染; 2018-02-19; 1; 10,131,		【郑州市禁放办】违规燃放烟花爆竹污染环境，易引发火灾事故，给广大人民群众造成生命财产损失。郑州市禁止燃放烟花爆竹工作领导小组办公室提醒您：为了您和家人的幸福，请勿违规燃放烟花爆竹。 ​		,空间偶遇,//weibo.com/2303602097/G3PCZthfO?refer_flag=1001030103_
污染; 2018-02-19; 1; 10,132,#邯郸生活# 【春节期间，邯郸不限行！】2月19日，邯郸市重污染天气应急指挥部和空气质量保障应急指挥中心未发布机动车单双号限行通知，特提醒广大群众不要误解误传。 ​		,邯郸新闻资讯,//weibo.com/1959398451/G3PCO0Adz?refer_flag=1001030103_
污染; 2018-02-19; 1; 10,133,		真珠美学滚轮水光BB♡卖点：轻松打造水光肌♡优势：真空按压式设计不用担心由于BB直接接触空气所带来的皮肤二次污染，滚轮设计化妆新手也能轻松驾驭，BB里面主要成分罗娜耀斑能打造三维立体小脸效果，一天保湿不脱妆，一支能用五到六个月♡零售价：❶❾❽RMB咨询加v18551655395 ​			...展开全文c,JENNY真珠美学,//weibo.com/5536038337/G3PCNFlar?refer_flag=1001030103_
污染; 2018-02-19; 1; 10,134,#权志龙# #权志龙可爱# //@DragonKnight_G字反黑组:广场被污染，大家转赞评好的微博上精选，点赞评论转发这条,im_leeyn,//weibo.com/2667414910/G3OeUADYX?refer_flag=1001030103_
污染; 2018-02-19; 1; 10,135,#权志龙##鸡涌是宝宝# 一笑就是小括弧心都酥了真是乖崽崽啊又是只爱你的一天@GDRAGON_OFFICIAL ​	,NA,//weibo.com/5796934937/G3PCL0ZFm?refer_flag=1001030103_
污染; 2018-02-19; 1; 10,136,		细品回味悠长、污染加剧，体会幸福，又或者是黄褐斑、加上现在的环境；懂得于无声处听惊雷！平淡是真。更多人都开始长斑了。过量既是伤害；易生误解麻烦！ |扬州·海棠... ​		,鲁豫有约啊,//weibo.com/2882453097/G3PCGyA26?refer_flag=1001030103_
污染; 2018-02-19; 1; 10,137,#权志龙# //@DragonKnight_G字反黑组:广场被污染，大家转赞评好的微博上精选，点赞评论转发这条,志龙的白芬哒,//weibo.com/2667414910/G3OeUADYX?refer_flag=1001030103_
污染; 2018-02-19; 1; 10,138,#权志龙##鸡涌是宝宝# 一笑就是小括弧心都酥了真是乖崽崽啊又是只爱你的一天@GDRAGON_OFFICIAL ​	,NA,//weibo.com/6079809930/G3PCDkmKU?refer_flag=1001030103_
污染; 2018-02-19; 1; 10,139,		飞鹰参与环保志愿多年.保护环境.扶助贫寒.爱心助学.森林防火.抗洪支灾.多次奋勇救人！保护共亨环境.改善一条条遭污染的河流变清流.保护饮用水源.造福宁乡龙田人民！2017年龙田政府张炜书记请我参与创建龙田美好环境.上了四个月班.到年底工资一分都没付我.老婆闹着要离婚@湖南省政府门户网站@湖南微政务,大地飞鹰在路上,//weibo.com/3538147441/FyU96BBg4?refer_flag=1001030103_
污染; 2018-02-19; 1; 10,140,#点亮志愿者##绿色卫士##河流守望者# 12.9.12.32晴.到安化县高明乡工业污水处理厂持续监督.污水处理厂在运营.排口泡沫水直排入河道.排水口下河床残留《酱油色》污水.我的pH值试纸已用完.取排口水样带回宁乡市检测pH值6.保护湘江母亲河.河流守望者重视工业污水净化处理后效.上游300米处安化钨矿排口水清 ​		...展开全文c,NA,//weibo.com/3538147441/G3PCC6B8o?refer_flag=1001030103_
污染; 2018-02-19; 1; 10,141,		迎春接福看雾霾，重度污染云天外。利斩钢铁多减排，自由呼吸我期待！		,冰魂雪魄雪中情,//weibo.com/1667495025/G3Pvz4hRR?refer_flag=1001030103_
污染; 2018-02-19; 1; 10,142,	  重度污染的遵化，春节期间雾霾依然笼罩天空，饱受污染造成体质过敏，不能自由呼吸空气，每天休息除外总戴口罩，以致自贴墙纸造成严重危害却浑然不知。曾记得我在广东与小妹一行前往巽寮湾看海，途中电台播出节目，惠州轻度污染，主持人调侃话语犹在耳畔，“惠州雾霾吹到福建去”，遵化雾霾吹到哪里去？ ​	,NA,//weibo.com/1667495025/G3PCA3Al9?refer_flag=1001030103_
污染; 2018-02-19; 1; 10,143,		//@DragonKnight_G字反黑组:广场被污染，大家转赞评好的微博上精选，点赞评论转发这条,Kwonjiyong_peace-1,//weibo.com/2667414910/G3OeUADYX?refer_flag=1001030103_
污染; 2018-02-19; 1; 10,144,#权志龙##鸡涌是宝宝# 一笑就是小括弧心都酥了真是乖崽崽啊又是只爱你的一天@GDRAGON_OFFICIAL ​	,NA,//weibo.com/5363781649/G3PDZcfxY?refer_flag=1001030103_
污染; 2018-02-19; 1; 10,145,		飞鹰参与环保志愿多年.保护环境.扶助贫寒.爱心助学.森林防火.抗洪支灾.多次奋勇救人！保护共亨环境.改善一条条遭污染的河流变清流.保护饮用水源.造福宁乡龙田人民！2017年龙田政府张炜书记请我参与创建龙田美好环境.上了四个月班.到年底工资一分都没付我.老婆闹着要离婚@湖南省政府门户网站@湖南微政务,大地飞鹰在路上,//weibo.com/3538147441/FxPMh7jN5?refer_flag=1001030103_
污染; 2018-02-19; 1; 10,146,#点亮志愿者##绿色卫士##河流守望者#守望碧水蓝天.12.2宁乡经开区环保行.迎冬雾色践行经开区工业园环境监察.园区产业发展环保同步提升.高耸烟囱废气无超排现象.大气污染特护期间.各点建设工地采取措施全面覆盖.防裸露扬尘污染大气.经过整改建设中龙骨坝.雨后泥泞厚粘足底.卷起一路泥花.沿左干渠流域至 ​		...展开全文c,NA,//weibo.com/3538147441/G3PDXc9PO?refer_flag=1001030103_
污染; 2018-02-19; 1; 10,147,		这些虫卵极易从纱孔中落下而污染食物；仍会留下带有病菌的虫卵。你不如去接受它。但会停留在纱罩上面；苍蝇虽然不会直接落到食物上！【用纱罩罩食物防蝇】用纱罩罩在食物上。 |滨州·阳信... ​		,足球不倒问,//weibo.com/2887900295/G3PDVpzor?refer_flag=1001030103_
污染; 2018-02-19; 1; 10,148,		所以，，，这是想干嘛？这是个商业化的时代没错，用噱头吸引眼球也没错，为什么要拿人家内部的人比来比去，凭什么用你们庸俗的铜臭味污染别人？他走到今天走了多久，他的师兄弟们给了他多少勇气，凭什么这样做？下一次是不是就是说二爷跟小岳岳争德云一哥了？他们不会在意，但不代表这个社会不会在意， ​			...展开全文c,一沥红尘,//weibo.com/6004046438/G3PDR0tqx?refer_flag=1001030103_
污染; 2018-02-19; 1; 10,149,		啥子都人造，以前的都污染，让人死绝了才好！		,提三尺剑斩天下群妖,//weibo.com/1861477054/G3PjgsCdU?refer_flag=1001030103_
污染; 2018-02-19; 1; 10,150,	  【人造肉的时代来了！实验室里培养的肉肉，朋友了解一下吗？】美国硅谷有数十家人造肉创业公司，这些实验室里培养的肉，已进入美国市场，在300家超市售卖。科研人员希望可以通过人造肉，减少人们对普通肉制品的依赖。因为畜牧业消耗大量土地和水资源，并排放大量温室气体。人造肉的未来前景被众 ​		...展开全文c,NA,//weibo.com/2264965285/G3PDN6WMa?refer_flag=1001030103_
污染; 2018-02-19; 1; 10,151,		飞鹰参与环保志愿多年.保护环境.扶助贫寒.爱心助学.森林防火.抗洪支灾.多次奋勇救人！保护共亨环境.改善一条条遭污染的河流变清流.保护饮用水源.造福宁乡龙田人民！2017年龙田政府张炜书记请我参与创建龙田美好环境.上了四个月班.到年底工资一分都没付我.老婆闹着要离婚@湖南省政府门户网站@湖南微政务,大地飞鹰在路上,//weibo.com/3538147441/Fy1cB9Tf7?refer_flag=1001030103_
污染; 2018-02-19; 1; 10,152,#点亮志愿者##绿色卫士# 《好人中国》寒夜里的守护者.12.4.凌晨2点.宁乡市龙田镇社区十字路中心.一辆卡车超高装载风景树挂断多条线路.风景树跌落十字路街道.龙田镇派出所宋志军警官与绿色卫士志愿者为护行人车辆安全.迎寒夜排除安全隐患.坚守现场.采取措施应急预防.将挂断垂落街中的线路捆扎安固.避免 ​		...展开全文c,NA,//weibo.com/3538147441/G3PDF9pmd?refer_flag=1001030103_
污染; 2018-02-19; 1; 10,153,		【这是什么情况？】@行走_荷尔蒙 ：莆田涵江人民公园内，大年初二来逛公园，发现公园内河道污染严重，河内鱼类死亡，触目惊心，河道死鱼已经发臭，想必已经有一段时间。整个公园弥漫着酸臭腐烂的味道，主要是这么多生物死亡，实属遗憾和惋惜。 ​		,莆田好,//weibo.com/5663965155/G3PDCtxIR?refer_flag=1001030103_
污染; 2018-02-19; 1; 10,154,		飞鹰参与环保志愿多年.保护环境.扶助贫寒.爱心助学.森林防火.抗洪支灾.多次奋勇救人！保护共亨环境.改善一条条遭污染的河流变清流.保护饮用水源.造福宁乡龙田人民！2017年龙田政府张炜书记请我参与创建龙田美好环境.上了四个月班.到年底工资一分都没付我.老婆闹着要离婚@湖南省政府门户网站@湖南微政务,大地飞鹰在路上,//weibo.com/3538147441/FyipPr6ER?refer_flag=1001030103_
污染; 2018-02-19; 1; 10,155,#点亮志愿者##绿色卫士##三湘名博沙龙#10.5.32个国际志愿者日.感恩为公益事业付出辛勤努力的所有志愿朋友.无论是参入救援救灾.助学助残.关爱孤寡老人.留守儿童.造血干细胞捐献及献血等各个领域.保护环境为共享生存的地球.都有着志愿者无私奉献身影.志愿者用行动帮助他人.暖亮人心燃起希望.志愿情怀平凡 ​		...展开全文c,NA,//weibo.com/3538147441/G3PDnE5u7?refer_flag=1001030103_
污染; 2018-02-19; 1; 10,156,		【车内空气成购车重点考虑因素】车内的空气质量和车内污染问题近年来受到各界严重关注，而对其存在的普遍性以及危害普通大众也有了基本的认知。在近日召开的第二届车内环境发展论坛上，国家环保部相关负责人表示，车内空气质量标准是国家环保部重点修订的标准，目前标准修订工作正在进行中。 ​		,寂然恐惧悲恋,//weibo.com/6141062799/G3PDcu0i3?refer_flag=1001030103_
污染; 2018-02-19; 1; 10,157,		有几个sb明星的粉丝只敢用小号怼我，别污染了我的大号 ​		,不知道什么鬼的什么鬼,//weibo.com/5082952687/G3PD5n4y9?refer_flag=1001030103_
污染; 2018-02-19; 1; 10,158,		飞鹰参与环保志愿多年.保护环境.扶助贫寒.爱心助学.森林防火.抗洪支灾.多次奋勇救人！保护共亨环境.改善一条条遭污染的河流变清流.保护饮用水源.造福宁乡龙田人民！2017年龙田政府张炜书记请我参与创建龙田美好环境.上了四个月班.到年底工资一分都没付我.老婆闹着要离婚@湖南省政府门户网站@湖南微政务,大地飞鹰在路上,//weibo.com/3538147441/FyRBq2ZP0?refer_flag=1001030103_
污染; 2018-02-19; 1; 10,159,#点亮志愿者##绿色卫士##保护饮用水源#12.9晴.到宁乡市龙田镇杨柳坝饮用水源水库后续监察.触目水库沙滩铲车在挖采砂石.请职能部门监管遏制.确保饮水源生态水土保持.飞鹰从2015年跟进监督至今.协助安化县高明乡与宁乡市龙田镇两地区政府协同整治有效改善交界点堆积的生活垃圾危及龙田镇饮用水源.清理垃 ​		...展开全文c,NA,//weibo.com/3538147441/G3PD4x2RZ?refer_flag=1001030103_
污染; 2018-02-19; 1; 10,160,		陕西，四川空气转好，西安，成都解除重污染预警。。不过。。。今早十时德州启动了黄色预警@蔚蓝地图 @公众环境马军 IPE数据库... ​		,IPE数据库,//weibo.com/5945621141/G3PD2oBKf?refer_flag=1001030103_
污染; 2018-02-19; 1; 10,161,		【郑州市禁放办】违规燃放烟花爆竹污染环境，易引发火灾事故，给广大人民群众造成生命财产损失。郑州市禁止燃放烟花爆竹工作领导小组办公室提醒您：为了您和家人的幸福，请勿违规燃放烟花爆竹。 ​		,空间偶遇,//weibo.com/2303602097/G3PCZthfO?refer_flag=1001030103_
污染; 2018-02-19; 1; 10,162,#邯郸生活# 【春节期间，邯郸不限行！】2月19日，邯郸市重污染天气应急指挥部和空气质量保障应急指挥中心未发布机动车单双号限行通知，特提醒广大群众不要误解误传。 ​		,邯郸新闻资讯,//weibo.com/1959398451/G3PCO0Adz?refer_flag=1001030103_
污染; 2018-02-19; 1; 10,163,		真珠美学滚轮水光BB♡卖点：轻松打造水光肌♡优势：真空按压式设计不用担心由于BB直接接触空气所带来的皮肤二次污染，滚轮设计化妆新手也能轻松驾驭，BB里面主要成分罗娜耀斑能打造三维立体小脸效果，一天保湿不脱妆，一支能用五到六个月♡零售价：❶❾❽RMB咨询加v18551655395 ​			...展开全文c,JENNY真珠美学,//weibo.com/5536038337/G3PCNFlar?refer_flag=1001030103_
污染; 2018-02-19; 1; 10,164,#权志龙# #权志龙可爱# //@DragonKnight_G字反黑组:广场被污染，大家转赞评好的微博上精选，点赞评论转发这条,im_leeyn,//weibo.com/2667414910/G3OeUADYX?refer_flag=1001030103_
污染; 2018-02-19; 1; 10,165,#权志龙##鸡涌是宝宝# 一笑就是小括弧心都酥了真是乖崽崽啊又是只爱你的一天@GDRAGON_OFFICIAL ​	,NA,//weibo.com/5796934937/G3PCL0ZFm?refer_flag=1001030103_
污染; 2018-02-19; 1; 10,166,		细品回味悠长、污染加剧，体会幸福，又或者是黄褐斑、加上现在的环境；懂得于无声处听惊雷！平淡是真。更多人都开始长斑了。过量既是伤害；易生误解麻烦！ |扬州·海棠... ​		,鲁豫有约啊,//weibo.com/2882453097/G3PCGyA26?refer_flag=1001030103_
污染; 2018-02-19; 1; 10,167,#权志龙# //@DragonKnight_G字反黑组:广场被污染，大家转赞评好的微博上精选，点赞评论转发这条,志龙的白芬哒,//weibo.com/2667414910/G3OeUADYX?refer_flag=1001030103_
污染; 2018-02-19; 1; 10,168,#权志龙##鸡涌是宝宝# 一笑就是小括弧心都酥了真是乖崽崽啊又是只爱你的一天@GDRAGON_OFFICIAL ​	,NA,//weibo.com/6079809930/G3PCDkmKU?refer_flag=1001030103_
污染; 2018-02-19; 1; 10,169,		飞鹰参与环保志愿多年.保护环境.扶助贫寒.爱心助学.森林防火.抗洪支灾.多次奋勇救人！保护共亨环境.改善一条条遭污染的河流变清流.保护饮用水源.造福宁乡龙田人民！2017年龙田政府张炜书记请我参与创建龙田美好环境.上了四个月班.到年底工资一分都没付我.老婆闹着要离婚@湖南省政府门户网站@湖南微政务,大地飞鹰在路上,//weibo.com/3538147441/FyU96BBg4?refer_flag=1001030103_
污染; 2018-02-19; 1; 10,170,#点亮志愿者##绿色卫士##河流守望者# 12.9.12.32晴.到安化县高明乡工业污水处理厂持续监督.污水处理厂在运营.排口泡沫水直排入河道.排水口下河床残留《酱油色》污水.我的pH值试纸已用完.取排口水样带回宁乡市检测pH值6.保护湘江母亲河.河流守望者重视工业污水净化处理后效.上游300米处安化钨矿排口水清 ​		...展开全文c,NA,//weibo.com/3538147441/G3PCC6B8o?refer_flag=1001030103_
污染; 2018-02-19; 1; 10,171,		迎春接福看雾霾，重度污染云天外。利斩钢铁多减排，自由呼吸我期待！		,冰魂雪魄雪中情,//weibo.com/1667495025/G3Pvz4hRR?refer_flag=1001030103_
污染; 2018-02-19; 1; 10,172,	  重度污染的遵化，春节期间雾霾依然笼罩天空，饱受污染造成体质过敏，不能自由呼吸空气，每天休息除外总戴口罩，以致自贴墙纸造成严重危害却浑然不知。曾记得我在广东与小妹一行前往巽寮湾看海，途中电台播出节目，惠州轻度污染，主持人调侃话语犹在耳畔，“惠州雾霾吹到福建去”，遵化雾霾吹到哪里去？ ​	,NA,//weibo.com/1667495025/G3PCA3Al9?refer_flag=1001030103_
污染; 2018-02-19; 1; 10,173,		//@DragonKnight_G字反黑组:广场被污染，大家转赞评好的微博上精选，点赞评论转发这条,Kwonjiyong_peace-1,//weibo.com/2667414910/G3OeUADYX?refer_flag=1001030103_
污染; 2018-02-19; 1; 10,174,#权志龙##鸡涌是宝宝# 一笑就是小括弧心都酥了真是乖崽崽啊又是只爱你的一天@GDRAGON_OFFICIAL ​	,NA,//weibo.com/5363781649/G3PDZcfxY?refer_flag=1001030103_
污染; 2018-02-19; 1; 10,175,		飞鹰参与环保志愿多年.保护环境.扶助贫寒.爱心助学.森林防火.抗洪支灾.多次奋勇救人！保护共亨环境.改善一条条遭污染的河流变清流.保护饮用水源.造福宁乡龙田人民！2017年龙田政府张炜书记请我参与创建龙田美好环境.上了四个月班.到年底工资一分都没付我.老婆闹着要离婚@湖南省政府门户网站@湖南微政务,大地飞鹰在路上,//weibo.com/3538147441/FxPMh7jN5?refer_flag=1001030103_
污染; 2018-02-19; 1; 10,176,#点亮志愿者##绿色卫士##河流守望者#守望碧水蓝天.12.2宁乡经开区环保行.迎冬雾色践行经开区工业园环境监察.园区产业发展环保同步提升.高耸烟囱废气无超排现象.大气污染特护期间.各点建设工地采取措施全面覆盖.防裸露扬尘污染大气.经过整改建设中龙骨坝.雨后泥泞厚粘足底.卷起一路泥花.沿左干渠流域至 ​		...展开全文c,NA,//weibo.com/3538147441/G3PDXc9PO?refer_flag=1001030103_
污染; 2018-02-19; 1; 10,177,		这些虫卵极易从纱孔中落下而污染食物；仍会留下带有病菌的虫卵。你不如去接受它。但会停留在纱罩上面；苍蝇虽然不会直接落到食物上！【用纱罩罩食物防蝇】用纱罩罩在食物上。 |滨州·阳信... ​		,足球不倒问,//weibo.com/2887900295/G3PDVpzor?refer_flag=1001030103_
污染; 2018-02-19; 1; 10,178,		所以，，，这是想干嘛？这是个商业化的时代没错，用噱头吸引眼球也没错，为什么要拿人家内部的人比来比去，凭什么用你们庸俗的铜臭味污染别人？他走到今天走了多久，他的师兄弟们给了他多少勇气，凭什么这样做？下一次是不是就是说二爷跟小岳岳争德云一哥了？他们不会在意，但不代表这个社会不会在意， ​			...展开全文c,一沥红尘,//weibo.com/6004046438/G3PDR0tqx?refer_flag=1001030103_
污染; 2018-02-19; 1; 10,179,		啥子都人造，以前的都污染，让人死绝了才好！		,提三尺剑斩天下群妖,//weibo.com/1861477054/G3PjgsCdU?refer_flag=1001030103_
污染; 2018-02-19; 1; 10,180,	  【人造肉的时代来了！实验室里培养的肉肉，朋友了解一下吗？】美国硅谷有数十家人造肉创业公司，这些实验室里培养的肉，已进入美国市场，在300家超市售卖。科研人员希望可以通过人造肉，减少人们对普通肉制品的依赖。因为畜牧业消耗大量土地和水资源，并排放大量温室气体。人造肉的未来前景被众 ​		...展开全文c,NA,//weibo.com/2264965285/G3PDN6WMa?refer_flag=1001030103_
污染; 2018-02-19; 1; 10,181,		飞鹰参与环保志愿多年.保护环境.扶助贫寒.爱心助学.森林防火.抗洪支灾.多次奋勇救人！保护共亨环境.改善一条条遭污染的河流变清流.保护饮用水源.造福宁乡龙田人民！2017年龙田政府张炜书记请我参与创建龙田美好环境.上了四个月班.到年底工资一分都没付我.老婆闹着要离婚@湖南省政府门户网站@湖南微政务,大地飞鹰在路上,//weibo.com/3538147441/Fy1cB9Tf7?refer_flag=1001030103_
污染; 2018-02-19; 1; 10,182,#点亮志愿者##绿色卫士# 《好人中国》寒夜里的守护者.12.4.凌晨2点.宁乡市龙田镇社区十字路中心.一辆卡车超高装载风景树挂断多条线路.风景树跌落十字路街道.龙田镇派出所宋志军警官与绿色卫士志愿者为护行人车辆安全.迎寒夜排除安全隐患.坚守现场.采取措施应急预防.将挂断垂落街中的线路捆扎安固.避免 ​		...展开全文c,NA,//weibo.com/3538147441/G3PDF9pmd?refer_flag=1001030103_
污染; 2018-02-19; 1; 10,183,		【这是什么情况？】@行走_荷尔蒙 ：莆田涵江人民公园内，大年初二来逛公园，发现公园内河道污染严重，河内鱼类死亡，触目惊心，河道死鱼已经发臭，想必已经有一段时间。整个公园弥漫着酸臭腐烂的味道，主要是这么多生物死亡，实属遗憾和惋惜。 ​		,莆田好,//weibo.com/5663965155/G3PDCtxIR?refer_flag=1001030103_
污染; 2018-02-19; 1; 10,184,		飞鹰参与环保志愿多年.保护环境.扶助贫寒.爱心助学.森林防火.抗洪支灾.多次奋勇救人！保护共亨环境.改善一条条遭污染的河流变清流.保护饮用水源.造福宁乡龙田人民！2017年龙田政府张炜书记请我参与创建龙田美好环境.上了四个月班.到年底工资一分都没付我.老婆闹着要离婚@湖南省政府门户网站@湖南微政务,大地飞鹰在路上,//weibo.com/3538147441/FyipPr6ER?refer_flag=1001030103_
污染; 2018-02-19; 1; 10,185,#点亮志愿者##绿色卫士##三湘名博沙龙#10.5.32个国际志愿者日.感恩为公益事业付出辛勤努力的所有志愿朋友.无论是参入救援救灾.助学助残.关爱孤寡老人.留守儿童.造血干细胞捐献及献血等各个领域.保护环境为共享生存的地球.都有着志愿者无私奉献身影.志愿者用行动帮助他人.暖亮人心燃起希望.志愿情怀平凡 ​		...展开全文c,NA,//weibo.com/3538147441/G3PDnE5u7?refer_flag=1001030103_
污染; 2018-02-19; 1; 10,186,		【车内空气成购车重点考虑因素】车内的空气质量和车内污染问题近年来受到各界严重关注，而对其存在的普遍性以及危害普通大众也有了基本的认知。在近日召开的第二届车内环境发展论坛上，国家环保部相关负责人表示，车内空气质量标准是国家环保部重点修订的标准，目前标准修订工作正在进行中。 ​		,寂然恐惧悲恋,//weibo.com/6141062799/G3PDcu0i3?refer_flag=1001030103_
污染; 2018-02-19; 1; 10,187,		有几个sb明星的粉丝只敢用小号怼我，别污染了我的大号 ​		,不知道什么鬼的什么鬼,//weibo.com/5082952687/G3PD5n4y9?refer_flag=1001030103_
污染; 2018-02-19; 1; 10,188,		飞鹰参与环保志愿多年.保护环境.扶助贫寒.爱心助学.森林防火.抗洪支灾.多次奋勇救人！保护共亨环境.改善一条条遭污染的河流变清流.保护饮用水源.造福宁乡龙田人民！2017年龙田政府张炜书记请我参与创建龙田美好环境.上了四个月班.到年底工资一分都没付我.老婆闹着要离婚@湖南省政府门户网站@湖南微政务,大地飞鹰在路上,//weibo.com/3538147441/FyRBq2ZP0?refer_flag=1001030103_
污染; 2018-02-19; 1; 10,189,#点亮志愿者##绿色卫士##保护饮用水源#12.9晴.到宁乡市龙田镇杨柳坝饮用水源水库后续监察.触目水库沙滩铲车在挖采砂石.请职能部门监管遏制.确保饮水源生态水土保持.飞鹰从2015年跟进监督至今.协助安化县高明乡与宁乡市龙田镇两地区政府协同整治有效改善交界点堆积的生活垃圾危及龙田镇饮用水源.清理垃 ​		...展开全文c,NA,//weibo.com/3538147441/G3PD4x2RZ?refer_flag=1001030103_
污染; 2018-02-19; 1; 10,190,		陕西，四川空气转好，西安，成都解除重污染预警。。不过。。。今早十时德州启动了黄色预警@蔚蓝地图 @公众环境马军 IPE数据库... ​		,IPE数据库,//weibo.com/5945621141/G3PD2oBKf?refer_flag=1001030103_
污染; 2018-02-19; 1; 10,191,		【郑州市禁放办】违规燃放烟花爆竹污染环境，易引发火灾事故，给广大人民群众造成生命财产损失。郑州市禁止燃放烟花爆竹工作领导小组办公室提醒您：为了您和家人的幸福，请勿违规燃放烟花爆竹。 ​		,空间偶遇,//weibo.com/2303602097/G3PCZthfO?refer_flag=1001030103_
污染; 2018-02-19; 1; 10,192,#邯郸生活# 【春节期间，邯郸不限行！】2月19日，邯郸市重污染天气应急指挥部和空气质量保障应急指挥中心未发布机动车单双号限行通知，特提醒广大群众不要误解误传。 ​		,邯郸新闻资讯,//weibo.com/1959398451/G3PCO0Adz?refer_flag=1001030103_
污染; 2018-02-19; 1; 10,193,		真珠美学滚轮水光BB♡卖点：轻松打造水光肌♡优势：真空按压式设计不用担心由于BB直接接触空气所带来的皮肤二次污染，滚轮设计化妆新手也能轻松驾驭，BB里面主要成分罗娜耀斑能打造三维立体小脸效果，一天保湿不脱妆，一支能用五到六个月♡零售价：❶❾❽RMB咨询加v18551655395 ​			...展开全文c,JENNY真珠美学,//weibo.com/5536038337/G3PCNFlar?refer_flag=1001030103_
污染; 2018-02-19; 1; 10,194,#权志龙# #权志龙可爱# //@DragonKnight_G字反黑组:广场被污染，大家转赞评好的微博上精选，点赞评论转发这条,im_leeyn,//weibo.com/2667414910/G3OeUADYX?refer_flag=1001030103_
污染; 2018-02-19; 1; 10,195,#权志龙##鸡涌是宝宝# 一笑就是小括弧心都酥了真是乖崽崽啊又是只爱你的一天@GDRAGON_OFFICIAL ​	,NA,//weibo.com/5796934937/G3PCL0ZFm?refer_flag=1001030103_
污染; 2018-02-19; 1; 10,196,		细品回味悠长、污染加剧，体会幸福，又或者是黄褐斑、加上现在的环境；懂得于无声处听惊雷！平淡是真。更多人都开始长斑了。过量既是伤害；易生误解麻烦！ |扬州·海棠... ​		,鲁豫有约啊,//weibo.com/2882453097/G3PCGyA26?refer_flag=1001030103_
污染; 2018-02-19; 1; 10,197,#权志龙# //@DragonKnight_G字反黑组:广场被污染，大家转赞评好的微博上精选，点赞评论转发这条,志龙的白芬哒,//weibo.com/2667414910/G3OeUADYX?refer_flag=1001030103_
污染; 2018-02-19; 1; 10,198,#权志龙##鸡涌是宝宝# 一笑就是小括弧心都酥了真是乖崽崽啊又是只爱你的一天@GDRAGON_OFFICIAL ​	,NA,//weibo.com/6079809930/G3PCDkmKU?refer_flag=1001030103_
污染; 2018-02-19; 1; 10,199,		飞鹰参与环保志愿多年.保护环境.扶助贫寒.爱心助学.森林防火.抗洪支灾.多次奋勇救人！保护共亨环境.改善一条条遭污染的河流变清流.保护饮用水源.造福宁乡龙田人民！2017年龙田政府张炜书记请我参与创建龙田美好环境.上了四个月班.到年底工资一分都没付我.老婆闹着要离婚@湖南省政府门户网站@湖南微政务,大地飞鹰在路上,//weibo.com/3538147441/FyU96BBg4?refer_flag=1001030103_
污染; 2018-02-19; 1; 10,200,#点亮志愿者##绿色卫士##河流守望者# 12.9.12.32晴.到安化县高明乡工业污水处理厂持续监督.污水处理厂在运营.排口泡沫水直排入河道.排水口下河床残留《酱油色》污水.我的pH值试纸已用完.取排口水样带回宁乡市检测pH值6.保护湘江母亲河.河流守望者重视工业污水净化处理后效.上游300米处安化钨矿排口水清 ​		...展开全文c,NA,//weibo.com/3538147441/G3PCC6B8o?refer_flag=1001030103_
污染; 2018-02-19; 1; 10,201,		迎春接福看雾霾，重度污染云天外。利斩钢铁多减排，自由呼吸我期待！		,冰魂雪魄雪中情,//weibo.com/1667495025/G3Pvz4hRR?refer_flag=1001030103_
污染; 2018-02-19; 1; 10,202,	  重度污染的遵化，春节期间雾霾依然笼罩天空，饱受污染造成体质过敏，不能自由呼吸空气，每天休息除外总戴口罩，以致自贴墙纸造成严重危害却浑然不知。曾记得我在广东与小妹一行前往巽寮湾看海，途中电台播出节目，惠州轻度污染，主持人调侃话语犹在耳畔，“惠州雾霾吹到福建去”，遵化雾霾吹到哪里去？ ​	,NA,//weibo.com/1667495025/G3PCA3Al9?refer_flag=1001030103_
污染; 2018-02-19; 1; 10,203,"		//@德州环境:2月19日，扩散条件转好，预计，鲁西北西部，鲁西南以中重度污染为主，其他地区以良为主,，首要污染物为PM2.5.		",11寒剑11,//weibo.com/3354394424/G3ujagEBw?refer_flag=1001030103_
污染; 2018-02-19; 1; 10,204,	  【山东：发布环境空气质量形势预报】 污染过程提示：2月17日～2月19日，湿度较大，扩散条件较不利，我省中西部城市会有一次中至重度污染过程。请注意出行安全并注意防护。 |山东省环境... ​	,NA,//weibo.com/3125650025/G3PA1F1NN?refer_flag=1001030103_
污染; 2018-02-19; 1; 10,205,@痴:请问特色是如何脱贫的?一一一农村造血功能全面崩溃:土地贫瘠板结、水土流失、粮食转基因、粮食价格急速下跌、农用物资急速上涨、工业城市用地急速扩张、外出打工挣钱难、农民经商不挣钱、低端农民被驱赶、农村个体经济全面完蛋、水资源生态污染、村支部形同黑社会等等一一一一如此众多恶因如何脱贫		,大李79009,//weibo.com/1367118462/G3Kzm3zur?refer_flag=1001030103_
污染; 2018-02-19; 1; 10,206,	  『新华社：中国5年减贫6853万人 创造减贫史上最好成绩_财经网 - CAIJING.COM.CN』|新华社：中... ​	,NA,//weibo.com/5125156813/G3PzZkI3z?refer_flag=1001030103_
污染; 2018-02-19; 1; 10,207,#时事新闻#【成都18日17时解除重污染天气黄色预警】昨日从成都市重污染天气应急指挥办公室获悉，根据2月18日天气潜势预报，未来三天气象扩散条件为中等及中等偏好。按照《成都市重污染天气应急预案（2017年修订）》规定，决定于2018年2月18日17时解除重污染天气黄色预警。预警正式解除前，继续执行各项 ​			...展开全文c,双流服务,//weibo.com/3962909908/G3PzTEdY1?refer_flag=1001030103_
污染; 2018-02-19; 1; 10,208,		所以，不放炮了为什么还有污染？,jeffery_ljl,//weibo.com/2489610225/G3Pps0NtQ?refer_flag=1001030103_
污染; 2018-02-19; 1; 10,209,	  【实时空气质量：中度污染，AQI指数164】#空气质量#2018年2月19日13时，全市AQI平均指数164，PM2.5指数125，PM10指数148，O3指数49，SO2指数14，NO2指数30，CO指数1.7。空气质量级别为中度污染，首要污染物为PM2.5。如需查询各区、各点位实时更新数据，请点击→|天津市环境... @天津环保发布 ​	,NA,//weibo.com/2303862687/G3PzRiwCr?refer_flag=1001030103_
污染; 2018-02-19; 1; 10,210,		辅食添加歌谣🍼宝宝辅食莫着急，六月米粉开始加，高铁不甜是必须，由稀到稠逐步加。三天观察不过敏，根茎蔬菜就跟上，土豆南瓜红薯好，适合吞咽无污染。香蕉苹果泥也行，菜水果汁切勿上，饭后白水成习惯。米粉持续加俩月，糙米燕麦轮流上，七月继续各种泥，慢慢开始喝烂粥，绿叶蔬菜方可 ​			...展开全文c,smile6446470580,//weibo.com/6446470580/G3PzMzwKO?refer_flag=1001030103_
污染; 2018-02-19; 1; 10,211,		【我国将从下半年起实施更严格的船舶污染物排放标准】财联社2月19日讯，环境保护部日前批准了《船舶水污染物排放控制标准》，将从2018年7月1日起开始实施。与原来施行的船舶污染物排放标准相比，新标准在控制船舶污染物排放上将更加严格。 ​​​		,央证公开课,//weibo.com/2032139271/G3PzKyaig?refer_flag=1001030103_
污染; 2018-02-19; 1; 10,212,		//@德州环境:2017年9月26日，省政府办公厅印发我省落实国家攻坚方案的实施细则，明确11项31条具体任务措施，将重点任务分解到各市、各部门；9月27日，省政府召开全省#秋冬季大气污染综合治理攻坚行动#电视会议，对相关工作作出具体部署。		,11寒剑11,//weibo.com/3354394424/G3OknxxWA?refer_flag=1001030103_
污染; 2018-02-19; 1; 10,213,	  【谋篇布局、综合施策，深化改革、创新方法，结构调整，动能转换——美丽山东脚步铿锵】|美丽山东脚... ​	,NA,//weibo.com/3125650025/G3PzH0a0H?refer_flag=1001030103_
污染; 2018-02-19; 1; 10,214,众生内心污染和清净的程度不同，看到的现象也千差万别。如一杯水，地狱众生看到的是铁汁；饿鬼众生看到的是脓血；畜生众生看到的是住处；人类看到的是水；天人看到的是甘露；八地菩萨看到的是佛母玛玛格；佛陀看到的是圆满大法界。内心越污染，所见现象越恶劣；内心越清净，所见现象越庄严		,一个人的番号9713,//weibo.com/2050149565/G3jJVqOCb?refer_flag=1001030103_
污染; 2018-02-19; 1; 10,215,"	  【经典助印计划之首版《圆觉经》(注音)再版《六祖坛经》(注音)】《圆觉经》大乘经典,是佛为文殊,普贤等十二位菩萨宣说如来圆觉的妙理和观行方法,唐宋明以来天台宗贤首宗禅宗等盛行宣讲之经典;《六祖坛经》佛教唯一一本僧人著经书,佛教界学术界共同称之为经的禅宗著作.即日起助印,截止3月27日 ​	",NA,//weibo.com/5696779455/G3PzEBUHl?refer_flag=1001030103_
污染; 2018-02-19; 1; 10,216,#中国赞#★[景點推薦-關渡平原]★ 臺北境內最大的生態溼地，一望無際的綠色平原，無噪音的汙染 清脆的鳥叫聲，在這繁榮忙碌的都市裡，顯得讓人格外的輕鬆!! ​		,瀞-记忆已成空白,//weibo.com/3701402994/G3PzBmtbs?refer_flag=1001030103_
污染; 2018-02-19; 1; 10,217,		道理我都懂，可这玩意儿简直精神污染 ​		,鱼子-酱油油,//weibo.com/2490627013/G3Pzw1WDL?refer_flag=1001030103_
污染; 2018-02-19; 1; 10,218,		【￥49】棉麻布料，天然质感，防水面料，面料挺拾垂感佳，简约大气，清新自然，环保无污染。【赠运费险】 去领卷下单→网页链接 如需要其他宝贝，自助找券神器→网页链接 ​		,啊喔鹅官网,//weibo.com/6387188963/G3PzoDjP3?refer_flag=1001030103_
污染; 2018-02-19; 1; 10,219,		【世界卫生组织9条防癌提示】①不吃熏腌制食物。②不吃过热过硬、过焦过咸的食物，不喝过烫的水。③不吃发霉粮食及制品。④不用洗衣粉擦洗餐具、茶具或食物。⑤吃饭不要过饱，控制肉类的摄入量。⑥不吃被农药污染的蔬果。⑦不酗酒。⑧不吸烟。⑨每天开窗1至2小时。 ​		,用户3592056345,//weibo.com/3592056345/G3Pz92n2H?refer_flag=1001030103_
污染; 2018-02-19; 1; 10,220,		【白开水也有保质期】很多家庭会在夏天准备个大玻璃杯凉白开水，认为这样卫生、方便。但夏季天热，空气湿度高，细菌繁殖快，凉白开放置时间不宜过长。无论常温或冷藏条件下，都不要超过2天，最好当天喝完。敞口放置时，要放在周围环境干净的地方，以免被污染。此外，切忌把放凉的水重新加热饮用。 ​		,单于度践单于吐,//weibo.com/5887889371/G3Pz92mPU?refer_flag=1001030103_
污染; 2018-02-19; 1; 10,221,		水肌澳防晒霜具有独特的双重UV防护技术，360°全面抵御UVA/UV，重塑肌肤保护屏障，可有效抵御晒黑、色斑、自由基、光老化。并隔离彩妆、粉尘等一切污染，实现无懈可击的UV隔离屏障。 ​		,用户6056581688,//weibo.com/6056581688/G3PyXubCo?refer_flag=1001030103_
污染; 2018-02-19; 1; 10,222,		白开水也有保质期很多人喜欢在头天晚上晾好一杯开水，第二天一早再喝。这种做法在温度不高时还可以；如气温超过30摄氏度，空气湿度又较高，细菌繁殖较快，隔夜凉开水就会失去生物活性，并且极易被污染而引起腹泻。当天烧的开水最好当天喝完。凉白开TTO180放置超过3天最好不再饮用。 ​		,倔强的辞职玉,//weibo.com/6429046770/G3PyXt9Pj?refer_flag=1001030103_
污染; 2018-02-19; 1; 10,223,		难道年长就能倚老卖老，就能耍流氓，就能插队，还尊老，还爱幼呢，这种人的存在，简直污染环境 ​		,北月WANT,//weibo.com/6488739860/G3PyWBK84?refer_flag=1001030103_
污染; 2018-02-19; 1; 10,224,		一般的喷雾为了控制成本会直接使用罐装，而可丽金类人胶原蛋白健肤喷雾采用真空高压双层包装，既可以保证产品极佳的使用体验，又可以防止二次污染。一款小喷雾尚且如此用心，更何况平台上其他的套系产品呢？ ​		,可丽金类人胶原蛋白旗舰店,//weibo.com/5747364569/G3PyPcsNY?refer_flag=1001030103_
污染; 2018-02-19; 1; 10,225,		18见底。//@lvh3sg5ya2j9l0et8wz9o://@中国刘杰://@森林屋子:还真不不如豆腐渣，豆腐渣放在地里可以变成肥料，这东西只会污染环境//@陶公春秋:比豆腐渣还是要坚固一些的嘛…… 鉴定完毕。		,奸臣孝子______智慧人生,//weibo.com/1600463082/G3JsF7oRW?refer_flag=1001030103_
污染; 2018-02-19; 1; 10,226,	  网友：水利工程修成豆腐渣工程，“水泥”用手一掰就开。。 中国刘杰的... ​	,NA,//weibo.com/6459689100/G3PyKaOXG?refer_flag=1001030103_
污染; 2018-02-19; 1; 10,227,		我们这儿禁放炮。然而空气污染还是全国倒数第一。		,随缘dlYm,//weibo.com/3676435761/G3Owysw4J?refer_flag=1001030103_
污染; 2018-02-19; 1; 10,228,	  被鞭炮声叫醒的我 ​	,NA,//weibo.com/3284078133/G3PyA8D2T?refer_flag=1001030103_
污染; 2018-02-19; 1; 10,229,能淘汰燃料电站，替代太阳能风能和水力电站，消除大气污染，解决能源危机的自然外力循环发电站寻开发经营合作。它是以机器外部的清洁能源（如太阳能风能等）为根本动力，不使用燃料，不使用化学电瓶等易损易耗零部件，能一直不停地发电的发电站；用常规材料建造，成本低；动力系统开放，运行可靠。		,陈源庆的微博,//weibo.com/6410512613/FEUBvmXr7?refer_flag=1001030103_
污染; 2018-02-19; 1; 10,230,	  我发表了头条文章:《自然外力循环发电机简要说明》 |自然外力循... ​	,NA,//weibo.com/6410512613/G3Pyq5nhy?refer_flag=1001030103_
污染; 2018-02-19; 1; 10,231,		//@李德群:文化阵线的博弈想象不到得激烈！中国小伙娶黑人，不是和战狼一个套路么？！宣传这个的用心很险恶！！！基因污染是不可逆的，要是中国人大量和黑人通婚，那就完了！！！		,少得多惑963,//weibo.com/3153669072/G3hsie5zi?refer_flag=1001030103_
污染; 2018-02-19; 1; 10,232,！！圾垃，晚春视央 ​	,NA,//weibo.com/3085531965/G3PykrBdp?refer_flag=1001030103_
污染; 2018-02-19; 1; 10,233,#搜狐新闻资讯版#《中国拒绝进口洋垃圾后，美国陷入垃圾危机，污染严重该如何处理！》中国拒绝进口洋垃圾后，美国陷入垃圾危机，污染严重该如何处理！网页链接 ​		,飞跃奇迹TWMC,//weibo.com/3023810977/G3PycsPl5?refer_flag=1001030103_
污染; 2018-02-19; 1; 10,234,		猛然间把东北两字看成了陕北，难道是前兆吗？当有一天资源枯竭，环境污染，地表下陷；占尽资源得利者早已逃之夭夭，各地买房转移了，可怜了当地的普通百姓；兴，没有占便宜；败，受尽遗害。		,陕西省-薛金鹏Kevin,//weibo.com/1974561081/G3Pvyw8tq?refer_flag=1001030103_
污染; 2018-02-19; 1; 10,235,#网易财经# 【一座资源枯竭的东北小城 以及准备出走的年轻人】东北的再次振兴被提及多年，这座东北小城的浮沉就像一面镜子，反射出工业变迁背景下的人生百态。 |一座资源枯... @网易新闻客户端 #网易新闻# ​	,NA,//weibo.com/2822970512/G3Py9fBlr?refer_flag=1001030103_
污染; 2018-02-19; 1; 10,236,#中国赞#昆明就是一个大花园，这里同时拥有高原风光之美、民族风情之美和边陲风貌之美。昆明的空气质量实现重大突破，去年前8个月，昆明主城建成区环境空气质量优良率达到了100%，位居西部省会城市第一位。这对于很多饱受大气污染的城市人而言，简直就是一件再幸福不过的事了。 ​		,譜桐朲,//weibo.com/2870575433/G3Py0Dt0a?refer_flag=1001030103_
污染; 2018-02-19; 1; 10,237,		【美容小常识】红石榴是抗氧美容的最佳水果，娇艳欲滴的红石榴已经被证实具有很强的抗氧化作用。它含有一种叫鞣花酸的成分，可以使细胞免于环境中的污染、UV射线的危害，滋养细胞，减缓肌体的衰老。有研究表明，鞣花酸在防辐射方面比红酒和绿茶中含有的多酚更“厉害”。 ​		,奢侈品原单,//weibo.com/5967095463/G3PxT200H?refer_flag=1001030103_
污染; 2018-02-19; 1; 10,238,		【高考政治】#绿色消费的含义?特征?#绿色消费是以保护消费者健康和节约资源为主旨，符合人的健康和环境保护标准的各种消费行为的总称，核心是可持续性消费。特征是：节约资源，减少污染;绿色生活，环保选购;重复使用，多次利用;分类回收，循环再生;保护自然，万物共存。|【爱学习】... ​		,高考刷题狗,//weibo.com/2552566444/G3PxSp4IF?refer_flag=1001030103_
污染; 2018-02-19; 1; 10,239,		权力就这么任性！//@六股河的风:@常识与勇气: 法治社会应该一视同仁，不能因为某人贡献大，权力大而选择性执法。如果骂人者要拘留10天，那么所有的骂人者都应该拘留10天。//@燃烧吧燕小抗:你国牛逼，想抓谁抓谁，想套什么罪名都成立，放个屁也算污染大气，就问你服不服。		,黎明前的夜2017,//weibo.com/1618051664/G3Ip5FjJz?refer_flag=1001030103_
污染; 2018-02-19; 1; 10,240,	  【官方通报“律师”侮辱核潜艇之父黄旭华:行拘10日】山东临沭通报“律师”侮辱核潜艇之父事件:临沭县公安局对在微博上公然侮辱“中国核潜艇之父”黄旭华院士的“禚律师_a6j”行政拘留10日，罚款500元。该男子原系山东德与法律师事务所律师，2017年8月8日注销律师执业证书。|官方通报“... ​	,NA,//weibo.com/6334035104/G3PxQ1omp?refer_flag=1001030103_
污染; 2018-02-19; 1; 10,241,		总共能看见某些………污染首页 ​		,SevenFassy_德法双修,//weibo.com/5750531981/G3PxIEpZX?refer_flag=1001030103_
污染; 2018-02-19; 1; 10,242,		怎么可能甘心只污染微信？ ​		,最高flag,//weibo.com/5872948354/G3PxDCIDb?refer_flag=1001030103_
污染; 2018-02-19; 1; 10,243,		飞鹰参与环保志愿多年.保护环境.扶助贫寒.爱心助学.森林防火.抗洪支灾.多次奋勇救人！保护共亨环境.改善一条条遭污染的河流变清流.保护饮用水源.造福宁乡龙田人民！2017年龙田政府张炜书记请我参与创建龙田美好环境.上了四个月班.到年底工资一分都没付我.老婆闹着要离婚@湖南省政府门户网站@湖南微政务,大地飞鹰在路上,//weibo.com/3538147441/FB8RKjNQA?refer_flag=1001030103_
污染; 2018-02-19; 1; 10,244,#点亮志愿者##点亮志愿者# 优秀的人身上似乎都有这样一种品质：认定的事情，他们总是锲而不舍、越挫越勇、从不服输、全力以赴，哪怕过程进展得很慢，也从不言弃，从不抱怨。优秀不是与生俱来的，也不是靠运气。如果你也想成为优秀一员，那么无论你做什么工作，经历过什么，选择的路请不要轻言放弃。因 ​		...展开全文c,NA,//weibo.com/3538147441/G3PxCpxCP?refer_flag=1001030103_
污染; 2018-02-19; 1; 10,245,		//@德州环境:2017年9月26日，省政府办公厅印发我省落实国家攻坚方案的实施细则，明确11项31条具体任务措施，将重点任务分解到各市、各部门；9月27日，省政府召开全省#秋冬季大气污染综合治理攻坚行动#电视会议，对相关工作作出具体部署。		,用户秦时明月汉时关,//weibo.com/3354394424/G3OknxxWA?refer_flag=1001030103_
污染; 2018-02-19; 1; 10,246,	  【谋篇布局、综合施策，深化改革、创新方法，结构调整，动能转换——美丽山东脚步铿锵】|美丽山东脚... ​	,NA,//weibo.com/6267944738/G3PxBgTzv?refer_flag=1001030103_
污染; 2018-02-19; 1; 10,247,		//@banana味的朴贤:意淫不要发到微博上不要带话题不要艾特真主！你活在你自己的世界里不好吗为什么要来污染环境！！好使不留名坏事传千里不要给你哥丢脸了好吗！！！有空意淫不如多做点事！！！//@软哝小啵:听到没各位作者,以学为生的人,//weibo.com/3694863325/E2an0c8O3?refer_flag=1001030103_
污染; 2018-02-19; 1; 10,248,	  大家都知道，搜索是艺人的是第一形象，看看边伯贤的搜索，第一眼望过去就是边伯贤小XX，公开yy带话题是很不正常的行为，随着8月底电视剧的开播，如果还带着话题公开yy，对来搜索边伯贤的观剧者来说，严重影响了第一印象。在此，边吧要求【严禁】带着边伯贤大名yy，请尊重他！希望大家也能够互相监督， ​		...展开全文c,NA,//weibo.com/2384421690/G3PxA5Yat?refer_flag=1001030103_
污染; 2018-02-19; 1; 10,249,		//@Kjylucifer://@sango000://@DragonKnight_G字反黑组:广场被污染，大家转赞评好的微博上精选，点赞评论转发这条,鸡涌啊我要好好读书了,//weibo.com/2667414910/G3OeUADYX?refer_flag=1001030103_
污染; 2018-02-19; 1; 10,250,#权志龙##鸡涌是宝宝# 一笑就是小括弧心都酥了真是乖崽崽啊又是只爱你的一天@GDRAGON_OFFICIAL ​	,NA,//weibo.com/5579942925/G3PxusoUM?refer_flag=1001030103_
污染; 2018-02-19; 1; 10,251,		飞鹰参与环保志愿多年.保护环境.扶助贫寒.爱心助学.森林防火.抗洪支灾.多次奋勇救人！保护共亨环境.改善一条条遭污染的河流变清流.保护饮用水源.造福宁乡龙田人民！2017年龙田政府张炜书记请我参与创建龙田美好环境.上了四个月班.到年底工资一分都没付我.老婆闹着要离婚@湖南省政府门户网站@湖南微政务,大地飞鹰在路上,//weibo.com/3538147441/FBjUVFUFs?refer_flag=1001030103_
污染; 2018-02-19; 1; 10,252,#点亮志愿者##绿色卫士##河流守望者#西方圣诞节.#我和环保局长在灭火#12.25西方圣诞节.黄昏徒步到宁乡市经开区左干渠沿河巡看.远望王家坝方向浓烟滚滚.与预约而来的宁乡环保分局长《邓国良》奔至火源现场.发现工地一侧在焚烧柑梗田坑茅.火势燎原大片茅草成灰.邓局致电城管部门速派人灭火.我俩立即投入 ​		...展开全文c,NA,//weibo.com/3538147441/G3PxsFP1i?refer_flag=1001030103_
污染; 2018-02-19; 1; 10,253,		被出券的跑单了还行大过年的 不想污染微博 ​		,白理草儿,//weibo.com/6048499386/G3Pxojldl?refer_flag=1001030103_
污染; 2018-02-19; 1; 10,254,		飞鹰参与环保志愿多年.保护环境.扶助贫寒.爱心助学.森林防火.抗洪支灾.多次奋勇救人！保护共亨环境.改善一条条遭污染的河流变清流.保护饮用水源.造福宁乡龙田人民！2017年龙田政府张炜书记请我参与创建龙田美好环境.上了四个月班.到年底工资一分都没付我.老婆闹着要离婚@湖南省政府门户网站@湖南微政务,大地飞鹰在路上,//weibo.com/3538147441/FBkMP8fxh?refer_flag=1001030103_
污染; 2018-02-19; 1; 10,255,#点亮志愿者##公益之美#请别说我坏！在地权威《戏称》我坏.听后感坦然.没有愉悦的感觉.深悟真善美.社会都跟我学善良的坏.鹰也会引吭高歌想要的美.真情血性汉子善良的心.15岁那年在江西帮人推木板车助人危难.被迫跳入深涧断了四颗门牙七孔流血破面相.受助者江西老俵送了我一瓶补脑汁.明白助人心怀感恩的 ​		...展开全文c,NA,//weibo.com/3538147441/G3PxohQ39?refer_flag=1001030103_
污染; 2018-02-19; 1; 10,256,		【茼蒿营养价值高】茼蒿富含矿物质、胡萝卜素、蛋白质、膳食纤维、维生素C等，污染轻，营养丰，高水分，低热能。茼蒿食用部分为幼嫩茎叶，味道清香，可凉拌，也可荤素炒食，烧豆腐、做汤、做馅等，秋冬涮火锅食用也别具风味。 ​		,春风得意武_6lc6,//weibo.com/6247206713/G3Pxk7sE3?refer_flag=1001030103_
