query,Post ID,Post Content,nickname,link
反腐; 2018-02-19; 1; 10,1,		去看了一下原博，虽然当初贪慕虚荣，但是男的被举报也是活该，民告官难//@Winnie-噗噗熊:吃瓜（老腿哈粗）是原博的麼～//@EricTsui:反腐没毛病，打女人的是SB，另原po跟薛之谦的前女友一类型的，谈恋爱注意避让。//@Silk_River_Research:国资委主任和科长父子有这么多房子，个人房产信息不得公开		,emy咪酱,//weibo.com/6471000656/G2QdrsWNf?refer_flag=1001030103_
反腐; 2018-02-19; 1; 10,2,	  我王燕茹原银行职员现实名举报原扬州采购科科长黄宇道德败坏，行凶打人，家庭巨额财产来源不明，婚后上班时间利用财政局身份多次开房，态度恶劣，气焰嚣张，打击报复实名举报人@清风扬州 ​	,NA,//weibo.com/2700548130/G3MlFtipo?refer_flag=1001030103_
反腐; 2018-02-19; 1; 10,3,//@天凶://@林起:儿媳妇也成反腐利器了。//@一叶知秋足彩:@林起 @人民日报 //@林建楊:右边是举报者本尊。这是最新情况，大家有问题也可以问她。//@王燕茹实名举报：我是本人，现在黄宇停职了，他爸还没有处理。		,咖喱末,//weibo.com/1432458327/G3vuF1NGU?refer_flag=1001030103_
反腐; 2018-02-19; 1; 10,4,	  【实名举报，一定转】“我是王燕茹，女，32岁，扬州中行员工，现实名举报原扬州市国资委主任，中共党员黄道龙（65岁）和其子扬州市资源交易中心政府采购科科长、中共党员黄宇（36岁），拥有来历不明的房产、珠宝、书画、成套的红木家具、豪华轿车及大量的银行卡和现金，资产高达几千万。” ​	,NA,//weibo.com/1781240781/G3MkYkrb5?refer_flag=1001030103_
反腐; 2018-02-19; 1; 10,5,		【新闻敲诈的式微】对21世纪系的打击，官媒的自我审查，都说明了依靠新闻敲诈获取盈利再也不可能光明正大走下去了。今年上半年一家非常著名的杂志盈利才50万，若无各类活动支撑，早就办不下了。纸媒的衰败面临市场和反腐的双重夹击，媒体人除了转型、出走和创业别无他法。树倒猢狲散的场景迟早到来。 ​		,sylviasyy的秘密,//weibo.com/1890896940/G3MiFie1P?refer_flag=1001030103_
反腐; 2018-02-19; 1; 10,6,@紫光阁#紫光阁反腐##紫光阁社评##紫光阁独家##国家赔偿行政诉讼##国家监察委员会##盘点2017##微党课##平安北京# #案件微播报##人民日报##国家公务员##山东公务员##法治中国##法律##新闻##头条##2017城市记忆# 丧失人性，泯灭党性！胆大妄为，胡作非为的流氓无赖！以人民的名义，要求政府，严惩罪犯！		,淄博内幕新闻,//weibo.com/6375051228/G2fBRvN5F?refer_flag=1001030103_
反腐; 2018-02-19; 1; 10,7,#首都警务报道##实事警务传真##警务创客·强警惠民##国内警务要闻##警务实战##警务动态##中国警务新闻##百姓警务室##公安##警察##警察·说#『实名举报：职务侵占罪罪行滔天，经侦“不予立案”_淄博内幕新闻』网页链接 ​​​	,NA,//weibo.com/5893679918/G3MideB6l?refer_flag=1001030103_
反腐; 2018-02-19; 1; 10,8,@紫光阁#紫光阁反腐##紫光阁社评##紫光阁独家##国家赔偿行政诉讼##国家监察委员会##盘点2017##微党课##平安北京# #案件微播报##人民日报##国家公务员##山东公务员##法治中国##法律##新闻##头条##2017城市记忆# 丧失人性，泯灭党性！胆大妄为，胡作非为的流氓无赖！以人民的名义，要求政府，严惩罪犯！		,淄博内幕新闻,//weibo.com/6400654123/G1J3MvwOH?refer_flag=1001030103_
反腐; 2018-02-19; 1; 10,9,#警方通报##公安新闻##案件微播报##人民日报# @人民日报 @检察日报 @南方周末 @CCTV焦点访谈 @CCTV今日说法 @人民的名义官微 @人民公安报总编室 @CCTV看点 @法制网 @法制晚报 @民主与法制网官方 @央视新闻 @中央人民广播电台@人民公安报@山东省公安厅经侦总队 @人民网山东频道 @山东警务督察    ​		...展开全文c,NA,//weibo.com/5893679918/G3Mi8w7qM?refer_flag=1001030103_
反腐; 2018-02-19; 1; 10,10,@紫光阁#紫光阁反腐##紫光阁社评##紫光阁独家##国家赔偿行政诉讼##国家监察委员会##盘点2017##微党课##平安北京# #案件微播报##人民日报##国家公务员##山东公务员##法治中国##法律##新闻##头条##2017城市记忆# 丧失人性，泯灭党性！胆大妄为，胡作非为的流氓无赖！以人民的名义，要求政府，严惩罪犯！		,淄博内幕新闻,//weibo.com/6400654123/FvYofhn8x?refer_flag=1001030103_
反腐; 2018-02-19; 1; 10,11,网页链接网页链接 ​​​网页链接 ​​​	,NA,//weibo.com/5893679918/G3Mi6bJyG?refer_flag=1001030103_
反腐; 2018-02-19; 1; 10,12,@紫光阁#紫光阁反腐##紫光阁社评##紫光阁独家##国家赔偿行政诉讼##国家监察委员会##盘点2017##微党课##平安北京# #案件微播报##人民日报##国家公务员##山东公务员##法治中国##法律##新闻##头条##2017城市记忆# 丧失人性，泯灭党性！胆大妄为，胡作非为的流氓无赖！以人民的名义，要求政府，严惩罪犯！		,淄博内幕新闻,//weibo.com/6400654123/FvceGcbLj?refer_flag=1001030103_
反腐; 2018-02-19; 1; 10,13,#公安新闻##案件微播报##人民日报# @人民日报 @检察日报 @南方周末 @CCTV焦点访谈 @CCTV今日说法 @人民的名义官微 @人民公安报总编室 @CCTV看点 @法制网 @法制晚报 @民主与法制网官方 @央视新闻 @中央人民广播电台@人民公安报@山东省公安厅经侦总队 @人民网山东频道 @山东警务督察     ​		...展开全文c,NA,//weibo.com/5893679918/G3Mi2A4Td?refer_flag=1001030103_
反腐; 2018-02-19; 1; 10,14,@紫光阁#紫光阁反腐##紫光阁社评##紫光阁独家##国家赔偿行政诉讼##国家监察委员会##盘点2017##微党课##平安北京# #案件微播报##人民日报##国家公务员##山东公务员##法治中国##法律##新闻##头条##2017城市记忆# 丧失人性，泯灭党性！胆大妄为，胡作非为的流氓无赖！以人民的名义，要求政府，严惩罪犯！		,淄博内幕新闻,//weibo.com/6400654123/Fvcemlja4?refer_flag=1001030103_
反腐; 2018-02-19; 1; 10,15,#公安新闻##案件微播报##人民日报# @人民日报 @检察日报 @南方周末 @CCTV焦点访谈 @CCTV今日说法 @人民的名义官微 @人民公安报总编室 @CCTV看点 @法制网 @法制晚报 @民主与法制网官方 @央视新闻 @中央人民广播电台@人民公安报@山东省公安厅经侦总队 @人民网山东频道 @山东警务督察     ​		...展开全文c,NA,//weibo.com/5893679918/G3Mi0fJhh?refer_flag=1001030103_
反腐; 2018-02-19; 1; 10,16,@紫光阁#紫光阁反腐##紫光阁社评##紫光阁独家##国家赔偿行政诉讼##国家监察委员会##盘点2017##微党课##平安北京# #案件微播报##人民日报##国家公务员##山东公务员##法治中国##法律##新闻##头条##2017城市记忆# 丧失人性，泯灭党性！胆大妄为，胡作非为的流氓无赖！以人民的名义，要求政府，严惩罪犯！		,淄博内幕新闻,//weibo.com/2748538993/EBhn2372H?refer_flag=1001030103_
反腐; 2018-02-19; 1; 10,17,#万象##感动中国##新闻##淄博新鲜事##2017两会##今日热点##视野#要求政府，严惩罪犯！！！史上最牛！淄博博山牛B党员欺男霸女，谋夺他人巨额财产，《焦裕禄故里的毒苍蝇 》山东省淄博市博山区党员干部残害残疾人！ 网页链接 ​​​ 网页链接 |民众版的“... ​​​『民众 ​		...展开全文c,NA,//weibo.com/5893679918/G3MhSwAlM?refer_flag=1001030103_
反腐; 2018-02-19; 1; 10,18,@紫光阁#紫光阁反腐##紫光阁社评##紫光阁独家##国家赔偿行政诉讼##国家监察委员会##盘点2017##微党课##平安北京# #案件微播报##人民日报##国家公务员##山东公务员##法治中国##法律##新闻##头条##2017城市记忆# 丧失人性，泯灭党性！胆大妄为，胡作非为的流氓无赖！以人民的名义，要求政府，严惩罪犯！		,淄博内幕新闻,//weibo.com/2748538993/EBhnlfEVI?refer_flag=1001030103_
反腐; 2018-02-19; 1; 10,19,	  分享自正义律师法制 《民众版的“王宝强和马蓉事件”》 - ... (来自 @头条博客) - 网页链接 ​​​『山东省淄博市博山区党员干部残害残疾人！谋夺他人巨额财产！(转载) -天涯社区』网页链接 『马上被删，速看！_淄博内幕新闻』网页链接 ​​​	,NA,//weibo.com/5893679918/G3MhOq77L?refer_flag=1001030103_
反腐; 2018-02-19; 1; 10,20,@紫光阁#紫光阁反腐##紫光阁社评##紫光阁独家##国家赔偿行政诉讼##国家监察委员会##盘点2017##微党课##平安北京# #案件微播报##人民日报##国家公务员##山东公务员##法治中国##法律##新闻##头条##2017城市记忆# 丧失人性，泯灭党性！胆大妄为，胡作非为的流氓无赖！以人民的名义，要求政府，严惩罪犯！		,淄博内幕新闻,//weibo.com/2748538993/EBhnunSPL?refer_flag=1001030103_
反腐; 2018-02-19; 1; 10,21,	  焦裕禄故里的毒苍蝇 山东省淄博市博山区党员干部残害残疾人！谋夺他人巨额财产！(转载) 网页链接 ​​​ |民众版的“... ​​​『民众版的“王宝强和马蓉事件”_凤凰财经』网页链接 ​​​  http://t.cn/RJugfak ​​​	,NA,//weibo.com/5893679918/G3MhMmfgs?refer_flag=1001030103_
反腐; 2018-02-19; 1; 10,22,@紫光阁#紫光阁反腐##紫光阁社评##紫光阁独家##国家赔偿行政诉讼##国家监察委员会##盘点2017##微党课##平安北京# #案件微播报##人民日报##国家公务员##山东公务员##法治中国##法律##新闻##头条##2017城市记忆# 丧失人性，泯灭党性！胆大妄为，胡作非为的流氓无赖！以人民的名义，要求政府，严惩罪犯！		,淄博内幕新闻,//weibo.com/2748538993/EBhLWidSk?refer_flag=1001030103_
反腐; 2018-02-19; 1; 10,23,#万象##感动中国##新闻##淄博新鲜事##2017两会##今日热点##视野#要求政府，严惩罪犯！！！史上最牛！淄博博山牛B党员欺男霸女，谋夺他人巨额财产，《焦裕禄故里的毒苍蝇 》山东省淄博市博山区党员干部残害残疾人！ 网页链接 ​​​ 网页链接 |民众版的“... ​​​『民众 ​		...展开全文c,NA,//weibo.com/5893679918/G3MhJoFRx?refer_flag=1001030103_
反腐; 2018-02-19; 1; 10,24,@紫光阁#紫光阁反腐##紫光阁社评##紫光阁独家##国家赔偿行政诉讼##国家监察委员会##盘点2017##微党课##平安北京# #案件微播报##人民日报##国家公务员##山东公务员##法治中国##法律##新闻##头条##2017城市记忆# 丧失人性，泯灭党性！胆大妄为，胡作非为的流氓无赖！以人民的名义，要求政府，严惩罪犯！		,淄博内幕新闻,//weibo.com/2748538993/EBhMgCmNj?refer_flag=1001030103_
反腐; 2018-02-19; 1; 10,25,	  分享自正义律师法制 《民众版的“王宝强和马蓉事件”》 - ... (来自 @头条博客) - 网页链接 ​​​『山东省淄博市博山区党员干部残害残疾人！谋夺他人巨额财产！(转载) -天涯社区』网页链接 『马上被删，速看！_淄博内幕新闻』网页链接 ​​​	,NA,//weibo.com/5893679918/G3MhE40iI?refer_flag=1001030103_
反腐; 2018-02-19; 1; 10,26,@紫光阁#紫光阁反腐##紫光阁社评##紫光阁独家##国家赔偿行政诉讼##国家监察委员会##盘点2017##微党课##平安北京# #案件微播报##人民日报##国家公务员##山东公务员##法治中国##法律##新闻##头条##2017城市记忆# 丧失人性，泯灭党性！胆大妄为，胡作非为的流氓无赖！以人民的名义，要求政府，严惩罪犯！		,淄博内幕新闻,//weibo.com/2748538993/EBhMr1jYm?refer_flag=1001030103_
反腐; 2018-02-19; 1; 10,27,	  焦裕禄故里的毒苍蝇 山东省淄博市博山区党员干部残害残疾人！谋夺他人巨额财产！(转载) 网页链接 ​​​ |民众版的“... ​​​『民众版的“王宝强和马蓉事件”_凤凰财经』网页链接 ​​​  http://t.cn/RJugfak ​​​	,NA,//weibo.com/5893679918/G3MhBq6KW?refer_flag=1001030103_
反腐; 2018-02-19; 1; 10,28,@紫光阁#紫光阁反腐##紫光阁社评##紫光阁独家##国家赔偿行政诉讼##国家监察委员会##盘点2017##微党课##平安北京# #案件微播报##人民日报##国家公务员##山东公务员##法治中国##法律##新闻##头条##2017城市记忆# 丧失人性，泯灭党性！胆大妄为，胡作非为的流氓无赖！以人民的名义，要求政府，严惩罪犯！		,淄博内幕新闻,//weibo.com/2748538993/EBiaSg5B6?refer_flag=1001030103_
反腐; 2018-02-19; 1; 10,29,#万象##感动中国##新闻##淄博新鲜事##2017两会##今日热点##视野#要求政府，严惩罪犯！！！史上最牛！淄博博山牛B党员欺男霸女，谋夺他人巨额财产，《焦裕禄故里的毒苍蝇 》山东省淄博市博山区党员干部残害残疾人！ 网页链接 ​​​ 网页链接 |民众版的“... ​​​『民众 ​		...展开全文c,NA,//weibo.com/5893679918/G3MhzoKno?refer_flag=1001030103_
反腐; 2018-02-19; 1; 10,30,@紫光阁#紫光阁反腐##紫光阁社评##紫光阁独家##国家赔偿行政诉讼##国家监察委员会##盘点2017##微党课##平安北京# #案件微播报##人民日报##国家公务员##山东公务员##法治中国##法律##新闻##头条##2017城市记忆# 丧失人性，泯灭党性！胆大妄为，胡作非为的流氓无赖！以人民的名义，要求政府，严惩罪犯！		,淄博内幕新闻,//weibo.com/2748538993/EBiba27Js?refer_flag=1001030103_
反腐; 2018-02-19; 1; 10,31,	  分享自正义律师法制 《民众版的“王宝强和马蓉事件”》 - ... (来自 @头条博客) - 网页链接 ​​​『山东省淄博市博山区党员干部残害残疾人！谋夺他人巨额财产！(转载) -天涯社区』网页链接 『马上被删，速看！_淄博内幕新闻』网页链接 ​​​	,NA,//weibo.com/5893679918/G3MhuBXEM?refer_flag=1001030103_
反腐; 2018-02-19; 1; 10,32,@紫光阁#紫光阁反腐##紫光阁社评##紫光阁独家##国家赔偿行政诉讼##国家监察委员会##盘点2017##微党课##平安北京# #案件微播报##人民日报##国家公务员##山东公务员##法治中国##法律##新闻##头条##2017城市记忆# 丧失人性，泯灭党性！胆大妄为，胡作非为的流氓无赖！以人民的名义，要求政府，严惩罪犯！		,淄博内幕新闻,//weibo.com/2748538993/EBibhnDxC?refer_flag=1001030103_
反腐; 2018-02-19; 1; 10,33,	  焦裕禄故里的毒苍蝇 山东省淄博市博山区党员干部残害残疾人！谋夺他人巨额财产！(转载) 网页链接 ​​​ |民众版的“... ​​​『民众版的“王宝强和马蓉事件”_凤凰财经』网页链接 ​​​  http://t.cn/RJugfak ​​​	,NA,//weibo.com/5893679918/G3MhshzaS?refer_flag=1001030103_
反腐; 2018-02-19; 1; 10,34,		独家图片末代甲收官战国际天津 开赛前成耀东表情严肃。足坛第二批反腐案今日开庭。原上海国际球员申思、祁宏、李明、江津等出庭受审。四人曾在年末代甲收官战中收受贿赂，每人获得万元。他们故意输给天津，天津保住中超资格，申花同时在深圳也输球，但依然以一分优势获得冠军。 ​		,九月十四丶,//weibo.com/3974934475/G3MaQ83Hm?refer_flag=1001030103_
反腐; 2018-02-19; 1; 10,35,		民主，法制，人权，爱国，反腐。朴 ​		,碌学苑小雅,//weibo.com/6435986770/G3M6w7C8W?refer_flag=1001030103_
反腐; 2018-02-19; 1; 10,36,		//@07魏克燕反腐敢死队队员:@511678aa:腐反腐，谁反谁，/@正义6089560608:反腐应从基层反起，基层腐败才是最大的危害//@民心天下也:官僚主义腐败依然猖獗，主要是他们都多少存在腐败，相互保护，危害国家和人民利益。		,民心天下也,//weibo.com/3942029945/FiRwK0JUr?refer_flag=1001030103_
反腐; 2018-02-19; 1; 10,37,	  我发表了头条文章:《反贪腐 反迫害 (修改版)》 |反贪腐 反... |绵阳·双碑 ​	,NA,//weibo.com/3231317850/G3M4ZfWE4?refer_flag=1001030103_
反腐; 2018-02-19; 1; 10,38,		是一部集反腐与打黑为一体的现实主义力作，【大江东去】导演雷献禾继《大雪无痕》《绝不放过你》之后的反腐打黑三部曲终结篇；少部分外景取自大连、于2003年拍竣！之后在全国各省市电视台热播、该剧在沈阳实景拍摄。 ​		,印次8C亿虎之处,//weibo.com/6352217501/G3M4QEh9y?refer_flag=1001030103_
反腐; 2018-02-19; 1; 10,39,		【新闻敲诈的式微】对21世纪系的打击，官媒的自我审查，都说明了依靠新闻敲诈获取盈利再也不可能光明正大走下去了。今年上半年一家非常著名的杂志盈利才50万，若无各类活动支撑，早就办不下了。纸媒的衰败面临市场和反腐的双重夹击，媒体人除了转型、出走和创业别无他法。树倒猢狲散的场景迟早到来。 ​		,installm绵绵爱,//weibo.com/6170051375/G3M4Mix4r?refer_flag=1001030103_
反腐; 2018-02-19; 1; 10,40,		//@林起:儿媳妇也成反腐利器了。//@一叶知秋足彩:@林起 @人民日报 //@林建楊:右边是举报者本尊。这是最新情况，大家有问题也可以问她。//@王燕茹实名举报：我是本人，现在黄宇停职了，他爸还没有处理。		,futurexiao,//weibo.com/1432458327/G3vuF1NGU?refer_flag=1001030103_
反腐; 2018-02-19; 1; 10,41,	  【实名举报，一定转】“我是王燕茹，女，32岁，扬州中行员工，现实名举报原扬州市国资委主任，中共党员黄道龙（65岁）和其子扬州市资源交易中心政府采购科科长、中共党员黄宇（36岁），拥有来历不明的房产、珠宝、书画、成套的红木家具、豪华轿车及大量的银行卡和现金，资产高达几千万。” ​	,NA,//weibo.com/1504811714/G3M4o4xyb?refer_flag=1001030103_
反腐; 2018-02-19; 1; 10,42,		//@六国虹://@林起:儿媳妇也成反腐利器了。//@一叶知秋足彩:@林起 @人民日报 //@林建楊:右边是举报者本尊。这是最新情况，大家有问题也可以问她。//@王燕茹实名举报：我是本人，现在黄宇停职了，他爸还没有处理。		,车门内0,//weibo.com/1432458327/G3vuF1NGU?refer_flag=1001030103_
反腐; 2018-02-19; 1; 10,43,	  【实名举报，一定转】“我是王燕茹，女，32岁，扬州中行员工，现实名举报原扬州市国资委主任，中共党员黄道龙（65岁）和其子扬州市资源交易中心政府采购科科长、中共党员黄宇（36岁），拥有来历不明的房产、珠宝、书画、成套的红木家具、豪华轿车及大量的银行卡和现金，资产高达几千万。” ​	,NA,//weibo.com/5782231475/G3M2bwct4?refer_flag=1001030103_
反腐; 2018-02-19; 1; 10,44,		老问题经没错。一是规定没错：二是这种不公正个别的低能施政行为；小和尚成心念歪了；因大白于天下的规定也不可能错，比如规定反腐！ ​		,筛子借问韩服,//weibo.com/6023220878/G3M1DuQv5?refer_flag=1001030103_
反腐; 2018-02-19; 1; 10,45,		个人觉醒以及所谓的微博反腐，是无法阻挡制度性腐败的，也无法劝说一流人才不去当公务员，趋利避害永远是多数人的选择。若无制度性的变革，市场的机会越来越少，政府的权力越来越大，那么公务员只会越来越热，热到这个国家破产，再也供养不起寄生虫为止。 ​		,个性的微博美少女,//weibo.com/5819814104/G3M0Grh72?refer_flag=1001030103_
反腐; 2018-02-19; 1; 10,46,		//@六国虹://@林起:儿媳妇也成反腐利器了。//@一叶知秋足彩:@林起 @人民日报 //@林建楊:右边是举报者本尊。这是最新情况，大家有问题也可以问她。//@王燕茹实名举报：我是本人，现在黄宇停职了，他爸还没有处理。		,心性凉薄2011,//weibo.com/1432458327/G3vuF1NGU?refer_flag=1001030103_
反腐; 2018-02-19; 1; 10,47,	  【实名举报，一定转】“我是王燕茹，女，32岁，扬州中行员工，现实名举报原扬州市国资委主任，中共党员黄道龙（65岁）和其子扬州市资源交易中心政府采购科科长、中共党员黄宇（36岁），拥有来历不明的房产、珠宝、书画、成套的红木家具、豪华轿车及大量的银行卡和现金，资产高达几千万。” ​	,NA,//weibo.com/1977604607/G3LYvquNF?refer_flag=1001030103_
反腐; 2018-02-19; 1; 10,48,		【新闻敲诈的式微】对21世纪系的打击，官媒的自我审查，都说明了依靠新闻敲诈获取盈利再也不可能光明正大走下去了。今年上半年一家非常著名的杂志盈利才50万，若无各类活动支撑，早就办不下了。纸媒的衰败面临市场和反腐的双重夹击，媒体人除了转型、出走和创业别无他法。树倒猢狲散的场景迟早到来。 ​		,zwplovezy_2d33e7,//weibo.com/1628778054/G3LVciuEL?refer_flag=1001030103_
反腐; 2018-02-19; 1; 10,49,@人民反腐在线,riceball6,//weibo.com/3201529063/G3mDqe3Eq?refer_flag=1001030103_
反腐; 2018-02-19; 1; 10,50,	  【转发有奖】#你到了，年就到了# 365天的牵挂等一次家人团聚，几百里路的归来换一次牵挂落地，你到家了，年就到了。 转发+关注抽送一台荣耀8青春版。@转发抽奖平台 ​	,NA,//weibo.com/5925619816/G3LQTut5L?refer_flag=1001030103_
反腐; 2018-02-19; 1; 10,51,		谈了这一类型的女朋友，不交出全部身家给她，就得留下全家性命，不死也得脱成皮，注意避让，有人说这种反腐很好呀，是吗？她是第一天知道男朋友家腐败？她一直都知道，且特别向往和追求这种生活，被分手后，当官太太骄奢淫逸作威作福的梦破了，于是恼羞成怒选择玉石俱焚的报复。这类性格在男 ​		,滕蘅464466490201058,//weibo.com/6490201058/G3LQfAqcK?refer_flag=1001030103_
反腐; 2018-02-19; 1; 10,52,		//@林起:儿媳妇也成反腐利器了。//@一叶知秋足彩:@林起 @人民日报 //@林建楊:右边是举报者本尊。这是最新情况，大家有问题也可以问她。//@王燕茹实名举报：我是本人，现在黄宇停职了，他爸还没有处理。		,猪黎耶2015,//weibo.com/1432458327/G3vuF1NGU?refer_flag=1001030103_
反腐; 2018-02-19; 1; 10,53,	  【实名举报，一定转】“我是王燕茹，女，32岁，扬州中行员工，现实名举报原扬州市国资委主任，中共党员黄道龙（65岁）和其子扬州市资源交易中心政府采购科科长、中共党员黄宇（36岁），拥有来历不明的房产、珠宝、书画、成套的红木家具、豪华轿车及大量的银行卡和现金，资产高达几千万。” ​	,NA,//weibo.com/5648126000/G3LNUtU2x?refer_flag=1001030103_
反腐; 2018-02-19; 1; 10,54,		形成上下恶性循环。他们便借反腐除掉对手、而却把亲信巨贪保护起来，错在实施规定的人有意错为甚至贼喊捉贼：培育了一帮阿谀逢迎阴奉阳违弱智小官僚、一是规定没错……二是这种不公正个别的低能施政行为！ ​		,图集QC槐树陈村,//weibo.com/6304775401/G3LNKsymq?refer_flag=1001030103_
反腐; 2018-02-19; 1; 10,55,		2反腐喊得铿锵有力！越走越卡、7科技喊得口灿莲花！越抄越假；8崛起喊得底气十足：6发展喊得如雷贯耳、3为民喊得情真意切；越为越贵！ |徐州·睢宁... ​		,中国男篮不行啊,//weibo.com/2890957395/G3LMP8MfM?refer_flag=1001030103_
反腐; 2018-02-19; 1; 10,56,		【新闻敲诈的式微】对21世纪系的打击，官媒的自我审查，都说明了依靠新闻敲诈获取盈利再也不可能光明正大走下去了。今年上半年一家非常著名的杂志盈利才50万，若无各类活动支撑，早就办不下了。纸媒的衰败面临市场和反腐的双重夹击，媒体人除了转型、出走和创业别无他法。树倒猢狲散的场景迟早到来。 ​		,幸福的科比布莱恩特24_499,//weibo.com/3896389635/G3LMqAImE?refer_flag=1001030103_
反腐; 2018-02-19; 1; 10,57,		【新闻敲诈的式微】对21世纪系的打击，官媒的自我审查，都说明了依靠新闻敲诈获取盈利再也不可能光明正大走下去了。今年上半年一家非常著名的杂志盈利才50万，若无各类活动支撑，早就办不下了。纸媒的衰败面临市场和反腐的双重夹击，媒体人除了转型、出走和创业别无他法。树倒猢狲散的场景迟早到来。 ​		,8484生长ranch,//weibo.com/6193622502/G3LLYxMRg?refer_flag=1001030103_
反腐; 2018-02-19; 1; 10,58,		【新闻敲诈的式微】对21世纪系的打击，官媒的自我审查，都说明了依靠新闻敲诈获取盈利再也不可能光明正大走下去了。今年上半年一家非常著名的杂志盈利才50万，若无各类活动支撑，早就办不下了。纸媒的衰败面临市场和反腐的双重夹击，媒体人除了转型、出走和创业别无他法。树倒猢狲散的场景迟早到来。 ​		,蓝天优_739,//weibo.com/2410848303/G3LK22m3f?refer_flag=1001030103_
反腐; 2018-02-19; 1; 10,59,		谈了这一类型的女朋友，不交出全部身家给她，就得留下全家性命，不死也得脱成皮，注意避让，有人说这种反腐很好呀，是吗？她是第一天知道男朋友家腐败？她一直都知道，且特别向往和追求这种生活，被分手后，当官太太骄奢淫逸作威作福的梦破了，于是恼羞成怒选择玉石俱焚的报复。这类性格在男的身上体现 ​			...展开全文c,EricTsui,//weibo.com/2450743314/G3LJ9A7FA?refer_flag=1001030103_
反腐; 2018-02-19; 1; 10,60,#中国赞#【新希望集团董事长刘永好：扎扎实实做事清清白白做人】“在新格局下，企业首先还是扎扎实实去做事，要有工匠精神，做事认认真真，不能搞虚的，不能搞一些乱七八糟的假的。第二，我们要清清白白做人。过去几年，中国反腐力度很大，鼓励企业家发展，不要做那些不该做的事，这就是要清清白白的做 ​			...展开全文c,郭起高的羊羊羊,//weibo.com/5803243318/G3LHbgOkj?refer_flag=1001030103_
反腐; 2018-02-19; 1; 10,61,		第八怪！第二怪，小偷反腐成常态……第七怪……回扣不够拒门外…… ​		,地平线一边有沵,//weibo.com/2741290275/G3LG1b0V5?refer_flag=1001030103_
反腐; 2018-02-19; 1; 10,62,		【新闻敲诈的式微】对21世纪系的打击，官媒的自我审查，都说明了依靠新闻敲诈获取盈利再也不可能光明正大走下去了。今年上半年一家非常著名的杂志盈利才50万，若无各类活动支撑，早就办不下了。纸媒的衰败面临市场和反腐的双重夹击，媒体人除了转型、出走和创业别无他法。树倒猢狲散的场景迟早到来。 ​		,琇吉吉,//weibo.com/5097739856/G3LDQrAoo?refer_flag=1001030103_
反腐; 2018-02-19; 1; 10,63,		【新闻敲诈的式微】对21世纪系的打击，官媒的自我审查，都说明了依靠新闻敲诈获取盈利再也不可能光明正大走下去了。今年上半年一家非常著名的杂志盈利才50万，若无各类活动支撑，早就办不下了。纸媒的衰败面临市场和反腐的双重夹击，媒体人除了转型、出走和创业别无他法。树倒猢狲散的场景迟早到来。 ​		,nestdjdj,//weibo.com/6331283962/G3LDm0ePN?refer_flag=1001030103_
反腐; 2018-02-19; 1; 10,64,		像反腐！像12315；官员整治百姓的行为：很多整治劳民伤财……整治结果都变成上司整治下属！其实我特别爱零食但我现在不碰了其实我特别讨厌蔬菜但我现在每天都吃很多其实我特别不习惯提前备好伞但我现在不会再让雨淋到自己了其实我特别厌烦单词但我现在能把它记得很牢了其实我特别不爱运动但我现在要开 ​			...展开全文c,大江抓住雪域,//weibo.com/6026007891/G3LCg4B2E?refer_flag=1001030103_
反腐; 2018-02-19; 1; 10,65,		//@六国虹://@林起:儿媳妇也成反腐利器了。//@一叶知秋足彩:@林起 @人民日报 //@林建楊:右边是举报者本尊。这是最新情况，大家有问题也可以问她。//@王燕茹实名举报：我是本人，现在黄宇停职了，他爸还没有处理。		,XuStephen在魔都了,//weibo.com/1432458327/G3vuF1NGU?refer_flag=1001030103_
反腐; 2018-02-19; 1; 10,66,	  【实名举报，一定转】“我是王燕茹，女，32岁，扬州中行员工，现实名举报原扬州市国资委主任，中共党员黄道龙（65岁）和其子扬州市资源交易中心政府采购科科长、中共党员黄宇（36岁），拥有来历不明的房产、珠宝、书画、成套的红木家具、豪华轿车及大量的银行卡和现金，资产高达几千万。” ​	,NA,//weibo.com/6391499617/G3LBf79cz?refer_flag=1001030103_
反腐; 2018-02-19; 1; 10,67,		【新闻敲诈的式微】对21世纪系的打击，官媒的自我审查，都说明了依靠新闻敲诈获取盈利再也不可能光明正大走下去了。今年上半年一家非常著名的杂志盈利才50万，若无各类活动支撑，早就办不下了。纸媒的衰败面临市场和反腐的双重夹击，媒体人除了转型、出走和创业别无他法。树倒猢狲散的场景迟早到来。 ​		,XWZACXZ,//weibo.com/1969907433/G3LA76wem?refer_flag=1001030103_
反腐; 2018-02-19; 1; 10,68,		【新闻敲诈的式微】对21世纪系的打击，官媒的自我审查，都说明了依靠新闻敲诈获取盈利再也不可能光明正大走下去了。今年上半年一家非常著名的杂志盈利才50万，若无各类活动支撑，早就办不下了。纸媒的衰败面临市场和反腐的双重夹击，媒体人除了转型、出走和创业别无他法。树倒猢狲散的场景迟早到来。 ​		,梅丫头007,//weibo.com/2056528772/G3LA3fUp9?refer_flag=1001030103_
反腐; 2018-02-19; 1; 10,69,		投诉无门遭人踹；贪官太多情妇害；吃的喝的都有害！第十怪；小偷反腐成常态、第二怪！房价疯涨难下来、回扣不够拒门外、第五怪。第六怪。 |抚州·邮政... ​		,人语束手铺张,//weibo.com/6020701373/G3Lz9CVw1?refer_flag=1001030103_
反腐; 2018-02-19; 1; 10,70,		【新闻敲诈的式微】对21世纪系的打击，官媒的自我审查，都说明了依靠新闻敲诈获取盈利再也不可能光明正大走下去了。今年上半年一家非常著名的杂志盈利才50万，若无各类活动支撑，早就办不下了。纸媒的衰败面临市场和反腐的双重夹击，媒体人除了转型、出走和创业别无他法。树倒猢狲散的场景迟早到来。 ​		,用户6369706611,//weibo.com/6369706611/G3Lz8d0gG?refer_flag=1001030103_
反腐; 2018-02-19; 1; 10,71,		//@林起:儿媳妇也成反腐利器了。//@一叶知秋足彩:@林起 @人民日报 //@林建楊:右边是举报者本尊。这是最新情况，大家有问题也可以问她。//@王燕茹实名举报：我是本人，现在黄宇停职了，他爸还没有处理。		,曼速,//weibo.com/1432458327/G3vuF1NGU?refer_flag=1001030103_
反腐; 2018-02-19; 1; 10,72,	  【实名举报，一定转】“我是王燕茹，女，32岁，扬州中行员工，现实名举报原扬州市国资委主任，中共党员黄道龙（65岁）和其子扬州市资源交易中心政府采购科科长、中共党员黄宇（36岁），拥有来历不明的房产、珠宝、书画、成套的红木家具、豪华轿车及大量的银行卡和现金，资产高达几千万。” ​	,NA,//weibo.com/2002596721/G3LwlF12Y?refer_flag=1001030103_
反腐; 2018-02-19; 1; 10,73,		正职嘴严：想搬倒个大人物很难，中央反腐厉害。制度自信就在这儿！先从周边刨根儿！从审计入手……而中国…… ​		,荷包u拘泥鬼门,//weibo.com/6301227266/G3LwjwgBR?refer_flag=1001030103_
反腐; 2018-02-19; 1; 10,74,		【新闻敲诈的式微】对21世纪系的打击，官媒的自我审查，都说明了依靠新闻敲诈获取盈利再也不可能光明正大走下去了。今年上半年一家非常著名的杂志盈利才50万，若无各类活动支撑，早就办不下了。纸媒的衰败面临市场和反腐的双重夹击，媒体人除了转型、出走和创业别无他法。树倒猢狲散的场景迟早到来。 ​		,大爱大蛙兒,//weibo.com/6226014453/G3LvbcnCS?refer_flag=1001030103_
反腐; 2018-02-19; 1; 10,75,		【新闻敲诈的式微】对21世纪系的打击，官媒的自我审查，都说明了依靠新闻敲诈获取盈利再也不可能光明正大走下去了。今年上半年一家非常著名的杂志盈利才50万，若无各类活动支撑，早就办不下了。纸媒的衰败面临市场和反腐的双重夹击，媒体人除了转型、出走和创业别无他法。树倒猢狲散的场景迟早到来。 ​		,用户6401914143,//weibo.com/6401914143/G3LsL8C6g?refer_flag=1001030103_
反腐; 2018-02-19; 1; 10,76,		项立刚：人事调整是反腐需要 重组不可能_TechWeb |项立刚：人... ​		,柯香2013,//weibo.com/3782009905/G3Lr83Ilp?refer_flag=1001030103_
反腐; 2018-02-19; 1; 10,77,//@六国虹://@林起:儿媳妇也成反腐利器了。//@一叶知秋足彩:@林起 @人民日报 //@林建楊:右边是举报者本尊。这是最新情况，大家有问题也可以问她。//@王燕茹实名举报：我是本人，现在黄宇停职了，他爸还没有处理。		,流浪男人2,//weibo.com/1432458327/G3vuF1NGU?refer_flag=1001030103_
反腐; 2018-02-19; 1; 10,78,	  【实名举报，一定转】“我是王燕茹，女，32岁，扬州中行员工，现实名举报原扬州市国资委主任，中共党员黄道龙（65岁）和其子扬州市资源交易中心政府采购科科长、中共党员黄宇（36岁），拥有来历不明的房产、珠宝、书画、成套的红木家具、豪华轿车及大量的银行卡和现金，资产高达几千万。” ​	,NA,//weibo.com/1778640191/G3LpGukrX?refer_flag=1001030103_
反腐; 2018-02-19; 1; 10,79,		吃瓜（老腿哈粗）是原博的麼～//@EricTsui:反腐没毛病，打女人的是SB，另原po跟薛之谦的前女友一类型的，谈恋爱注意避让。//@Silk_River_Research:国资委主任和科长父子有这么多房子，个人房产信息不得公开，房产税不得推进也是可以理解的。		,Winnie-噗噗熊,//weibo.com/6471000656/G2QdrsWNf?refer_flag=1001030103_
反腐; 2018-02-19; 1; 10,80,	  我王燕茹原银行职员现实名举报原扬州采购科科长黄宇道德败坏，行凶打人，家庭巨额财产来源不明，婚后上班时间利用财政局身份多次开房，态度恶劣，气焰嚣张，打击报复实名举报人@清风扬州 ​	,NA,//weibo.com/2350420545/G3LojbtQO?refer_flag=1001030103_
反腐; 2018-02-19; 1; 10,81,反腐没毛病，打女人的是SB，另原po跟薛之谦的前女友一类型的，谈恋爱注意避让。//@Silk_River_Research:国资委主任和科长父子有这么多房子，个人房产信息不得公开，房产税不得推进也是可以理解的。		,EricTsui,//weibo.com/6471000656/G2QdrsWNf?refer_flag=1001030103_
反腐; 2018-02-19; 1; 10,82,	  我王燕茹原银行职员现实名举报原扬州采购科科长黄宇道德败坏，行凶打人，家庭巨额财产来源不明，婚后上班时间利用财政局身份多次开房，态度恶劣，气焰嚣张，打击报复实名举报人@清风扬州 ​	,NA,//weibo.com/2450743314/G3LmE2xYK?refer_flag=1001030103_
反腐; 2018-02-19; 1; 10,83,网页链接没有私有化就没有这么大面积的腐败。不把主人公地位还给广大劳动人民，反腐就像割韭菜。 ​		,老红旗,//weibo.com/1212490110/G3LjPnpFY?refer_flag=1001030103_
反腐; 2018-02-19; 1; 10,84,		【新闻敲诈的式微】对21世纪系的打击，官媒的自我审查，都说明了依靠新闻敲诈获取盈利再也不可能光明正大走下去了。今年上半年一家非常著名的杂志盈利才50万，若无各类活动支撑，早就办不下了。纸媒的衰败面临市场和反腐的双重夹击，媒体人除了转型、出走和创业别无他法。树倒猢狲散的场景迟早到来。 ​		,星星淡,//weibo.com/3966427733/G3LjnCk8N?refer_flag=1001030103_
反腐; 2018-02-19; 1; 10,85,		【新闻敲诈的式微】对21世纪系的打击，官媒的自我审查，都说明了依靠新闻敲诈获取盈利再也不可能光明正大走下去了。今年上半年一家非常著名的杂志盈利才50万，若无各类活动支撑，早就办不下了。纸媒的衰败面临市场和反腐的双重夹击，媒体人除了转型、出走和创业别无他法。树倒猢狲散的场景迟早到来。 ​		,gzgwb_28771,//weibo.com/3311755352/G3Liqvxi7?refer_flag=1001030103_
反腐; 2018-02-19; 1; 10,86,		33xyz生日那天，老公在市里最好的饭店给我订了一桌生日宴。我感动之余又责怪他太破费，不料老公却说：“花不了多少钱。”我一脸不相信：“听说这里随便一桌都要千儿八百的，而且还常常挤满了顾客。”谁知老公听了哈哈大笑说：“那是以前，现在反腐这么厉害，这里早已转型为平价饭店了。” ​		,鸿建母婴,//weibo.com/5999164871/G3Lhp0X8z?refer_flag=1001030103_
反腐; 2018-02-19; 1; 10,87,		//@暖阳晴天201712://@八闽清风://@内蒙赵艳波://@杜要转2://@碧海云天728://@杜要转2://@杜要转2://@磨盘山农民:官员腐败从上到下利益链，上有政策下有对策，各种保护伞五花八门，真反腐难@生活在最腐败的地方7: 土地维权的网友有戏了！		,八闽清风,//weibo.com/6426656881/G0FzzxCaC?refer_flag=1001030103_
反腐; 2018-02-19; 1; 10,88,	  【2018年严查农村腐败，土地问题将成为重点！一些村干部慌了】 ​​农村腐败问题历来受到各级高度重视、严厉打击。在近期通报曝光的侵害群众利益不正之风和腐败问题中，发生在农村范围内、涉及村干部的占比近七成。对此，有关部门严厉指出，整治群众身边腐败...【请问：是村干部慌了？是镇干部慌了？是 ​		...展开全文c,NA,//weibo.com/5935202142/G3LbpgHbU?refer_flag=1001030103_
反腐; 2018-02-19; 1; 10,89,		//@六国虹://@林起:儿媳妇也成反腐利器了。//@一叶知秋足彩:@林起 @人民日报 //@林建楊:右边是举报者本尊。这是最新情况，大家有问题也可以问她。//@王燕茹实名举报：我是本人，现在黄宇停职了，他爸还没有处理。		,股市石桥,//weibo.com/1432458327/G3vuF1NGU?refer_flag=1001030103_
反腐; 2018-02-19; 1; 10,90,	  【实名举报，一定转】“我是王燕茹，女，32岁，扬州中行员工，现实名举报原扬州市国资委主任，中共党员黄道龙（65岁）和其子扬州市资源交易中心政府采购科科长、中共党员黄宇（36岁），拥有来历不明的房产、珠宝、书画、成套的红木家具、豪华轿车及大量的银行卡和现金，资产高达几千万。” ​	,NA,//weibo.com/3287629442/G3LaK9K18?refer_flag=1001030103_
反腐; 2018-02-19; 1; 10,91,#罗晋归去来# #罗晋书澈#  时下热门的反腐、青春热血的碰撞，加上异国他乡追梦的真挚情感。好班底好制作，合作愉快，期待刘导新作，期待罗晋演绎与普遍认知不一样的官二代书澈@罗晋 //@罗晋: 了，確實沒見過沒聽過，見證了你的成長和進步，特別高興！加油...		,阿果200709,//weibo.com/1825329153/G1igewfrG?refer_flag=1001030103_
反腐; 2018-02-19; 1; 10,92,#边江声临其境##边江# Hello，我在这里正式向你的耳朵提出邀请，|明晚22:00 ... 。你见过没见过的、听过没听过的边江都在这里。记得来哦～等你～～ ​	,NA,//weibo.com/5953933318/G3L8jqsBc?refer_flag=1001030103_
反腐; 2018-02-19; 1; 10,93,		这是第几起实名举报了。。//@林起:儿媳妇也成反腐利器了。//@一叶知秋足彩:@林起 @人民日报 //@林建楊:右边是举报者本尊。这是最新情况，大家有问题也可以问她。//@王燕茹实名举报：我是本人，现在黄宇停职了，他爸还没有处理。		,Mark_2017,//weibo.com/1432458327/G3vuF1NGU?refer_flag=1001030103_
反腐; 2018-02-19; 1; 10,94,	  【实名举报，一定转】“我是王燕茹，女，32岁，扬州中行员工，现实名举报原扬州市国资委主任，中共党员黄道龙（65岁）和其子扬州市资源交易中心政府采购科科长、中共党员黄宇（36岁），拥有来历不明的房产、珠宝、书画、成套的红木家具、豪华轿车及大量的银行卡和现金，资产高达几千万。” ​	,NA,//weibo.com/5672696850/G3L5jjCve?refer_flag=1001030103_
反腐; 2018-02-19; 1; 10,95,		中国足协，蔡振华七年最差。足球只有扫黑，没有反腐。蔡振华同谢亚龙没有什么两样，只有小巫见大巫。韦迪扫黑，白扫！蔡振华接下来七年，不正之风公然进行，骂、黑、喷声不绝于耳，罚单满天飞舞。去年，提前摒弃，就足以说明问题！蔡振华七年，恒大7连冠，能证明中国足球在前进发展吗？能说明与国家这 ​			...展开全文c,群文6163266703,//weibo.com/6163266703/G3L5hwDnd?refer_flag=1001030103_
反腐; 2018-02-19; 1; 10,96,		//@用户5292535172: 这真是，诗人，思想家，田野所言！反腐利剑高于天，百始饥苦天下冤！千里寻真盼明月，四处妖魔舞翩翩。银花落地血成日，跪拜香炉升紫烟。一家炉火朝天拜，万家炉火燃满天！[好棒],用户5292535172,//weibo.com/5292535172/C7i1KBbhj?refer_flag=1001030103_
反腐; 2018-02-19; 1; 10,97,	  品一品，农村的腐败，造成了土地的浪费，国家资金的浪费！这些情况，调查证明显示，是乡镇纪检的失职，让百姓痛心！ |北京·长哨... ​	,NA,//weibo.com/5292535172/G3L3aj85m?refer_flag=1001030103_
反腐; 2018-02-19; 1; 10,98,		//@用户5292535172: 这真是，诗人，思想家，田野所言！反腐利剑高于天，百始饥苦天下冤！千里寻真盼明月，四处妖魔舞翩翩。银花落地血成日，跪拜香炉升紫烟。一家炉火朝天拜，万家炉火燃满天！[好棒],用户5292535172,//weibo.com/5292535172/C7i1KBbhj?refer_flag=1001030103_
反腐; 2018-02-19; 1; 10,99,	  品一品，农村的腐败，造成了土地的浪费，国家资金的浪费！这些情况，调查证明显示，是乡镇纪检的失职，让百姓痛心！ |北京·长哨... ​	,NA,//weibo.com/5292535172/G3L2ivF4p?refer_flag=1001030103_
反腐; 2018-02-19; 1; 10,100,		越吹越傻；【地狱】1改革喊得惊天动地……越为越贵……8崛起喊得底气十足；越反越腐。5法制喊得义正言辞；9复兴喊得声嘶力竭，7科技喊得口灿莲花、2反腐喊得铿锵有力！ ​		,迸发泰达r供您,//weibo.com/6304044080/G3L0nal3u?refer_flag=1001030103_
反腐; 2018-02-19; 1; 10,101,		----，是一部集反腐与打黑为一体的现实主义力作；||ㄣ野性一族╰╮。取材自震惊全国的“沈阳慕马大案”。于2003年拍竣、之后在全国各省市电视台热播！ |抚州·黄焖... ​		,姚旖旎盘点朝觐YD,//weibo.com/6300741739/G3KZD4D84?refer_flag=1001030103_
反腐; 2018-02-19; 1; 10,102,		上海。因大白于天下的规定也不可能错、比如规定反腐：二是这种不公正个别的低能施政行为、我忽然恍惚了、」…… ​		,爬升画室百家,//weibo.com/6375005216/G3KYx6kp8?refer_flag=1001030103_
反腐; 2018-02-19; 1; 10,103,#电视剧凤囚凰#【#网络大破解#枪手纪许光】雷政富让纪许光被捧为“反腐英雄”。但为何这位自称从事新闻记者11年，并自诩新闻老兵的纪许光总能成功地从一个采访者，变成受访者，从一位调查者变成新闻当事人？这位“高调反腐，我之选择！完美胜利，我之骄傲！”的“反腐英雄”是否为了名利甘当利益纷争的 ​			...展开全文c,帆蕾文西_QWw,//weibo.com/3810499162/G3KWkA6NX?refer_flag=1001030103_
反腐; 2018-02-19; 1; 10,104,		越调越高；2反腐喊得铿锵有力！越走越卡：8崛起喊得底气十足。感情经不起反反复复…… ​		,hwl黄,//weibo.com/2887032101/G3KUTlCPz?refer_flag=1001030103_
反腐; 2018-02-19; 1; 10,105,		在邱国鹭看来，股票是否适合值得逆向投资，主要在于以下三点：第一，看估值是否够低。并不是所有急跌的股票都值得买入，“不接跌下来的飞刀”。如果有些股票估值一开始就过高，那么下调的空间就较大。第二，看遭遇的问题是否是短期问题。例如2013年白酒行业十分低迷，但主要原因是八项规定等反腐措施 ​			...展开全文c,借一缕时光,//weibo.com/1941296862/G3KRz5On2?refer_flag=1001030103_
反腐; 2018-02-19; 1; 10,106,		【新闻敲诈的式微】对21世纪系的打击，官媒的自我审查，都说明了依靠新闻敲诈获取盈利再也不可能光明正大走下去了。今年上半年一家非常著名的杂志盈利才50万，若无各类活动支撑，早就办不下了。纸媒的衰败面临市场和反腐的双重夹击，媒体人除了转型、出走和创业别无他法。树倒猢狲散的场景迟早到来。 ​		,半梅-Rinne,//weibo.com/2672073281/G3KR6poH9?refer_flag=1001030103_
反腐; 2018-02-19; 1; 10,107,		//@六国虹://@林起:儿媳妇也成反腐利器了。//@一叶知秋足彩:@林起 @人民日报 //@林建楊:右边是举报者本尊。这是最新情况，大家有问题也可以问她。//@王燕茹实名举报：我是本人，现在黄宇停职了，他爸还没有处理。		,股海-飘零,//weibo.com/1432458327/G3vuF1NGU?refer_flag=1001030103_
反腐; 2018-02-19; 1; 10,108,	  【实名举报，一定转】“我是王燕茹，女，32岁，扬州中行员工，现实名举报原扬州市国资委主任，中共党员黄道龙（65岁）和其子扬州市资源交易中心政府采购科科长、中共党员黄宇（36岁），拥有来历不明的房产、珠宝、书画、成套的红木家具、豪华轿车及大量的银行卡和现金，资产高达几千万。” ​	,NA,//weibo.com/5703813919/G3KOHurlO?refer_flag=1001030103_
反腐; 2018-02-19; 1; 10,109,		流明//@六国虹://@林起:儿媳妇也成反腐利器了。//@一叶知秋足彩:@林起 @人民日报 //@林建楊:右边是举报者本尊。这是最新情况，大家有问题也可以问她。//@王燕茹实名举报：我是本人，现在黄宇停职了，他爸还没有处理。		,swym10228028,//weibo.com/1432458327/G3vuF1NGU?refer_flag=1001030103_
反腐; 2018-02-19; 1; 10,110,	  【实名举报，一定转】“我是王燕茹，女，32岁，扬州中行员工，现实名举报原扬州市国资委主任，中共党员黄道龙（65岁）和其子扬州市资源交易中心政府采购科科长、中共党员黄宇（36岁），拥有来历不明的房产、珠宝、书画、成套的红木家具、豪华轿车及大量的银行卡和现金，资产高达几千万。” ​	,NA,//weibo.com/1842792932/G3KK11w9O?refer_flag=1001030103_
反腐; 2018-02-19; 1; 10,111,		中國古代反腐倡廉思想“同床”。它指的是尊贵夫人，受宠宫妾等；“在旁”。它指的是亲信侍从等；“父兄”。它指的是人主的叔伯兄弟等；“养殃”。它指的是以重金修饰君主所喜欢的宫室台池，以娛其主而亂其心。 池等； ​		,旬LikeCake,//weibo.com/3913817038/G3KJxtEzu?refer_flag=1001030103_
反腐; 2018-02-19; 1; 10,112,		猫：真相？#投资达人说# #中国赞# #学习十九大精神# //@新闻记者林爱民://@夏吃瓜冬啃蔗://@六国虹://@林起:儿媳妇也成反腐利器了。//@一叶知秋足彩:@林起 @人民日报 //@林建楊:右边是举报者本尊。这是最新情况，大家有问题也可以问她。//@王燕茹实名举报：我是本人，现在黄宇停职了他爸还没有处理。		,股影天道将军,//weibo.com/1432458327/G3vuF1NGU?refer_flag=1001030103_
反腐; 2018-02-19; 1; 10,113,	  【实名举报，一定转】“我是王燕茹，女，32岁，扬州中行员工，现实名举报原扬州市国资委主任，中共党员黄道龙（65岁）和其子扬州市资源交易中心政府采购科科长、中共党员黄宇（36岁），拥有来历不明的房产、珠宝、书画、成套的红木家具、豪华轿车及大量的银行卡和现金，资产高达几千万。” ​	,NA,//weibo.com/2326123745/G3KIozCHa?refer_flag=1001030103_
反腐; 2018-02-19; 1; 10,114,		【新闻敲诈的式微】对21世纪系的打击，官媒的自我审查，都说明了依靠新闻敲诈获取盈利再也不可能光明正大走下去了。今年上半年一家非常著名的杂志盈利才50万，若无各类活动支撑，早就办不下了。纸媒的衰败面临市场和反腐的双重夹击，媒体人除了转型、出走和创业别无他法。树倒猢狲散的场景迟早到来。 ​		,恭贺新辞,//weibo.com/2532289463/G3KGNBtHb?refer_flag=1001030103_
反腐; 2018-02-19; 1; 10,115,		//@夏吃瓜冬啃蔗://@六国虹://@林起:儿媳妇也成反腐利器了。//@一叶知秋足彩:@林起 @人民日报 //@林建楊:右边是举报者本尊。这是最新情况，大家有问题也可以问她。//@王燕茹实名举报：我是本人，现在黄宇停职了，他爸还没有处理。		,新闻记者林爱民,//weibo.com/1432458327/G3vuF1NGU?refer_flag=1001030103_
反腐; 2018-02-19; 1; 10,116,	  【实名举报，一定转】“我是王燕茹，女，32岁，扬州中行员工，现实名举报原扬州市国资委主任，中共党员黄道龙（65岁）和其子扬州市资源交易中心政府采购科科长、中共党员黄宇（36岁），拥有来历不明的房产、珠宝、书画、成套的红木家具、豪华轿车及大量的银行卡和现金，资产高达几千万。” ​	,NA,//weibo.com/1118475420/G3KGlfR3V?refer_flag=1001030103_
反腐; 2018-02-19; 1; 10,117,		//@六国虹://@林起:儿媳妇也成反腐利器了。//@一叶知秋足彩:@林起 @人民日报 //@林建楊:右边是举报者本尊。这是最新情况，大家有问题也可以问她。//@王燕茹实名举报：我是本人，现在黄宇停职了，他爸还没有处理。		,本人之新闻发言人,//weibo.com/1432458327/G3vuF1NGU?refer_flag=1001030103_
反腐; 2018-02-19; 1; 10,118,	  【实名举报，一定转】“我是王燕茹，女，32岁，扬州中行员工，现实名举报原扬州市国资委主任，中共党员黄道龙（65岁）和其子扬州市资源交易中心政府采购科科长、中共党员黄宇（36岁），拥有来历不明的房产、珠宝、书画、成套的红木家具、豪华轿车及大量的银行卡和现金，资产高达几千万。” ​	,NA,//weibo.com/2751426797/G3KGdfcPR?refer_flag=1001030103_
反腐; 2018-02-19; 1; 10,119,#中国赞#【新希望集团董事长刘永好：扎扎实实做事清清白白做人】“在新格局下，企业首先还是扎扎实实去做事，要有工匠精神，做事认认真真，不能搞虚的，不能搞一些乱七八糟的假的。第二，我们要清清白白做人。过去几年，中国反腐力度很大，鼓励企业家发展，不要做那些不该做的事，这就是要清清白白的做 ​			...展开全文c,关震宇,//weibo.com/3801183604/G3Kydr2Jc?refer_flag=1001030103_
反腐; 2018-02-19; 1; 10,120,		上海反腐战士茉 ​		,陆何时雨过天琴,//weibo.com/5932336327/G3Ky56X2C?refer_flag=1001030103_
反腐; 2018-02-19; 1; 10,121,		//@六国虹://@林起:儿媳妇也成反腐利器了。//@一叶知秋足彩:@林起 @人民日报 //@林建楊:右边是举报者本尊。这是最新情况，大家有问题也可以问她。//@王燕茹实名举报：我是本人，现在黄宇停职了，他爸还没有处理。		,夏吃瓜冬啃蔗,//weibo.com/1432458327/G3vuF1NGU?refer_flag=1001030103_
反腐; 2018-02-19; 1; 10,122,	  【实名举报，一定转】“我是王燕茹，女，32岁，扬州中行员工，现实名举报原扬州市国资委主任，中共党员黄道龙（65岁）和其子扬州市资源交易中心政府采购科科长、中共党员黄宇（36岁），拥有来历不明的房产、珠宝、书画、成套的红木家具、豪华轿车及大量的银行卡和现金，资产高达几千万。” ​	,NA,//weibo.com/6268264623/G3Kx54DXc?refer_flag=1001030103_
反腐; 2018-02-19; 1; 10,123,		这样查纠“四风”的形式好！——湖北黄冈纪检干部赴武汉查春节“四风”问题--反腐倡廉-人民网 （分享自 @人民网） |湖北黄冈纪... ​		,东郭师傅,//weibo.com/2379657257/G3Kx55T4W?refer_flag=1001030103_
反腐; 2018-02-19; 1; 10,124,		//@神舟11号上有我写的信:曾经看人民的名义的时候真的觉得拍得很好了，这几天一看使命，觉得现在的片和以前比起来真是low爆了，说人民的名义反腐，更像歌颂主角等人多清廉的主旋律，现任一把手全是干净的，底下才有问题。但是这部，真是理解清廉不易，从上到下都是黑，现在这气氛，肯定过不了审		,神舟11号上有我写的信,//weibo.com/2268001253/FvcZwfH0J?refer_flag=1001030103_
反腐; 2018-02-19; 1; 10,125,	  强力推荐一部十多年前青涩时期张嘉译主演的打黑警匪剧《使命》、剧情真实跌宕起伏又不失简单粗暴，尺度之大远远高于《人民的名义》，估计放在现在审核肯定通过不了了，剧中出现的数十名路人甲放在现在都是老戏骨，估计也就是那个年代特有的产物，豆瓣评分8.7！而且只有25集，再一次验证了那句话，正义 ​		...展开全文c,NA,//weibo.com/2279930930/G3KwlgTZv?refer_flag=1001030103_
反腐; 2018-02-19; 1; 10,126,		//@静悟苍生2013:反腐最好的突破口就是从内部出手。//@曲子叶:支持实名举报！//@小沙弥有话说: @曲子叶 @爱股民网 @大脸猫Tom,要平和一些,//weibo.com/1432458327/G3vuF1NGU?refer_flag=1001030103_
反腐; 2018-02-19; 1; 10,127,	  【实名举报，一定转】“我是王燕茹，女，32岁，扬州中行员工，现实名举报原扬州市国资委主任，中共党员黄道龙（65岁）和其子扬州市资源交易中心政府采购科科长、中共党员黄宇（36岁），拥有来历不明的房产、珠宝、书画、成套的红木家具、豪华轿车及大量的银行卡和现金，资产高达几千万。” ​	,NA,//weibo.com/1780791121/G3Ku9CL0Y?refer_flag=1001030103_
反腐; 2018-02-19; 1; 10,128,		发表了博文《人民反腐》u贪官污吏不打倒，经济建设就是搞不好；u贪官污吏不下课，人民的日子就是不好过；u贪官污吏不下台，幸福生活就是不会来：&Oslash;腐败使人民生活彻底地失去阳光；（保健、保养、保|人民反腐 ​		,工人团结一心,//weibo.com/1949481235/G3Ku2fmXj?refer_flag=1001030103_
反腐; 2018-02-19; 1; 10,129,		//@抢提包:@邱普中:无耻就无耻，反正是破罐子破摔呗 @人要点灯_pbp:一个国家的司法机关竟然无耻到这种程度，还有什么资格和脸面狂吹这个社会就是法治社会？@抢提包: 牵一发而动全身，利益链条@道借时空: 贪官天天落马，访民不见人扶。反腐为谁反腐？官僚似虎似蝇，祸国何时到头？		,1003577446思民,//weibo.com/2801072800/Fb6bT9ARC?refer_flag=1001030103_
反腐; 2018-02-19; 1; 10,130,	  我在湖北省阳光信访--微信平台上举报的问题。即，襄阳监狱违规建房，襄阳规划局多次修改规划，房管局处罚购房人、而不是违建者。投诉至信访局，可惜，竟然1、将我投诉的问题转至随州市曾都区（图3）2、襄阳市规划局给我的回复是给别人的回复（图4）3、答非所问。反腐、正风成笑话！ ​​​ ​		...展开全文c,NA,//weibo.com/2667229491/G3Kt1BW5O?refer_flag=1001030103_
反腐; 2018-02-19; 1; 10,131,		//@林起:儿媳妇也成反腐利器了。//@一叶知秋足彩:@林起 @人民日报 //@林建楊:右边是举报者本尊。这是最新情况，大家有问题也可以问她。//@王燕茹实名举报：我是本人，现在黄宇停职了，他爸还没有处理。		,麦提爽BK,//weibo.com/1432458327/G3vuF1NGU?refer_flag=1001030103_
反腐; 2018-02-19; 1; 10,132,	  【实名举报，一定转】“我是王燕茹，女，32岁，扬州中行员工，现实名举报原扬州市国资委主任，中共党员黄道龙（65岁）和其子扬州市资源交易中心政府采购科科长、中共党员黄宇（36岁），拥有来历不明的房产、珠宝、书画、成套的红木家具、豪华轿车及大量的银行卡和现金，资产高达几千万。” ​	,NA,//weibo.com/5643593349/G3Ks8EGpj?refer_flag=1001030103_
反腐; 2018-02-19; 1; 10,133,@民生新闻调查评论网:有很多驻京办在京行贿官员，截访或者非法关押进京上访人员。百姓遇到的问题如果在当地能够得到解决，为啥要到北京去上访呢？傻子都明白的道理，难道官员们不明白？贪污腐败、执法犯法，让信访百姓的维权之路难上加难。希望反腐之剑早日斩断腐败的黑手，让信访的百姓早日拨云见日		,07一2,//weibo.com/3942029945/FiRwK0JUr?refer_flag=1001030103_
反腐; 2018-02-19; 1; 10,134,	  我发表了头条文章:《反贪腐 反迫害 (修改版)》 |反贪腐 反... |绵阳·双碑 ​	,NA,//weibo.com/6199945317/G3Ks5mKJR?refer_flag=1001030103_
反腐; 2018-02-19; 1; 10,135,@07魏克燕反腐敢死队队员:反腐维权的访民还有出头之日吗？！//@511678aa:比打鬼子要难百倍！//@07魏克燕反腐敢死队队员: 难道比打鬼子还难吗？//@郁垒002:冤案的推动，是持久战，是背水一战!//@郁垒002:反迫害，反贪腐——和党中央高度一致呀！//@公益大使20171012:转发微博		,07一2,//weibo.com/3942029945/FiRwK0JUr?refer_flag=1001030103_
反腐; 2018-02-19; 1; 10,136,	  我发表了头条文章:《反贪腐 反迫害 (修改版)》 |反贪腐 反... |绵阳·双碑 ​	,NA,//weibo.com/6199945317/G3KrSE7OT?refer_flag=1001030103_
反腐; 2018-02-19; 1; 10,137,		腐败的最大根源不是私有化，是市场经济。发展市场经济最适合的是私有制。经济发展最可行的方式是权钱结合，腐败是经济发展的必然。这是客观经济规律决定的。反腐就是反市场经济，这不等于反邓吗！领导们全懂。反腐只是政治利益博弈的需要而已。		,sjs9458,//weibo.com/2723712731/G3B7luiKG?refer_flag=1001030103_
反腐; 2018-02-19; 1; 10,138,	  中国当今的腐败最大根源，正是三十多年来行政力量所竭力推行的私有制改革所造成。推行私有制改革的前提是，私有观念的合理化，合法化，正当化。首先是导致政治权力私有化，即官僚将人民赋予的权力的个人私有化使用，以权谋私。行政公检法系统甚至军队里，贪污公款盛行。第二是经济的私有化，一场掠夺风 ​		...展开全文c,NA,//weibo.com/5063422725/G3Krza02K?refer_flag=1001030103_
反腐; 2018-02-19; 1; 10,139,		独家图片末代甲收官战国际天津 开赛前成耀东表情严肃。足坛第二批反腐案今日开庭。原上海国际球员申思、祁宏、李明、江津等出庭受审。四人曾在年末代甲收官战中收受贿赂，每人获得万元。他们故意输给天津，天津保住中超资格，申花同时在深圳也输球，但依然以一分优势获得冠军。 ​		,緟緈,//weibo.com/3984793122/G3KrhdkHO?refer_flag=1001030103_
反腐; 2018-02-19; 1; 10,140,		//@六国虹://@林起:儿媳妇也成反腐利器了。//@一叶知秋足彩:@林起 @人民日报 //@林建楊:右边是举报者本尊。这是最新情况，大家有问题也可以问她。//@王燕茹实名举报：我是本人，现在黄宇停职了，他爸还没有处理。		,长线绩优股,//weibo.com/1432458327/G3vuF1NGU?refer_flag=1001030103_
反腐; 2018-02-19; 1; 10,141,	  【实名举报，一定转】“我是王燕茹，女，32岁，扬州中行员工，现实名举报原扬州市国资委主任，中共党员黄道龙（65岁）和其子扬州市资源交易中心政府采购科科长、中共党员黄宇（36岁），拥有来历不明的房产、珠宝、书画、成套的红木家具、豪华轿车及大量的银行卡和现金，资产高达几千万。” ​	,NA,//weibo.com/1348047420/G3KqEr5QK?refer_flag=1001030103_
反腐; 2018-02-19; 1; 10,142,		//@林起:儿媳妇也成反腐利器了。//@一叶知秋足彩:@林起 @人民日报 //@林建楊:右边是举报者本尊。这是最新情况，大家有问题也可以问她。//@王燕茹实名举报：我是本人，现在黄宇停职了，他爸还没有处理。		,一纸墨缘,//weibo.com/1432458327/G3vuF1NGU?refer_flag=1001030103_
反腐; 2018-02-19; 1; 10,143,	  【实名举报，一定转】“我是王燕茹，女，32岁，扬州中行员工，现实名举报原扬州市国资委主任，中共党员黄道龙（65岁）和其子扬州市资源交易中心政府采购科科长、中共党员黄宇（36岁），拥有来历不明的房产、珠宝、书画、成套的红木家具、豪华轿车及大量的银行卡和现金，资产高达几千万。” ​	,NA,//weibo.com/2420697574/G3KpfyXZE?refer_flag=1001030103_
反腐; 2018-02-19; 1; 10,144,		//@眉中王:→_→//@佛山纺织染色师傅霸者007:李开腹还在中国各地演讲，这种反共反中的货为什么在中国这么有市场？反腐不仅在经济上，政治上更要反腐，反须把党内与李开腹勾结的人全部纠出来。		,田间吾爱,//weibo.com/2811244260/G3FG69d6P?refer_flag=1001030103_
反腐; 2018-02-19; 1; 10,145,	  他是特洛伊木马、诺基亚噩梦，外来的和尚好坑爹。2010年，诺基亚聘微软业务部总裁埃洛普，担任执行总裁兼CEO，这一年，诺基亚手机份额是30%。埃洛普上任后，全球裁减员工，引进美国高管，挑起内部争斗，全面与微软合作。2013年，诺基亚份额降至18%，2014年，微软成功收购诺基亚，之后埃洛普重返微软。 ​	,NA,//weibo.com/2459904065/G3KoAc7fm?refer_flag=1001030103_
反腐; 2018-02-19; 1; 10,146,		//@六国虹://@林起:儿媳妇也成反腐利器了。//@一叶知秋足彩:@林起 @人民日报 //@林建楊:右边是举报者本尊。这是最新情况，大家有问题也可以问她。//@王燕茹实名举报：我是本人，现在黄宇停职了，他爸还没有处理。		,海底纵队2018,//weibo.com/1432458327/G3vuF1NGU?refer_flag=1001030103_
反腐; 2018-02-19; 1; 10,147,	  【实名举报，一定转】“我是王燕茹，女，32岁，扬州中行员工，现实名举报原扬州市国资委主任，中共党员黄道龙（65岁）和其子扬州市资源交易中心政府采购科科长、中共党员黄宇（36岁），拥有来历不明的房产、珠宝、书画、成套的红木家具、豪华轿车及大量的银行卡和现金，资产高达几千万。” ​	,NA,//weibo.com/1909125591/G3KoyqEu0?refer_flag=1001030103_
反腐; 2018-02-19; 1; 10,148,		//@六国虹://@林起:儿媳妇也成反腐利器了。//@一叶知秋足彩:@林起 @人民日报 //@林建楊:右边是举报者本尊。这是最新情况，大家有问题也可以问她。//@王燕茹实名举报：我是本人，现在黄宇停职了，他爸还没有处理。		,轻风点灯w,//weibo.com/1432458327/G3vuF1NGU?refer_flag=1001030103_
反腐; 2018-02-19; 1; 10,149,	  【实名举报，一定转】“我是王燕茹，女，32岁，扬州中行员工，现实名举报原扬州市国资委主任，中共党员黄道龙（65岁）和其子扬州市资源交易中心政府采购科科长、中共党员黄宇（36岁），拥有来历不明的房产、珠宝、书画、成套的红木家具、豪华轿车及大量的银行卡和现金，资产高达几千万。” ​	,NA,//weibo.com/2565176460/G3Kopzqts?refer_flag=1001030103_
反腐; 2018-02-19; 1; 10,150,#反腐肃贪# 分级负责、属地管理的政策，造成基层反腐肃贪被弱化和虚无的境地和结果！造成官官相护的结果。呼吁结束这一自十多年前开始实施并执行的错误政策！反腐肃贪不需要中间商、中转站只需要直达车！ ​		,叶庆1,//weibo.com/1338076670/G3KnMzml1?refer_flag=1001030103_
反腐; 2018-02-19; 1; 10,151,		//@六国虹://@林起:儿媳妇也成反腐利器了。//@一叶知秋足彩:@林起 @人民日报 //@林建楊:右边是举报者本尊。这是最新情况，大家有问题也可以问她。//@王燕茹实名举报：我是本人，现在黄宇停职了，他爸还没有处理。		,居士__大日如来,//weibo.com/1432458327/G3vuF1NGU?refer_flag=1001030103_
反腐; 2018-02-19; 1; 10,152,	  【实名举报，一定转】“我是王燕茹，女，32岁，扬州中行员工，现实名举报原扬州市国资委主任，中共党员黄道龙（65岁）和其子扬州市资源交易中心政府采购科科长、中共党员黄宇（36岁），拥有来历不明的房产、珠宝、书画、成套的红木家具、豪华轿车及大量的银行卡和现金，资产高达几千万。” ​	,NA,//weibo.com/2472729650/G3Knq83Hb?refer_flag=1001030103_
反腐; 2018-02-19; 1; 10,153,		//@六国虹://@林起:儿媳妇也成反腐利器了。//@一叶知秋足彩:@林起 @人民日报 //@林建楊:右边是举报者本尊。这是最新情况，大家有问题也可以问她。//@王燕茹实名举报：我是本人，现在黄宇停职了，他爸还没有处理。		,leeleo的小窝,//weibo.com/1432458327/G3vuF1NGU?refer_flag=1001030103_
反腐; 2018-02-19; 1; 10,154,	  【实名举报，一定转】“我是王燕茹，女，32岁，扬州中行员工，现实名举报原扬州市国资委主任，中共党员黄道龙（65岁）和其子扬州市资源交易中心政府采购科科长、中共党员黄宇（36岁），拥有来历不明的房产、珠宝、书画、成套的红木家具、豪华轿车及大量的银行卡和现金，资产高达几千万。” ​	,NA,//weibo.com/1195844632/G3KnpueMV?refer_flag=1001030103_
反腐; 2018-02-19; 1; 10,155,		//@林起:儿媳妇也成反腐利器了。//@一叶知秋足彩:@林起 @人民日报 //@林建楊:右边是举报者本尊。这是最新情况，大家有问题也可以问她。//@王燕茹实名举报：我是本人，现在黄宇停职了，他爸还没有处理。		,天凶,//weibo.com/1432458327/G3vuF1NGU?refer_flag=1001030103_
反腐; 2018-02-19; 1; 10,156,	  【实名举报，一定转】“我是王燕茹，女，32岁，扬州中行员工，现实名举报原扬州市国资委主任，中共党员黄道龙（65岁）和其子扬州市资源交易中心政府采购科科长、中共党员黄宇（36岁），拥有来历不明的房产、珠宝、书画、成套的红木家具、豪华轿车及大量的银行卡和现金，资产高达几千万。” ​	,NA,//weibo.com/1694147683/G3KnisG88?refer_flag=1001030103_
反腐; 2018-02-19; 1; 10,157,		全国的县委书记拉出去隔一个毙一个有漏网的。反腐要从县委书记抓起！//【境外媒体关注房峰辉涉嫌腐败被移送司法机关】 |境外媒体关... ​		,东方之珠-29,//weibo.com/2621933885/G3Kminuvc?refer_flag=1001030103_
反腐; 2018-02-19; 1; 10,158,		必须彻查//@眉中王:→_→//@佛山纺织染色师傅霸者007:李开腹还在中国各地演讲，这种反共反中的货为什么在中国这么有市场？反腐不仅在经济上，政治上更要反腐，反须把党内与李开腹勾结的人全部纠出来。		,不可随意之云在青天,//weibo.com/2811244260/G3FG69d6P?refer_flag=1001030103_
反腐; 2018-02-19; 1; 10,159,	  他是特洛伊木马、诺基亚噩梦，外来的和尚好坑爹。2010年，诺基亚聘微软业务部总裁埃洛普，担任执行总裁兼CEO，这一年，诺基亚手机份额是30%。埃洛普上任后，全球裁减员工，引进美国高管，挑起内部争斗，全面与微软合作。2013年，诺基亚份额降至18%，2014年，微软成功收购诺基亚，之后埃洛普重返微软。 ​	,NA,//weibo.com/5833547714/G3Kl5kDNp?refer_flag=1001030103_
反腐; 2018-02-19; 1; 10,160,		//@林起:儿媳妇也成反腐利器了。//@一叶知秋足彩:@林起 @人民日报 //@林建楊:右边是举报者本尊。这是最新情况，大家有问题也可以问她。//@王燕茹实名举报：我是本人，现在黄宇停职了，他爸还没有处理。		,六国虹,//weibo.com/1432458327/G3vuF1NGU?refer_flag=1001030103_
反腐; 2018-02-19; 1; 10,161,	  【实名举报，一定转】“我是王燕茹，女，32岁，扬州中行员工，现实名举报原扬州市国资委主任，中共党员黄道龙（65岁）和其子扬州市资源交易中心政府采购科科长、中共党员黄宇（36岁），拥有来历不明的房产、珠宝、书画、成套的红木家具、豪华轿车及大量的银行卡和现金，资产高达几千万。” ​	,NA,//weibo.com/1255595687/G3KjttYDF?refer_flag=1001030103_
反腐; 2018-02-19; 1; 10,162,		//@和知0351:2018年的第一件事是先诅咒还没落网的腐败组织和体制内职务犯罪分子们见光就死，第二件事是希望政府把反腐落实到基层，真正让人民群众感受到一点点公平正义也行，尤其是广东东莞的“灯下黑”腐败集团多方勾结牟利尤如国中之国，2018愿祖国冒盛，民族兴旺，愿举报维权者英魂不散，永垂不朽…		,和知0351,//weibo.com/5116580947/FCjEjehnO?refer_flag=1001030103_
反腐; 2018-02-19; 1; 10,163,	  【新年贺词】法治建设的成效首先体现在个案正义，每一个冤案都影响到一个家族和一群朋友对法治的信心，洗冤路上，有你有我，“阳光打在你的脸上，温暖留在我们心头”，让喊冤者在悲观中砥砺前行，让平冤者在冷漠中突现良知，“让人民群众在每一个司法案件中都感受到公平正义”，让司法改革以法治使用者 ​		...展开全文c,NA,//weibo.com/6050064117/G3KjavVBK?refer_flag=1001030103_
反腐; 2018-02-19; 1; 10,164,		//@林起:儿媳妇也成反腐利器了。//@一叶知秋足彩:@林起 @人民日报 //@林建楊:右边是举报者本尊。这是最新情况，大家有问题也可以问她。//@王燕茹实名举报：我是本人，现在黄宇停职了，他爸还没有处理。		,人的一生都在成长,//weibo.com/1432458327/G3vuF1NGU?refer_flag=1001030103_
反腐; 2018-02-19; 1; 10,165,	  【实名举报，一定转】“我是王燕茹，女，32岁，扬州中行员工，现实名举报原扬州市国资委主任，中共党员黄道龙（65岁）和其子扬州市资源交易中心政府采购科科长、中共党员黄宇（36岁），拥有来历不明的房产、珠宝、书画、成套的红木家具、豪华轿车及大量的银行卡和现金，资产高达几千万。” ​	,NA,//weibo.com/5576162718/G3Kj0u1OW?refer_flag=1001030103_
反腐; 2018-02-19; 1; 10,166,		儿媳妇也成反腐利器了。//@一叶知秋足彩:@林起 @人民日报 //@林建楊:右边是举报者本尊。这是最新情况，大家有问题也可以问她。//@王燕茹实名举报：我是本人，现在黄宇停职了，他爸还没有处理。		,林起,//weibo.com/1432458327/G3vuF1NGU?refer_flag=1001030103_
反腐; 2018-02-19; 1; 10,167,	  【实名举报，一定转】“我是王燕茹，女，32岁，扬州中行员工，现实名举报原扬州市国资委主任，中共党员黄道龙（65岁）和其子扬州市资源交易中心政府采购科科长、中共党员黄宇（36岁），拥有来历不明的房产、珠宝、书画、成套的红木家具、豪华轿车及大量的银行卡和现金，资产高达几千万。” ​	,NA,//weibo.com/1569029372/G3KizAbcP?refer_flag=1001030103_
反腐; 2018-02-19; 1; 10,168,		【新闻敲诈的式微】对21世纪系的打击，官媒的自我审查，都说明了依靠新闻敲诈获取盈利再也不可能光明正大走下去了。今年上半年一家非常著名的杂志盈利才50万，若无各类活动支撑，早就办不下了。纸媒的衰败面临市场和反腐的双重夹击，媒体人除了转型、出走和创业别无他法。树倒猢狲散的场景迟早到来。 ​		,小志164,//weibo.com/3955309420/G3Kgyiz8B?refer_flag=1001030103_
反腐; 2018-02-19; 1; 10,169,		我免费围观了 @陶短房 的回答，问题价值 29.99 元，快来一起免费围观~ 微博问答 ​		,抬头捡芝麻的人,//weibo.com/2947104143/G3KfYybba?refer_flag=1001030103_
反腐; 2018-02-19; 1; 10,170,		//@正能量-山东人:任正非做得好，一不上市，二掌握绝对核心用人权。//@眉中王: →_→//@中华网络义勇军 :当代披着羊皮的狼，心灵鸡汤总裁。//@佛山纺织染色师傅霸者007:李开腹还在中国各地演讲，这种反共反中的货为什么在中国这么有市场？不仅在经济，政治上更要反腐，反须把党内与李开腹勾结的人全部		,苍烟野鹤,//weibo.com/2811244260/G3FG69d6P?refer_flag=1001030103_
反腐; 2018-02-19; 1; 10,171,	  他是特洛伊木马、诺基亚噩梦，外来的和尚好坑爹。2010年，诺基亚聘微软业务部总裁埃洛普，担任执行总裁兼CEO，这一年，诺基亚手机份额是30%。埃洛普上任后，全球裁减员工，引进美国高管，挑起内部争斗，全面与微软合作。2013年，诺基亚份额降至18%，2014年，微软成功收购诺基亚，之后埃洛普重返微软。 ​	,NA,//weibo.com/5616956605/G3KfQ1ybE?refer_flag=1001030103_
反腐; 2018-02-19; 1; 10,172,		【新闻敲诈的式微】对21世纪系的打击，官媒的自我审查，都说明了依靠新闻敲诈获取盈利再也不可能光明正大走下去了。今年上半年一家非常著名的杂志盈利才50万，若无各类活动支撑，早就办不下了。纸媒的衰败面临市场和反腐的双重夹击，媒体人除了转型、出走和创业别无他法。树倒猢狲散的场景迟早到来。 ​		,777h新家,//weibo.com/2045361811/G3KflfwsY?refer_flag=1001030103_
反腐; 2018-02-19; 1; 10,173,"@闷得慌闲得慌:腐败分子遍地都是，查谁不查谁岂能由你我来定夺？否则……,你懂的。@大海_94036:访民没看见实效@道路以目时代:反腐要让人民群众确确实实地看到疗效！否则都是虚假广告！@yiyuanti:这么重要的腐败线索，组织都不追查，就不要拿反腐忽悠民众了！		",抢提包,//weibo.com/2801072800/FaCG3stSa?refer_flag=1001030103_
反腐; 2018-02-19; 1; 10,174,	  我在湖北省阳光信访--微信平台上举报的问题。即，襄阳监狱违规建房，襄阳规划局多次修改规划，房管局处罚购房人、而不是违建者。投诉至信访局，可惜，竟然1、将我投诉的问题转至随州市曾都区（图3）2、襄阳市规划局给我的回复是给别人的回复（图4）3、答非所问。反腐、正风成笑话！ ​​​	,NA,//weibo.com/2801072800/G3KfjbkHe?refer_flag=1001030103_
反腐; 2018-02-19; 1; 10,175,@昆山发布 杜小刚书记 我在帮昆山市委政府新一届领导班子反腐倡廉呢邹文君会所涉案几十个领导干部呢 名单发您手机『江苏38名省管干部任职前公示 涉多个设区市市委书记_手机新浪网』|江苏38名省... ​		,京沪宁官场黑幕大案,//weibo.com/5968173767/G3KeTw0P0?refer_flag=1001030103_
反腐; 2018-02-19; 1; 10,176,		//@眉中王: →_→//@中华网络义勇军---青春的微人:当代披着羊皮的狼，心灵鸡汤总裁。//@佛山纺织染色师傅霸者007:李开腹还在中国各地演讲，这种反共反中的货为什么在中国这么有市场？反腐不仅在经济上，政治上更要反腐，反须把党内与李开腹勾结的人全部纠出来。		,处厚居实_61063,//weibo.com/2811244260/G3FG69d6P?refer_flag=1001030103_
反腐; 2018-02-19; 1; 10,177,	  他是特洛伊木马、诺基亚噩梦，外来的和尚好坑爹。2010年，诺基亚聘微软业务部总裁埃洛普，担任执行总裁兼CEO，这一年，诺基亚手机份额是30%。埃洛普上任后，全球裁减员工，引进美国高管，挑起内部争斗，全面与微软合作。2013年，诺基亚份额降至18%，2014年，微软成功收购诺基亚，之后埃洛普重返微软。 ​	,NA,//weibo.com/6102576051/G3Kea0ImD?refer_flag=1001030103_
