query,Post ID,Post Content,nickname,link
污染; 2018-02-19; 1; 10,1,#才乡抚州欢度新春#【至广大居民的一封信】尊敬的广大居民朋友：过度燃放烟花爆竹，大量产生二氧化碳，氮氧化物、烟尘及碳粒等颗粒物，不但严重污染环境，而且危害身体健款，影响正常生活秩序。为了改善生态环境、顺应广大居民呼声，县政府决定从2018年2月5日起，正式施行《乐安县城市建成区烟花爆竹 ​			...展开全文c,抚州乐安发布,//weibo.com/3551927775/G3Tyn7dzU?refer_flag=1001030103_
污染; 2018-02-19; 1; 10,2,		現在還拿來開玩笑的 你自己和桶姊談戀愛試試 請別污染ht的眼睛好嗎 怎麼剛打開群就有這種辣眼睛的東西 開玩笑都不行 ​		,我是小呵呵呵呵呵呵呵呵呵呵呵,//weibo.com/5708061368/G3TyiCc2Y?refer_flag=1001030103_
污染; 2018-02-19; 1; 10,3,		光污染严重  今晚的夜空真鸡儿亮 和白天5 6点一样亮  ​		,本大爷去种树啦,//weibo.com/2694285227/G3Tyhrhbi?refer_flag=1001030103_
污染; 2018-02-19; 1; 10,4,		遇到心动的鞋鞋可不要错过哈；【车内空气成购车重点考虑因素】车内的空气质量和车内污染问题近年来受到各界严重关注！在近日召开的第二届车内环境发展论坛上、而对其存在的普遍性以及危害普通大众也有了基本的认知：目前标准修订工作正在进行中、女人对自己下手要狠一点。车内空气质量标准是国家环保部 ​			...展开全文c,郝乃诗,//weibo.com/2848110543/G3TygyyTx?refer_flag=1001030103_
污染; 2018-02-19; 1; 10,5,		昨天做的梦，六个人躲避“天道”追杀的故事打引号是因为不是自然道，反正就是被污染黑化了的（原本应该主持公理的）道六个人在之前的世界（空间？）里过不下去了，就合六人之力开了一个结界到了地球（…）因为地球上不能使用法术啊神力之类的超能力来追踪天道的追随者每年都会从“天母”那里得到奖 ​			...展开全文c,一颗帅气的雪梨,//weibo.com/1759289563/G3TygyyEL?refer_flag=1001030103_
污染; 2018-02-19; 1; 10,6,		Bad Air Sponge 甲醛污染空气净化剂 ，可以吸收甲醛、中和异味等，适合用于新房、新车、或者卫生间等，被美国白宫、华盛顿博物馆等广泛使用。可中和各种烟雾，尘埃，甲醛，油漆，氨，苯等有害气体，24小时内去除率可达70-95%。  http://t.cn/RJvRz5o ​		,江南果然好,//weibo.com/5145750873/G3Tyali60?refer_flag=1001030103_
污染; 2018-02-19; 1; 10,7,		这些神经病灯饰简直令人笑出猪叫！拖欠美术钱没给么，怎么会这么难看，笑到最后我都没力气拍别的污染眼球的照片了。大年初四，暴走一万两千步。 ​		,白发十七,//weibo.com/1747164613/G3Ty0zjBX?refer_flag=1001030103_
污染; 2018-02-19; 1; 10,8,#成都城事#成都解除重污染天黄色预警，尾号限行时间恢复为工作日的7:30-20:00，22日（初七，星期四）限行4和9。 ​		,狂风沙001,//weibo.com/2203364320/G3TxUn1un?refer_flag=1001030103_
污染; 2018-02-19; 1; 10,9,		回复@画舸-:让我想起了陶渊明的桃花源记//@画舸-:导演辛苦了 希望有机会能再次交流 看过片子以后真心觉得这个世外桃源美的一塌糊涂 也希望这么美的地方不要被外界的“黑”所污染 加油! 相信未来会更好的		,风色安年,//weibo.com/1951064601/G3TlzkM17?refer_flag=1001030103_
污染; 2018-02-19; 1; 10,10,	  今天很開心和大家分享那麼多，已經很晚了，大家先休息！感謝！ ​	,NA,//weibo.com/3161415830/G3TxAhfGm?refer_flag=1001030103_
污染; 2018-02-19; 1; 10,11,		【中国只有大幅度降低污染物浓度，才能提升健康状况 | 专访】室外空气污染导致全球每年450万人过早死亡，研究污染物如何进入和损伤人体将有助于减少疾病和死亡人数。虽然公共卫生专家通过统计学方法已经揭示了空气污染与疾病和死亡的关系，但是很少有科学家研究空气污染和疾病的直接关系。		,happyleona,//weibo.com/5705191799/FAxv0vmS1?refer_flag=1001030103_
污染; 2018-02-19; 1; 10,12,	  【中国只有大幅度降低污染物浓度，才能提升健康状况 | 专访】室外空气污染导致全球每年450万人过早死亡，研究污染物如何进入和损伤人体将有助于减少疾病和死亡人数。虽然公共卫生专家通过统计学方法已经揭示了空气污染与疾病和死亡的关系，但是很少有科学家研究空气污染和疾病的直接关系。近日，德国马 ​		...展开全文c,NA,//weibo.com/1816365573/G3TxuryQc?refer_flag=1001030103_
污染; 2018-02-19; 1; 10,13,#茂名新闻# 环境污染已经渗透到农村，我觉得主要还是靠村民意识和相关部门宣传以及提供解决方法。@信宜新闻眼,梁青海,//weibo.com/5200544957/G3QG0hd3X?refer_flag=1001030103_
污染; 2018-02-19; 1; 10,14,"	  😟，去年还是""小河""，现在是洼地，那明年再见的时候会是……?@镇隆镇政府 @茂名市环保局 @镇隆上榔家园网 @镇隆国土 http://t.cn/z8yjS9T ​	",NA,//weibo.com/2033484434/G3TxqAJFW?refer_flag=1001030103_
污染; 2018-02-19; 1; 10,15,		【溏心鸡蛋好不好】溏心鸡蛋的口感让很多人着迷，但这种吃法好吗？鸡蛋易受细菌污染，常见的致病菌是沙门氏菌。鸡蛋制品加热到71℃以上后，沙门氏菌基本被剿灭，蛋黄也凝固了，但如果蛋黄处于“溏心”状态，就无法有效灭菌。 ​		,震怒落雁胆怯,//weibo.com/6140545782/G3Txm7xFK?refer_flag=1001030103_
污染; 2018-02-19; 1; 10,16,		高科技盆栽Broto，不需要土壤，也无需担心污染。Broto采用aeroponic技术，可以让花卉不需要土壤也能生存，全靠那些发光二极管来照顾植物，并且配备了一个系统可以显示植物的PH值，湿度，温度和养分。你是否也想弄一个不需要照顾的高科技盆栽呢？ ​		,菗隻煙,//weibo.com/2589302851/G3TwS0pys?refer_flag=1001030103_
污染; 2018-02-19; 1; 10,17,		//@混沌与概率1997: 我也认为大规模养殖加工比散养原生态安全//@快乐派大鑫:现在是全中国食品安全最好的时候，没有之一。只有工业化的大规模养殖和加工是质量安全的保证，所谓的散养原生态=各种寄生虫+环境累积型重金属污染+宰杀运输储存过程中的各菌群感染。		,东北三环上,//weibo.com/1648195723/G3S5qvibU?refer_flag=1001030103_
污染; 2018-02-19; 1; 10,18,	  人造肉如果能降低成本+健康，我觉得大有前途。天然肉我觉得并不安全，诸如瘦肉精，抗生素，激素饲料鸡，疯牛病等各种潜在风险难以避免。香肠培根等各种肉类加工食品，肯定也都是用最便宜的肉做的，鬼知道都是什么肉？所以平常我不太敢吃。如果有低价人造肉，就可以放心食用香肠等好吃的食品了。 ​	,NA,//weibo.com/1411036644/G3TwszQrA?refer_flag=1001030103_
污染; 2018-02-19; 1; 10,19,		感觉推荐这款城市隔离给身边朋友不下30遍了所以决定发粗来无限回购高中开始用到现在专门针对空气污染电脑辐射等轻薄不干不浮一点点提亮肤色不闪哑光			...展开全文c,进撃的大肥肉,//weibo.com/2441095904/G3Tws0BmS?refer_flag=1001030103_
污染; 2018-02-19; 1; 10,20,		//@陕西勉县消防://@陕西汉中消防://@陕西消防:环境污染、噪音污染、资源浪费、安全隐患！春节燃放烟花爆竹应理性。		,終南山玉柱洞雲中子,//weibo.com/6389370355/G3lLFkwZu?refer_flag=1001030103_
污染; 2018-02-19; 1; 10,21,	  1000万响的鞭炮见过吗，点燃后如同核弹爆炸 http://t.cn/RRRHKNk ​	,NA,//weibo.com/2422702681/G3Twhms4I?refer_flag=1001030103_
污染; 2018-02-19; 1; 10,22,		摩羯都是乖孩子，把自己隔离在没有污染的世界里。摩羯纯净得你想象不到，过着简单的生活。喜欢一个人是真的喜欢，可以喜欢很久很久，发现对方变得自己不认识了，摩羯会毫不犹豫的头也不回把自己从那段回忆中抽离出来。他们不是胆小鬼只是太会保护自己，太清醒了。 ​		,是容无博之固cue,//weibo.com/6476626681/G3TwfjLZs?refer_flag=1001030103_
污染; 2018-02-19; 1; 10,23,污染环境，拘留//@迟夙生律师://@国旗卫士V:这才有年味		,封锁越来越严了,//weibo.com/6362277942/G3RFmqWxB?refer_flag=1001030103_
污染; 2018-02-19; 1; 10,24,	  台湾101大厦喜迎新春 http://t.cn/RReAQEB ​	,NA,//weibo.com/6450735811/G3Twe6ioW?refer_flag=1001030103_
污染; 2018-02-19; 1; 10,25, 【开窗换气的最佳时间】一般来说，每天上午和下午应各开窗通风1次，每次不少于半小时。专家认为，上午9～11时、下午2～4时是开窗换气的最佳时间，因为这两个时间段内空气质量最好。另外，厨房是室内空气污染的重要来源，在做饭时要开启排气扇或抽油烟机，以及时排除有害气体。 ​		,咖啡加奶丿,//weibo.com/1633994530/G3Tw229Oa?refer_flag=1001030103_
污染; 2018-02-19; 1; 10,26,		//@陕西汉中消防://@陕西消防:环境污染、噪音污染、资源浪费、安全隐患！春节燃放烟花爆竹应理性。		,陕西勉县消防,//weibo.com/6389370355/G3lLFkwZu?refer_flag=1001030103_
污染; 2018-02-19; 1; 10,27,	  1000万响的鞭炮见过吗，点燃后如同核弹爆炸 http://t.cn/RRRHKNk ​	,NA,//weibo.com/5443843174/G3TvYaPQU?refer_flag=1001030103_
污染; 2018-02-19; 1; 10,28,		直至成伤、污染加剧，加上现在的环境、现在就为大家介绍几种十分方便的祛斑方法吧……【祛斑简易法赶走雀斑黑斑黄褐斑】“十个女子九个斑”；去给予……很多人都有一些斑点！ ​		,大神7acuh9wr6,//weibo.com/2177996854/G3TvQpUzo?refer_flag=1001030103_
污染; 2018-02-19; 1; 10,29,		//@袁伟时: //@李仲伟律师: //@用户5092626174：一次不公正的司法判决，其恶果甚于十次犯罪，因为犯罪只是弄脏了一支水流，而错误的司法判决则是污染了整个水源。——培根		,ZHENGYIZHI_82980,//weibo.com/6422181736/G2vlb4yI2?refer_flag=1001030103_
污染; 2018-02-19; 1; 10,30,	  【一名企业家的陨落，毁灭的不仅是个人小家，还连带着破碎了依附于该企业的千千万万职工的家！】#厦门东妮娅案# 江先路夫妻的命运，正是中国企业家命运的真实写照，若司法不公不被纠正、权力腐败不被扼制，未来将会有无数企业家、数不尽的职工重走他们的悲惨之路！#冤案申诉##民营企业家权益保护#  ​		...展开全文c,NA,//weibo.com/5512324220/G3TvP0xbG?refer_flag=1001030103_
污染; 2018-02-19; 1; 10,31,#纳豆nado##你的声音豆国听# ID考古队员曲目 消愁污染曲库			...展开全文c,b考古队员,//weibo.com/5953262847/G3TvyFQ2e?refer_flag=1001030103_
污染; 2018-02-19; 1; 10,32,		黄色的树林里分出两条路，可惜我不能同时去涉足，我在那路口久久伫立，我向着一条路极目望去，直到它消失在丛林深处。但我却选了另外一条路，它荒草萋萋，十分幽寂，			...展开全文c,流泪小鸡哭泣,//weibo.com/6053798180/G3TvmBEUb?refer_flag=1001030103_
污染; 2018-02-19; 1; 10,33,		大年初一四，在楚大高速堵车。这么多车又浪费能源，又污染环境，还影响效率。 ​		,南诏逍遥王子,//weibo.com/5611882507/G3TuTEc3s?refer_flag=1001030103_
污染; 2018-02-19; 1; 10,34,		狗年大吉营养每一天#江淮领秀醉美滁州# @滁州陈三 @滁州新鲜事 @定远身边事 //@明光发布:#随手拍明光# 无污染纯绿色食品#网络中国节-春节# @美好滁州,滁州市旅游局,//weibo.com/1249438765/G32NTb2ER?refer_flag=1001030103_
污染; 2018-02-19; 1; 10,35,	  在乡镇和农村以前，也包括现在在家门口，攒一些土种上葱蒜和青菜（城里地贵&还有物业）逢年过节的时候可以作为配菜		...展开全文c,NA,//weibo.com/3834088823/G3TuOAGXo?refer_flag=1001030103_
污染; 2018-02-19; 1; 10,36,		回复@安娜hanxueping:那厮，我估计是吧大炮仗敢拿在手上点火的主。//@安娜hanxueping:所以我就喜欢刀兄的温文儒雅的绅士风度，我猜我国弟@国爱米米 最喜欢放鞭炮//@柳叶刀客-消化科医生:本男子汉从小就不愿放鞭炮//@安娜hanxueping:我支持永远禁止燃放烟花爆竹，除了增加垃圾增加污染，就是增加被鞭炮		,柳叶刀客-消化科医生,//weibo.com/1649287405/G3RbVttiQ?refer_flag=1001030103_
污染; 2018-02-19; 1; 10,37,	  路上除了红灯就可以一直开，出去半天回来车位还在——这就是春节；五环内第一次禁止燃放烟花爆竹，终于可以安安静静地听听音乐、唠唠家常、看看电视了——这就是今年的春节。 ​	,NA,//weibo.com/1493758432/G3TuKaTrR?refer_flag=1001030103_
污染; 2018-02-19; 1; 10,38,		有一种你说走我就不走的倔强叫柴，有一种精神污染也叫柴，柴犬真的有毒！我在@Weico微博客户端 领养了一只神烦小柴犬陪我刷微博，戳链接获得Weico: http://t.cn/RAPgR4n 你也可以拥有！ ​		,我要心情美美哒,//weibo.com/2812801787/G3Tul6NCP?refer_flag=1001030103_
污染; 2018-02-19; 1; 10,39,		1.学院排名不对外公开（公开也不告诉你）。2.志不在此。3.嗯我打算光头读研。4.没有呀。5.不生，因为我是男的生不了。6.哪里哪里，你听说过精神污染吗。7.没工资，偶尔兼职。8.不去没空我要写代码看书练琴。9.没房子但是我有宿舍，没车但是我有ofo。		,整天在微博鉿鉿鉿鉿的不怕减寿吗,//weibo.com/5700379397/G3StJsBcb?refer_flag=1001030103_
污染; 2018-02-19; 1; 10,40,	  来自酒桌上三姑六婆的拷问 ​​​​	,NA,//weibo.com/1937562241/G3TuhfWcD?refer_flag=1001030103_
污染; 2018-02-19; 1; 10,41,		每说一句塑料普通话，地球上就多一分白色污染。为了保护地球环境，请说标准普通话！ ​		,温柔且坚定_,//weibo.com/6126894060/G3Tu8l2r7?refer_flag=1001030103_
污染; 2018-02-19; 1; 10,42,		【眼药水开瓶4周就得扔】眼药水的“保鲜期”只有4周。眼科医生提醒，眼药水包装上的保质期通常指未开封的状态，一旦开封使用，如4周内未用完，应立即丢弃。眼药水开封后，保存环境发生了改变，药效会逐渐减弱；在使用时药液还可能被空气中的微生物污染，带来健康隐患。 ​		,孤单兴奋_77476,//weibo.com/6346425482/G3TtZy0tK?refer_flag=1001030103_
污染; 2018-02-19; 1; 10,43,		//@陕西消防:环境污染、噪音污染、资源浪费、安全隐患！春节燃放烟花爆竹应理性。		,陕西佛坪消防,//weibo.com/6389370355/G3lLFkwZu?refer_flag=1001030103_
污染; 2018-02-19; 1; 10,44,	  1000万响的鞭炮见过吗，点燃后如同核弹爆炸 http://t.cn/RRRHKNk ​	,NA,//weibo.com/5445725968/G3TtSpXpU?refer_flag=1001030103_
污染; 2018-02-19; 1; 10,45,		//@陕西汉中消防://@陕西消防:环境污染、噪音污染、资源浪费、安全隐患！春节燃放烟花爆竹应理性。		,陕西佛坪消防,//weibo.com/6389370355/G3lLFkwZu?refer_flag=1001030103_
污染; 2018-02-19; 1; 10,46,	  1000万响的鞭炮见过吗，点燃后如同核弹爆炸 http://t.cn/RRRHKNk ​	,NA,//weibo.com/5445725968/G3TtQ1KXx?refer_flag=1001030103_
污染; 2018-02-19; 1; 10,47,		像个魔咒，不知何时才能解除//@袁伟时://@李仲伟律师: //@用户5092626174：一次不公正的司法判决，其恶果甚于十次犯罪，因为犯罪只是弄脏了一支水流，而错误的司法判决则是污染了整个水源。——培根		,每天都会成为回忆,//weibo.com/6422181736/G2vlb4yI2?refer_flag=1001030103_
污染; 2018-02-19; 1; 10,48,	  【一名企业家的陨落，毁灭的不仅是个人小家，还连带着破碎了依附于该企业的千千万万职工的家！】#厦门东妮娅案# 江先路夫妻的命运，正是中国企业家命运的真实写照，若司法不公不被纠正、权力腐败不被扼制，未来将会有无数企业家、数不尽的职工重走他们的悲惨之路！#冤案申诉##民营企业家权益保护#  ​		...展开全文c,NA,//weibo.com/1802093925/G3TtGzGNZ?refer_flag=1001030103_
污染; 2018-02-19; 1; 10,49,		【￥30】企鹅小巧可爱，做工精致，舒适不掉色不起球，内充优质PP棉环保无污染，送女朋友、小孩子最佳礼物！【赠运费险】 去领卷下单→http://t.cn/RRDz84i 如需要其他宝贝，自助找券神器→http://t.cn/RRDz846 ​		,省钱格格,//weibo.com/6348530099/G3TtDnP1I?refer_flag=1001030103_
污染; 2018-02-19; 1; 10,50,#新鲜·逗趣# 一辆会吐烟圈的车，就是看着空气污染大了些……#超跑##秒拍# http://t.cn/RRDzQR1 ​		,钢炮爹九万,//weibo.com/1936400582/G3TtBzVvr?refer_flag=1001030103_
污染; 2018-02-19; 1; 10,51,		【选录】【新船舶污染物排放标准下半年实施】环境保护部日前批准了《船舶水污染物排放控制标准》，将从7月1日起开始实施。新标准在名称、污染物范围等方面进行了修改，并增加了在饮用水水源保护区内不得排放生活污水的规定。 ​		,新闻联播选录与短评,//weibo.com/6490402987/G3TtADnE5?refer_flag=1001030103_
污染; 2018-02-19; 1; 10,52,		感觉有些人还是不明白；涉及20类产品；【质检总局；微生物污染和标签不合格等项目为主要不合格原因；进口印度红茶检出稀土元素超标】此次发现的不合格食品来自47个国家或地区……男人说喜欢素颜是喜欢好看的素颜；中国茶业股份有限公司从印度进口的100千克印度红茶。品质不合格！ ​		,一S声叹息A,//weibo.com/2830637221/G3TsOh2H0?refer_flag=1001030103_
污染; 2018-02-19; 1; 10,53,		病床上、未污染：随后闯荡社会！ ​		,der哥1号,//weibo.com/2293025301/G3TsGwzdZ?refer_flag=1001030103_
污染; 2018-02-19; 1; 10,54,		是值得练习的心理意象能力，——张怡筠；泥土车就因此擦身而过。全身都受污染：而拒绝不必要的心情污染！“谢谢、在心里微笑挥手：那些生活中恼人的状况。 http://t.cn/RGCU7cM ​		,大叔斩妖女,//weibo.com/1950858267/G3TsD3wRv?refer_flag=1001030103_
污染; 2018-02-19; 1; 10,55,		大年间的北京胡同（14）：2018年2月19日晚，多云间晴，6～-2度，东北风，微风，重度污染，手机拍于南锣鼓巷，东城区，北京。#随手拍# ​​​ http://t.cn/RYazyqq ​		,淡蓝色的心情,//weibo.com/68468794/G3TsruoQg?refer_flag=1001030103_
污染; 2018-02-19; 1; 10,56,		当下在某些被中东邪教污染过的族群里正流行主动与汉文化切割的趋势，对以汉文化为主体的中华文化进行排斥，所有汉人都要警惕警惕再警惕！！！！//@V闪闪:这种一致反对主体民族最重要节日的群体认知堪称颠覆国家，是需要清理整治的族群，一部分煽动者应该定罪，个别人需要物理灭绝		,开车了请扶好下一站蛇精病院,//weibo.com/1645289855/G3uNYyfIc?refer_flag=1001030103_
污染; 2018-02-19; 1; 10,57,	  个人不过春节，完全不是问题。一个群体拒绝过春节，并以此为族群认同的标志，是个值得注意的问题。一个族群高调反对过春节，并反复宣讲，以此作为脱离主体身份认同的旗帜，这是一个严重问题，需要紧急处理！ ​	,NA,//weibo.com/1233815940/G3Tsqz761?refer_flag=1001030103_
污染; 2018-02-19; 1; 10,58,		【茼蒿营养价值高】茼蒿富含矿物质、胡萝卜素、蛋白质、膳食纤维、维生素C等，污染轻，营养丰，高水分，低热能。茼蒿食用部分为幼嫩茎叶，味道清香，可凉拌，也可荤素炒食，烧豆腐、做汤、做馅等，秋冬涮火锅食用也别具风味。 ​		,校园梦81010,//weibo.com/3948644780/G3TsniOfY?refer_flag=1001030103_
污染; 2018-02-19; 1; 10,59,#中国赞#【央视调查：我们的旧手机去哪了？1吨手机可提炼150克黄金】专家介绍，一吨的手机可以提炼150克的黄金。世界上最优质的金矿，一吨的矿也只能提炼出50克左右的黄金。但目前手机回收行业最大的问题，就是缺乏正规的回收处理企业。南方沿海个别城市有小作坊用所谓的酸洗方式炼金，污染大气水源。. ​			...展开全文c,韩丽巍,//weibo.com/3798478781/G3Tshqv4i?refer_flag=1001030103_
污染; 2018-02-19; 1; 10,60,		没鞭炮放确实不像过年，所以在农村过年比较有气氛。//@王海://@柳叶刀客-消化科医生:本男子汉从小就不愿放鞭炮//@安娜hanxueping:我支持永远禁止燃放烟花爆竹，除了增加垃圾增加污染，就是增加被鞭炮炸伤的危险		,老雕篆记,//weibo.com/1649287405/G3RbVttiQ?refer_flag=1001030103_
污染; 2018-02-19; 1; 10,61,	  路上除了红灯就可以一直开，出去半天回来车位还在——这就是春节；五环内第一次禁止燃放烟花爆竹，终于可以安安静静地听听音乐、唠唠家常、看看电视了——这就是今年的春节。 ​	,NA,//weibo.com/2098161685/G3TsaAaQy?refer_flag=1001030103_
污染; 2018-02-19; 1; 10,62,		【茼蒿营养价值高】茼蒿富含矿物质、胡萝卜素、蛋白质、膳食纤维、维生素C等，污染轻，营养丰，高水分，低热能。茼蒿食用部分为幼嫩茎叶，味道清香，可凉拌，也可荤素炒食，烧豆腐、做汤、做馅等，秋冬涮火锅食用也别具风味。 ​		,au_rea_940,//weibo.com/3975800822/G3Ts8j3Ku?refer_flag=1001030103_
污染; 2018-02-19; 1; 10,63,		大年间的北京胡同（13）：2018年2月19日晚，多云间晴，6～-2度，东北风，微风，重度污染，手机拍于南锣鼓巷，东城区，北京。#随手拍# ​​​ http://t.cn/RYazyqq ​		,淡蓝色的心情,//weibo.com/68468794/G3Ts3xbDu?refer_flag=1001030103_
污染; 2018-02-19; 1; 10,64,#唐人街探案2##贾乃亮#吴京批娱乐圈造星乱象，小女孩给吴京送花，吴京开玩笑的说：不要进入影视圈哦，你那么漂亮进了会被污染的！其实现在娱乐圈小鲜肉黄子韬吴亦凡张艺兴等人，还是有一定实力的。女性的话比如郑爽自带热搜体质，热门说上就上，还出了书。所以说娱乐圈的事，当娱乐就好！ ​		,宦目孕uhzlP,//weibo.com/2746156227/G3Ts0zDJ8?refer_flag=1001030103_
污染; 2018-02-19; 1; 10,65,"		//@山东环境:2月20日，扩散条件较好,预计,鲁西南以轻度污染为主,半岛,鲁南沿海以优良为主,其他地区以良为主, 首要污染物为PM10.		",潍坊环保,//weibo.com/3354394424/G3ujagEBw?refer_flag=1001030103_
污染; 2018-02-19; 1; 10,66,	  【山东：发布环境空气质量形势预报】 污染过程提示：2月17日～2月19日，湿度较大，扩散条件较不利，我省中西部城市会有一次中至重度污染过程。请注意出行安全并注意防护。 http://t.cn/RRmIUyz ​	,NA,//weibo.com/3562276267/G3TrWsgq6?refer_flag=1001030103_
污染; 2018-02-19; 1; 10,67,		高科技盆栽Broto，不需要土壤，也无需担心污染。Broto采用aeroponic技术，可以让花卉不需要土壤也能生存，全靠那些发光二极管来照顾植物，并且配备了一个系统可以显示植物的PH值，湿度，温度和养分。你是否也想弄一个不需要照顾的高科技盆栽呢？ ​		,思忖静谧可,//weibo.com/6336815737/G3TrR7yyU?refer_flag=1001030103_
污染; 2018-02-19; 1; 10,68,		大年间的北京胡同（12）：2018年2月19日晚，多云间晴，6～-2度，东北风，微风，重度污染，手机拍于南锣鼓巷，东城区，北京。#随手拍# ​​​ http://t.cn/RYazyqq ​		,淡蓝色的心情,//weibo.com/68468794/G3TrN0oRi?refer_flag=1001030103_
污染; 2018-02-19; 1; 10,69,		【当父母对孩子的“喜怒无常”头痛不已时，也要低头看看自己了】是不是因为自己在工作、家庭等等遇到困难，带来的坏情绪间接地影响到宝宝，造成了孩子心灵上的“污染”，让他们也逐渐喜怒不定。如果是这样，爸爸妈妈们需要学着在宝宝面前控制自己的坏脾气，尽量冷静后再面对孩子。 ​		,史探御史,//weibo.com/5828043576/G3Tru5kWg?refer_flag=1001030103_
污染; 2018-02-19; 1; 10,70,#中国赞#【世界卫生组织9条防癌提示】①不吃熏腌制食物。②不吃过热过硬、过焦过咸的食物，不喝过烫的水。③不吃发霉粮食及制品。④不用洗衣粉擦洗餐具、茶具或食物。⑤吃饭不要过饱，控制肉类的摄入量。⑥不吃被农药污染的蔬果。⑦不酗酒。⑧不吸烟。⑨每天开窗1至2小时。 ​		,yuzutita,//weibo.com/2022303171/G3TrteD4W?refer_flag=1001030103_
污染; 2018-02-19; 1; 10,71,		大年间的北京胡同（11）：2018年2月19日晚，多云间晴，6～-2度，东北风，微风，重度污染，手机拍于南锣鼓巷，东城区，北京。#随手拍# ​​​ http://t.cn/RYazyqq ​		,淡蓝色的心情,//weibo.com/68468794/G3Trpmeym?refer_flag=1001030103_
污染; 2018-02-19; 1; 10,72,		大年间的北京胡同（10）：2018年2月19日晚，多云间晴，6～-2度，东北风，微风，重度污染，手机拍于南锣鼓巷，东城区，北京。#随手拍# ​​​ http://t.cn/RYazyqq ​		,淡蓝色的心情,//weibo.com/68468794/G3Tr68wfN?refer_flag=1001030103_
污染; 2018-02-19; 1; 10,73,		你们这些咖啡乐不清真，污染了清真害的清真人破了功上不了天堂可不得了，宗教局真是为“人民”服务呀。//@中科大胡不归: 牛牛牛		,曾不如,//weibo.com/5628164586/G3PMWapCT?refer_flag=1001030103_
污染; 2018-02-19; 1; 10,74,	  西宁市夏都大道上的。水源国际洗浴。工作人员说这是清真的洗浴中心。说是受到宗教局的通知。咱们藏族的，和尚活佛。穿红袍的。一律不得在这里洗浴。。2018-02-18我们被拒绝在门口的时候非常非常的尴尬。希望大家，都转发一下免得大家被拒绝在门口。很尴尬转发 直接不要去 ​	,NA,//weibo.com/5299570171/G3Tr0f6Oe?refer_flag=1001030103_
污染; 2018-02-19; 1; 10,75,		【苏梅岛】想象你此刻正拥有你一个苏梅岛的下午，抛开生活的压力，远离污染的空气，来到这里享受蓝天白云，享受一望无际的大海。那是多么惬意闲适的时光~ ​		,灭火器2772,//weibo.com/6368208338/G3TqXhwEp?refer_flag=1001030103_
污染; 2018-02-19; 1; 10,76,		前日回民街钟鼓楼西安城墙西安夜景很美，白天根本没有蓝天，感觉雾霾污染比北京还严重 ​		,是王馨怡啊,//weibo.com/1844503611/G3TqW6B3M?refer_flag=1001030103_
污染; 2018-02-19; 1; 10,77,		大年间的北京胡同（9）：2018年2月19日晚，多云间晴，6～-2度，东北风，微风，重度污染，手机拍于南锣鼓巷，东城区，北京。#随手拍# ​​​ http://t.cn/RYazyqq ​		,淡蓝色的心情,//weibo.com/68468794/G3TqM6Rp5?refer_flag=1001030103_
污染; 2018-02-19; 1; 10,78,"#LIKE音乐魔法滤镜#2.0,有利于空气污染物稀释、扩散和清除，可在室外正常活动。，穿衣指数:		",yaoyao361990,//weibo.com/6351141733/G3FOwAgAT?refer_flag=1001030103_
污染; 2018-02-19; 1; 10,79,	  【转发抽iPhone X】LIKE短视频首创#LIKE音乐魔法滤镜#瞬间神穿越到酷炫舞台！自拍效果酷到爆！各大应用市场搜“LIKE短视频”立刻体验！ http://t.cn/RR3Orii ←猛戳下载更有数万红包等你来！ http://t.cn/RRB7JZW ​	,NA,//weibo.com/5979060100/G3TqChUz3?refer_flag=1001030103_
污染; 2018-02-19; 1; 10,80,#中华人民共和国水污染防治法#第五十九条 船舶排放含油污水、生活污水，应当符合船舶污染物排放标准。从事海洋航运的船舶进入内河和港口的，应当遵守内河的船舶污染物排放标准。  船舶的残油、废油应当回收，禁止排入水体。  禁止向水体倾倒船舶垃圾。  船舶装载运输油类或者有毒货物，应当 ​			...展开全文c,枣庄环保,//weibo.com/3587107225/G3TqzjcTl?refer_flag=1001030103_
污染; 2018-02-19; 1; 10,81,		【白开水也有保质期】很多家庭会在夏天准备个大玻璃杯凉白开水，认为这样卫生、方便。但夏季天热，空气湿度高，细菌繁殖快，凉白开放置时间不宜过长。无论常温或冷藏条件下，都不要超过2天，最好当天喝完。敞口放置时，要放在周围环境干净的地方，以免被污染。此外，切忌把放凉的水重新加热饮用。 ​		,沉鱼明亮思咏思,//weibo.com/6122595794/G3Tqu09WR?refer_flag=1001030103_
污染; 2018-02-19; 1; 10,82,		大年间的北京胡同（8）：2018年2月19日晚，多云间晴，6～-2度，东北风，微风，重度污染，手机拍于南锣鼓巷，东城区，北京。#随手拍# ​​​ http://t.cn/RYazyqq ​		,淡蓝色的心情,//weibo.com/68468794/G3TqsxpTo?refer_flag=1001030103_
污染; 2018-02-19; 1; 10,83,		【白开水也有保质期】很多家庭会在夏天准备个大玻璃杯凉白开水，认为这样卫生、方便。但夏季天热，空气湿度高，细菌繁殖快，凉白开放置时间不宜过长。无论常温或冷藏条件下，都不要超过2天，最好当天喝完。敞口放置时，要放在周围环境干净的地方，以免被污染。此外，切忌把放凉的水重新加热饮用。 ​		,思想词汇悲痛,//weibo.com/5941545503/G3TqsypSF?refer_flag=1001030103_
污染; 2018-02-19; 1; 10,84,		诽谤别[moc晚安]人，就像是含血喷人，先污染了自己的嘴巴。 ​		,农村滴娃拽不孤单,//weibo.com/5795235223/G3Tq0t4pP?refer_flag=1001030103_
污染; 2018-02-19; 1; 10,85,		这种鱼在我们老家称为“旁普辣”，学名叫“盖斑斗鱼”也叫“中国斗鱼”，小时候常在乡间小溪捞得到，也许是水质污染等原因吧，现在野外已经很难看到了。这次回老家我准备带几条到重庆养起。 http://t.cn/Rxgu7uy ​		,陈良辉,//weibo.com/1900867061/G3TpZkgeF?refer_flag=1001030103_
污染; 2018-02-19; 1; 10,86,		大年间的北京胡同（7）：2018年2月19日晚，多云间晴，6～-2度，东北风，微风，重度污染，手机拍于南锣鼓巷，东城区，北京。#随手拍# http://t.cn/RYazyqq ​		,淡蓝色的心情,//weibo.com/68468794/G3TpZh6gl?refer_flag=1001030103_
污染; 2018-02-19; 1; 10,87,		显然5000年的历史文化 或者说化学污染 存在几千个授时系统 在天文时差与地理空间做统一的判断 保存信息的方式 记录的方式包括山海经等等。 ​		,有机会吧充电头盖盖兔,//weibo.com/1900135997/G3TpRCyZk?refer_flag=1001030103_
污染; 2018-02-19; 1; 10,88,@TFBOYS-王源 @TFBOYS-王源 @TFBOYS-王源 @TFBOYS-王源 @TFBOYS-王源 @TFBOYS-王源 @TFBOYS-王源 @TFBOYS-王源 @TFBOYS-王源 @TFBOYS-王源 @TFBOYS-王源 @TFBOYS-王源  不要让脏东西，污染了你的眼睛		,斓翾,//weibo.com/2708813413/G3T6DD0lo?refer_flag=1001030103_
污染; 2018-02-19; 1; 10,89,	  宝贝儿今天那个不是你的粉丝，你的粉丝都有认真提意见讲道理【虽然wt一直在道歉从来不改正】，但是该做的还是咬着牙乖乖做了，你用心的节目一定会收视长虹口碑爆棚的你是我最厉害的大明星@TFBOYS-王源 ​	,NA,//weibo.com/5508014514/G3TpLnZge?refer_flag=1001030103_
污染; 2018-02-19; 1; 10,90,		【当父母对孩子的“喜怒无常”头痛不已时，也要低头看看自己了】是不是因为自己在工作、家庭等等遇到困难，带来的坏情绪间接地影响到宝宝，造成了孩子心灵上的“污染”，让他们也逐渐喜怒不定。如果是这样，爸爸妈妈们需要学着在宝宝面前控制自己的坏脾气，尽量冷静后再面对孩子。 ​		,史探御史,//weibo.com/5828043576/G3Tru5kWg?refer_flag=1001030103_
污染; 2018-02-19; 1; 10,91,#中国赞#【世界卫生组织9条防癌提示】①不吃熏腌制食物。②不吃过热过硬、过焦过咸的食物，不喝过烫的水。③不吃发霉粮食及制品。④不用洗衣粉擦洗餐具、茶具或食物。⑤吃饭不要过饱，控制肉类的摄入量。⑥不吃被农药污染的蔬果。⑦不酗酒。⑧不吸烟。⑨每天开窗1至2小时。 ​		,yuzutita,//weibo.com/2022303171/G3TrteD4W?refer_flag=1001030103_
污染; 2018-02-19; 1; 10,92,		大年间的北京胡同（11）：2018年2月19日晚，多云间晴，6～-2度，东北风，微风，重度污染，手机拍于南锣鼓巷，东城区，北京。#随手拍# ​​​ http://t.cn/RYazyqq ​		,淡蓝色的心情,//weibo.com/68468794/G3Trpmeym?refer_flag=1001030103_
污染; 2018-02-19; 1; 10,93,		大年间的北京胡同（10）：2018年2月19日晚，多云间晴，6～-2度，东北风，微风，重度污染，手机拍于南锣鼓巷，东城区，北京。#随手拍# ​​​ http://t.cn/RYazyqq ​		,淡蓝色的心情,//weibo.com/68468794/G3Tr68wfN?refer_flag=1001030103_
污染; 2018-02-19; 1; 10,94,		你们这些咖啡乐不清真，污染了清真害的清真人破了功上不了天堂可不得了，宗教局真是为“人民”服务呀。//@中科大胡不归: 牛牛牛		,曾不如,//weibo.com/5628164586/G3PMWapCT?refer_flag=1001030103_
污染; 2018-02-19; 1; 10,95,	  西宁市夏都大道上的。水源国际洗浴。工作人员说这是清真的洗浴中心。说是受到宗教局的通知。咱们藏族的，和尚活佛。穿红袍的。一律不得在这里洗浴。。2018-02-18我们被拒绝在门口的时候非常非常的尴尬。希望大家，都转发一下免得大家被拒绝在门口。很尴尬转发 直接不要去 ​	,NA,//weibo.com/5299570171/G3Tr0f6Oe?refer_flag=1001030103_
污染; 2018-02-19; 1; 10,96,		【苏梅岛】想象你此刻正拥有你一个苏梅岛的下午，抛开生活的压力，远离污染的空气，来到这里享受蓝天白云，享受一望无际的大海。那是多么惬意闲适的时光~ ​		,灭火器2772,//weibo.com/6368208338/G3TqXhwEp?refer_flag=1001030103_
污染; 2018-02-19; 1; 10,97,		前日回民街钟鼓楼西安城墙西安夜景很美，白天根本没有蓝天，感觉雾霾污染比北京还严重 ​		,是王馨怡啊,//weibo.com/1844503611/G3TqW6B3M?refer_flag=1001030103_
污染; 2018-02-19; 1; 10,98,		大年间的北京胡同（9）：2018年2月19日晚，多云间晴，6～-2度，东北风，微风，重度污染，手机拍于南锣鼓巷，东城区，北京。#随手拍# ​​​ http://t.cn/RYazyqq ​		,淡蓝色的心情,//weibo.com/68468794/G3TqM6Rp5?refer_flag=1001030103_
污染; 2018-02-19; 1; 10,99,"#LIKE音乐魔法滤镜#2.0,有利于空气污染物稀释、扩散和清除，可在室外正常活动。，穿衣指数:		",yaoyao361990,//weibo.com/6351141733/G3FOwAgAT?refer_flag=1001030103_
污染; 2018-02-19; 1; 10,100,	  【转发抽iPhone X】LIKE短视频首创#LIKE音乐魔法滤镜#瞬间神穿越到酷炫舞台！自拍效果酷到爆！各大应用市场搜“LIKE短视频”立刻体验！ http://t.cn/RR3Orii ←猛戳下载更有数万红包等你来！ http://t.cn/RRB7JZW ​	,NA,//weibo.com/5979060100/G3TqChUz3?refer_flag=1001030103_
污染; 2018-02-19; 1; 10,101,#中华人民共和国水污染防治法#第五十九条 船舶排放含油污水、生活污水，应当符合船舶污染物排放标准。从事海洋航运的船舶进入内河和港口的，应当遵守内河的船舶污染物排放标准。  船舶的残油、废油应当回收，禁止排入水体。  禁止向水体倾倒船舶垃圾。  船舶装载运输油类或者有毒货物，应当 ​			...展开全文c,枣庄环保,//weibo.com/3587107225/G3TqzjcTl?refer_flag=1001030103_
污染; 2018-02-19; 1; 10,102,		【白开水也有保质期】很多家庭会在夏天准备个大玻璃杯凉白开水，认为这样卫生、方便。但夏季天热，空气湿度高，细菌繁殖快，凉白开放置时间不宜过长。无论常温或冷藏条件下，都不要超过2天，最好当天喝完。敞口放置时，要放在周围环境干净的地方，以免被污染。此外，切忌把放凉的水重新加热饮用。 ​		,沉鱼明亮思咏思,//weibo.com/6122595794/G3Tqu09WR?refer_flag=1001030103_
污染; 2018-02-19; 1; 10,103,		大年间的北京胡同（8）：2018年2月19日晚，多云间晴，6～-2度，东北风，微风，重度污染，手机拍于南锣鼓巷，东城区，北京。#随手拍# ​​​ http://t.cn/RYazyqq ​		,淡蓝色的心情,//weibo.com/68468794/G3TqsxpTo?refer_flag=1001030103_
污染; 2018-02-19; 1; 10,104,		【白开水也有保质期】很多家庭会在夏天准备个大玻璃杯凉白开水，认为这样卫生、方便。但夏季天热，空气湿度高，细菌繁殖快，凉白开放置时间不宜过长。无论常温或冷藏条件下，都不要超过2天，最好当天喝完。敞口放置时，要放在周围环境干净的地方，以免被污染。此外，切忌把放凉的水重新加热饮用。 ​		,思想词汇悲痛,//weibo.com/5941545503/G3TqsypSF?refer_flag=1001030103_
污染; 2018-02-19; 1; 10,105,		诽谤别[moc晚安]人，就像是含血喷人，先污染了自己的嘴巴。 ​		,农村滴娃拽不孤单,//weibo.com/5795235223/G3Tq0t4pP?refer_flag=1001030103_
污染; 2018-02-19; 1; 10,106,		这种鱼在我们老家称为“旁普辣”，学名叫“盖斑斗鱼”也叫“中国斗鱼”，小时候常在乡间小溪捞得到，也许是水质污染等原因吧，现在野外已经很难看到了。这次回老家我准备带几条到重庆养起。 http://t.cn/Rxgu7uy ​		,陈良辉,//weibo.com/1900867061/G3TpZkgeF?refer_flag=1001030103_
污染; 2018-02-19; 1; 10,107,		大年间的北京胡同（7）：2018年2月19日晚，多云间晴，6～-2度，东北风，微风，重度污染，手机拍于南锣鼓巷，东城区，北京。#随手拍# http://t.cn/RYazyqq ​		,淡蓝色的心情,//weibo.com/68468794/G3TpZh6gl?refer_flag=1001030103_
污染; 2018-02-19; 1; 10,108,		显然5000年的历史文化 或者说化学污染 存在几千个授时系统 在天文时差与地理空间做统一的判断 保存信息的方式 记录的方式包括山海经等等。 ​		,有机会吧充电头盖盖兔,//weibo.com/1900135997/G3TpRCyZk?refer_flag=1001030103_
污染; 2018-02-19; 1; 10,109,@TFBOYS-王源 @TFBOYS-王源 @TFBOYS-王源 @TFBOYS-王源 @TFBOYS-王源 @TFBOYS-王源 @TFBOYS-王源 @TFBOYS-王源 @TFBOYS-王源 @TFBOYS-王源 @TFBOYS-王源 @TFBOYS-王源  不要让脏东西，污染了你的眼睛		,斓翾,//weibo.com/2708813413/G3T6DD0lo?refer_flag=1001030103_
污染; 2018-02-19; 1; 10,110,	  宝贝儿今天那个不是你的粉丝，你的粉丝都有认真提意见讲道理【虽然wt一直在道歉从来不改正】，但是该做的还是咬着牙乖乖做了，你用心的节目一定会收视长虹口碑爆棚的你是我最厉害的大明星@TFBOYS-王源 ​	,NA,//weibo.com/5508014514/G3TpLnZge?refer_flag=1001030103_
污染; 2018-02-19; 1; 10,111,		【当父母对孩子的“喜怒无常”头痛不已时，也要低头看看自己了】是不是因为自己在工作、家庭等等遇到困难，带来的坏情绪间接地影响到宝宝，造成了孩子心灵上的“污染”，让他们也逐渐喜怒不定。如果是这样，爸爸妈妈们需要学着在宝宝面前控制自己的坏脾气，尽量冷静后再面对孩子。 ​		,史探御史,//weibo.com/5828043576/G3Tru5kWg?refer_flag=1001030103_
污染; 2018-02-19; 1; 10,112,#中国赞#【世界卫生组织9条防癌提示】①不吃熏腌制食物。②不吃过热过硬、过焦过咸的食物，不喝过烫的水。③不吃发霉粮食及制品。④不用洗衣粉擦洗餐具、茶具或食物。⑤吃饭不要过饱，控制肉类的摄入量。⑥不吃被农药污染的蔬果。⑦不酗酒。⑧不吸烟。⑨每天开窗1至2小时。 ​		,yuzutita,//weibo.com/2022303171/G3TrteD4W?refer_flag=1001030103_
污染; 2018-02-19; 1; 10,113,		大年间的北京胡同（11）：2018年2月19日晚，多云间晴，6～-2度，东北风，微风，重度污染，手机拍于南锣鼓巷，东城区，北京。#随手拍# ​​​ http://t.cn/RYazyqq ​		,淡蓝色的心情,//weibo.com/68468794/G3Trpmeym?refer_flag=1001030103_
污染; 2018-02-19; 1; 10,114,		大年间的北京胡同（10）：2018年2月19日晚，多云间晴，6～-2度，东北风，微风，重度污染，手机拍于南锣鼓巷，东城区，北京。#随手拍# ​​​ http://t.cn/RYazyqq ​		,淡蓝色的心情,//weibo.com/68468794/G3Tr68wfN?refer_flag=1001030103_
污染; 2018-02-19; 1; 10,115,		你们这些咖啡乐不清真，污染了清真害的清真人破了功上不了天堂可不得了，宗教局真是为“人民”服务呀。//@中科大胡不归: 牛牛牛		,曾不如,//weibo.com/5628164586/G3PMWapCT?refer_flag=1001030103_
污染; 2018-02-19; 1; 10,116,	  西宁市夏都大道上的。水源国际洗浴。工作人员说这是清真的洗浴中心。说是受到宗教局的通知。咱们藏族的，和尚活佛。穿红袍的。一律不得在这里洗浴。。2018-02-18我们被拒绝在门口的时候非常非常的尴尬。希望大家，都转发一下免得大家被拒绝在门口。很尴尬转发 直接不要去 ​	,NA,//weibo.com/5299570171/G3Tr0f6Oe?refer_flag=1001030103_
污染; 2018-02-19; 1; 10,117,		【苏梅岛】想象你此刻正拥有你一个苏梅岛的下午，抛开生活的压力，远离污染的空气，来到这里享受蓝天白云，享受一望无际的大海。那是多么惬意闲适的时光~ ​		,灭火器2772,//weibo.com/6368208338/G3TqXhwEp?refer_flag=1001030103_
污染; 2018-02-19; 1; 10,118,		前日回民街钟鼓楼西安城墙西安夜景很美，白天根本没有蓝天，感觉雾霾污染比北京还严重 ​		,是王馨怡啊,//weibo.com/1844503611/G3TqW6B3M?refer_flag=1001030103_
污染; 2018-02-19; 1; 10,119,		大年间的北京胡同（9）：2018年2月19日晚，多云间晴，6～-2度，东北风，微风，重度污染，手机拍于南锣鼓巷，东城区，北京。#随手拍# ​​​ http://t.cn/RYazyqq ​		,淡蓝色的心情,//weibo.com/68468794/G3TqM6Rp5?refer_flag=1001030103_
污染; 2018-02-19; 1; 10,120,"#LIKE音乐魔法滤镜#2.0,有利于空气污染物稀释、扩散和清除，可在室外正常活动。，穿衣指数:		",yaoyao361990,//weibo.com/6351141733/G3FOwAgAT?refer_flag=1001030103_
污染; 2018-02-19; 1; 10,121,	  【转发抽iPhone X】LIKE短视频首创#LIKE音乐魔法滤镜#瞬间神穿越到酷炫舞台！自拍效果酷到爆！各大应用市场搜“LIKE短视频”立刻体验！ http://t.cn/RR3Orii ←猛戳下载更有数万红包等你来！ http://t.cn/RRB7JZW ​	,NA,//weibo.com/5979060100/G3TqChUz3?refer_flag=1001030103_
污染; 2018-02-19; 1; 10,122,#中华人民共和国水污染防治法#第五十九条 船舶排放含油污水、生活污水，应当符合船舶污染物排放标准。从事海洋航运的船舶进入内河和港口的，应当遵守内河的船舶污染物排放标准。  船舶的残油、废油应当回收，禁止排入水体。  禁止向水体倾倒船舶垃圾。  船舶装载运输油类或者有毒货物，应当 ​			...展开全文c,枣庄环保,//weibo.com/3587107225/G3TqzjcTl?refer_flag=1001030103_
污染; 2018-02-19; 1; 10,123,		【白开水也有保质期】很多家庭会在夏天准备个大玻璃杯凉白开水，认为这样卫生、方便。但夏季天热，空气湿度高，细菌繁殖快，凉白开放置时间不宜过长。无论常温或冷藏条件下，都不要超过2天，最好当天喝完。敞口放置时，要放在周围环境干净的地方，以免被污染。此外，切忌把放凉的水重新加热饮用。 ​		,沉鱼明亮思咏思,//weibo.com/6122595794/G3Tqu09WR?refer_flag=1001030103_
污染; 2018-02-19; 1; 10,124,		大年间的北京胡同（8）：2018年2月19日晚，多云间晴，6～-2度，东北风，微风，重度污染，手机拍于南锣鼓巷，东城区，北京。#随手拍# ​​​ http://t.cn/RYazyqq ​		,淡蓝色的心情,//weibo.com/68468794/G3TqsxpTo?refer_flag=1001030103_
污染; 2018-02-19; 1; 10,125,		【白开水也有保质期】很多家庭会在夏天准备个大玻璃杯凉白开水，认为这样卫生、方便。但夏季天热，空气湿度高，细菌繁殖快，凉白开放置时间不宜过长。无论常温或冷藏条件下，都不要超过2天，最好当天喝完。敞口放置时，要放在周围环境干净的地方，以免被污染。此外，切忌把放凉的水重新加热饮用。 ​		,思想词汇悲痛,//weibo.com/5941545503/G3TqsypSF?refer_flag=1001030103_
污染; 2018-02-19; 1; 10,126,		诽谤别[moc晚安]人，就像是含血喷人，先污染了自己的嘴巴。 ​		,农村滴娃拽不孤单,//weibo.com/5795235223/G3Tq0t4pP?refer_flag=1001030103_
污染; 2018-02-19; 1; 10,127,		这种鱼在我们老家称为“旁普辣”，学名叫“盖斑斗鱼”也叫“中国斗鱼”，小时候常在乡间小溪捞得到，也许是水质污染等原因吧，现在野外已经很难看到了。这次回老家我准备带几条到重庆养起。 http://t.cn/Rxgu7uy ​		,陈良辉,//weibo.com/1900867061/G3TpZkgeF?refer_flag=1001030103_
污染; 2018-02-19; 1; 10,128,		大年间的北京胡同（7）：2018年2月19日晚，多云间晴，6～-2度，东北风，微风，重度污染，手机拍于南锣鼓巷，东城区，北京。#随手拍# http://t.cn/RYazyqq ​		,淡蓝色的心情,//weibo.com/68468794/G3TpZh6gl?refer_flag=1001030103_
污染; 2018-02-19; 1; 10,129,		显然5000年的历史文化 或者说化学污染 存在几千个授时系统 在天文时差与地理空间做统一的判断 保存信息的方式 记录的方式包括山海经等等。 ​		,有机会吧充电头盖盖兔,//weibo.com/1900135997/G3TpRCyZk?refer_flag=1001030103_
污染; 2018-02-19; 1; 10,130,@TFBOYS-王源 @TFBOYS-王源 @TFBOYS-王源 @TFBOYS-王源 @TFBOYS-王源 @TFBOYS-王源 @TFBOYS-王源 @TFBOYS-王源 @TFBOYS-王源 @TFBOYS-王源 @TFBOYS-王源 @TFBOYS-王源  不要让脏东西，污染了你的眼睛		,斓翾,//weibo.com/2708813413/G3T6DD0lo?refer_flag=1001030103_
污染; 2018-02-19; 1; 10,131,	  宝贝儿今天那个不是你的粉丝，你的粉丝都有认真提意见讲道理【虽然wt一直在道歉从来不改正】，但是该做的还是咬着牙乖乖做了，你用心的节目一定会收视长虹口碑爆棚的你是我最厉害的大明星@TFBOYS-王源 ​	,NA,//weibo.com/5508014514/G3TpLnZge?refer_flag=1001030103_
污染; 2018-02-19; 1; 10,132,		1Y7M4D，大年初四，在家宅一天。污染没出门，下午睡醒实在无聊，看甄嬛传，一边看一边吃零食，依依和我一起，她爹都无语了#依依的二十四节气#依依的日常記錄2.19 周一 1岁7个月零4天			...展开全文c,依依的碎碎念,//weibo.com/5943626541/G3TkYsMHP?refer_flag=1001030103_
污染; 2018-02-19; 1; 10,133,		单一的化学污染用来还原单一的物理属性，复杂的物理属性往往是复杂的化学氧化现象。 ​		,有机会吧充电头盖盖兔,//weibo.com/1900135997/G3TkXgU6D?refer_flag=1001030103_
污染; 2018-02-19; 1; 10,134,		小时前刚刚从树上摘下的洋槐花，加上鸡蛋清炒一下，清香无比。绝对的绿色无污染，无农药，无化肥，纯天然，超新鲜。 ​		,钱靖然,//weibo.com/3910399302/G3TkToK9j?refer_flag=1001030103_
污染; 2018-02-19; 1; 10,135,		这大半夜的真的够了 明明应该是美好而安静夜晚。却独独变成了你自己放烟花的时间。现在23:10分。你分三次放了你的烟花。朋友：你这不单单只是在半夜扰民啊！还有你想过空气污染吗……过年的气氛我们可以接受，但现在有道德问题了朋友。半夜啊半夜......什么都不想说了 http://t.cn/z85wpyC ​			...展开全文c,lj739616959,//weibo.com/1591675491/G3TkPz942?refer_flag=1001030103_
污染; 2018-02-19; 1; 10,136,		【千万注意：七个坏习惯加快衰老】1、轻易发怒会令人产生皱纹。2、疲于奔命令面容憔悴。3、暴肥暴瘦令皮肤失去弹性松弛，甚至产生皱纹。4、吸烟令皮肤变黄变灰。5、大量饮酒或经常饮酒，会令皮肤发红肿胀。6、摄入污染食品令人早衰。7、防晒不足伤害皮肤。 ​		,舞扬_S容,//weibo.com/5926616985/G3TkujSll?refer_flag=1001030103_
污染; 2018-02-19; 1; 10,137,		当然 光环 也属于化学污染的静态特征 ​		,有机会吧充电头盖盖兔,//weibo.com/1900135997/G3Tkd85yw?refer_flag=1001030103_
污染; 2018-02-19; 1; 10,138,@青岛城阳发布@城阳区妇联@青岛城阳发布@城阳区人力资源和社会保障局@城阳共青团@青岛发布@青岛政府法制@青岛晚报@青岛早报@青岛新闻网请青岛市针对江歌案件中的刘鑫@刘鑫6_6 严惩，颠倒黑白忘恩负义，有辱青岛市民的美德，不要让一个刘鑫污染了整个青岛的好印象，世人一提刘鑫就知道		,烟雨悠然123,//weibo.com/2860907554/G00SZ8qNq?refer_flag=1001030103_
污染; 2018-02-19; 1; 10,139,	  日本媒体恳请青岛市政府制止刘鑫侮辱江歌妈妈-关西华文时报http://t.cn/RQdoJ03（上#秒拍#看我的最新短视频，下载秒拍->http://t.cn/Rjc3iXC） ​	,NA,//weibo.com/6425126223/G3Tk7gr0w?refer_flag=1001030103_
污染; 2018-02-19; 1; 10,140,		小丑哥.【车内气味有学问】不仅是坐在车上会晕，很多人严重到只要闻到汽油味就会头晕恶心，再加上汽车内饰隐隐散发的甲醛味，浑浊的车内空气让身处其中的晕车者无处可逃。要解决这个问题，推荐各位车主使用是比较传统安全的活性炭包，活性炭会吸附空气中的有机化合物，不会产生二次污染。 ​		,妃________小新,//weibo.com/5696397791/G3Tk5auRX?refer_flag=1001030103_
污染; 2018-02-19; 1; 10,141,		造纸污染挺大…墨水浪费不少…		,东北人的鬼子爹,//weibo.com/3217459400/G3TdzyoNZ?refer_flag=1001030103_
污染; 2018-02-19; 1; 10,142,	  这个女人号称中国书法界的皇后，自创了一套独特的书法字体！ http://t.cn/RRDvMUx ​	,NA,//weibo.com/6403540209/G3TjZ1jMx?refer_flag=1001030103_
污染; 2018-02-19; 1; 10,143,		对不起大家污染眼球了//@我的朴橘貓先生:？？？我走了 以后没自拍了//@淇洛的小姐姐吃着土豆鸡翅爆米花:对不起首页再也不发了//@-MINMINA-:我發自拍經常被罵惹//@Spoilt_95:对不起..//@三百八十四:对不起//@霍格沃茨年级第一:打扰了//@歌且行风长吟:溜了溜了只会掉粉吧		,-牛奶软糖-,//weibo.com/2708102902/G3RNSsJxY?refer_flag=1001030103_
污染; 2018-02-19; 1; 10,144,	  🙊发自拍有人转才是真的好看 ​	,NA,//weibo.com/6441261171/G3TjR14ai?refer_flag=1001030103_
污染; 2018-02-19; 1; 10,145,		【眼药水开瓶4周就得扔】眼药水的“保鲜期”只有4周。眼科医生提醒，眼药水包装上的保质期通常指未开封的状态，一旦开封使用，如4周内未用完，应立即丢弃。眼药水开封后，保存环境发生了改变，药效会逐渐减弱；在使用时药液还可能被空气中的微生物污染，带来健康隐患。 ​		,花瓣气愤长,//weibo.com/6148511078/G3TjPuE2m?refer_flag=1001030103_
污染; 2018-02-19; 1; 10,146,		【当父母对孩子的“喜怒无常”头痛不已时，也要低头看看自己了】是不是因为自己在工作、家庭等等遇到困难，带来的坏情绪间接地影响到宝宝，造成了孩子心灵上的“污染”，让他们也逐渐喜怒不定。如果是这样，爸爸妈妈们需要学着在宝宝面前控制自己的坏脾气，尽量冷静后再面对孩子。 ​		,芸萱YX,//weibo.com/3195588497/G3TjMfrui?refer_flag=1001030103_
污染; 2018-02-19; 1; 10,147,"		天气预报//@德州环境:2月19日，扩散条件转好，预计，鲁西北西部，鲁西南以中重度污染为主，其他地区以良为主,，首要污染物为PM2.5.		",齐河环境,//weibo.com/3354394424/G3ujagEBw?refer_flag=1001030103_
污染; 2018-02-19; 1; 10,148,	  【山东：发布环境空气质量形势预报】 污染过程提示：2月17日～2月19日，湿度较大，扩散条件较不利，我省中西部城市会有一次中至重度污染过程。请注意出行安全并注意防护。 http://t.cn/RRmIUyz ​	,NA,//weibo.com/3716316921/G3TjEyfau?refer_flag=1001030103_
污染; 2018-02-19; 1; 10,149,"		呛得没法睡觉时,才知道空气污染的严重性。@沈阳环保 @辽宁环保 ​		",Elfie-,//weibo.com/3956476804/G3TjzyoRc?refer_flag=1001030103_
污染; 2018-02-19; 1; 10,150,#新时代e起说##淮安天气##每日能见度##空气质量# 雾来啦，空气质量：轻度污染，注意防护哦～晚安 ​		,淮安气象,//weibo.com/2392909680/G3TjypGE6?refer_flag=1001030103_
污染; 2018-02-19; 1; 10,151,		德州市决定2月19日10时发布重污染天气黄色预警，同步启动Ⅲ级应急响应//@德州环境:德州市决定2月19日10时发布重污染天气黄色预警，同步启动Ⅲ级应急响应		,齐河环境,//weibo.com/3577025333/G3OchvkuM?refer_flag=1001030103_
污染; 2018-02-19; 1; 10,152,	  发布了头条文章：《2月19日10时我市启动重污染天气Ⅲ级应急响应》 http://t.cn/RRd8ECH ​	,NA,//weibo.com/3716316921/G3Tjpd6X7?refer_flag=1001030103_
污染; 2018-02-19; 1; 10,153,"		速度,点图看获取方式【车内空气成购车重点考虑因素】车内的空气质量和车内污染问题近年来受到各界严重关注，而对其存在的普遍性以及危害普通大众也有了基本的认知。在近日召开的第二届车内环境发展论坛上，国家环保部相关负责人表示，车内空气质量标准是国家环保部重点修订的标准，目前标准修订 ​			...展开全文c",用户6053740680,//weibo.com/6053740680/G3TjjCZ7m?refer_flag=1001030103_
污染; 2018-02-19; 1; 10,154,		我已经好友圈了！大家劝删，或者劝好友圈，都是对的！态度也好，都没骂（谢谢）！挺好，以后都这样，真的好！以前要是也这样就好了！记得好多人笑什么“省略原”什么的，那个杀伤力比“吃瓜”大多了吧？那次生生的让后面的献花被污染了。所以，大家应该是做到了引以为戒了吧？所以以后不会再轻易拿着自 ​			...展开全文c,你属于舞台,//weibo.com/2210195020/G3TjhyhYi?refer_flag=1001030103_
污染; 2018-02-19; 1; 10,155,		//@白羽的微博://@李德群:文化阵线的博弈想象不到得激烈！中国小伙娶黑人，不是和战狼一个套路么？！宣传这个的用心很险恶！！！基因污染是不可逆的，要是中国人大量和黑人通婚，那就完了！！！		,哥特复兴仅此而已,//weibo.com/3153669072/G3hsie5zi?refer_flag=1001030103_
污染; 2018-02-19; 1; 10,156,！！圾垃，晚春视央 ​	,NA,//weibo.com/6154579382/G3TjhxBoe?refer_flag=1001030103_
污染; 2018-02-19; 1; 10,157,		【角质层过厚】白天出门，肌肤与室外环境亲密接触。汗水的侵蚀、附着在脸上的粉尘、环境的污染会加重毛孔的负担，同时角质也会变厚、加速老化。如果睡前没有得到彻底清理，不仅会导致整夜排油不畅，还会成为粉刺、暗疮滋生的温床。 ​		,钮贤爷钮,//weibo.com/6001785808/G3TjgBQN4?refer_flag=1001030103_
污染; 2018-02-19; 1; 10,158,"		//@滨州环保:空气质量形势预报。//@山东环境:2月18日，扩散条件一般,污染物持续累积，预计，鲁西北西部，鲁中西部，鲁西南以中重度污染为主，其他地区以良轻度污染为主，首要污染物为PM2.5。		",湖光山色一城山色,//weibo.com/3354394424/G3ujagEBw?refer_flag=1001030103_
污染; 2018-02-19; 1; 10,159,	  【山东：发布环境空气质量形势预报】 污染过程提示：2月17日～2月19日，湿度较大，扩散条件较不利，我省中西部城市会有一次中至重度污染过程。请注意出行安全并注意防护。 http://t.cn/RRmIUyz ​	,NA,//weibo.com/5189955772/G3Tj9gAir?refer_flag=1001030103_
污染; 2018-02-19; 1; 10,160,@你的声音豆国听 @纳豆nado 污染曲库不知道发微博啊，心痛左边的朋友们，右边的朋友们一首消愁http://t.cn/RReszBC ​		,b考古队员,//weibo.com/5953262847/G3Tj8DW3i?refer_flag=1001030103_
污染; 2018-02-19; 1; 10,161,		【茼蒿营养价值高】茼蒿富含矿物质、胡萝卜素、蛋白质、膳食纤维、维生素C等，污染轻，营养丰，高水分，低热能。茼蒿食用部分为幼嫩茎叶，味道清香，可凉拌，也可荤素炒食，烧豆腐、做汤、做馅等，秋冬涮火锅食用也别具风味。 ​		,小马3117799014,//weibo.com/3117799014/G3Tj578RI?refer_flag=1001030103_
污染; 2018-02-19; 1; 10,162,		坐花花轿么@云水全真王信皓 @虫二斋全进轩 @黑色污染十点钟 @天印山下小黄耳,二五全真,//weibo.com/3195295073/FB8cCw31e?refer_flag=1001030103_
污染; 2018-02-19; 1; 10,163,	  豫剧-抬花轿-送欢乐啦~~ 这词，我太服气啦！ http://t.cn/RHZsbxN ​	,NA,//weibo.com/5267574433/G3Tj3EdAZ?refer_flag=1001030103_
污染; 2018-02-19; 1; 10,164,//@德州环境:2017年9月26日，省政府办公厅印发我省落实国家攻坚方案的实施细则，明确11项31条具体任务措施，将重点任务分解到各市、各部门；9月27日，省政府召开全省#秋冬季大气污染综合治理攻坚行动#电视会议，对相关工作作出具体部署。		,齐河环境,//weibo.com/3354394424/G3OknxxWA?refer_flag=1001030103_
污染; 2018-02-19; 1; 10,165,	  【谋篇布局、综合施策，深化改革、创新方法，结构调整，动能转换——美丽山东脚步铿锵】http://t.cn/RRduFwx ​	,NA,//weibo.com/3716316921/G3Tj0r8Y7?refer_flag=1001030103_
污染; 2018-02-19; 1; 10,166,		真美真俊，喜欢这种圆圆的可爱的美女纯天然无污染哈哈哈		,狐狸晶-早,//weibo.com/1317718945/G3S0cF2zk?refer_flag=1001030103_
污染; 2018-02-19; 1; 10,167,	  我心里头 有个梦 http://t.cn/RRe0EDg ​	,NA,//weibo.com/2100657022/G3TiZuKGX?refer_flag=1001030103_
污染; 2018-02-19; 1; 10,168,#权志龙# //@DragonKnight_G字反黑组:广场被污染，大家转赞评好的微博上精选，点赞评论转发这条,意中人权志龙,//weibo.com/2667414910/G3OeUADYX?refer_flag=1001030103_
污染; 2018-02-19; 1; 10,169,#权志龙##鸡涌是宝宝# 一笑就是小括弧心都酥了真是乖崽崽啊又是只爱你的一天@GDRAGON_OFFICIAL ​	,NA,//weibo.com/5533262961/G3TiT2iTg?refer_flag=1001030103_
污染; 2018-02-19; 1; 10,170,#鬼畜#来自小哥哥的视觉污染 ​		,刘叶藏,//weibo.com/6203328914/G3TiOi8mu?refer_flag=1001030103_
污染; 2018-02-19; 1; 10,171,		【孕妇吃海鲜是有何忌讳？】1、怀孕早期，螃蟹坚决不能吃。2、海鲜一定要吃熟的，万不可吃生海鲜。3、不要吃受污染（汞污染）的海产品。4、孕妇吃虾后若没有不良反映，如过敏、腹痛，就没有问题。虾钙含量高，孕期适量吃虾或虾皮可以补充钙、锌等微量元素，促进幼儿的生长。 ​		,殷筱莎莎军,//weibo.com/3042122034/G3TiGkk9e?refer_flag=1001030103_
污染; 2018-02-19; 1; 10,172,		不法的行为污染水流，不公的判决污染的是水源。		,草叶枯黄之时,//weibo.com/5814163745/G3SIvv44l?refer_flag=1001030103_
污染; 2018-02-19; 1; 10,173,	  分享图片 ​	,NA,//weibo.com/2785719630/G3Tiy4omc?refer_flag=1001030103_
污染; 2018-02-19; 1; 10,174,#恋与制作人# 半初始号 朋友觉得累了 不想玩了 有一张SSR的李泽言 16张SR 有练度 贱卖 详情私信或评论 不会找回的那种 安卓号 有兴趣联系 污染tag抱歉 ​		,伍音yuuki,//weibo.com/1908480891/G3Tio2nSW?refer_flag=1001030103_
污染; 2018-02-19; 1; 10,175,		学好千日不足，学坏一日有余，这个大环境下不想奢求什么，只希望不要去污染清净之地我就满足了//@七杀剑:玩游戏是要寻找快乐……只要不说太变态的游戏我不会开挂。		,露露緹耶,//weibo.com/1993480993/G3SUE8Jvy?refer_flag=1001030103_
污染; 2018-02-19; 1; 10,176,	  “小舅，为啥我那个星露谷物语好多都是我看不懂的英文啊？”“因为你的那个是盗版啊。”“诶？玩游戏要花钱吗？”“当然要花钱，这是对原作者的尊重和支持。”“可我现在就想玩啊？”于是我买了个正版星露谷物语，Steam版。“记住，游戏要玩正版。”		...展开全文c,NA,//weibo.com/5246113005/G3Timfgb7?refer_flag=1001030103_
污染; 2018-02-19; 1; 10,177,		【溏心鸡蛋好不好】溏心鸡蛋的口感让很多人着迷，但这种吃法好吗？鸡蛋易受细菌污染，常见的致病菌是沙门氏菌。鸡蛋制品加热到71℃以上后，沙门氏菌基本被剿灭，蛋黄也凝固了，但如果蛋黄处于“溏心”状态，就无法有效灭菌。 ​		,Q8AUK52MBK423,//weibo.com/6130970564/G3TicqR5W?refer_flag=1001030103_
污染; 2018-02-19; 1; 10,178,		在江汉平原的小城镇上，凡有河渠沟汊的地方，一定随处可见任意倾倒和丢放的生活垃圾，以及任意排泄的生活污水。是以如何在城镇化的过程中同步解决环境污染问题，是中国社会转型面临的另一巨大挑战！ ​		,秦前红,//weibo.com/1921998711/G3TibjSge?refer_flag=1001030103_
污染; 2018-02-19; 1; 10,179,		真心的见不了王源受一点委屈为什么善良的小朋友总是要被外界不好的东西污染，真的，欺负他的都去您妈mmp的吧 ​		,玩具卡不给你吃鱼,//weibo.com/6131044390/G3Ti557Gt?refer_flag=1001030103_
污染; 2018-02-19; 1; 10,180,		古代印地安人有一句谚语说得非常好#环境时评# 「只有等到最后一棵树被砍倒、最后一条鱼被补捞、最后一条河被污染被污染之后，我们才会明白，钱是不能拿来吃的！#环境# ​		,kindness·先生,//weibo.com/5546833630/G3ThZd3gB?refer_flag=1001030103_
污染; 2018-02-19; 1; 10,181,#晚安大邑#【春节天气趋势】2月20日～21日成都市受弱冷空气影响，以多云到阴的天气为主，有一次弱降雨及降温天气过程， 20-21日，日平均气温有所下降；总体上，春节期间平均气温较历史同期正常略偏高，降水量正常。空气污染扩散条件中等。@成都气象 ​		,大邑服务,//weibo.com/3961503136/G3ThUpLbk?refer_flag=1001030103_
污染; 2018-02-19; 1; 10,182,		更好看。因为无论什么美食都离不开器。器是美食的伴侣。第五代没有甲醛化学污染食品级不锈钢橱柜没有甲醛释放没有化学污染做饭才更香甜。		,上海镀晶实业有限公司,//weibo.com/2286908003/G3RXUe5EK?refer_flag=1001030103_
污染; 2018-02-19; 1; 10,183,	  【舌尖第三季今晚八点开播 】刀、锅、灶、笼、案、坛……从厨具到餐具，中国人发展出了独特的工具智慧和审美意识。今晚八点，《舌尖上的中国》第三季开播，小板凳准备好了吗？@舌尖上的中国 http://t.cn/RRg757U ​	,NA,//weibo.com/3097410384/G3ThSo6OF?refer_flag=1001030103_
污染; 2018-02-19; 1; 10,184,		我的小天使啊，希望你永远不要被世俗伤害或者污染，有什么事姆妈会替你扛着的，小天使快去睡觉吧晚安哦~		,凯风自源,//weibo.com/5180614689/G3SRJye5S?refer_flag=1001030103_
污染; 2018-02-19; 1; 10,185,#王源# #王源王牌对王牌# @TFBOYS-王源 你的付出不会白费 遮住你的眼睛早点睡 ​	,NA,//weibo.com/5674193022/G3ThRwlnu?refer_flag=1001030103_
污染; 2018-02-19; 1; 10,186,		【茼蒿营养价值高】茼蒿富含矿物质、胡萝卜素、蛋白质、膳食纤维、维生素C等，污染轻，营养丰，高水分，低热能。茼蒿食用部分为幼嫩茎叶，味道清香，可凉拌，也可荤素炒食，烧豆腐、做汤、做馅等，秋冬涮火锅食用也别具风味。 ​		,剑气荡长空3431,//weibo.com/1959683401/G3ThLjxIe?refer_flag=1001030103_
污染; 2018-02-19; 1; 10,187,"		//@山东环境:2月19日，扩散条件转好,预计,鲁西北西部,鲁西南以中重度污染为主,其他地区以良为主, 首要污染物为PM2.5.		",湖光山色一城山色,//weibo.com/3354394424/G3ujagEBw?refer_flag=1001030103_
污染; 2018-02-19; 1; 10,188,	  【山东：发布环境空气质量形势预报】 污染过程提示：2月17日～2月19日，湿度较大，扩散条件较不利，我省中西部城市会有一次中至重度污染过程。请注意出行安全并注意防护。 http://t.cn/RRmIUyz ​	,NA,//weibo.com/5189955772/G3ThL1TXT?refer_flag=1001030103_
污染; 2018-02-19; 1; 10,189,		在无人的角落，是思想境界的最高体现，是人格、礼仪、道德的真实一面，每个职场人士都要自觉遵守，污染环境，就是污染了你自己的人格，爱护环境，就是爱护你自己人格。 ​		,RL小娴宝_1998,//weibo.com/2178897071/G3ThEeuzX?refer_flag=1001030103_
污染; 2018-02-19; 1; 10,190,		汽车喷漆车间是一种尤为恶劣的环境，在这种情况下，灵活性和精确度至关重要。 喷漆车间通常需要不停运转和调节多种条件（包括高温、污染和危险化学品），是要求非常严苛的环境。高标准和恶劣环境与能源密集过程密切相关。 为减少排放和能耗，许多汽车制造商已将变速驱动等更多汽车解决方案整合到喷漆 ​			...展开全文c,EUAutomation,//weibo.com/6169398151/G3ThDAUEl?refer_flag=1001030103_
污染; 2018-02-19; 1; 10,191,"		山东省环境空气质量形势预报（2018年2月17日—23日）//@德州环境:2月20日，扩散条件较好,预计,鲁西南以轻度污染为主,半岛,鲁南沿海以优良为主,其他地区以良为主, 首要污染物为PM10.		",齐河环境,//weibo.com/3354394424/G3ujagEBw?refer_flag=1001030103_
污染; 2018-02-19; 1; 10,192,	  【山东：发布环境空气质量形势预报】 污染过程提示：2月17日～2月19日，湿度较大，扩散条件较不利，我省中西部城市会有一次中至重度污染过程。请注意出行安全并注意防护。 http://t.cn/RRmIUyz ​	,NA,//weibo.com/3716316921/G3Thskypt?refer_flag=1001030103_
污染; 2018-02-19; 1; 10,193,		那些人口口声声文圈文圈，感觉间接性污染到所谓文圈了，谁他妈和你文圈，你顶多是yhsq被举报圈。我认识的那些人，无论讨厌的还是喜欢的人，起码不是那样污染爱豆的。 ​		,April非夏,//weibo.com/3825870857/G3TgWbwr5?refer_flag=1001030103_
污染; 2018-02-19; 1; 10,194,		高精度的提纯与化学污染也就是传统的地理与天文。 ​		,有机会吧充电头盖盖兔,//weibo.com/1900135997/G3TgVBozB?refer_flag=1001030103_
污染; 2018-02-19; 1; 10,195,		【孕妇吃海鲜是有何忌讳？】1、怀孕早期，螃蟹坚决不能吃。2、海鲜一定要吃熟的，万不可吃生海鲜。3、不要吃受污染（汞污染）的海产品。4、孕妇吃虾后若没有不良反映，如过敏、腹痛，就没有问题。虾钙含量高，孕期适量吃虾或虾皮可以补充钙、锌等微量元素，促进幼儿的生长。 ​		,微小思元伤感短,//weibo.com/6112573835/G3TgVyylc?refer_flag=1001030103_
污染; 2018-02-19; 1; 10,196,		【电脑族对抗辐射的食物】1、黑芝麻增加细胞免疫，抵抗辐射；2、西红柿减少皮肤辐射损伤，并可以祛斑美白；3、辣椒保护细胞的DNA不受辐射破坏；4、紫菜含硒能抗辐射、抗突变、抗氧化；5、绿茶减轻辐射对人体的不良影响；6、绿豆有助于排泄体内毒物，有效抵抗各种污染，包括电磁污染。 ​		,奢侈品原单,//weibo.com/5967095463/G3TgUFdKx?refer_flag=1001030103_
污染; 2018-02-19; 1; 10,197, 法国污染奶粉流入中国 在线观看 朋友的姐姐 http://t.cn/RYYtFHl the k2吻戏 ​		,哑铃4202,//weibo.com/6466854788/G3TgR9rd9?refer_flag=1001030103_
污染; 2018-02-19; 1; 10,198,"		//@山东环境:2月19日，扩散条件转好，预计，鲁西北西部，鲁西南以中重度污染为主，其他地区以良为主,，首要污染物为PM2.5.		",湖光山色一城山色,//weibo.com/3354394424/G3ujagEBw?refer_flag=1001030103_
污染; 2018-02-19; 1; 10,199,	  【山东：发布环境空气质量形势预报】 污染过程提示：2月17日～2月19日，湿度较大，扩散条件较不利，我省中西部城市会有一次中至重度污染过程。请注意出行安全并注意防护。 http://t.cn/RRmIUyz ​	,NA,//weibo.com/5189955772/G3TgHmgTQ?refer_flag=1001030103_
污染; 2018-02-19; 1; 10,200,		删了艾特人那两条 留着污染眼睛 我的微博应该发好看的小哥哥小姐姐的 ​		,我的猫在哪i,//weibo.com/2397346521/G3TgColX1?refer_flag=1001030103_
