query,Post ID,Post Content,nickname,link
污染; 2018-02-19; 1; 10,1,		摩羯都是乖孩子，把自己隔离在没有污染的世界里。摩羯纯净得你想象不到，过着简单的生活。喜欢一个人是真的喜欢，可以喜欢很久很久，发现对方变得自己不认识了，摩羯会毫不犹豫的头也不回把自己从那段回忆中抽离出来。他们不是胆小鬼只是太会保护自己，太清醒了。 ​		,虚假素雅_11677,//weibo.com/6345765690/G3MCElKJI?refer_flag=1001030103_
污染; 2018-02-19; 1; 10,2,		【角质层过厚】白天出门，肌肤与室外环境亲密接触。汗水的侵蚀、附着在脸上的粉尘、环境的污染会加重毛孔的负担，同时角质也会变厚、加速老化。如果睡前没有得到彻底清理，不仅会导致整夜排油不畅，还会成为粉刺、暗疮滋生的温床。 ​		,H5RERWSIPN682,//weibo.com/6001799224/G3MCel4w4?refer_flag=1001030103_
污染; 2018-02-19; 1; 10,3,		【日照海滨公园】日照海滨公园依山傍海，浪缓滩阔，沙质细润，海水洁净，拥有7公里的黄金海岸线，是北方一流的天然海滨浴场，被有关专家誉为“中国沿海仅存未被污染的黄金海岸”。美籍华裔物理学家丁肇中先生称这里的沙滩“夏威夷所不及”。日照海滨国家森林公园位于山东省日照市北沿海路北首。 ​		,用户6448301769,//weibo.com/6448301769/G3MCdrPcw?refer_flag=1001030103_
污染; 2018-02-19; 1; 10,4,		为了降低地球环境污染，未来地球生产型企业将有可能搬至火星！网页链接 ​		,蓝鹰Pinnacle,//weibo.com/5703908556/G3MC6o3T3?refer_flag=1001030103_
污染; 2018-02-19; 1; 10,5,		发动机磨损加大：导致燃料消耗增大！就是肮脏；甚至损坏发动机；吸入的混合气过脏、更加造成曲轴箱的污染，污染滤芯…… ​		,是蜡笔小新omasd,//weibo.com/6020418244/G3MC2xrBO?refer_flag=1001030103_
污染; 2018-02-19; 1; 10,6,		2月19日白天到夜间：塔城地区北部晴间多云，东3到4级，最低气温-19到-15℃，最高气温-9到-6℃，老风口、玛依塔斯一线东风7到8级；地区南部多云有时有雾，风力3级，最低气温-12℃，最高气温-5℃。塔城地区北部空气污染气象条件预报：一级。非常有利于空气污染物稀释、扩散和清除。塔城地区南部空气污 ​			...展开全文c,塔城气象,//weibo.com/2367933594/G3MBX9fMq?refer_flag=1001030103_
污染; 2018-02-19; 1; 10,7,//@吃著麵包轉世了:回复@_MMONEYY_:問題是用他們自己的標準都對不上啊//@_MMONEYY_:标准都是人定的嘛 污染严重标准调高点就不严重了呀 穷的话标准抬高点就脱贫了嘛		,海晏河靖,//weibo.com/6460256167/G3KcZ143R?refer_flag=1001030103_
污染; 2018-02-19; 1; 10,8,	  新華社的報導和網上前幾年的數字怎麼都對不上。如果用中國的貧窮線標準，四年前只有七千萬，已經基本消滅，如果是國際標準，2.5億，那未來不止三千萬需要脫貧。貧团縣當初宣佈592個，現在變成六百多個要摘帽⋯⋯說謊能圓一點不？ ​	,NA,//weibo.com/2726200525/G3MBJ1ddq?refer_flag=1001030103_
污染; 2018-02-19; 1; 10,9,#王俊凯18岁karryon#做戏要做全套你这是低估了我的智商还是高估你的智商我不知道是因为我的心受不得一丁点污染还是因为你是我亲人发生在我眼皮底下的事怎能装作什么都不知道更糟糕的是我只能把这个无关自己的秘密憋在心里最受折磨的是连我最亲近的人都不能说			...展开全文c,丶圈圈有强迫症,//weibo.com/5774125498/G3MBb2CTA?refer_flag=1001030103_
污染; 2018-02-19; 1; 10,10,		蔬菜中的硝酸盐可被微生物还原成亚硝酸盐！会引起中毒……腌制食物在腌制过程中！孕妇更应少吃或不吃、人若进食了含有亚硝酸盐的腌制品后、赖床分子|只是想找一个安安静静爱我的好难、常被微生物污染。 |宿迁·宿迁... ​		,浪漫之美好,//weibo.com/3079324827/G3MAQ2pBZ?refer_flag=1001030103_
污染; 2018-02-19; 1; 10,11,		我的朝鲜之旅：经济相对落后，但是环境没有污染！(同步自@新浪看点)|我的朝鲜之... ​		,冬梅爱旅游,//weibo.com/6430684222/G3MAyif85?refer_flag=1001030103_
污染; 2018-02-19; 1; 10,12,		【孕妇吃海鲜是有何忌讳？】1、怀孕早期，螃蟹坚决不能吃。2、海鲜一定要吃熟的，万不可吃生海鲜。3、不要吃受污染（汞污染）的海产品。4、孕妇吃虾后若没有不良反映，如过敏、腹痛，就没有问题。虾钙含量高，孕期适量吃虾或虾皮可以补充钙、锌等微量元素，促进幼儿的生长。 ​		,宙严炜在路上,//weibo.com/282686097/G3MAsmRUE?refer_flag=1001030103_
污染; 2018-02-19; 1; 10,13,		【备孕期饮食禁忌】不止孕期，备孕期同样少不了饮食上的禁忌。为了你可以怀上健康聪明的宝宝，在孕前饮食中，你可要特别注意了哦。1、减肥要科学。2、营养摄入要均衡。3、孕前要减少吃各种腌制品，例如咸鱼、腊肉、香肠等食物。4、孕前避免食物污染。 ​		,颜肖依非同凡响,//weibo.com/6167134139/G3MAg2Q5z?refer_flag=1001030103_
污染; 2018-02-19; 1; 10,14,		【苏梅岛】想象你此刻正拥有你一个苏梅岛的下午，抛开生活的压力，远离污染的空气，来到这里享受蓝天白云，享受一望无际的大海。那是多么惬意闲适的时光~ ​		,bzengweizhe征,//weibo.com/6115477557/G3MAfpRtg?refer_flag=1001030103_
污染; 2018-02-19; 1; 10,15,#中国赞#【江西现超标“镉米”：矿山污染多年 村民曾举报未果】10月，环保志愿者田静对江西九江柴桑区丁家山村一户农民家的稻谷进行取样检测。结果显示，稻谷中的镉含量达到了1.62mg/kg。柴桑区环保局14日宣布已成立工作组进村入户调查，并收存疑似污染稻谷75206斤，待检验结果确认后，对确属污染的稻 ​			...展开全文c,刘浅浅的小团子,//weibo.com/5722886725/G3MzV3ssE?refer_flag=1001030103_
污染; 2018-02-19; 1; 10,16,		【注意：七个坏习惯加快衰老】1、轻易发怒会令人产生皱纹。2、疲于奔命令面容憔悴。3、暴肥暴瘦令皮肤失去弹性、松弛，甚至产生皱纹。4、吸烟令皮肤变黄变灰。5、大量饮酒或经常饮酒，会令皮肤发红肿胀。6、摄入污染食品令人早衰。7、防晒不足伤害皮肤。 ​		,怡馨花坊_535,//weibo.com/2097259051/G3MzOvCi7?refer_flag=1001030103_
污染; 2018-02-19; 1; 10,17,		《中国农民》或者接受先进的生产、生活、文化而随着社会一起发展，以逐渐更新的面貌与社会协调一致；或者在传统被摧毁的过程中，被落后的意识形态所裹挟、改造成为无序、无规、无德，阻碍社会发展进步的被严重污染的社会群体。它构成为我们今天这种发展模式形成的“三大透支”中，最难恢复的精神灾难。 ​		,bgz14,//weibo.com/1198710400/G3MzH70BZ?refer_flag=1001030103_
污染; 2018-02-19; 1; 10,18,		——《想少一些！供自己支配的、在这世界上永远不会被污染的爱——就是母爱、幸福就多些》，如果能忘掉时间……想少一些：把许多定义和概念抛开的话！幸福也许会多一些；不假思索、不自我定位 |杭州·桐庐... ​		,奇绝肿瘤去斑,//weibo.com/6029706999/G3MzH6793?refer_flag=1001030103_
污染; 2018-02-19; 1; 10,19,		清洁BEC410肌肤是延缓衰老头等大事我们生活的环境中的尘埃、污染和病原微生物，加上皮脂分泌和排泄油脂、汗液。这些物质都会影响皮肤的呼吸。所有只有彻底清洁皮肤，才能保持肌肤正常的新陈代谢，才能让保湿、抗衰老顺利进行，让细胞充盈和新生的成分彻底渗透到肌肤深层，才能有效提升皮肤的弹性。 ​		,十只红,//weibo.com/6427364462/G3MzzqTYY?refer_flag=1001030103_
污染; 2018-02-19; 1; 10,20,#温馨华水#【2018年2月19日06时发布】今天白天到夜里多云最高温度：11——12℃最低温度：2 —— 4℃东风风2级 轻度污染交友须带三分侠气，做人要存一点素心。			...展开全文c,华北水利水电大学学生会,//weibo.com/2360481910/G3Mz0wIo8?refer_flag=1001030103_
污染; 2018-02-19; 1; 10,21,		真的没想到英国是这般势利眼的国家，极其厌恶这种虚假的嘴脸！难怪香港变成那个样子，都被所谓的名利“污染”了！看来以后去欧洲可以躲开英国了！		,coolgayboy-2018,//weibo.com/1763137512/FFIJn3tbd?refer_flag=1001030103_
污染; 2018-02-19; 1; 10,22,	  德国和英国的对比真是可以看出很多深刻的东西。英国街上的流浪汉远比德国要多，而且几乎都是英国人；德国流浪汉基本都是外国人（很多吉普赛人）；英国对国家的宣传几乎都是围绕王室和一战（二战伊始英国并不是啥光彩的国家）；而在德国看到的希特勒展览真是让我对这个国家的自我审视刮目相看；德 ​		...展开全文c,NA,//weibo.com/1506631494/G3MyUksOw?refer_flag=1001030103_
污染; 2018-02-19; 1; 10,23,		带上自己的阳光，是一种豁达，澄澈透明，洁净无瑕敞亮的心态。人最终能够安然栖居的，是自己的心灵。心里充满阳光，纯洁的心犹如一滴清水，无论外界如何烟雨迷蒙，然我清者自清，那滴绝无污染的清水是一种精神，一种信念，令这滴水始终清凛，始终纯美。 ​		,情感芯话,//weibo.com/3126337713/G3MyTrPGV?refer_flag=1001030103_
污染; 2018-02-19; 1; 10,24,		【天气情况：晴有时多云】#早安延边#18日夜间到19日，晴有时多云；白天偏西风3～4级；全州最低气温-21℃，最高气温0℃，空气污染2级。各县（市）气温详见长微博↓↓州气象台发布。 ​		,延边发布,//weibo.com/3486040040/G3MyNwzoA?refer_flag=1001030103_
污染; 2018-02-19; 1; 10,25,		新乡，02月19日，周一，空气质量指数：101，空气质量：轻度污染。 ​		,新乡天气通,//weibo.com/5111796673/G3MyMnKGr?refer_flag=1001030103_
污染; 2018-02-19; 1; 10,26,		信阳，02月19日，周一，空气质量指数：116，空气质量：轻度污染。 ​		,信阳天气通,//weibo.com/5111804255/G3MyMpv3I?refer_flag=1001030103_
污染; 2018-02-19; 1; 10,27,"		宝宝摔倒处理有方张思莱提醒,当孩子摔在地上时,家长要首先检查孩子有没有外伤.如果皮下有血肿,可以用毛巾冷敷,促进血管收缩,以减少出血.如果皮肤有伤口,用干净纱布覆盖上先止血,保持伤口不要继续被污染.如果关节活动受限或骨骼出现问题,保持原来的姿FES619势去医院,不要自行处理。 ​		",答案小童鞋琬,//weibo.com/6438896020/G3MyfyOQn?refer_flag=1001030103_
污染; 2018-02-19; 1; 10,28,		预防出生缺陷的10个建议1.服用叶酸补充剂。2.受孕前先咨询医生。3.遗传咨询。4.戒酒。6.避免空气污染。7.降饮食。8.放松。9.病毒检测。10.避免服FES619用药物。 ​		,白羊座面角贞,//weibo.com/6439346291/G3MxEkEJy?refer_flag=1001030103_
污染; 2018-02-19; 1; 10,29,		不YBC307化妆也要擦隔离很多人只有在化妆的时候才会想起隔离霜，其实隔离霜的作用就是将皮肤和外界隔离的护肤品，使皮肤免受环境以及辐射的污染，因此，即便在不化妆的时候也要擦隔离霜，给皮肤上一层保护膜。 ​		,放屁小老鼠,//weibo.com/6422418871/G3Mxd8tFn?refer_flag=1001030103_
污染; 2018-02-19; 1; 10,30,		2017年梅州空气质量排名在广东省第3位，梅州全年空气质量为优的天气有187天，空气污染的天气有3天。2017年6月是梅州空气质量最好的一个月，空气质量全部为优。1月，11-12月，梅州空气质量相对较差，空气质量为优的天气数量较少。与2016年相比，梅州空气质量为优的天气数量在2017年有所减少，空气污 ​			...展开全文c,明眼看数,//weibo.com/5617262069/G3Mxac1sY?refer_flag=1001030103_
污染; 2018-02-19; 1; 10,31,		7；污染如斯乎。众里寻她千百度…… ​		,阮初柏,//weibo.com/2841863625/G3MwipJRi?refer_flag=1001030103_
污染; 2018-02-19; 1; 10,32,		很好，就该禁，不然空气污染多严重，噪音污染也是有的，还有放完烟花爆竹之后剩下一堆垃圾，过年吓年可以用其他声音代替啊，为什么要付出环境空气为代价 微博问答 ​		,上田春畅雨潇潇,//weibo.com/3299134705/G3MwcbQAs?refer_flag=1001030103_
污染; 2018-02-19; 1; 10,33,		【苏梅岛】想象你此刻正拥有你一个苏梅岛的下午，抛开生活的压力，远离污染的空气，来到这里享受蓝天白云，享受一望无际的大海。那是多么惬意闲适的时光~ ​		,惊吓捕捉强,//weibo.com/6346687503/G3Mw4g658?refer_flag=1001030103_
污染; 2018-02-19; 1; 10,34,#不负好时光#【苏梅岛】想象你此刻正拥有你一个苏梅岛的下午，抛开生活的压力，远离污染的空气，来到这里享受蓝天白云，享受一望无际的大海。那是多么惬意闲适的时光~ |萍乡·群益... ​		,比池塘t,//weibo.com/5123534768/G3MvY0Rvq?refer_flag=1001030103_
污染; 2018-02-19; 1; 10,35,		2017年韶关空气质量排在广东省第14位，韶关全年空气质量为优的天气又123天，空气污染38天。2017年3月和6月是韶关空气质量相对较好的月份，空气质量为优的天气数量较多。4月，5月，韶关的空气质量较差，空气质量为优的天气较少。与2016年相比，韶关空气质量为优的天气数量在2017年有所减少，空气污染 ​			...展开全文c,明眼看数,//weibo.com/5617262069/G3MvWxulH?refer_flag=1001030103_
污染; 2018-02-19; 1; 10,36,		《垃圾场与贪官》实话实说在2005年建垃圾场到现在国家补偿污染费平均每人56000元村民之今都没有北褚村村民大约1200人一共是6720万元，垃圾车往垃圾场送垃圾每车褚军田提40元每天320车每天褚军田收1万2千8百元一年就是4672万垃圾场开业到结束一共11年共计51392000元刚查出来，光卖沙1000多万，为啥不管		,暗黑向实话实说886,//weibo.com/6352574976/FipNmhPS4?refer_flag=1001030103_
污染; 2018-02-19; 1; 10,37,	  昌邑市都昌垃圾场 暗黑向实话... ​	,NA,//weibo.com/6352574976/G3MvVpQ6D?refer_flag=1001030103_
污染; 2018-02-19; 1; 10,38,		【世界卫生组织9条防癌提示】①不吃熏腌制食物。②不吃过热过硬、过焦过咸的食物，不喝过烫的水。③不吃发霉粮食及制品。④不用洗衣粉擦洗餐具、茶具或食物。⑤吃饭不要过饱，控制肉类的摄入量。⑥不吃被农药污染的蔬果。⑦不酗酒。⑧不吸烟。⑨每天开窗1至2小时。 ​		,七彩睡衣猫小类致,//weibo.com/6148765774/G3Mvo1dlR?refer_flag=1001030103_
污染; 2018-02-19; 1; 10,39,		【孕妇吃海鲜是有何忌讳？】1、怀孕早期，螃蟹坚决不能吃。2、海鲜一定要吃熟的，万不可吃生海鲜。3、不要吃受污染（汞污染）的海产品。4、孕妇吃虾后若没有不良反映，如过敏、腹痛，就没有问题。虾钙含量高，孕期适量吃虾或虾皮可以补充钙、锌等微量元素，促进幼儿的生长。 ​		,车努力_619,//weibo.com/2979343903/G3Mu52JTn?refer_flag=1001030103_
污染; 2018-02-19; 1; 10,40,		婴儿能吃蜂蜜吗 蜂蜜营养丰富，许多新妈妈也会在婴幼儿的辅食中加些蜂蜜来调节口味。不过1岁以内婴幼儿不适合食用蜂蜜。蜂蜜在酿造、运输过程中，容易受到肉毒杆菌的污染，婴儿胃肠功能较弱，肝脏的解毒功能又差，肉毒杆菌容易在肠道中繁FES619殖并产生毒素，从而引起中毒。 ​		,最棒的一定菊,//weibo.com/6446616818/G3Mu1vFK2?refer_flag=1001030103_
污染; 2018-02-19; 1; 10,41,#腾讯新闻# 河北石家庄等8市将遭中到重度污染 明天唐山等或现降雪|气象专家提... 来自@腾讯新闻客户端 ​		,梦星之泪,//weibo.com/1898272927/G3MtPEm0F?refer_flag=1001030103_
污染; 2018-02-19; 1; 10,42,		回家过年真好。腊月廿三是小年，其实不小。从这時开始人们就筹划过年的准备。经常在家的，就扫社。即把经常扫除不到的屋子顶板，高处墙面，房椽口，灶房，门窗一年积淀的灰尘清洁干净，把破损的地方修补平整，光亮，把污染的地方刷新，把床单，被套，枕套，衣服，门帘，窗帘洗得干干净净，后院粪土清运 ​		,小野人沙子006,//weibo.com/6439406380/G3Mtu67gg?refer_flag=1001030103_
污染; 2018-02-19; 1; 10,43,		室内环境污染可能是导致儿童急性白血病的主要危险因素之一，还会增加儿童哮喘的发生率，降低儿童智力。有九成GMA719以上的白血病患儿，家庭在半年内装修过。家庭装修要选购合格的装修材料，少用人造板材；儿童房的家具应以实木为主。装修后至少通风一个月再入住。入住前，最好找有资质权威机构进行检测 ​			...展开全文c,冷漠的霓虹,//weibo.com/6434411067/G3Mt3duSu?refer_flag=1001030103_
污染; 2018-02-19; 1; 10,44,		2018年2月19日5点主要城市空气污染排行(前20)：临汾417，邢台414，邯郸414，衡水402，安阳381，石家庄311，保定276，焦作235，唐山227，洛阳226，长治200，乌鲁木齐197，荆州189，锦州185，常德183，长沙182，沧州181，北京178，秦皇岛178，天津178。查看全部网页链接 ​		,中国城市空气污染排行,//weibo.com/3254816341/G3Mt1rTlC?refer_flag=1001030103_
污染; 2018-02-19; 1; 10,45,		高科技盆栽Broto，不需要土壤，也无需担心污染。Broto采用aeroponic技术，可以让花卉不需要土壤也能生存，全靠那些发光二极管来照顾植物，并且配备了一个系统可以显示植物的PH值，湿度，温度和养分。你是否也想弄一个不需要照顾的高科技盆栽呢？ ​		,LteteF佟,//weibo.com/5020089380/G3MsWExtZ?refer_flag=1001030103_
污染; 2018-02-19; 1; 10,46,		【气象预报预警】汉中市气象台2018年2月18日06时发布“未来24小时天气预报”：预计今天白天到晚上我市小雨转多云，气温山区2—9℃，平川4—10℃。未来24小时空气污染扩散气象条件较好，有利于空气污染物的稀释、扩散和清除；森林火险风险等级较高。预知最新天气信息，请拨打“12121”电话。欢迎大家关 ​			...展开全文c,汉中气象,//weibo.com/2633923033/G3MsFfZr4?refer_flag=1001030103_
污染; 2018-02-19; 1; 10,47,		【法令纹】法令纹是位在鼻翼边延伸而下的两道纹路，是典型的皮肤组织老化、造成肌肤表面凹陷的现象。 肌肤老化松弛和表情过于丰富是法令纹形成的两大原因。空气的污染、电脑手机的辐射和无规律的日常作息也会加快法令纹的产生，因此要良好解决如何除法令纹问题就要避免这些情况的发生。 ​		,昌密连1990,//weibo.com/6053177469/G3MsE3N6k?refer_flag=1001030103_
污染; 2018-02-19; 1; 10,48,		室内环境污染可能是导致儿童急性白血病的主要危险因素之一，还会增加儿童哮喘的发生率，降低儿童智力。有九成以上的白血病患儿，家庭在半年内装修过。家庭装修要选购合格的装修材料，少用人造板材；儿童房的家具应以实木为主。装修后至少通风一个月再入住。入住前，最好找有资质权威机构进行YBC307检测 ​			...展开全文c,螃蟹真的很好吃,//weibo.com/6428097122/G3MsBqwD1?refer_flag=1001030103_
污染; 2018-02-19; 1; 10,49,		【白开水也有保质期】很多人喜欢在头天晚上晾好一杯开水，第二天一早再喝。这种做法在温度不高时还可以；如气温超过30摄氏度，空气湿度又较高，细菌繁殖较快，隔夜凉开水就会失去生物活性，并且极易被污染而引起腹泻。当天烧的开水最好当天喝完。凉白开放置超过3天最好不再饮用。 ​		,hc9dfad8c,//weibo.com/2616292484/G3Msfx9rH?refer_flag=1001030103_
污染; 2018-02-19; 1; 10,50,		【备孕期饮食禁忌】不止孕期，备孕期同样少不了饮食上的禁忌。为了你可以怀上健康聪明的宝宝，在孕前饮食中，你可要特别注意了哦。1、减肥要科学。2、营养摄入要均衡。3、孕前要减少吃各种腌制品，例如咸鱼、腊肉、香肠等食物。4、孕前避免食物污染。 ​		,景LUCASTM应,//weibo.com/6106287030/G3MrXuoL1?refer_flag=1001030103_
污染; 2018-02-19; 1; 10,51,		其实正确的方法是把香氛放在凉爽……比如你放在冰箱里的黄油和牛奶等；从而造成污染，背光的地方；“香氛中的油脂成分会渗入到所有含有脂肪的物体中去：”、香氛专家MarianBendeth说 |包头·北梁... ​		,眼镜的错觉,//weibo.com/1854369413/G3MrUy9er?refer_flag=1001030103_
污染; 2018-02-19; 1; 10,52,		宝马汽车日前宣布将在美国召回45……就等于把生命交给别人，原因是上述车辆的电子自动变速箱系统存在隐患！征服世界！先污染了自己的嘴巴。生产日期为2004年8月23日至2008年7月24日期间。 ​		,喜杨杨oo,//weibo.com/2728607421/G3MrQ9pCF?refer_flag=1001030103_
污染; 2018-02-19; 1; 10,53,		【茼蒿营养价值高】茼蒿富含矿物质、胡萝卜素、蛋白质、膳食纤维、维生素C等，污染轻，营养丰，高水分，低热能。茼蒿食用部分为幼嫩茎叶，味道清香，可凉拌，也可荤素炒食，烧豆腐、做汤、做馅等，秋冬涮火锅食用也别具风味。 ​		,用户9385839770,//weibo.com/5133300915/G3MrFy397?refer_flag=1001030103_
污染; 2018-02-19; 1; 10,54,		2017年惠州空气质量排名在广东省第8位，惠州全年空气质量为优的天气有169天，空气污染的天气有18天。2017年6月是惠州空气质量最好的一个月，空气质量为优的天气数量较多，没有空气污染。1月，11-12月是惠州空气质量较差的月份，空气质量为优的天气数量较少。与2016年相比，惠州空气质量为优的天气数 ​			...展开全文c,明眼看数,//weibo.com/5617262069/G3MrtEsqF?refer_flag=1001030103_
污染; 2018-02-19; 1; 10,55,		当最孤寂的时候只想听听纯粹的声音，洗一下耳朵被当下快节奏生活的污染//@尚雯婕:这首歌，送给每一位“花木兰”		,聂刀岸聂扯靠,//weibo.com/2175582565/G3JfZ6Tht?refer_flag=1001030103_
污染; 2018-02-19; 1; 10,56,#经典咏流传# 【经典传唱人@尚雯婕 把《木兰诗》唱给你听】“朔气传金柝，寒光照铁衣！”摇滚元素融合豫剧、唢呐等民族音乐元素，尚雯婕以铿锵大气、抑扬有度的独特嗓音，向我们展现了褪去女儿情，换戎装上战场的女英雄万丈豪情，洒脱坚定敢梦敢想，完美表现出巾帼不让须眉的新时代女性形象！ ​		...展开全文c,NA,//weibo.com/5899523190/G3MrgnJKO?refer_flag=1001030103_
污染; 2018-02-19; 1; 10,57,#中国赞#【两年来北京大气污染治理投入超300亿】去年北京市级大气污染治理投入达165.6亿元，今年的预算数为182.2亿元，加上中央转移支付的金额，预计今年最终执行数在200亿元左右。今日上午，北京市环保局召开媒体见面会，介绍去年以来北京市级层面大气污染治理的资金投入情况。|两年来北京... ​		,tuzixiaojie莲丽,//weibo.com/3917403283/G3MracrVG?refer_flag=1001030103_
污染; 2018-02-19; 1; 10,58,#王俊凯18岁karryon#做戏要做全套你这是低估了我的智商还是高估你的智商我不知道是因为我的心受不得一丁点污染还是因为你是我亲人发生在我眼皮底下的事怎能装作什么都不知道更糟糕的是我只能把这个无关自己的秘密憋在心里最受折磨的是连我最亲近的人都不能说			...展开全文c,活跃的海龟soft_007,//weibo.com/5864477342/G3MqQ6FCh?refer_flag=1001030103_
污染; 2018-02-19; 1; 10,59,		蚂蚁农场的优势️💥我们有自己控股的药厂 ️💥我们用做药品的标准做食品 3️⃣💥我们是国家认可并批准的新资源食品 4️⃣💥破壁500目技术，口感细腻 5️⃣💥注册商标R标受法律保护 6️⃣💥自有种植基地:山东济宁、江苏大丰、甘肃张掖、无污染三万多亩生态农场.全球青汁行业第 ​			...展开全文c,郭大月-,//weibo.com/1112321242/G3MqnFxef?refer_flag=1001030103_
污染; 2018-02-19; 1; 10,60,		【宝宝疫苗接种完毕，应留院观察30分钟左右，若无反应出现再离开】但这不是意味着高枕无忧了，家长还需细心的观察与细致的护理，宝宝接种疫苗后，注意休息，避免剧烈活动，3天内最好不要洗澡；在家注意保护宝宝接种部位，保持清洁，以防污染物进入而引起感染；在家多给宝宝喝开水（除服脊灰糖丸外）。 ​		,花生味的糖果,//weibo.com/5057194610/G3Mqn7UzG?refer_flag=1001030103_
污染; 2018-02-19; 1; 10,61,		【世界卫生组织9条防癌提示】①不吃熏腌制食物。②不吃过热过硬、过焦过咸的食物，不喝过烫的水。③不吃发霉粮食及制品。④不用洗衣粉擦洗餐具、茶具或食物。⑤吃饭不要过饱，控制肉类的摄入量。⑥不吃被农药污染的蔬果。⑦不酗酒。⑧不吸烟。⑨每天开窗1至2小时。 ​		,始末祈祷子,//weibo.com/6343259697/G3Mqd4C6I?refer_flag=1001030103_
污染; 2018-02-19; 1; 10,62,		假若对象不是心目中的标准；如果对方一开始就没有把你放在眼中，都应该进行彻底的清洗洁面……清洗的步骤、污染越来越严重、【洗脸是日常护肤的主要步骤】现在的环境：敷脸收缩毛孔。可以同时涂上爽肤水……所以：也只能换到真心感动[呲牙] ​		,p19爱运动,//weibo.com/6365932348/G3Mq2bVjc?refer_flag=1001030103_
污染; 2018-02-19; 1; 10,63,		【宝宝疫苗接种完毕，应留院观察30分钟左右，若无反应出现再离开】但这不是意味着高枕无忧了，家长还需细心的观察与细致的护理，宝宝接种疫苗后，注意休息，避免剧烈活动，3天内最好不要洗澡；在家注意保护宝宝接种部位，保持清洁，以防污染物进入而引起感染；在家多给宝宝喝开水（除服脊灰糖丸外）。 ​		,猪-小叶狂想曲,//weibo.com/6375307808/G3Mq1Amy5?refer_flag=1001030103_
污染; 2018-02-19; 1; 10,64,		结果变成赚钱的工具：也能了悟人生真相，可以帮助我们智慧的生活，多数人都停留在生存的学习……可以分为生存的学习：结果把生活过得乱七八糟的；完成生活和生命的学习。人生的学习……在这世界上永远不会被污染的爱——就是母爱…… |衡阳·岳屏... ​		,青年意旨存量Lx,//weibo.com/6301133024/G3MpImKhR?refer_flag=1001030103_
污染; 2018-02-19; 1; 10,65,		【龙峪湾】龙峪湾位于河南省洛阳市西南165公里处伏牛山腹地的栾川县境内。这里“龙”文化荟萃，自然景观万千，四季景色秀丽，奇峰异石林谷幽深。是原始的、纯天然的、无污染的生态旅游区。观赏面积300余平方公里，已开发12个景区218景点，是河南省首家“全国文明森林公园”。 ​		,思恋沉静思永鲜,//weibo.com/6161557575/G3MpyhTHn?refer_flag=1001030103_
污染; 2018-02-19; 1; 10,66,		【龙峪湾】龙峪湾位于河南省洛阳市西南165公里处伏牛山腹地的栾川县境内。这里“龙”文化荟萃，自然景观万千，四季景色秀丽，奇峰异石林谷幽深。是原始的、纯天然的、无污染的生态旅游区。观赏面积300余平方公里，已开发12个景区218景点，是河南省首家“全国文明森林公园”。 ​		,随o心逍遥,//weibo.com/6011483322/G3Mphu4Y1?refer_flag=1001030103_
污染; 2018-02-19; 1; 10,67,		【最强排毒食物。吃了皮肤瞬间变好】 环境污染、电脑辐射、不良饮食习惯等都有可能导致人体产生各种生理垃圾，毒素长期在体内堆积，则会引发记忆力减退、面色灰黄、便秘、痔疮等系统疾病。因此，如何排毒成为不少女性关注的健康话题。其实在我们常吃的蔬菜中，就有不少具有解毒功效。 ​		,微笑向前19852011,//weibo.com/6167635822/G3MphctzD?refer_flag=1001030103_
污染; 2018-02-19; 1; 10,68,		【眼药水开瓶4周就得扔】眼药水的“保鲜期”只有4周。眼科医生提醒，眼药水包装上的保质期通常指未开封的状态，一旦开封使用，如4周内未用完，应立即丢弃。眼药水开封后，保存环境发生了改变，药效会逐渐减弱；在使用时药液还可能被空气中的微生物污染，带来健康隐患。 ​		,前后依恋彼此模,//weibo.com/6144105428/G3MoRa9ro?refer_flag=1001030103_
污染; 2018-02-19; 1; 10,69,		江西省赣州市石城县小松镇东华矿业定期排污，下游居民饮水污染严重 |界首·颍南... ​		,用户5241759066,//weibo.com/5241759066/G3MoKmdMc?refer_flag=1001030103_
污染; 2018-02-19; 1; 10,70,		【茼蒿营养价值高】茼蒿富含矿物质、胡萝卜素、蛋白质、膳食纤维、维生素C等，污染轻，营养丰，高水分，低热能。茼蒿食用部分为幼嫩茎叶，味道清香，可凉拌，也可荤素炒食，烧豆腐、做汤、做馅等，秋冬涮火锅食用也别具风味。 ​		,早早走走停停xabw,//weibo.com/2863556473/G3MoKn0MC?refer_flag=1001030103_
污染; 2018-02-19; 1; 10,71,		对了，还有某神仙得道日，菩萨生日，上天日，成佛日等等。可惜这钱了。你花大钱，得到了什么？我看，你买来的是空气污染和短寿。你烧香的目的是什么？我看到的是：解除贫困，帮助老人，照顾残疾人等等，好的倒是过了些。我除了个人问题，觉得活在 ​		,终八千,//weibo.com/6003444706/G3MoxnQvh?refer_flag=1001030103_
污染; 2018-02-19; 1; 10,72,		【法令纹】法令纹是位在鼻翼边延伸而下的两道纹路，是典型的皮肤组织老化、造成肌肤表面凹陷的现象。 肌肤老化松弛和表情过于丰富是法令纹形成的两大原因。空气的污染、电脑手机的辐射和无规律的日常作息也会加快法令纹的产生，因此要良好解决如何除法令纹问题就要避免这些情况的发生。 ​		,整洁思理_5178,//weibo.com/6343200035/G3Moiyszb?refer_flag=1001030103_
污染; 2018-02-19; 1; 10,73,"		【孩子吃水果不能代替蔬菜】很多宝宝爱吃水果,但不爱吃蔬菜,但水果不能代替蔬菜.蔬菜比一般水果含矿物盐(如钙磷钾等)多;鲜菜含维生素C,胡萝卜素等维生素也要比水果多若干倍.蔬菜的膳食纤维也比水果多.多吃蔬菜还可防便秘,并有防癌作用.多吃新鲜绿色无污染的蔬菜,吃出健康好宝宝。 ​		",樱桃小卡舟,//weibo.com/5026869066/G3MnCltx1?refer_flag=1001030103_
污染; 2018-02-19; 1; 10,74,		【雾霾居然和这个人气商品有关 还敢买来送人吗？】美国《科学》周刊近日刊登的一项研究显示：含有从石油提取化合物的日化用品，如香水、家居清洁剂、杀虫剂等，对城市空气的污染水平与机动车尾气差不多。该研究发现，在某些细微颗粒物排放指标上，日化用品大大超过了机动车尾气。|雾霾居然和... ​			...展开全文c,黑白-视野,//weibo.com/3630909730/G3MnBcZgW?refer_flag=1001030103_
污染; 2018-02-19; 1; 10,75,http://t.cn/hu9gD；什么都说：让我多睡五分钟……好音乐用语言是不能用太多不相关的话来污染的……“我什么都说！ ​		,内切治家脾虚,//weibo.com/6029383219/G3MnzlMCe?refer_flag=1001030103_
污染; 2018-02-19; 1; 10,76,		你卖毒米线、你卖皮革奶，我卖死猪肉：即使你吃特供空气污染也不饶过你、我卖胶面条：我卖硫磺椒、坚持下去才可能成功，你卖染色馒头。自己抓不住就谁也别赖。 ​		,八国失事篮框,//weibo.com/6301980305/G3MnpAze9?refer_flag=1001030103_
污染; 2018-02-19; 1; 10,77,		比如交通拥堵：并有效地减轻它，不如统计痛苦指数；【人们对损失比对获得更敏感】建议政府与其统计有诸多歧义的国民幸福指数：社会不公和腐败，环境污染！ ​		,唯一丶旳亻尒,//weibo.com/2649318174/G3MnocLCk?refer_flag=1001030103_
污染; 2018-02-19; 1; 10,78,		急救手册宠物咬伤怎么办？首先应该立即、就地、彻底冲洗伤口。可先将伤口挤压出血，并用浓肥皂水反复冲洗伤口，再用大量清水冲洗，擦干后用5%碘酒烧灼伤口，以清除或杀灭污染伤口的狂犬病毒TTO180，冲洗伤口半小时后要到医院寻求医生帮助，其次眷注射狂犬疫苗。 ​		,椭圆欢,//weibo.com/6404510841/G3MnhkeqF?refer_flag=1001030103_
污染; 2018-02-19; 1; 10,79,		有没有发现你的肌肤会局部脱皮，而另外一些地方又油油的这是因为肌肤水循环减速造成的“不均衡干燥”。你的TTO180保养可能一味的强调了补水的深度，却忽略了补水的均衡。再加上缺觉、压力、污染、紫外线、以及干冷空气的侵袭，肌肤越来越糟，传统保湿方案也显得力不从心。 ​		,椭圆欢,//weibo.com/6404510841/G3MngvAvt?refer_flag=1001030103_
污染; 2018-02-19; 1; 10,80,		大烟囱的黑烟；国家怎么就不管呢。家里停电了。从小被毒到大。眯眼睛的灰尘……昨晚忘充电了：手机快没电啦：上边还是有人呀！难闻的气味、现在治理环境污染[g汪汪] ​		,装填过她吊柜c,//weibo.com/6301793174/G3MnaeJFH?refer_flag=1001030103_
污染; 2018-02-19; 1; 10,81,		美是肯定的，但是如果不保护环境，抵制污染！早晚被毁		,精力充沛的傅温婉,//weibo.com/3833070073/G3J92dURf?refer_flag=1001030103_
污染; 2018-02-19; 1; 10,82,	  美国人眼中的中国，看到第一个镜头就无比自豪为美丽祖国点赞 ​	,NA,//weibo.com/6012369803/G3MmQsIMi?refer_flag=1001030103_
污染; 2018-02-19; 1; 10,83,		九种生活的方式影响寿命1、房间视野开阔：增寿2年；2、生活乱七八糟：减寿1年；3、养宠物：增寿2年；4、和谐性生活：增寿4年；5、噪音污染：减寿1年；6、做女人：增寿7年；7、结婚：增寿7年；8、离婚：减寿LWZ9343年；9、不良姿势：减寿2年 。 ​		,字例无悔仪,//weibo.com/6446598809/G3MmOpM57?refer_flag=1001030103_
污染; 2018-02-19; 1; 10,84,		【三个好习惯帮助远离肺癌】肺癌与吸烟、大气污染、职业因素、肺部慢性疾病、遗传及免疫力等因素有关。从以下三个方面，改变生活方式，有助预防肺癌的发生：①戒烟：②对“油烟”保持警惕：一定要保持厨房通风③增加食物中蔬菜、水果的摄入量。 ​		,莫哥秀莫,//weibo.com/5887703728/G3MmMA7DT?refer_flag=1001030103_
污染; 2018-02-19; 1; 10,85,		新乡，02月19日，周一，空气质量指数：101，空气质量：轻度污染。 ​		,新乡天气通,//weibo.com/5111796673/G3MmBonvI?refer_flag=1001030103_
污染; 2018-02-19; 1; 10,86,		信阳，02月19日，周一，空气质量指数：116，空气质量：轻度污染。 ​		,信阳天气通,//weibo.com/5111804255/G3MmBonxe?refer_flag=1001030103_
污染; 2018-02-19; 1; 10,87,		氢燃料填充与汽油车相当……除此之外，并在行驶过程中只排放出水；【丰田新能源车亮相上海车展】燃料电池车“MIRAI”通过氢氧化学反应产生电能。可完全避免车辆对环境造成污染，更能带来卓越的舒适性和驾驶乐趣；从而驱动车辆行驶：在具备优秀的环境性能的同时。“MIRAI”的续航里程达到了650km ​			...展开全文c,头颅山人忙,//weibo.com/6202600042/G3MmrCuyw?refer_flag=1001030103_
污染; 2018-02-19; 1; 10,88,#王俊凯18岁karryon#做戏要做全套你这是低估了我的智商还是高估你的智商我不知道是因为我的心受不得一丁点污染还是因为你是我亲人发生在我眼皮底下的事怎能装作什么都不知道更糟糕的是我只能把这个无关自己的秘密憋在心里最受折磨的是连我最亲近的人都不能说			...展开全文c,_Carrie秦媛,//weibo.com/5330454629/G3MmrnW3x?refer_flag=1001030103_
污染; 2018-02-19; 1; 10,89,		【角质层过厚】白天出门，肌肤与室外环境亲密接触。汗水的侵蚀、附着在脸上的粉尘、环境的污染会加重毛孔的负担，同时角质也会变厚、加速老化。如果睡前没有得到彻底清理，不仅会导致整夜排油不畅，还会成为粉刺、暗疮滋生的温床。 ​		,偏偏安一隅菲,//weibo.com/3636859077/G3Mmo7DrB?refer_flag=1001030103_
污染; 2018-02-19; 1; 10,90,		适合结婚的会让你放心：有些却相伴一生。区别很简单，甚至损坏发动机：你需要的不是执着、放心才是一辈子！有些适合谈浪漫的恋爱。吸入的混合气过脏、因为。更加造成曲轴箱的污染[dino臭美] ​		,楽樂圆形732016,//weibo.com/5991237324/G3MmjnN6E?refer_flag=1001030103_
污染; 2018-02-19; 1; 10,91,		否则；让你更显优雅：【药瓶中的干燥剂该不该留】专家指出、成为药瓶内的一个污染源！保持密封环境干燥，微露小腹凸显你的好身材。短款的印花T恤……因此。应尽快丢掉棉花或干燥剂为好。 |宿迁·宿迁... ​		,思同石头,//weibo.com/2768874651/G3Ml2b1zL?refer_flag=1001030103_
污染; 2018-02-19; 1; 10,92,		【当父母对孩子的“喜怒无常”头痛不已时，也要低头看看自己了】是不是因为自己在工作、家庭等等遇到困难，带来的坏情绪间接地影响到宝宝，造成了孩子心灵上的“污染”，让他们也逐渐喜怒不定。如果是这样，爸爸妈妈们需要学着在宝宝面前控制自己的坏脾气，尽量冷静后再面对孩子。 ​		,曲終人散_情难了,//weibo.com/5818421604/G3MkVoMLQ?refer_flag=1001030103_
污染; 2018-02-19; 1; 10,93,		北京通过《北京市空气重污染应急预案》！机动车将实施单双号限行措施！即预测未来持续三天出现严重污染时，当发布空气污染红色预警[lxhx无聊] |益阳·中国... ​		,滔天仔猪狗腿cX,//weibo.com/6336419987/G3MkLlMgy?refer_flag=1001030103_
污染; 2018-02-19; 1; 10,94,		毛孔粗大的相关知识产生原因：1、皮脂过度分泌； 2、体内激素分泌紊乱；3、压力过大；4、环境污染；5、清洁工作没做好 。此外，随着年龄的增长，皮肤逐渐失去弹性，毛囊周围缺乏支BEC410持结构，也很容易使毛孔显得比较大；外油内干的皮肤环境，也会使毛孔变得粗大。 ​		,小要哥的酒,//weibo.com/6427368473/G3MkI5gZ3?refer_flag=1001030103_
污染; 2018-02-19; 1; 10,95,"		【孩子吃水果不能代替蔬菜】很多宝宝爱吃水果,但不爱吃蔬菜,但水果不能代替蔬菜.蔬菜比一般水果含矿物盐(如钙磷钾等)多;鲜菜含维生素C,胡萝卜素等维生素也要比水果多若干倍.蔬菜的膳食纤维也比水果多.多吃蔬菜还可防便秘,并有防癌作用.多吃新鲜绿色无污染的蔬菜,吃出健康好宝宝。 ​		",单薄蝇nl,//weibo.com/6445651852/G3MkyD913?refer_flag=1001030103_
污染; 2018-02-19; 1; 10,96,		【茼蒿营养价值高】茼蒿富含矿物质、胡萝卜素、蛋白质、膳食纤维、维生素C等，污染轻，营养丰，高水分，低热能。茼蒿食用部分为幼嫩茎叶，味道清香，可凉拌，也可荤素炒食，烧豆腐、做汤、做馅等，秋冬涮火锅食用也别具风味。 ​		,暖暖oPKv,//weibo.com/3257076715/G3MjVnrGj?refer_flag=1001030103_
污染; 2018-02-19; 1; 10,97,		【三个好习惯帮助远离肺癌】肺癌与吸烟、大气污染、职业因素、肺部慢性疾病、遗传及免疫力等因素有关。从以下三个方面，改变生活方式，有助预防肺癌的发生：①戒烟：②对“油烟”保持警惕：一定要保持厨房通风③增加食物中蔬菜、水果的摄入量。 ​		,Cutehoneyijay航仲凝,//weibo.com/6157293907/G3MjEcpic?refer_flag=1001030103_
污染; 2018-02-19; 1; 10,98,		一次不公正的审判，其恶果甚至超过十次犯罪。因为犯罪虽然无视法律 ——好比污染了水流，而不公正的审判则毁坏法律——好比污染了水源。 ​		,草丛里的哆啦Y非主流,//weibo.com/6406647829/G3MjCpUq0?refer_flag=1001030103_
污染; 2018-02-19; 1; 10,99,#辞旧迎新，潭阳春节送话费活动#诽谤别人，就像含血喷人，先污染了自己的嘴巴。		,永远的小you,//weibo.com/3242760373/G2kyCh7W9?refer_flag=1001030103_
污染; 2018-02-19; 1; 10,100,#辞旧迎新，潭阳春节送话费活动#转发本活动内容，就有机会赢取价值100元的手机话费充值卡！ 网页链接 ​	,NA,//weibo.com/2709418411/G3MjaE2Tr?refer_flag=1001030103_
污染; 2018-02-19; 1; 10,101,		【卡隆海滩】卡隆海滩位于帕通海滩南，是普吉岛第三大海滩，也是岛上最长的海滩之一。卡隆海滩，不若巴通那般热闹喧哗，倒像是一座海水浴场。无污染的沙质海滩就像一个白色的勺子蜿蜒在海边。沿着海滩是一大片松木林，腹地很宽，游客要不戏水、晒太阳，要不就是坐在躺椅上看书、打盹，惬意至极…… ​		,欢快耽恋炭黑,//weibo.com/6135696119/G3Mj1rWLk?refer_flag=1001030103_
污染; 2018-02-19; 1; 10,102,		【北京重污染日或实行机动车单双号限行】北京正在制定《北京市空气重污染应急预案》……今后：并将加大最高预警级别的强制性减排和健康防护提醒措施、北京将采取单日和多日重污染综合分级方式。 ​		,东寺晓钟,//weibo.com/3136036343/G3MiU7g30?refer_flag=1001030103_
污染; 2018-02-19; 1; 10,103,		每天早上都有伸手不见五指的大雾，我去～世界上最遥远的距离就是你现在我面前我却看不见你～到底是哪里在污染呀，拉出去枪毙了好不好！ ​		,q710990377,//weibo.com/2017978921/G3MiTe0Jn?refer_flag=1001030103_
污染; 2018-02-19; 1; 10,104,		【俏皮话】1、别人数钱数到手软，我数天上的星星数到手酸。2、在中秋佳节，万家团圆，可是，我的月薪不好意思会见骄傲的月饼。3、污染日趋严重，喝水只喝纯净水，看腿只看洁白腿。4、孔夫子说:唯小人与女子难养也。我说：唯小人与女子求包养。5、你问我，幸福在哪里？我说：保密，我怕别人抢去。 ​		,天秤座的辰星aiq,//weibo.com/5370955643/G3MiSkLaa?refer_flag=1001030103_
污染; 2018-02-19; 1; 10,105,		【注意：七个坏习惯加快衰老】1、轻易发怒会令人产生皱纹。2、疲于奔命令面容憔悴。3、暴肥暴瘦令皮肤失去弹性、松弛，甚至产生皱纹。4、吸烟令皮肤变黄变灰。5、大量饮酒或经常饮酒，会令皮肤发红肿胀。6、摄入污染食品令人早衰。7、防晒不足伤害皮肤。 ​		,悲惨吞吐轩然,//weibo.com/6108341606/G3MieqOgE?refer_flag=1001030103_
污染; 2018-02-19; 1; 10,106,		”——看到的很通透的爱情观。不爱也是。这些虫卵极易从纱孔中落下而污染食物、爱是累积来的……“有时候分手真的不用发生什么惊天大事…… ​		,吼吼喥哈哈呵呵,//weibo.com/6029149371/G3MhPhF2E?refer_flag=1001030103_
污染; 2018-02-19; 1; 10,107,		饮用在此。可教徒依然沐浴在此；却很少中毒或者得病、这些病菌都被杀死……科学家曾经将一些对人体极为有害的病菌放入恒河的水中，可没过多久，每年都有众多印度教徒在恒河水里举行重大宗教仪式，和老年人一起谈人情世故不好：年复一年、恒河成了污染最严重的河流之一…… ​		,赵卿8863_748,//weibo.com/3933003783/G3MhaeBxE?refer_flag=1001030103_
污染; 2018-02-19; 1; 10,108,#中国赞#【人民日报：治理散煤污染，思路要广一点】据测算，煤改电的采暖成本约为散煤成本的4倍，煤改气所产生的成本稍低，但仍是使用散煤的2—3倍。煤改电、煤改气受电网改造、管道建设、能源价格等影响，推行离不开财政的支持。散煤替代工作总体平稳，但在个别地方，也出现了一些问题。专家表示，考 ​			...展开全文c,Drea丶maz,//weibo.com/3141909897/G3Mh5erqQ?refer_flag=1001030103_
污染; 2018-02-19; 1; 10,109,		【日照海滨公园】日照海滨公园依山傍海，浪缓滩阔，沙质细润，海水洁净，拥有7公里的黄金海岸线，是北方一流的天然海滨浴场，被有关专家誉为“中国沿海仅存未被污染的黄金海岸”。美籍华裔物理学家丁肇中先生称这里的沙滩“夏威夷所不及”。日照海滨国家森林公园位于山东省日照市北沿海路北首。 ​		,Traee_爱生活,//weibo.com/6369901366/G3Mh1mzOg?refer_flag=1001030103_
污染; 2018-02-19; 1; 10,110,#彩虹便民站# 不可隔夜吃的食物：①鱼和海鲜。隔夜后易产生蛋白质降解物，会损伤肝、肾功能；②绿叶蔬菜。烹饪过度或放的时间过长，不仅会发黄、变味，硝酸盐还会被还原成有毒的亚硝酸盐，有致癌的作用；③凉拌菜。在加工时就受到了较多污染，即使冷藏，隔夜后也很有可能已经变质，应该现做现吃。 ​		,温州机场彩虹服务,//weibo.com/2606342802/G3Mgr1ESn?refer_flag=1001030103_
污染; 2018-02-19; 1; 10,111,		2017年，厦门空气质量排在福建的第4位，AQI中位数低于50，综合空气质量接近优。厦门全年空气质量为优的天气达到186天，空气污染3天，没有中度以上污染。2017年6月厦门空气质量最好，空气质量均为优。空气污染主要发生在3月和4月。与2016年相比，厦门空气质量为优的天气数量有所减少。臭氧8小时，二 ​			...展开全文c,明眼看数,//weibo.com/5617262069/G3Mg7g50v?refer_flag=1001030103_
污染; 2018-02-19; 1; 10,112,		心是一块圣地，别人不许污染，自己莫要糟蹋。染指了红尘，失去了自己。做不了自己，生命就是现实的傀儡。生命，并不介意短暂地关闭心门。让心在宁静中独处，她会告诉你哪些是黑，哪些是白，哪里是天堂，哪里是禁地。 ​		,女王大人诚实金沉默银,//weibo.com/5342095670/G3Mg34gUJ?refer_flag=1001030103_
污染; 2018-02-19; 1; 10,113,		E85生物燃料主要指乙醇汽油、这在超跑界是一大创新；减少沉淀物和污染物、含氧量高：借人之智：而宾利欧陆超级跑车可以使用E85生物燃料代替汽油。辛烷值高达115[lxhx刷牙] ​		,采提莫的小蘑菇hantu,//weibo.com/6209044107/G3MfD79ag?refer_flag=1001030103_
污染; 2018-02-19; 1; 10,114,		2018年02月19日05点，北京市当前站点空气质量中度污染。#蔚蓝地图# 48小时空气质量变化详见： 网页链接 ​		,QQKristine,//weibo.com/2787594104/G3Mfa8csU?refer_flag=1001030103_
污染; 2018-02-19; 1; 10,115,		白领4招防办公室污染①多通风勤打扫；②摆放绿色植物；SMI397③养成良好办公习惯；④饮食调节，多吃“三抗食物”：抗粉尘吃鸡、鸭、猪血，抗金属食用牛奶、豆腐，抗辐射多吃海带等蔬菜。 ​		,我是矮白美,//weibo.com/6434606198/G3Mf32Fxr?refer_flag=1001030103_
污染; 2018-02-19; 1; 10,116,		【预防儿童铅中毒，注意4细节】预防儿童铅中毒，家长需做好4个生活小细节：1.让孩子养成勤洗手、勤剪指甲的好习惯2.经常用湿拖布拖地板，用湿抹布擦桌面和窗台3.少食某些含铅较高的食物，如普通皮蛋、爆米花4.每天早上先将水笼头打开约1～5分钟，把前一晚可能遭到铅污染的部分水放掉。 ​		,军ARCA1000,//weibo.com/282678010/G3MeY1egY?refer_flag=1001030103_
污染; 2018-02-19; 1; 10,117,		优雅的人生，是一颗平静的心，每一个生命都应该被敬畏、被尊重，花儿生来不是为了被摘的，草儿长出不是为了被踩的，大树也不是为了被砍而茁壮，溪流不是为了被污染而清澈，而人生来不是就为了死去，而是生下来、活下去，更好地生活下去。 ​		,灬終xsH少爷,//weibo.com/5307928336/G3MeHcURM?refer_flag=1001030103_
污染; 2018-02-19; 1; 10,118,		【备孕期饮食禁忌】不止孕期，备孕期同样少不了饮食上的禁忌。为了你可以怀上健康聪明的宝宝，在孕前饮食中，你可要特别注意了哦。1、减肥要科学。2、营养摄入要均衡。3、孕前要减少吃各种腌制品，例如咸鱼、腊肉、香肠等食物。4、孕前避免食物污染。 ​		,逍遥王小土豆乌龟,//weibo.com/6150008640/G3MeEuanS?refer_flag=1001030103_
污染; 2018-02-19; 1; 10,119,"		痘百科在人体皮肤表面，皮肤及毛囊内有一些常驻菌，本身并不致病，但这些微生物在痤疮形成过程中，在特定环境下(如汗液)就会发ZAR105生问题,皮脂是含脂类物质，分泌多了很浓很稠的时候，加上环境污染的粉尘，脱落的角化细胞混在一起就会堵塞毛囊，因此皮脂代谢和客观环境是致使痤疮形成的重要原因哦。 ​		",芭蕾纨菁,//weibo.com/6412376813/G3MeBjH51?refer_flag=1001030103_
污染; 2018-02-19; 1; 10,120,		【苏梅岛】苏梅岛是泰国第三大岛，相比人们熟知的普吉岛来说，这里没那么商业，充满着浓郁的原始气息。抛开生活的压力，远离污染的空气，来苏梅岛享受蓝天白云，享受一望无际的大海吧！ ​		,haishiej60186,//weibo.com/6450628536/G3Mezukqn?refer_flag=1001030103_
污染; 2018-02-19; 1; 10,121,		更能带来卓越的舒适性和驾驶乐趣……可完全避免车辆对环境造成污染，从而驱动车辆行驶…… |玉溪市新兴... ​		,VWX7ISP8GAJSCTT57,//weibo.com/5967683726/G3MevkAZ2?refer_flag=1001030103_
污染; 2018-02-19; 1; 10,122,		【白开水也有保质期】很多家庭会在夏天准备个大玻璃杯凉白开水，认为这样卫生、方便。但夏季天热，空气湿度高，细菌繁殖快，凉白开放置时间不宜过长。无论常温或冷藏条件下，都不要超过2天，最好当天喝完。敞口放置时，要放在周围环境干净的地方，以免被污染。此外，切忌把放凉的水重新加热饮用。 ​		,落莫蝉羽忆恋心,//weibo.com/6345987795/G3Mefoya1?refer_flag=1001030103_
污染; 2018-02-19; 1; 10,123,		大众集团此前已经承认利用发动机尾气排放操控软件！【奥迪Q3营业利润率跌1.2%】从美国媒体Autonews获悉。其在中国市场的销量也下滑了4.4%……而在日常使用中却大量排放污染物！奥迪今年第三季度的营业利润率环比下跌了1.2%！达到了8%，使大众柴油车接受官方尾气检测时能高标准过关 |济南·步差... ​		,小密秘E,//weibo.com/3993336650/G3Me2rcKy?refer_flag=1001030103_
污染; 2018-02-19; 1; 10,124,		其在车身尺寸方面进行了小幅度提升！【现代新一代ix35基于新平台打造】北京现代在去年推出了ix25之后；全新ix35有望在即将开幕的北美国际车展亮相！或在今年秋季正式上市、并在动力上新增了1.6T发动机，为防止触屏手机污染。从海外媒体获得了新一代ix35的效果图！因为建议触屏手机用户要常消毒，近日： ​			...展开全文c,柏油笔试蜂鸣,//weibo.com/6298324977/G3MdQ19Ch?refer_flag=1001030103_
污染; 2018-02-19; 1; 10,125,		凌晨四点做梦梦见周围的人因为河水被重金属污染全部变丧尸，我和另外一个人（？男主）侥幸逃过一劫，躲到一个房子里。晚上做饭，正当我洗完菜，一回头透过防盗门猫眼发现一堆丧尸盯着我看。我先是在梦里挣扎了下，想了几个保命方案，可以拿个丧尸面具套头假扮丧尸，后来一想丧尸又不是视觉动物。或者 ​			...展开全文c,葡柚萄汁,//weibo.com/6108194872/G3MdHo6Fg?refer_flag=1001030103_
污染; 2018-02-19; 1; 10,126,		【法令纹】法令纹是位在鼻翼边延伸而下的两道纹路，是典型的皮肤组织老化、造成肌肤表面凹陷的现象。 肌肤老化松弛和表情过于丰富是法令纹形成的两大原因。空气的污染、电脑手机的辐射和无规律的日常作息也会加快法令纹的产生，因此要良好解决如何除法令纹问题就要避免这些情况的发生。 ​		,花蕊萦绕朱,//weibo.com/6140482339/G3Mdv1OhW?refer_flag=1001030103_
污染; 2018-02-19; 1; 10,127,		咳咳咳，平生第一次这样不间断咳嗽，空气污染气管炎。 ​		,白羊座的草芽菜,//weibo.com/6425186468/G3Mdsl4pn?refer_flag=1001030103_
污染; 2018-02-19; 1; 10,128,		摩羯都是乖孩子，把自己隔离在没有污染的世界里。摩羯纯净得你想象不到，过着简单的生活。喜欢一个人是真的喜欢，可以喜欢很久很久，发现对方变得自己不认识了，摩羯会毫不犹豫的头也不回把自己从那段回忆中抽离出来。他们不是胆小鬼只是太会保护自己，太清醒了。 ​		,北玄七七黙栗七,//weibo.com/6169101109/G3MdaikG7?refer_flag=1001030103_
污染; 2018-02-19; 1; 10,129,		【溏心鸡蛋好不好】溏心鸡蛋的口感让很多人着迷，但这种吃法好吗？鸡蛋易受细菌污染，常见的致病菌是沙门氏菌。鸡蛋制品加热到71℃以上后，沙门氏菌基本被剿灭，蛋黄也凝固了，但如果蛋黄处于“溏心”状态，就无法有效灭菌。 ​		,饰红花掩苍白珍,//weibo.com/3459816682/G3Md1aKd7?refer_flag=1001030103_
污染; 2018-02-19; 1; 10,130,		10种植物有助消除室内空气污染雾霾天不断，室内空气也跟着遭殃，不仅如此，装修、化学清洁剂等还会向空气释放有害物质。此时，不妨在家里多摆放些绿植，能帮一YBC307些小忙。1.常青藤 2.白鹤芋 3.散尾葵 4.菊花 5.虎尾兰 6.吊兰 7. 芦荟 8.富贵竹 9.绿萝 10.滴水观音。 ​		,啊鹅和林波,//weibo.com/6422420502/G3McIfOBq?refer_flag=1001030103_
污染; 2018-02-19; 1; 10,131,#春晚##让红包飞##老板喊你上船#【可乐瓶组成的艺术装置】由penda设计的“cola-bow”是一个公共艺术装置，由17.000多个回收的塑料可乐瓶组成，它们被绑在一起，形成了曲线形的可口可乐logo图案。这件作品希望能唤起公众对塑料污染的重视，鼓励市民将回收塑料瓶作为经常性地环保行为来推广。 ​		,拚命地叹气,//weibo.com/3941057050/G3McEsbqW?refer_flag=1001030103_
污染; 2018-02-19; 1; 10,132,		好音乐用语言是不能用太多不相关的话来污染的：随意内搭一件T！备一件小西装既可抵微风；清晨出门与傍晚归家的时间还会觉察到些许的清凉。 |土右电力公... ​		,库区五指来校,//weibo.com/5722088032/G3Mco8jYj?refer_flag=1001030103_
污染; 2018-02-19; 1; 10,133,		唐人街贪案里的唐仁的样子实在是太脏了，很恶心，还有麻烦唐仁戒一下烟好吧，影响很不好，这样会误导青少年吸烟，吸烟危害自己和他人的健康，造成严重空气污染。@陈思诚 ​		,NicolaDulan,//weibo.com/1974826034/G3Mc50vAZ?refer_flag=1001030103_
污染; 2018-02-19; 1; 10,134,"		非生来之清也，谁知道明天和意外。珍惜今天……Cherishtoday,andtreasurethepresentmoment.Whoknowswhatwillcomefirst-tomorrowortheunexpected.，【静思语录】人之清正气也……非其本性也、人之浊邪气也！清与浊都是个人造化。污染而浊。陶冶而洁[手舞足蹈] ​		",-喋喋593则在,//weibo.com/5993719308/G3Mc3c7xt?refer_flag=1001030103_
污染; 2018-02-19; 1; 10,135,		【注意：七个坏习惯加快衰老】1、轻易发怒会令人产生皱纹。2、疲于奔命令面容憔悴。3、暴肥暴瘦令皮肤失去弹性、松弛，甚至产生皱纹。4、吸烟令皮肤变黄变灰。5、大量饮酒或经常饮酒，会令皮肤发红肿胀。6、摄入污染食品令人早衰。7、防晒不足伤害皮肤。 ​		,Sooky_ZHOU芹,//weibo.com/5089703242/G3MbWnio2?refer_flag=1001030103_
污染; 2018-02-19; 1; 10,136,		却是失去了自己的；喜欢猜心：隔离紫外线污染：其实紫外线造成的光老化会令肌肤变硬变黄，却未必能得到别人的；而眼袋所造成的阴影也会从视觉上造成黑眼圈的假象、聪明的人，轮廓下垂。 |杭州·巴国... ​		,思惟孤单B5YW,//weibo.com/6026291590/G3MbE6nPs?refer_flag=1001030103_
污染; 2018-02-19; 1; 10,137,		推荐各位车主使用是比较传统安全的活性炭包，要解决这个问题！放弃不等于抛弃、浑浊的车内空气让身处其中的晕车者无处可逃：再加上汽车内饰隐隐散发的甲醛味、【车内气味有学问】不仅是坐在车上会晕……活性炭会吸附空气中的有机化合物、不会产生二次污染。 ​		,亲爱的你我心疼,//weibo.com/2882106177/G3MbDtfXE?refer_flag=1001030103_
污染; 2018-02-19; 1; 10,138,		回复 别污染了艺兴的微博		,伊笛蓝朵朵678,//weibo.com/2706896955/G3Hcaz8dh?refer_flag=1001030103_
污染; 2018-02-19; 1; 10,139,#最好的舞台# 台上balance 台下balance 哥俩一起balance #黄渤导演作品# 黄渤导演电... ​	,NA,//weibo.com/3972673020/G3MbAxPvF?refer_flag=1001030103_
污染; 2018-02-19; 1; 10,140,		10种植物有助消除室内空气污染雾霾天不断，室内空气也跟着遭殃，不仅如此，装修、化学清洁剂等还会向空气释放有害物质。此时，不妨在家里多摆放些绿植，能帮一些小忙。1.常青藤 2.白鹤GMA719芋 3.散尾葵 4.菊花 5.虎尾兰 6.吊兰 7. 芦荟 8.富贵竹 9.绿萝 10.滴水观音。 ​		,火星天使甜,//weibo.com/6434383016/G3MbuAmY5?refer_flag=1001030103_
污染; 2018-02-19; 1; 10,141,		不化妆也要擦隔离很多人只有在化妆的时候才会想起隔离霜，其实隔离霜的作用就是将皮肤和外界隔离的护肤品，使皮肤免受环境以及辐射的污染，因此，即便在不化妆的时候也要擦隔离霜，给皮肤上一GMA719层保护膜。 ​		,蒹葭四月21,//weibo.com/6434378908/G3Mbquw6j?refer_flag=1001030103_
污染; 2018-02-19; 1; 10,142,		室内环境污染可能是导致儿童急性白血病的主要危险因素之一，还会增加儿童哮喘的发生率，降低儿童智YBC307力。有九成以上的白血病患儿，家庭在半年内装修过。家庭装修要选购合格的装修材料，少用人造板材；儿童房的家具应以实木为主。装修后至少通风一个月再入住。入住前，最好找有资质权威机构进行检测 ​			...展开全文c,他们说的都是假的,//weibo.com/6422666354/G3Mbh0WTr?refer_flag=1001030103_
污染; 2018-02-19; 1; 10,143,		【最强排毒食物。吃了皮肤瞬间变好】 环境污染、电脑辐射、不良饮食习惯等都有可能导致人体产生各种生理垃圾，毒素长期在体内堆积，则会引发记忆力减退、面色灰黄、便秘、痔疮等系统疾病。因此，如何排毒成为不少女性关注的健康话题。其实在我们常吃的蔬菜中，就有不少具有解毒功效。 ​		,Sunshie西,//weibo.com/6228237930/G3Mb4ikIT?refer_flag=1001030103_
污染; 2018-02-19; 1; 10,144,		【今晚起聊城有雨雪！回娘家的注意了！很快雨雪又要来……】17日15时天气实况：气温8.8℃，南风2级，能见度7.0km，相对湿度45%。 ，不利于空气污染物扩散和出行，请注意防范。|今晚起聊城... ​		,聊城微言教育lcjyxc,//weibo.com/6221469300/G3MaRDzv0?refer_flag=1001030103_
污染; 2018-02-19; 1; 10,145,		【孕妇吃海鲜是有何忌讳？】1、怀孕早期，螃蟹坚决不能吃。2、海鲜一定要吃熟的，万不可吃生海鲜。3、不要吃受污染（汞污染）的海产品。4、孕妇吃虾后若没有不良反映，如过敏、腹痛，就没有问题。虾钙含量高，孕期适量吃虾或虾皮可以补充钙、锌等微量元素，促进幼儿的生长。 ​		,随便linliz1115大小姐,//weibo.com/6156121650/G3MaJCP68?refer_flag=1001030103_
污染; 2018-02-19; 1; 10,146,		【皇帝岛】作为普吉新开发的旅游景点，皇帝岛以其精致而绝美的景色、纯净无污染的海水与沙滩、相对独立的地理位置以及奢华的配套服务以及充满趣味性的浮潜运动得到了不少品味高雅的游客的青睐，其中尤以欧美游客为甚，而这一切绝对堪当得起“皇帝岛”这个名字。 ​		,2013-小青蛇,//weibo.com/3919303448/G3MavrJyC?refer_flag=1001030103_
污染; 2018-02-19; 1; 10,147,		【白开水也有保质期】很多家庭会在夏天准备个大玻璃杯凉白开水，认为这样卫生、方便。但夏季天热，空气湿度高，细菌繁殖快，凉白开放置时间不宜过长。无论常温或冷藏条件下，都不要超过2天，最好当天喝完。敞口放置时，要放在周围环境干净的地方，以免被污染。此外，切忌把放凉的水重新加热饮用。 ​		,铁血不懂嗨的海,//weibo.com/6168439125/G3Mau1fFh?refer_flag=1001030103_
污染; 2018-02-19; 1; 10,148,#搞笑幽默##搞笑图片#le006巨蟹都是乖孩子，把自己隔离在没有污染的世界里。巨蟹纯净得你想象不到，过着简单的生活。喜欢一个人是真的喜欢，可以喜欢很久很久，但有一天后来发现对方变得自己不认识了，巨蟹会毫不犹豫的头也不回把自己从那段回忆中抽离出来。他们不是胆小鬼，只是太会保护自己， ​			...展开全文c,澎湃小正太,//weibo.com/2428308327/G3MaseL1Z?refer_flag=1001030103_
污染; 2018-02-19; 1; 10,149,		信阳，02月19日，周一，空气质量指数：128，空气质量：轻度污染。 ​		,信阳天气通,//weibo.com/5111804255/G3Marzh1R?refer_flag=1001030103_
污染; 2018-02-19; 1; 10,150,		新乡，02月19日，周一，空气质量指数：111，空气质量：轻度污染。 ​		,新乡天气通,//weibo.com/5111796673/G3MarzgWB?refer_flag=1001030103_
污染; 2018-02-19; 1; 10,151,		【日照海滨公园】日照海滨公园依山傍海，浪缓滩阔，沙质细润，海水洁净，拥有7公里的黄金海岸线，是北方一流的天然海滨浴场，被有关专家誉为“中国沿海仅存未被污染的黄金海岸”。美籍华裔物理学家丁肇中先生称这里的沙滩“夏威夷所不及”。日照海滨国家森林公园位于山东省日照市北沿海路北首。 ​		,yoyoRea3,//weibo.com/1620825420/G3Manr4Lf?refer_flag=1001030103_
污染; 2018-02-19; 1; 10,152,污染对皮肤造成的伤害：【杨蓉彩妆很出彩】简约风的眼妆已经让杨蓉双眸明亮有神，酸奶！同时又十分减龄：柑橘，有助于增强免疫力、贴服干练的长发让杨蓉多了一分成熟韵味！预防晒伤！加上甜美的卧蚕。 ​		,萌萌的q197,//weibo.com/6363014022/G3Mag7LWy?refer_flag=1001030103_
污染; 2018-02-19; 1; 10,153,"		【孩子吃水果不能代替蔬菜】很多宝宝爱吃水果,但不爱吃蔬菜,但水果不能代替蔬菜.蔬菜比一般水果含矿物盐(如钙磷钾等)多;鲜菜含维生素C,胡萝卜素等维生素也要比水果多若干倍.蔬菜的膳食纤维也比水果多.多吃蔬菜还可防便秘,并有防癌作用.多吃新鲜绿色无污染的蔬菜,吃出健康好宝宝。 ​		",JzNc_Yu的快乐生活,//weibo.com/6168234787/G3M9OAqSV?refer_flag=1001030103_
污染; 2018-02-19; 1; 10,154,		搅拌均匀；被我们吞食，冷却后加上少许柠檬汁、染料、当雌激素不能正常行使功能时、洋葱切碎末；【环境污染引发肥胖】一些化学品如杀虫剂！或通过皮肤吸收，仅仅少量的化学品就能导致体重增加！ ​		,通身展映变味x9,//weibo.com/6298016411/G3M9MxRoQ?refer_flag=1001030103_
污染; 2018-02-19; 1; 10,155,		注意脸部清洁挨近脸部的毛发容易残留洁面泡沫堵塞毛孔；也会沾染灰尘和油脂，在脸上扫来扫去，也会YBC307污染面部皮肤。所以要彻底的冲洗干净这些部位，不要让毛发挡住面部。经常被阳光直晒不仅有紫外线的伤害，也会令汗腺及皮脂腺的分泌活跃，阻塞毛孔，加速发炎。所以一定要作好防晒工作。 ​		,沣疯地球俗人李,//weibo.com/6427267522/G3M956W8T?refer_flag=1001030103_
污染; 2018-02-19; 1; 10,156,		在这世界上永远不会被污染的爱——就是母爱 |吉安·世纪... ​		,掂着拖鞋去灭楚,//weibo.com/3970707475/G3M91vwJP?refer_flag=1001030103_
污染; 2018-02-19; 1; 10,157,		要想接受污浊的河流而自身不被污染，我们必须成为大海……现实是污浊的河流 ​		,单音丰富期,//weibo.com/5969471698/G3M8PqXA3?refer_flag=1001030103_
污染; 2018-02-19; 1; 10,158,		【龙峪湾】龙峪湾位于河南省洛阳市西南165公里处伏牛山腹地的栾川县境内。这里“龙”文化荟萃，自然景观万千，四季景色秀丽，奇峰异石林谷幽深。是原始的、纯天然的、无污染的生态旅游区。观赏面积300余平方公里，已开发12个景区218景点，是河南省首家“全国文明森林公园”。 ​		,Emerald嘎n,//weibo.com/5934279345/G3M8K5D4T?refer_flag=1001030103_
污染; 2018-02-19; 1; 10,159,#搜狐新闻资讯版#《紧急！晋城近日还将有降雪？大雾+雪+雨+风+重污染N连击！》明日雨水 二十四节气中的第2个节气意味着气温回升、降水增多故网页链接 ​		,用户6018020791,//weibo.com/6018020791/G3M8Fml0o?refer_flag=1001030103_
污染; 2018-02-19; 1; 10,160,|唐人街探案...，唐人街探案2就一烂片，因为里面有吸烟的片段，吸烟危害自己和他人的健康，污染空气。 ​		,NicolaDulan,//weibo.com/1974826034/G3M8CqISv?refer_flag=1001030103_
污染; 2018-02-19; 1; 10,161,		【法令纹】法令纹是位在鼻翼边延伸而下的两道纹路，是典型的皮肤组织老化、造成肌肤表面凹陷的现象。 肌肤老化松弛和表情过于丰富是法令纹形成的两大原因。空气的污染、电脑手机的辐射和无规律的日常作息也会加快法令纹的产生，因此要良好解决如何除法令纹问题就要避免这些情况的发生。 ​		,恼火蝉羽呼,//weibo.com/6140741424/G3M8Bvg1u?refer_flag=1001030103_
污染; 2018-02-19; 1; 10,162,		【三个好习惯帮助远离肺癌】肺癌与吸烟、大气污染、职业因素、肺部慢性疾病、遗传及免疫力等因素有关。从以下三个方面，改变生活方式，有助预防肺癌的发生：①戒烟：②对“油烟”保持警惕：一定要保持厨房通风③增加食物中蔬菜、水果的摄入量。 ​		,粉红顽皮严豹,//weibo.com/6054276673/G3M8ww1Z0?refer_flag=1001030103_
污染; 2018-02-19; 1; 10,163,		【美亚直邮&亚马逊海外购】L'Occitane 欧舒丹 乳木果5%保湿滋养凝霜 50ml ￥183.89会员凑单到手价208元，它可以强化肌肤抵抗外部污染的抵抗能力，深层滋养，可改善肌肤干燥的状况。清爽霜状质地，涂抹后迅速吸收，适合中性至混皮，敏感肌也同样适用。网页链接，攻略：|亚马逊海外... ​		,熙熙妈爱海淘,//weibo.com/3211300173/G3M8rsSae?refer_flag=1001030103_
污染; 2018-02-19; 1; 10,164,		华晨等企业榜上有名、9月14日某网站公布的一份“健康汽车检测报告”表明11款主流车型可能存在致癌风险：youareabouttoburstintotearsandyoudon'tevenknowwhy：上海通用……长安。【通用等11款车车内空气污染被疑存致癌风险】在9月中旬300名车主集体投诉奔驰汽车甲醛超标4倍事件后……奇瑞。Sometimes ​			...展开全文c,寸嗓您瞧,//weibo.com/6251766081/G3M8l04ZX?refer_flag=1001030103_
污染; 2018-02-19; 1; 10,165,		香蕉君口味真重……心率加快等症状、腌制食物在腌制过程中。大半夜的；重者还会伴有头晕头痛：常被微生物污染、甚至昏迷；人若进食了含有亚硝酸盐的腌制品后！ ​		,_毛利小六郎_,//weibo.com/3067231311/G3M8ikWcB?refer_flag=1001030103_
污染; 2018-02-19; 1; 10,166,"		宝宝摔倒处理有方张思莱提醒,当孩子摔在地上时,家长要首先检查孩子有没有外伤.如果皮下有血肿,可以用毛巾冷敷,促进血管收缩,以减EKC966少出血.如果皮肤有伤口,用干净纱布覆盖上先止血,保持伤口不要继续被污染.如果关节活动受限或骨骼出现问题,保持原来的姿势去医院,不要自行处理。 ​		",钓个小咸鱼,//weibo.com/6429302341/G3M8i2Jfz?refer_flag=1001030103_
污染; 2018-02-19; 1; 10,167,		表明你的呼吸功能较弱，说明你的呼吸器官发达！生理构造良好、【鼻子大小与呼吸状况大有关系】鼻翼较宽、在办公室待1-2小时、如果鼻翼娇小；能呼吸到足量空气！但在污染严重的地方。鼻梁高挺！就应该去楼道或窗边呼吸5分钟新鲜空气以防突然缺氧！ ​		,毛纺八楼赈济,//weibo.com/6374879604/G3M877aI6?refer_flag=1001030103_
污染; 2018-02-19; 1; 10,168,		人若进食了含有亚硝酸盐的腌制品后……重者还会伴有头晕头痛。甚至昏迷……常被微生物污染：蔬菜中的硝酸盐可被微生物还原成亚硝酸盐！ ​		,史学转矩氙气,//weibo.com/6034627978/G3M7KndG0?refer_flag=1001030103_
污染; 2018-02-19; 1; 10,169,		【白开水也有保质期】很多家庭会在夏天准备个大玻璃杯凉白开水，认为这样卫生、方便。但夏季天热，空气湿度高，细菌繁殖快，凉白开放置时间不宜过长。无论常温或冷藏条件下，都不要超过2天，最好当天喝完。敞口放置时，要放在周围环境干净的地方，以免被污染。此外，切忌把放凉的水重新加热饮用。 ​		,气愤悲惨_7094,//weibo.com/6442939155/G3M7Iz6qS?refer_flag=1001030103_
污染; 2018-02-19; 1; 10,170,		在挑选产品的时候；不管是雾霾还是紫外线……这样能够为肌肤设立一道屏障、减少减少肌肤对PM2.5颗粒的附着：外出的时候为肌肤涂抹上一层隔离霜就是必要的、为了让肌肤避免受到伤害：一定呀选择清爽不油腻的……【雾霾美容常识】隔离防护。阻断空气中的污染物 ​		,民用去那本纪Bh,//weibo.com/6299343851/G3M7FlLM8?refer_flag=1001030103_
污染; 2018-02-19; 1; 10,171,		【苏梅岛】想象你此刻正拥有你一个苏梅岛的下午，抛开生活的压力，远离污染的空气，来到这里享受蓝天白云，享受一望无际的大海。那是多么惬意闲适的时光~ ​		,ff344155328,//weibo.com/3141267833/G3M7jv8lr?refer_flag=1001030103_
污染; 2018-02-19; 1; 10,172,		将整体停驶80%，当发布空气污染红色预警：各级党政机关公车在执行单双号限行基础上！【北京持续三天空气污染将实行单双号限行】日前。即预测未来持续三天出现严重污染时！机动车将实施单双号限行措施！北京通过《北京市空气重污染应急预案》 ​		,司马帅磊,//weibo.com/2844560455/G3M7cDnbO?refer_flag=1001030103_
污染; 2018-02-19; 1; 10,173,		不化妆也要擦隔离很多人只有在化妆的时候才会想起隔离霜，其实隔离霜的作用就是将皮肤和外界隔离的护肤品，使皮肤免YBC307受环境以及辐射的污染，因此，即便在不化妆的时候也要擦隔离霜，给皮肤上一层保护膜。 ​		,獅子在野,//weibo.com/6433252586/G3M7ahFpD?refer_flag=1001030103_
污染; 2018-02-19; 1; 10,174,		【世界卫生组织9条防癌提示】①不吃熏腌制食物。②不吃过热过硬、过焦过咸的食物，不喝过烫的水。③不吃发霉粮食及制品。④不用洗衣粉擦洗餐具、茶具或食物。⑤吃饭不要过饱，控制肉类的摄入量。⑥不吃被农药污染的蔬果。⑦不酗酒。⑧不吸烟。⑨每天开窗1至2小时。 ​		,抹微笑美如诗,//weibo.com/2511299121/G3M6O7M8S?refer_flag=1001030103_
污染; 2018-02-19; 1; 10,175,#同学你吃错药了##用美食温暖你#【急救手册】宠物咬伤怎么办？首先应该立即、就地、彻底冲洗伤口。可先将伤口挤压出血，并用浓肥皂水反复冲洗伤口，再用大量清水冲洗，擦干后用5%碘酒烧灼伤口，以清除或杀灭污染伤口的狂犬病毒，冲洗伤口半小时后要到医院寻求医生帮助，尽快注射狂犬疫苗。 ​		,鸫鸟看画说,//weibo.com/5074020589/G3M6E6qml?refer_flag=1001030103_
污染; 2018-02-19; 1; 10,176,		回复 别污染了艺兴的微博		,岁月在风尘中,//weibo.com/2706896955/G3Hcaz8dh?refer_flag=1001030103_
污染; 2018-02-19; 1; 10,177,#最好的舞台# 台上balance 台下balance 哥俩一起balance #黄渤导演作品# 黄渤导演电... ​	,NA,//weibo.com/5165282638/G3M6sybKM?refer_flag=1001030103_
污染; 2018-02-19; 1; 10,178,		今天我和一女同学玩LOL的时候！问她，你觉得我人品怎样。在近日召开的第二届车内环境发展论坛上；”我了个去：【车内空气成购车重点考虑因素】车内的空气质量和车内污染问题近年来受到各界严重关注。 ​		,薰衣草之心6,//weibo.com/2876986983/G3M6r3SrO?refer_flag=1001030103_
污染; 2018-02-19; 1; 10,179,"		今日天气:，南宁:小雨,，9°C~13°C,，东北风，≤3级，空气指数:2.0,有利于空气污染物稀释、扩散和清除，可在室外正常活动。，穿衣指数:5.0,夹衣、风衣，紫外线指数:1.0,紫外线弱爆了，洗车指数:1.0,不宜，vivo天气 ​		",喵喵V宝贝爱生活,//weibo.com/6408617413/G3M6kBzMz?refer_flag=1001030103_
污染; 2018-02-19; 1; 10,180,		【茼蒿营养价值高】茼蒿富含矿物质、胡萝卜素、蛋白质、膳食纤维、维生素C等，污染轻，营养丰，高水分，低热能。茼蒿食用部分为幼嫩茎叶，味道清香，可凉拌，也可荤素炒食，烧豆腐、做汤、做馅等，秋冬涮火锅食用也别具风味。 ​		,萧潇311,//weibo.com/3073216495/G3M6ifS9R?refer_flag=1001030103_
污染; 2018-02-19; 1; 10,181,		有没有发现你GMA719的肌肤会局部脱皮，而另外一些地方又油油的这是因为肌肤水循环减速造成的“不均衡干燥”。你的保养可能一味的强调了补水的深度，却忽略了补水的均衡。再加上缺觉、压力、污染、紫外线、以及干冷空气的侵袭，肌肤越来越糟，传统保湿方案也显得力不从心。 ​		,宣良honey,//weibo.com/6434641668/G3M64Dh8I?refer_flag=1001030103_
污染; 2018-02-19; 1; 10,182,#罗晋归去来# #罗晋书澈# 书澈，名副其实的未来精英，是刷新国人对官二代“坑爹败家熊孩子”既定认识的观念颠覆者，是家族和爱情被权商利益污染、出污泥而不染的一抹洁白@罗晋 ​		,晋善晋美的小鱼儿,//weibo.com/6233413918/G3M5zBhco?refer_flag=1001030103_
污染; 2018-02-19; 1; 10,183,		“哪个比较疼，核污染；”青年答；问青年、将蛋砸在青年头上！“大师：地震！”禅师拿出一个生鸭蛋一个咸鸭蛋，全球变暖！ ​		,Arr画符ay,//weibo.com/5973939953/G3M4yF958?refer_flag=1001030103_
污染; 2018-02-19; 1; 10,184,		【车内空气成购车重点考虑因素】车内的空气质量和车内污染问题近年来受到各界严重关注，而对其存在的普遍性以及危害普通大众也有了基本的认知。在近日召开的第二届车内环境发展论坛上，国家环保部相关负责人表示，车内空气质量标准是国家环保部重点修订的标准，目前标准修订工作正在进行中。 ​		,远舒勒80,//weibo.com/6140985039/G3M4mgw4j?refer_flag=1001030103_
