query,Post ID,Post Content,nickname,link
集体行动; 2018-02-19; 1; 10,1,		看过《红海行动》，我评： 热血大片，集体英雄主义的赞歌，感受祖国强大。场面十分宏大而血腥，断肢残尸漫天飞。时长近两个半小时而不觉长。 http://t.cn/R0UbDyZ 来自@淘票票 ​		,庐山飞虎,//weibo.com/1167184397/G3SVLkRcX?refer_flag=1001030103_
集体行动; 2018-02-19; 1; 10,2,		如果非要拿红海行动和战狼比的话，我觉得红海更贴近现实，个人英雄主义的扩大化远不如集体作战彰显每个人的脾性来的实在。而且相比战狼中的“战神附体刀枪不入，小打小伤几秒复原”感，红海中会有人受伤甚至牺牲，它告诉我们的是在危难关头拯救我们的不一定是美国大片中的英雄式人物，更会是我们身边的 ​			...展开全文c,甜瓜小札,//weibo.com/5930510191/G3SVppN33?refer_flag=1001030103_
集体行动; 2018-02-19; 1; 10,3,http://t.cn/R6cDVzi，怎么说，还好大年初一看的是唐人街探案2，红海行动看完后整个人好累，感觉要窒息了不过也是真的好看，从头打到尾超拼，团战，集体英雄主义，比战狼2好看，但是观影体验比战狼2要累，总之就是不错。还有建议不要带小朋友看。 ​		,卡卡说不要拖延了_YS,//weibo.com/1806479977/G3STUn5Kv?refer_flag=1001030103_
集体行动; 2018-02-19; 1; 10,4,#红海行动# 不是个人英雄的力挽狂澜  而是一队人的互相扶持  即使身处险境战友牺牲没有支援的情况下也咬牙坚持不抛弃不放弃  这种集体主义精神最打动我直击人心的温柔却刚硬如铁为每一位蛟龙捏把汗担心他们随时会牺牲			...展开全文c,Lyudmila7,//weibo.com/3257676934/G3STKzWqD?refer_flag=1001030103_
集体行动; 2018-02-19; 1; 10,5,		崔秀英用行动告诉大家 倒贴下限？不存在的//@你管我是谁吼:平日里卡姐一个enjoy the show，一个都能引申出无数含义，脑补出无数倒贴的骚丸此刻仿佛集体大脑封闭了真是有趣呢～偏偏就是be，偏偏就是➗，真是好巧啊		,pampersyws,//weibo.com/3538737774/G3R3S7Ls7?refer_flag=1001030103_
集体行动; 2018-02-19; 1; 10,6,#没脸没皮崔秀英# 臭不要脸也要有个度，B.E之后连logo都直接copy除号真的是让人叹为观止。打着慈善的名号不停copy JSY个人品牌真的是人如其名脸大如饼 ​	,NA,//weibo.com/5063698858/G3SP75NRP?refer_flag=1001030103_
集体行动; 2018-02-19; 1; 10,7,#红海行动# 又一部令人热血沸腾的爱国主义影片，如果说战狼是个人英雄主义，那这部就是集体英雄主义。 http://t.cn/RyhjKDj ​		,蓝莓-可乐,//weibo.com/1959122595/G3SLYjILz?refer_flag=1001030103_
集体行动; 2018-02-19; 1; 10,8,http://t.cn/R6cDVzi，今天晚上看了红海行动，真的很赞，没有过分的个人英雄主义，也没有特别强烈的主角光环，但是里面每个人都是观众的焦点，在作战的时候集体感特别强，分工明确，每个人都做好了自己的事，尤其是打破了那些战斗后敌人全死，但是主角们都活了下来的剧 ​			...展开全文c,Du柚稚囡宝Du,//weibo.com/6132926142/G3SLIn40k?refer_flag=1001030103_
集体行动; 2018-02-19; 1; 10,9,		总结一下这几天最讨厌听到的词：来都来了 大过年的 集体行动 礼尚往来 快叫叔叔 ​		,ThomasMuller25,//weibo.com/3994123253/G3SFMtb8L?refer_flag=1001030103_
集体行动; 2018-02-19; 1; 10,10,		红海行动！好看！好燃！这次集体迟到10min，有进步 ​		,wddan,//weibo.com/1780634964/G3SEN0YEB?refer_flag=1001030103_
集体行动; 2018-02-19; 1; 10,11,		这是晚清历史上少有的一次地方督抚统一拒不执行中央政府的集体行动，虽然封疆大吏出于公心，但经此之事，地方官员的独立自治意识有所抬头，也为接下来清政府预备立宪奠定了意识基础。 http://t.cn/RRe3vxl ​		,易隆说历史,//weibo.com/1778328047/G3SEz7uAr?refer_flag=1001030103_
集体行动; 2018-02-19; 1; 10,12,		的确是为了黄景瑜看了红海行动，蜜汁口音这些年还是没变啊，大海既视感太强了！红海的确比战狼2强，战狼2太过强调个人英雄主义了，而红海更讲集体，那种真实的皮开肉绽让人震撼！唐人街探案2也是很不错的，笑点密集，昊然弟弟的发挥越来越稳了，宝强还是那个没心没肺到让人感觉心疼的唐仁，好期待第三 ​			...展开全文c,我一直都叫Rebacca,//weibo.com/1859962662/G3SEwrKim?refer_flag=1001030103_
集体行动; 2018-02-19; 1; 10,13,#红海行动[电影]# 和家里一起看了，很真实 ，战争就是这样残酷，没有战狼那样凸显个人主义，更多的是集体的力量！再吃感叹中国军人！超赞 ​		,一只孙嘉阳,//weibo.com/5039990559/G3SDummHK?refer_flag=1001030103_
集体行动; 2018-02-19; 1; 10,14,		个人春节观影心得：老少幼皆宜的《捉妖记》（特效不错，但剧情可以忽略不计）；老少皆宜的《唐人街探案2》（剧情流畅，尊重智商，忽略掉王宝强略显浮夸的音色效果更佳）；最燃的强推《红海行动》（不同于战狼的个人英雄，这次的主角是一个集体。而且比《湄公河行动》更燃，中国军人雄起[强][强][强]） ​		,圆脸怪模,//weibo.com/5977313237/G3SBj26cr?refer_flag=1001030103_
集体行动; 2018-02-19; 1; 10,15,		下午一家三口看了红海行动，少有的集体活动，（主要我爸想看，两个人陪着他）。红海行动是一部中国主旋律电影，没有战狼2中一人打一个师的勇猛，也没有太多的爱恨情仇。显现的是军人的配合，责任，使命。战斗场面贯穿始终，穿插的子慢镜头特效还是很好的，就是每次打完都要所有人出现一遍对一遍话。 ​			...展开全文c,2018年那只正在打挺的咸鱼,//weibo.com/3990807004/G3SzU89gp?refer_flag=1001030103_
集体行动; 2018-02-19; 1; 10,16,		《红海行动》不同于《战狼2》的个人英雄神话，表现的是集体英雄主义，虽然八人对150人未免还是很夸张，不过画面和观感丝毫不输于美国大片。是国产战争片的精品。 ​		,化礼_礼娃,//weibo.com/2501145110/G3SyUqyt3?refer_flag=1001030103_
集体行动; 2018-02-19; 1; 10,17,#走基层·看变化·乐享寒假#滔滔黄河 巍巍泰山 孔孟之乡 礼仪之邦齐鲁家风在一辈辈人的言传身教中传承过年是一次集体行动，以家族为单位，族谱记录着家族的过去，家风承载着家族的希望。在北方的农村，自2017年施行的“煤改气”政策既解决了人们的取暖问题，又降低了对环境的污染，家家户户都能过一 ​			...展开全文c,奋斗青年刀削木6868,//weibo.com/6474201261/G3SvFch60?refer_flag=1001030103_
集体行动; 2018-02-19; 1; 10,18,		看了红海行动继顾海这个角色后，再次被黄景瑜的顾顺圈粉。整部电影很燃，人物性格丰满，剧情紧凑。电影中不再讲个人英雄主义，而是集体配合。每个人在营救行动时都有自己的分工，剧情更贴近现实，当然也更残酷。表白每个主演和中国军人总的来说就是两个字——好看 ​		,拉莫斯女票,//weibo.com/2847235022/G3Svna7mU?refer_flag=1001030103_
集体行动; 2018-02-19; 1; 10,19,		《红海行动》强烈推荐，想二刷感觉比战狼好看，就是讲集体的力量，现在看到张译依然忍不住想到史今，最后，霍思燕到底演了谁 ​		,那呦怎样忄腐妹不腐,//weibo.com/1952959337/G3Spd6uvH?refer_flag=1001030103_
集体行动; 2018-02-19; 1; 10,20,		《红海行动》非常好，远胜《战狼2》。战狼是一部个人的爽文，红海行动则是一部突出集体力量的战争片，更是反战片。红海行动展示了战争的残酷（优秀的青年牺牲了残疾了）、国家意志的强悍（这个不用多说）。片中的女特战队员和战友一起为了任务和理想生死一线，女记者和助理一起为了事业和正义舍生忘 ​			...展开全文c,招福的花园,//weibo.com/2865435252/G3Sovme0E?refer_flag=1001030103_
集体行动; 2018-02-19; 1; 10,21,		红海行动好看诶，相比起战狼这个集体精神爱国情怀我吃。结束时特意看了下女演员名字，对林超贤和杜琪峰真是有莫名的好感 ​​​		,樱家大丸子,//weibo.com/1910822761/G3SotyctP?refer_flag=1001030103_
集体行动; 2018-02-19; 1; 10,22,http://t.cn/R6cDVzi，又一部扬我国威的电影，是一部值得观看的电影。首先取材取自真实故事背景，其次不是炫耀个人英雄主义，而是集体精神，片子的战争场面很有代入感，让人不禁感叹中国军人的威武。看似简单的撤桥，其实都是前线军人用绳命在维护我国公民安全，让我们 ​			...展开全文c,sx漂流,//weibo.com/2684765804/G3SlHjw28?refer_flag=1001030103_
集体行动; 2018-02-19; 1; 10,23,#红海行动[电影]#啊哈爸爸你好帅，你的眼睛是不是加了放大特效！海军很有钱啊！军舰帅死啦！集体行动太刺激了，这电影演员不需要背台词全程只有掩护我、收到、迫击炮……哈哈哈，我语言匮乏只能用帅帅帅形容。强烈期待空军系列，估计空政也不想提到空军的时候是时光不老我们不散的空天猎吧哈哈哈哈！ ​		,J-dmm-J,//weibo.com/5269466134/G3SfOmHpM?refer_flag=1001030103_
集体行动; 2018-02-19; 1; 10,24,#红海行动[电影]# 真枪实弹，从头燃到尾实在揪心。集体作战，个个都是实力派。恐袭的蔓延，战争的残酷，哪有什么岁月静好，皆因有人替你负重前行。致敬强大的祖国和一线的军人! 多了一个新年愿望: 世界和平。 ​		,不温柔还有点酷的小姐姐,//weibo.com/5044033713/G3ScRauvr?refer_flag=1001030103_
集体行动; 2018-02-19; 1; 10,25,#红海行动#是这个贺岁档中我个人很期待的一部片子，真人真事改编，编剧逻辑在线，拍摄剪辑配音出色，节奏感强，138分钟的片子起码100分钟高潮，全程无尿点，不过分煽情，没有尴尬的剧情，没有个人英雄主义，强调集体强调团队，演员们演技很好，张译从《士兵突击》到《我的团长我的团》，他那种憨厚忠诚 ​			...展开全文c,王翎霁,//weibo.com/5168137800/G3Sa7xLUl?refer_flag=1001030103_
集体行动; 2018-02-19; 1; 10,26,#黄景瑜红海行动# 集体偷顾顺		,大闷lwy,//weibo.com/6182133939/G3zGf12FX?refer_flag=1001030103_
集体行动; 2018-02-19; 1; 10,27,#电影红海行动# 已经燃爆春节档～饰演狙击手的@Johnny黄景瑜 此番作为男主首次亮相大银幕，将顾顺的傲娇桀骜诠释的很到位，也从骨子里透出了军人的帅气 ​	,NA,//weibo.com/2369581531/G3S3zwNxc?refer_flag=1001030103_
集体行动; 2018-02-19; 1; 10,28,#电影红海行动#超燃，好看！绝对不输战狼2的片子。如果说战狼是个人英雄主义的爱国片，红海就一定是宣扬集体主义的爱国片。蛟龙突击队，中国的骄傲 ​		,黛茜不是万能的,//weibo.com/1748643743/G3RXtjRpC?refer_flag=1001030103_
集体行动; 2018-02-19; 1; 10,29,		我喜欢不迟到的人。喜欢不说谎的人。喜欢有真性情的人。我也喜欢说出的话与行动相符的人。喜欢内心有温柔和想象力的人。喜欢对一切持有善意而又有力的人。喜欢内心有价值观态度坚定不屈服于集体的人。喜欢孩子一样容易付出容易受伤容易复原的人。喜欢相信爱和实践爱的人。 ​		,雷神常轶,//weibo.com/5377633028/G3RWwuBxQ?refer_flag=1001030103_
集体行动; 2018-02-19; 1; 10,30,#红海行动# 吹一下红海行动，确实是拍出了难得的水准！非常真实，个人觉得比战狼二好很多，因为战狼更给我一种漫威大片的感觉，个人英雄主义色彩比较浓厚。红海相比之下从相对客观的角度来刻画撤侨行动，可能更符合国人强调集体行为的传统观念，也更符合我个人审美。最近看过的几个片子对战争场面的描 ​			...展开全文c,蔓烟洛-,//weibo.com/1985289111/G3RQr9Pls?refer_flag=1001030103_
集体行动; 2018-02-19; 1; 10,31,http://t.cn/R6cDVzi，继湄公河行动之后林超贤再创新作，红海行动，相对于个人英雄主义，红海行动更加侧重于集体行动和团队合作。林超贤是当之无愧的戏疯子，另外从鸡毛飞上天，绣春刀2到红海行动，感觉张译选的戏都不会差到哪里去 ​		,油腿窘Kp1wn17022,//weibo.com/6475392227/G3RNncbqb?refer_flag=1001030103_
集体行动; 2018-02-19; 1; 10,32,		看过《红海行动》，我评： 个人觉得比战狼2好看，不知最终票房会怎么样不是美国式的个人英雄主义，而是更中国式的集体英雄主义 http://t.cn/R0UbDyZ 来自@淘票票 ​		,大松爷,//weibo.com/2235329207/G3RNg3YEA?refer_flag=1001030103_
集体行动; 2018-02-19; 1; 10,33,		红海行动这部片整体来看拍得不错，缺点就是前期的镜头切的乱，不连贯，其他的都还不错。不过这片也深刻地体现了中国人的思维方式，强烈的国家意识集体意识，对国家这个图腾盲目崇拜，假想外国都和中国作对，哈哈 ​		,极夜刻时,//weibo.com/5785878937/G3RKBs0sU?refer_flag=1001030103_
集体行动; 2018-02-19; 1; 10,34,http://t.cn/R6cDVzi，全家一起去看了红海行动，电影刚开始的时候就突发感慨。哪有什么岁月静好，不过是有人替你负重前行，或是父母或是军人。全程特效满分，没看过战狼，但听看过的人说属于个人英雄主义，我觉得比起个人来讲，集体主义精神才更应该得到弘扬，没有拖拉 ​			...展开全文c,一个小朋友_TaMmy,//weibo.com/1911538393/G3RIuzYMW?refer_flag=1001030103_
集体行动; 2018-02-19; 1; 10,35,		粗發！️  心動不如馬上行動，坐言起行立馬和各方至親摯友們一起集體行動，踏上2018年狗年的光明的康莊大道！  出發！️🚩 http://t.cn/R2LHes7 ​		,紅棉道6203401321,//weibo.com/6203401321/G3RHSsBKt?refer_flag=1001030103_
集体行动; 2018-02-19; 1; 10,36,		买了好几天的电影票 我才买到红海行动的票 今天满怀激动去看这部电影电影真的很好看，场面很燃。也是现实的刻画。情节，很好，无尿点.可以媲美好莱坞军事片.很多人说它是战狼2.0，而我表示，它和战狼完全不同。战狼是个人英雄主义，而红海行动这部电影，讲的是我们国家的军人，如何集体，保护中国 ​			...展开全文c,KAI_赵清淮,//weibo.com/2413081463/G3RFDhTYh?refer_flag=1001030103_
集体行动; 2018-02-19; 1; 10,37,#电影红海行动#超燃，比较个人英雄主义，更喜欢这种集体主义精神，支持红海行动(●°u°●)​ 」 ​		,z蔡君z,//weibo.com/3165418652/G3REpBYIj?refer_flag=1001030103_
集体行动; 2018-02-19; 1; 10,38,		看过《红海行动》，我评： 超级好看！个人觉得比战狼2好看，不再是个人英雄主义，集体的蛟龙每一个人都发光发彩，被每一个人都圈粉了，黄景瑜出场真是帅炸了 http://t.cn/R0UbDyZ 来自@淘票票 ​		,糸湖溪,//weibo.com/1656011603/G3Ru6vA3Y?refer_flag=1001030103_
集体行动; 2018-02-19; 1; 10,39,		我喜欢不迟到的人.喜欢不说谎的人.喜欢有真性情的人.我也喜欢说出的话与行动相符的人.喜欢内心有温柔和想象力的人.喜欢对一切持有善意而又有力的人.喜欢内心有价值观态度坚定不屈服于集体的人.喜欢孩子一样容易付出容易受伤容易复原的人.喜欢相信爱和实践爱的人。—— 安妮宝贝 ​		,神秘的杜敏松,//weibo.com/5373941301/G3RpVCCeD?refer_flag=1001030103_
集体行动; 2018-02-19; 1; 10,40,		《红海行动》非常棒的一部片子——展现了集体团结、合作的精神，令人感动，戳痛我泪点！大赞 ！要给个好评！要给个高分！ http://t.cn/R2db1fi ​		,XJ萌大叔,//weibo.com/5639732931/G3RnHANHh?refer_flag=1001030103_
集体行动; 2018-02-19; 1; 10,41,#红海行动# ballball大家都去看这部电影看完半小时后还回不过神来好几次发现自己紧张的忘了喘气手心有薄薄一层汗全程无尿点			...展开全文c,Catherine_里里里里小宇,//weibo.com/2198187750/G3Rnz4EFJ?refer_flag=1001030103_
集体行动; 2018-02-19; 1; 10,42,		没有哪件事、迟疑不决时……只要你愿意走：若是美好，人生贵在行动：叫做精彩，给我下来捉老鼠去：若是糟糕、没事还集体装起小鸟啊！ ​		,古冶温馨家卫浴,//weibo.com/2645380280/G3RhkiBVN?refer_flag=1001030103_
集体行动; 2018-02-19; 1; 10,43,http://t.cn/R6cDVzi，战斗场面精彩 心脏不适者不宜观看 心脏跳的难受 高还原度战场血腥惨烈小朋友不宜观看 展示了好多先进武器设备 集体群戏非常出彩 场面和特效壮观 虽然今天涨价了 值回票价 ​		,脱线板kkw,//weibo.com/1977563810/G3RdydwX4?refer_flag=1001030103_
集体行动; 2018-02-19; 1; 10,44,		看完红海行动，想说什么呢看的时候太紧张了，一直在搓手刚好关注的瓣主有写的观后，认同每一个字，每一个这是一场集体主义的战争。每一个人都有自己的职责与大义，成长部分也让每一个人的角色鲜活起来。如果说zl2你能记住吴j，红海行动会让你记住中国海军，记住这场战役里的每一个人。他们本不是完 ​			...展开全文c,612星球的野蔷薇,//weibo.com/2466298930/G3RddfpF3?refer_flag=1001030103_
集体行动; 2018-02-19; 1; 10,45,		【三天32亿 春节档大爆发预示电影市场全面升级？】《捉妖记2》《唐人街探案2》《红海行动》等电影的集体加持之下，大年初一单日票房超过12.6亿。初二、初三单日票房也分别落点在10.1亿、9亿，春节档前三天的累积票房高达32亿、同比增长约65%，再一次刷新了春节档票房的纪录 ​​​		,我就是天祥,//weibo.com/5182171545/G3QyNazhl?refer_flag=1001030103_
集体行动; 2018-02-19; 1; 10,46,	  【三天32亿 春节档大爆发预示电影市场全面升级？】《捉妖记2》《唐人街探案2》《红海行动》等电影的集体加持之下，大年初一单日票房超过12.6亿。初二、初三单日票房也分别落点在10.1亿、9亿，春节档前三天的累积票房高达32亿、同比增长约65%，再一次刷新了春节档票房的纪录 http://t.cn/RRdTGRd ​	,NA,//weibo.com/5295580400/G3Rd7nK39?refer_flag=1001030103_
集体行动; 2018-02-19; 1; 10,47,		在以贺岁片喜剧片为主的春节档，强烈推荐这部“硬碰硬”又有着集体爱国奉献精神的最燃最刺激的年度大戏。 超级！！！！燃！！！！红海行动！！！ ​		,漫米米酒,//weibo.com/6233400949/G3R0LtiWT?refer_flag=1001030103_
集体行动; 2018-02-19; 1; 10,48,http://t.cn/R6cDVzi，集体英雄主义战争片，真实的有点感动。 ​		,魔王的番茄酱,//weibo.com/1254477765/G3QZE3mga?refer_flag=1001030103_
集体行动; 2018-02-19; 1; 10,49,		我感觉红海行动比战狼二好看，可能更多是因为战狼二就一个人行动，而红海是集体主义更重更像中国军人，而且没有太大的主角光环（有人死） ​		,琉璃灯火梦吹殇,//weibo.com/5193706697/G3QRyAv8Y?refer_flag=1001030103_
集体行动; 2018-02-19; 1; 10,50,		跟着爹妈江西一顿跑、啥好吃没吃上、买到心仪的辣椒酱、真感觉自己是个江西人。无聊到炸、真的太想有自己的家、假期出去浪、不用集体行动！好无聊好无聊、坐等晚上驱车去山沟沟 ​		,_HP_Virgo,//weibo.com/2755778473/G3QPtpQdU?refer_flag=1001030103_
集体行动; 2018-02-19; 1; 10,51,		「红海行动」又是一部展现中国军方在海外保护侨民的大红片。和湄公河行动战狼二等不同，这部片子主人公不明显，而是通过集体行动的方式展现了集体主义价值观和战场的残酷，以凸显我国国威不可侮辱的决心。一个片子影响不会很大，但这几年连续在党政军多角度拍摄这种精彩的大红片，涵化效果会潜移默化完 ​			...展开全文c,夏日之阳新闻传播考研,//weibo.com/3321496530/G3QOwklWU?refer_flag=1001030103_
集体行动; 2018-02-19; 1; 10,52,#红海行动[电影]# 为红海行动打电话，非常好看。集体英雄主义超感动。国人一样能拍出来美国大片，里面真刀真枪，各种效果震人心魄，我国先进的武器装备吊打这些low的恐怖分子，刺激肾上腺素。 ​		,叶子很新,//weibo.com/1217808697/G3QKHALjG?refer_flag=1001030103_
集体行动; 2018-02-19; 1; 10,53,		社火表演从大年初四开始，社火活动几乎包容了大部分民间艺术形式，如花儿、戏曲、秧歌、剪纸、刺绣、编织、绘画、相声、舞蹈、杂耍（包括龙、狮舞、高跷、竹马）、武术等。渭源社火，以其独特的人文景观和民俗风情深受当地人们的喜爱，以致于大家参与、集体行动。@扬州大学水利与能源动力工程学院 ​		,happyYoren,//weibo.com/6065124278/G3QIJCk9N?refer_flag=1001030103_
集体行动; 2018-02-19; 1; 10,54,#三天32亿 春节档大爆发预示电影市场全面升级？#《捉妖记2》《唐人街探案2》《红海行动》等电影的集体加持之下，大年初一单日票房超过12.6亿。初二、初三单日票房也分别落点在10.1亿、9亿，春节档前三天的累积票房高达32亿、同比增长约65%，再一次刷新了春节档票房的纪录。http://t.cn/RRdTIrQ ​		,网络传播研究,//weibo.com/1901698813/G3QH760ba?refer_flag=1001030103_
集体行动; 2018-02-19; 1; 10,55,		时间是人的财富、全部财富，[xkl恭喜][xkl恭喜]#肖海洋上电视啦#正如时间是国家的财富一样。因为任何财富都是时间与行动化合之后的结果。道德方面的美与善可以通过经验和智慧而进入意识，因为在后果上，丑恶证明是要破坏个人和集体幸福的，而高尚正直则是促进和巩固个人和集体幸福的。 ​		,邰孺227651,//weibo.com/6436525659/G3QCN9Val?refer_flag=1001030103_
集体行动; 2018-02-19; 1; 10,56,		【三天32亿 春节档大爆发预示电影市场全面升级？】《捉妖记2》《唐人街探案2》《红海行动》等电影的集体加持之下，大年初一单日票房超过12.6亿。初二、初三单日票房也分别落点在10.1亿、9亿，春节档前三天的累积票房高达32亿、同比增长约65%，再一次刷新了春节档票房的纪录 http://t.cn/RRdTGRd ​		,界面,//weibo.com/5182171545/G3QyNazhl?refer_flag=1001030103_
集体行动; 2018-02-19; 1; 10,57,		说说《红海行动》，个人很喜欢。有人说像《战狼2》，其实比《战狼2》好。简单说就是：没有个人英雄主义的色彩，始终以集体的团结协作发力;不以小我爱情作为第一驱动力，而是一群人以国家利益为重、具有人道主义温暖，高度自觉的责任与担当;叙事上没有冗长刻意的煽情和渲染，塑造的英雄更纯粹、更英勇、 ​			...展开全文c,一朵喵云,//weibo.com/1768265585/G3Qyib3Bv?refer_flag=1001030103_
集体行动; 2018-02-19; 1; 10,58,		我给《红海行动》打9.0分：营救题材的电影，跟常规的孤胆英雄一人闯关营救不同的是，体现的是集体的力量，因为有死伤故事情节也显得真实点。演员也都还不错，海清崩溃那段让人跟着落泪，就是第一个出场的狙击手没等露脸就挂了。爆炸的整体场面有点血腥， @猫眼电影 http://t.cn/RReh2Sk ​		,懒惰的菠萝,//weibo.com/2808422001/G3QrvqD9L?refer_flag=1001030103_
集体行动; 2018-02-19; 1; 10,59,		红海行动，和战狼相比，更强调团队配合，集体行动。但是感觉没有战狼那么直指核心。战狼很明确的指出来非洲的混乱就是西方势力涉入的结果，而且最终冷锋和西方势力的代表进行了殊死搏杀。而红海行动中，仿佛非洲的混乱源头就是恐怖分子，给人有点隔靴搔痒的样子，意犹未尽。 http://t.cn/R2Wxmre ​		,龙泉蓑笠叟,//weibo.com/2910283947/G3QfZrcQk?refer_flag=1001030103_
集体行动; 2018-02-19; 1; 10,60,		早上看了红海行动，可能因为有些情节比较血腥，不适合春节阖家欢乐的气氛，所以在小厅放映，不过看的人还是不少的。比起战狼2的个人英雄主义色彩，这部更多反映了集体作战配合，两个多小时时长全程燃爆，剧情紧凑，枪战激烈，每个队员表现都可圈可点。不知影片上映多久，希望喜欢这类片的不要错过 ​		,果果不冻,//weibo.com/1711124800/G3QeS444B?refer_flag=1001030103_
集体行动; 2018-02-19; 1; 10,61,#红海行动[电影]##红海行动# 比战狼不知高到哪里去了，比起个人英雄，集体行动带来的震撼丝毫不逊色。略显“血腥”的场面更带来真实与触动。我想贺岁档从来不是全家傻笑，而应该是不同年纪人的不同思考，支持好电影！ ​​​ http://t.cn/R0QwMZb ​		,成功睡入2018的猪猪女孩,//weibo.com/3205104263/G3Qcqaoz0?refer_flag=1001030103_
集体行动; 2018-02-19; 1; 10,62,#聚焦乡村振兴，甘农学子在行动# 需要形成有效维护农村集体经济组织成员权利的治理体系。郑风田表示，要落实农民的土地承包权、宅基地使用权、集体收益分配权和对集体经济活动的民主管理权利，形成有效维护农村集体经济组织成员权利的治理体系。 ​		,释怀178,//weibo.com/6244919881/G3PNMuXzp?refer_flag=1001030103_
集体行动; 2018-02-19; 1; 10,63,#聚焦乡村振兴，甘农学子在行动# 实现这个改革目标，需要发展新型农村集体经济。目前，全国40%左右的村成立了农村集体经济组织，60%左右的村是由村民委员会代行职能。宋洪远分析，从实践看，建立健全农村集体经济组织是方向。这个新型集体经济，新在不是传统的“一大二公”的集体经济，而是集体成员边 ​			...展开全文c,释怀178,//weibo.com/6244919881/G3PNC6kyP?refer_flag=1001030103_
集体行动; 2018-02-19; 1; 10,64,#聚焦乡村振兴，甘农学子在行动# 曾业松认为，当前，要壮大集体经济，增强集体组织服务功能，培育农民新型合作组织，发展各种农业社会化服务组织，鼓励龙头企业与农民建立紧密型利益联结机制。充分尊重农民的意愿，把小农户经营引入现代农业规模化、集约化发展轨道上来。 ​		,释怀178,//weibo.com/6244919881/G3PN4rgNP?refer_flag=1001030103_
集体行动; 2018-02-19; 1; 10,65,http://t.cn/R6cDVzi，全程屏息凝神看完，激烈的枪战，我的手心全是汗！没有突出个人，全程团队集体行动，非常棒！让观众也了解中国军事力量的强大！ ​		,林中静谧,//weibo.com/1619418151/G3PGX2i3e?refer_flag=1001030103_
集体行动; 2018-02-19; 1; 10,66,		战狼2大抵是个人英雄的爽片，红海行动感觉是集体作战的战争片，但主旨都是：一日为军人，一生为人民，军装在心不在身，挺好。以后有类似的片子依然愿意去观看。 ​		,枫随秋意醉,//weibo.com/3211947493/G3Ptd5KtD?refer_flag=1001030103_
集体行动; 2018-02-19; 1; 10,67,http://t.cn/R6cDVzi，因为林超贤导演的口碑、景瑜的颜去电影院刷了一次，觉得这部片子才真正讲述了中国军人。军人是一个集体，在战场上个人的力量何其渺小，只有团结一心才有可能取得胜利，影片残酷的战争画面惊醒了我们，我为我生在一个没有战乱的国家感到庆幸，最后 ​			...展开全文c,清凌泠,//weibo.com/5822164455/G3PpM39n5?refer_flag=1001030103_
集体行动; 2018-02-19; 1; 10,68,#红海行动#红海行动 从头打到尾都上热搜了，全程突突突，轰轰轰，biu biu biu……这算是口碑传播的开始吧，看到的人值得一刷！虽然电影是见仁见智，但《红海》是会让你为之一振，再高燃之下，开始思考战争的意义。可能看完你都对不上每一个人，但这就是集体，这就是团队，里面的每一个人都性格鲜明 ​			...展开全文c,尔叁婲娘,//weibo.com/1867780572/G3PlPpNs5?refer_flag=1001030103_
集体行动; 2018-02-19; 1; 10,69,		鬼畜风夏雨老师果然也能hold住，不愧是会变魔术的滑板大哥。#浙江卫视莫斯科行动#集体鬼畜，你get了吗？L浙江卫视中国蓝的微博视频? http://t.cn/RQ90R1q ​		,gymnje郑联国_826,//weibo.com/6449734491/G3OXDb4Mm?refer_flag=1001030103_
集体行动; 2018-02-19; 1; 10,70,#电影红海行动#没有谁在驱赶，也没有谁在捕捞，鲸鱼为什么会自取灭亡地离开大海呢?而鲸鱼大规模地冲上海滩集体自杀的现象就更令人惊奇了。对于鲸鱼集体自杀现象，海洋学家们从各个角度分析论证，有人认为是由地球磁场决定它们总是循着磁力低的地方走，至死不回头…… ​		,黯巽L_556_802,//weibo.com/5054180241/G3ORdboiW?refer_flag=1001030103_
集体行动; 2018-02-19; 1; 10,71,		3天过去了，可以写一下我的吐槽了（反正没人看）#红海行动# 这部有军部支持的大片，很清奇地表现了我军贪刀和吃瘪的样子——相对“强者无敌”这个口号而言。几乎每个主要角色都有不小的失误和做无用功，甚至违抗命令，却同时也展现着人性光辉，自我与集体的矛盾不断冲突又不断融合，确能为这商业片增 ​			...展开全文c,G変貴,//weibo.com/1215505684/G3OQf9VgD?refer_flag=1001030103_
集体行动; 2018-02-19; 1; 10,72,#红海行动[电影]# ★★★★☆4星半。和他人比较，林超贤导演的新作显然比去年那部票房炸裂还不肯虚心接受批评的某导演作品优秀。同在主旋律大制作商业电影之列，红海行动真正拍出了一部「群体映像」，用集体的军人精神升华了广受诟病的个人英雄主义，显现了同为主流价值观底下影视作品的成长。与自己的 ​			...展开全文c,Lleyton_雲,//weibo.com/1729604662/G3OPDmFgj?refer_flag=1001030103_
集体行动; 2018-02-19; 1; 10,73,http://t.cn/R6cDVzi，电影没有突出个人主义，以集体对抗恐怖袭击，场面震撼，春节档好看的电影 ​		,豆豆5387297234,//weibo.com/5387297234/G3OMTsxCk?refer_flag=1001030103_
集体行动; 2018-02-19; 1; 10,74,http://t.cn/R6cDVzi，商业电影的主旋律化，红海行动是个好榜样。它告诉我们，不喊那些空泛的口号，也能营造出国之荣耀、军人之威风。而且以集体小队的方式做这种营救行动，比无脑的塑造个人英雄要可信的多。影片节奏很紧张，抓着观众往前行，不留空隙，显然这是创作者知道剧 ​			...展开全文c,Flaneur原文泰,//weibo.com/1426926685/G3ODZb6bq?refer_flag=1001030103_
集体行动; 2018-02-19; 1; 10,75,		染心动漫社招新~希望佳木斯和鹤岗的小可爱们能积极加入，一起开心的玩耍！不论是coser、唱见、舞见还是cv妆娘，哪怕没有特别的一技之长，只要你有一颗赤诚的心，热爱动漫热爱集体，我们都会欢迎你的！而且别的我们不多，小姐姐可绝对不少，心动就赶快行动吧。 ​​​ http://t.cn/RJy5tYE ​		,RX教主顾染,//weibo.com/6134417622/G3Oy8jjKL?refer_flag=1001030103_
集体行动; 2018-02-19; 1; 10,76,http://t.cn/R6cDVzi ，#红海行动# http://t.cn/RRdghgc 不仅战斗是这样，需要充分发挥每一个人的力量，才能形成集体的战斗力，表演也是这样，郭家豪、蒋璐霞、尹昉、王雨甜、麦亨利，他们没有什么明星的光环，没有巨大的人气和流量，但是他们通过自己扎实的表演，默契 ​			...展开全文c,铁任,//weibo.com/1236543921/G3Ot4wpCW?refer_flag=1001030103_
集体行动; 2018-02-19; 1; 10,77,http://t.cn/R6cDVzi，春节档最好看的电影。同样的题材，红海行动和战狼是完全不同的两种风格。红海更写实，观影的过程更有紧张感，更揪心。一个团队的集体行动，战术、分工、每个人的位置交代得很清楚。如果在镜头上还能更考究一点就更好了。3D效果略差。如果后面有2D ​			...展开全文c,倾此生-陪你细水长流,//weibo.com/1868788635/G3Oq6EG3o?refer_flag=1001030103_
集体行动; 2018-02-19; 1; 10,78,#新春走基层# 【我市春节期间电影市场火爆】大年初一，随着《捉妖记2》、《唐人街探案2》、《西游记女儿国》、《红海行动》、《祖宗十九代》、《熊出没·变形记》等六部贺岁档电影的集体上线，掀起了春节电影贺岁档高潮，吸引了我市许多市民前往影院观看。http://t.cn/RRdBX0W ​		,仙桃发布,//weibo.com/2815932080/G3Ooo3Czz?refer_flag=1001030103_
集体行动; 2018-02-19; 1; 10,79,		新年初三。先吃顿红红火火的烤鱼爽歪歪，再看个热血沸腾的红海行动爱国范儿，苦于影院太多人，中途集体回我家释放一番后，还来一场久经煎熬而不得的湘潭米粉嗦个够～三个女人一台戏，女司机、活导航、和我的一夜激情戏 ​		,Dear戴児莉,//weibo.com/1054660250/G3OjXemSs?refer_flag=1001030103_
集体行动; 2018-02-19; 1; 10,80,		从个人英雄主义到集体主义 从刀枪不入到有血有肉 《红海行动》(来自 @豆瓣App) http://t.cn/RRr7e9j ​		,Leo_傲来,//weibo.com/3157558022/G3O8LmZia?refer_flag=1001030103_
集体行动; 2018-02-19; 1; 10,81,		战狼确实透支了很多情感 第一次听说春节上映红海行动，第一反应是又跟战狼一样情节，说什么都不会去看的 但是好评如潮中最打动我的是那句我们不一样看过才深刻，感觉战狼的格局原不如红海行动个人再强大也比不过团队集体的力量 红海行动不煽情不做作一切都恰到好处 但每个人都印象深刻细节把握也很到位		,Johnny芥子瑜,//weibo.com/1408084550/G3JtzdQ1f?refer_flag=1001030103_
集体行动; 2018-02-19; 1; 10,82,http://t.cn/R6cDVzi，《红海行动》高于《战狼2》，只不过《战狼2》已经消耗或者说透支了人们的部分情感，所以在这部片子上不会给予太高的热度，二者是不同的，《红海行动》是战争，《战狼2》是一个人或者说一群人的战斗，级别不同。林超贤不断超越自己，《红海行动》已 ​		...展开全文c,NA,//weibo.com/5225316591/G3NsGdFtU?refer_flag=1001030103_
集体行动; 2018-02-19; 1; 10,83,		我喜欢不迟到的人。喜欢不说谎的人。喜欢有真性情的人。我也喜欢沉默的说话适可而止的人。喜欢说出的话与行动相符的人。喜欢内心有温柔和想象力的人。喜欢对一切持有善意而又有力的人。喜欢内心有价值观态度坚定不屈服于集体的人。喜欢孩子一样容易付出容易受伤容易复原的人。喜欢相信爱和实践爱的人。 ​		,罗伯特箥蘿鑵頭,//weibo.com/5311524425/G3NjozJQ4?refer_flag=1001030103_
集体行动; 2018-02-19; 1; 10,84,		推荐电影《红海行动》，昨天晚上刚刷完，特别棒。剧情，剧本，场面，演员表演，导演，正能量，集体主义精神，规模，都很棒。硬找槽点的话，无人机莫名其妙的起火是个硬伤，这是说国货不行啊还是国家穷就一架无人机啊？正常应该出动三架以上，彰显大国实力，坦克也应该多数交给无人机干掉，增加剧情可信 ​			...展开全文c,花千芳,//weibo.com/2759526793/G3NdX8A4J?refer_flag=1001030103_
集体行动; 2018-02-19; 1; 10,85,		这几天去看了上映的电影，捉妖记2没有新意，精彩程度与1相差无几，红海行动，热血沸腾，细节也很到位，依然犯了第一滴血的毛病，只不过是集体版的第一滴血，战狼却是第一滴血的翻版，唐人街探案2却是一个黑马，王宝强被白人大哥抱起来跳舞绝对笑死人，圣母婊除外 ​		,切格瓦拉说,//weibo.com/3199800297/G3NdK7yKT?refer_flag=1001030103_
集体行动; 2018-02-19; 1; 10,86,		我喜欢不迟到的人。喜欢不说谎的人。喜欢有真性情的人。我也喜欢说出的话与行动相符的人。喜欢内心有温柔和想象力的人。喜欢对一切持有善意而又有力的人。喜欢内心有价值观态度坚定不屈服于集体的人。喜欢孩子一样容易付出容易受伤容易复原的人。喜欢相信爱和实践爱[xkl追]的人。 ​		,吃货Mika_木子,//weibo.com/5801787489/G3MSst2lw?refer_flag=1001030103_
集体行动; 2018-02-19; 1; 10,87,http://t.cn/R6cDVzi，给9分！跟战狼2比较是必然了，个人更喜欢红海行动。因为相对于吴京的个人英雄主义，我更喜欢红海行动的集体英雄主义。集体英雄主义在今天也更加贴合现实需要。故事全程紧凑无尿点<虽然我中间有去厕所>，画面残酷得十分真实震撼，尤其是炸掉的汽车 ​			...展开全文c,omg迷张孝全,//weibo.com/1584384495/G3Lciu77P?refer_flag=1001030103_
集体行动; 2018-02-19; 1; 10,88,http://t.cn/R6cDVzi，为中国军人点赞，如果说《战狼2》突出的个人英雄主义，那么《红海行动》更凸显集体主义，场面要比《战狼2》宏大，从头打到尾，太过瘾了。 ​		,葡式蛋挞Orz,//weibo.com/1691122115/G3L585hcC?refer_flag=1001030103_
集体行动; 2018-02-19; 1; 10,89,		看到红海行动口碑不错，就拉着我妈去看了。真的是从头打到尾啊不过这片子最好的一点是没有主角光环，战争很残酷必定会伴随着牺牲，007是不存在的。个人英雄主义的片子无论宣扬的是什么总会把我看笑。集体英雄主义就还好。片子战斗部分相对真实。ps:既然是海政出品，还不拍舷号 ​		,devil_maybe,//weibo.com/1760166095/G3KNWcAx0?refer_flag=1001030103_
集体行动; 2018-02-19; 1; 10,90,		大晚上看红海行动看的热血沸腾，同时吓的腿都麻了，还不忘全程找我顾顺@Johnny黄景瑜 如今太需要这样的集体英雄主义的爱国篇了。勇者无畏，强者无敌 ​​​		,关关雎鸠Gsy,//weibo.com/3921285110/G3KKDtWui?refer_flag=1001030103_
集体行动; 2018-02-19; 1; 10,91,		这两天就是喜欢和你们在一起呀红海行动好看 节奏很紧密 很燃 集体精神很突出 也很真实 血腥和杀戮 在乱世谁都避不开 不管你是哪国人还是我们和平地带好呀 ​		,徐丹丹little_sun,//weibo.com/3171027687/G3KD0oa0A?refer_flag=1001030103_
集体行动; 2018-02-19; 1; 10,92,		红海行动心心念念期待已久，终于去看了，超出了我的预期，看之前对装备做了一定的了解，电影装备的使用让我对剧组无比敬佩，精心雕琢! 我们的军人不是超人钢铁侠，他们有血有肉有信仰，用他们的血肉灵魂牺牲自己去捍卫信仰与国之尊严!我们军人用集体英雄主义在守护我们的安宁祥和! 可惜院 ​			...展开全文c,晖之所至,//weibo.com/5774518814/G3KzRkPlK?refer_flag=1001030103_
集体行动; 2018-02-19; 1; 10,93,		姐姐家这只猫大概是我这辈子摸得最安心的一只猫 超乖的 一点都不怕它 无论是电视还是平板它都爱看 没毛病《红海行动》特别像战狼2吧 大的不同大概就是渲染集体情义和个人主义的差别吧很多血腥的镜头 看着虽然有点不舒服吧但确实触动人 战争很真实很残酷 http://t.cn/RpzcsIb ​		,Serenade____,//weibo.com/3185729940/G3KoY9v2K?refer_flag=1001030103_
集体行动; 2018-02-19; 1; 10,94,http://t.cn/R6cDVzi，很燃。一直觉得这类题材作品，包括“高于生活”的电影，都不该过分强调个人主义，团队和集体的力量才是无穷的。每个士兵的分工与配合，尖端武器装备的运用，紧张激烈的战争场面，真是让人舍不得错过一个镜头一句台词。人物性格鲜明，都立住了。有这样一 ​			...展开全文c,沉入海底的白尾鱼,//weibo.com/1408833722/G3Kmbgm1A?refer_flag=1001030103_
集体行动; 2018-02-19; 1; 10,95,mark一下今天的全家六口汗蒸之旅这也是难得能受到我妈好评的集体行动 ​		,Sheryl霏,//weibo.com/3946403451/G3KlRvOlU?refer_flag=1001030103_
集体行动; 2018-02-19; 1; 10,96,#电影红海行动# 事件略微仓促，镜头晃得厉害(非专业 自我感觉)，但是全程无尿点，槽点可爱，只是我全程找人hhh，打斗戏爆破戏武器一流，达到展示中国肌肉的目的，看完电影升起一股浓浓的爱国情操和民族自豪感(夸大ing~)。逃不掉与战狼比较的命运，我个人觉得是个人英雄主义与集体英雄主义(略有不贴合) ​			...展开全文c,-棠娇,//weibo.com/3820044746/G3KjDccnw?refer_flag=1001030103_
集体行动; 2018-02-19; 1; 10,97,http://t.cn/R6cDVzi，非常好看 影片结构紧凑，全程无尿点；逻辑清晰，情节真实感很强，不会有出戏的感觉；最重要的是，电影着重渲染了集体精神，军人的责任感、勇气、战友情。看完后深切感体会到和平的可贵，从心底生发出人民解放军深深的敬意有时间再看一 ​			...展开全文c,谁说我串号啦,//weibo.com/3902762655/G3KheyTZC?refer_flag=1001030103_
集体行动; 2018-02-19; 1; 10,98,		《源泉》头脑是个人的属性。并不存在所谓集体的大脑这种东西，并不存在所谓集体的思想。由一群人所达成的一致，只不过是一种妥协，只不过是从许许多多人的思想中推论出来的一个结果而已。它只是一个二手的结果。首要的行动——推论过程本身——必须由每一个人来独自进行。我们可以将一顿饭分给许多人来 ​			...展开全文c,食安班超,//weibo.com/1071561494/G3KfZ94iV?refer_flag=1001030103_
集体行动; 2018-02-19; 1; 10,99,		为了挽回我过年时的形象，这几天拍了超多照片请大家仔细品尝慢慢欣赏送一台美图V6给大家，可以说是最好的新年礼物了！ ​		,胡楚靓,//weibo.com/2701148474/G3SWx89Tp?refer_flag=1001030103_
集体行动; 2018-02-19; 1; 10,100,		你们还在大吃二喝吧～好看的人已经开工啦～@张亮Sean ​		,佟丽娅,//weibo.com/1345566427/G3SWilpqO?refer_flag=1001030103_
集体行动; 2018-02-19; 1; 10,101,		老铁，点赞拿钱了 ​		,噗嗤大叔,//weibo.com/3305085281/G3SZrmYVW?refer_flag=1001030103_
集体行动; 2018-02-19; 1; 10,102,		再粗壮的腿10天也能缩小，试着跟着视频里做。每个动作30次，一共做四组。坚持7天，效果就很明显，瘦出铅笔腿小蛮腰，建议先马再看！ http://t.cn/RQ8VruJ ​		,全球健身中心,//weibo.com/2142168143/G3STngfTE?refer_flag=1001030103_
集体行动; 2018-02-19; 1; 10,103,		【拯救失眠者！一个逆天的60秒极速入睡法】#十点一刻#美国医生安德鲁•韦尔亲自示范“4-7-8”呼吸法，能使人在60秒内进入睡眠状态。分3个步骤，先吸气4秒、再憋气7秒、最后再呼气8秒，3次循环后，便能感受到睡意，而整个过程仅57秒。。。转给需要的朋友！！！http://t.cn/RRga9kU ​​​		,头条新闻,//weibo.com/1618051664/G3T5Gdbad?refer_flag=1001030103_
集体行动; 2018-02-19; 1; 10,104,		再粗壮的腿10天也能缩小，试着跟着视频里做。每个动作30次，一共做四组。坚持7天，效果就很明显，瘦出铅笔腿小蛮腰，建议先马再看！ http://t.cn/RQ8VruJ ​		,全球健身中心,//weibo.com/2142168143/G3STngfTE?refer_flag=1001030103_
集体行动; 2018-02-19; 1; 10,105,		她睡觉前坚决要求吃一小口冰淇淋，并且一点儿都没浪费 ​		,黄磊微博,//weibo.com/1831216671/G3SXxszqJ?refer_flag=1001030103_
集体行动; 2018-02-19; 1; 10,106,		晚安，正月初四愿望交给锦鲤们，你只管努力就行，握鳍。*。Ｏ。ｏ〇。〇Ｏｏ。*Ｏｏ。*。ｏｏ。*Ｏｏ。*。ｏ。*Ｏｏ。*。ｏ。*Ｏｏ ​​​​		,锦鲤大王,//weibo.com/3641513235/G3SQs77ZN?refer_flag=1001030103_
集体行动; 2018-02-19; 1; 10,107,		为了挽回我过年时的形象，这几天拍了超多照片请大家仔细品尝慢慢欣赏送一台美图V6给大家，可以说是最好的新年礼物了！ ​		,胡楚靓,//weibo.com/2701148474/G3SWx89Tp?refer_flag=1001030103_
集体行动; 2018-02-19; 1; 10,108,		老铁，点赞拿钱了 ​		,噗嗤大叔,//weibo.com/3305085281/G3SZrmYVW?refer_flag=1001030103_
集体行动; 2018-02-19; 1; 10,109,		这些年在荧屏上也见过不少分手礼，最动人的有三个。一个是罗志祥早年和Selina传过一段绯闻，那时候两人都风华正茂。罗志祥一定是很喜欢她，所以才对着采访镜头说：“我心底有个很喜欢很喜欢的人，想好好保护她，所以希望我们能达成一种默契，那就是以后我说的好朋友就是她。”后来Selina被烧伤， ​			...展开全文c,思想聚焦,//weibo.com/1742566624/G3SWccuhr?refer_flag=1001030103_
集体行动; 2018-02-19; 1; 10,110,		为了挽回我过年时的形象，这几天拍了超多照片请大家仔细品尝慢慢欣赏送一台美图V6给大家，可以说是最好的新年礼物了！ ​		,胡楚靓,//weibo.com/2701148474/G3SWx89Tp?refer_flag=1001030103_
集体行动; 2018-02-19; 1; 10,111,		晚安，正月初四愿望交给锦鲤们，你只管努力就行，握鳍。*。Ｏ。ｏ〇。〇Ｏｏ。*Ｏｏ。*。ｏｏ。*Ｏｏ。*。ｏ。*Ｏｏ。*。ｏ。*Ｏｏ ​​​​		,锦鲤大王,//weibo.com/3641513235/G3SQs77ZN?refer_flag=1001030103_
集体行动; 2018-02-19; 1; 10,112,		【拯救失眠者！一个逆天的60秒极速入睡法】#十点一刻#美国医生安德鲁•韦尔亲自示范“4-7-8”呼吸法，能使人在60秒内进入睡眠状态。分3个步骤，先吸气4秒、再憋气7秒、最后再呼气8秒，3次循环后，便能感受到睡意，而整个过程仅57秒。。。转给需要的朋友！！！http://t.cn/RRga9kU ​​​		,头条新闻,//weibo.com/1618051664/G3T5Gdbad?refer_flag=1001030103_
集体行动; 2018-02-19; 1; 10,113,		生活本就充满遗憾，如果你能用珍惜的姿态来取代后悔，那么未来终归会更加圆满。http://t.cn/RRnZk67 ​		,人民日报,//weibo.com/2803301701/G3SRA7U2n?refer_flag=1001030103_
