query,Post ID,Post Content,nickname,link
示威; 2018-02-19; 1; 10,1,		校园枪击案频发 美国学生示威要求修改法令控枪 http://t.cn/RRDzXL0 ​		,地狱掠夺者2012,//weibo.com/2772449814/G3TssDm6S?refer_flag=1001030103_
示威; 2018-02-19; 1; 10,2,		*与制作人激/情/飙/车。(？)*制作人有ooc。*如有撞梗我就很抱歉……。我先点一下@Ricominciare_制作人 嘻嘻嘻。—			...展开全文c,Ricominciare_白起,//weibo.com/5963452296/G3Tprjier?refer_flag=1001030103_
示威; 2018-02-19; 1; 10,3,		【有毒！《前夫大人请滚开》这部漫画超级好看】简介：她因父母之命和他结为夫妻。结婚半年，他没碰过她。小三示威，旧情人回归，一连串的麻烦摩擦在两人之间产生。在误会越来越大的时候她签下离婚协议书离开。再见面，她成为珠宝设计师，他霸气宣言，“你是我的。”【周六更】...http://t.cn/RaOwjcH ​		,蓿晓禾,//weibo.com/6128668622/G3Tpc0MUF?refer_flag=1001030103_
示威; 2018-02-19; 1; 10,4,		导演官博公开示威，还不能骂，睡觉去了，气死了，能怎么办，打掉牙齿往嘴里吞！！！ ​		,我爱慕遥遥星辰,//weibo.com/6264100233/G3ToMy15b?refer_flag=1001030103_
示威; 2018-02-19; 1; 10,5,		//@小兔子乖抱抱：所以这个艾特到底是失误还是对粉丝的一种示威,用户6207675281,//weibo.com/5757599739/G3SLOibJ7?refer_flag=1001030103_
示威; 2018-02-19; 1; 10,6,#王牌对王牌#禁语游戏第二轮，@贾玲 @大张伟 互放狠话，被选中的队长们@TFBOYS-王源 @沈腾 规定对方禁语时也毫不手软。几番被淋之后，大老师和贾玲已然放弃了挣扎，笑对一切。来自队友爱意满满的“报复”，两位王牌队长只能苦笑承受。恭喜王源队在此轮游戏中再度获胜！ ​	,NA,//weibo.com/6207675281/G3ToqDfKB?refer_flag=1001030103_
示威; 2018-02-19; 1; 10,7,		算了，不用EQK831向你示威，且是测试你在边荒集的影响力。” ​		,用户6449883871,//weibo.com/6449883871/G3Tobhj9B?refer_flag=1001030103_
示威; 2018-02-19; 1; 10,8,		呀呀～阿須加飾演的修太帥了！先是拿出申請許可書保護正在示威抗議的尼～ず，片尾再對月海來個告白！為啥《海月姬》可以讓我一個男生看到少女心爆發呀…但是阿須加的女裝依舊無法接受…#芳根京子##工藤阿须加##海月姬# ​		,野球小小僧,//weibo.com/5889854016/G3Tkqbnuu?refer_flag=1001030103_
示威; 2018-02-19; 1; 10,9,		校园枪击案频发 美国学生示威要求修改法令控枪 http://t.cn/RRefBWB ​		,YulsBaBa,//weibo.com/6161654784/G3T9Bp8FA?refer_flag=1001030103_
示威; 2018-02-19; 1; 10,10,		最近以初一为代表的猫妈妈们，一到10点半不给羊奶粉就以喵叫示威的形式欺负我[捂脸]#CFA苏格兰高地折耳猫##萌宠##郑州折耳猫舍##CFA苏格兰折耳猫# ​		,西贝折耳猫舍,//weibo.com/5126839190/G3T8MzbMK?refer_flag=1001030103_
示威; 2018-02-19; 1; 10,11,#中国赞##公益资讯#目前，印尼境内的苏门答腊虎只留存不到400只。近日，印尼雅加达，“绿色和平”组织的成员身着老虎装抱树参加抗议示威，呼吁政府加大措施保护苏门答腊虎。想问问大家对此事有何看法t.cn/zOllWcd ​		,Mcc-刘小冬,//weibo.com/3693558614/G3T7LmH9C?refer_flag=1001030103_
示威; 2018-02-19; 1; 10,12,		你们导演吴彤可会艾特我们小孩了，观众（非粉丝）吐槽剪辑垃圾你们导演那二话不说直接艾特我们小孩，怎么的是想我们小孩来给你们剪辑吗//@Dan_Roy:官博公开艾特错，是向粉丝示威吗？社会牛逼惹不起 http://t.cn/RReehcQ,渝川竹马,//weibo.com/5757599739/G3SLOibJ7?refer_flag=1001030103_
示威; 2018-02-19; 1; 10,13,#王牌对王牌#禁语游戏第二轮，@贾玲 @大张伟 互放狠话，被选中的队长们@TFBOYS-王源 @沈腾 规定对方禁语时也毫不手软。几番被淋之后，大老师和贾玲已然放弃了挣扎，笑对一切。来自队友爱意满满的“报复”，两位王牌队长只能苦笑承受。恭喜王源队在此轮游戏中再度获胜！ ​	,NA,//weibo.com/1812268943/G3SZ2h53U?refer_flag=1001030103_
示威; 2018-02-19; 1; 10,14,		官博公开艾特错，是向粉丝示威吗？社会牛逼惹不起 http://t.cn/RReehcQ //@叫我小帅鸡:恭喜王源队@TFBOYS-王源 会艾特吗？不会我再教你一遍@TFBOYS-王源 现在会了吗？不会我们再复习一遍@TFBOYS-王源 会了没？嗯？		,Dan_Roy,//weibo.com/5757599739/G3SLOibJ7?refer_flag=1001030103_
示威; 2018-02-19; 1; 10,15,#王牌对王牌#禁语游戏第二轮，@贾玲 @大张伟 互放狠话，被选中的队长们@TFBOYS-王源 @沈腾 规定对方禁语时也毫不手软。几番被淋之后，大老师和贾玲已然放弃了挣扎，笑对一切。来自队友爱意满满的“报复”，两位王牌队长只能苦笑承受。恭喜王源队在此轮游戏中再度获胜！ ​	,NA,//weibo.com/3372335932/G3SWzwXdY?refer_flag=1001030103_
示威; 2018-02-19; 1; 10,16,		邻里有一个中年人，某天突感不适，去医院检查 肝癌晚期，医院住了好久 今天回来了 我尾随爸妈去看望 看他脆弱的躺在病床上 脸色苍白 平日里那么活生生的一个人 死神就那么不留情面的来示威了  顿时内心百感交集 感觉下一秒眼泪就要涌出来了 于是赶紧扭头 出了门 害怕在那里失了声 生命真是TMD脆弱极 ​			...展开全文c,Lonely-yd,//weibo.com/5870009495/G3Sre3LnS?refer_flag=1001030103_
示威; 2018-02-19; 1; 10,17,		《舌尖上的中国》第三季刚开播，就有职业病犯了哥们说：煤炭火锻造的铁锅、菜刀，简陋的作坊，典型的小散乱污，为什么没有被取缔？还有厨房燃烧的炉火，这是在向环保部门示威啊… http://t.cn/RJwDi0f ​		,冉子,//weibo.com/1223517164/G3SjG16AA?refer_flag=1001030103_
示威; 2018-02-19; 1; 10,18,		【荀彧为何因曹操送给自己一个空食盒而选择了自杀？】食禄食禄，无食即无禄。曹操在示威。荀彧要么妥协向曹操低头，要么以死抗之。荀彧选择了后者。 （分享自 @凤凰网历史） http://t.cn/RReY6yY ​		,yaya天空,//weibo.com/1319167962/G3Se4vHks?refer_flag=1001030103_
示威; 2018-02-19; 1; 10,19,		【荀彧为何因曹操送给自己一个空食盒而选择了自杀？】食禄食禄，无食即无禄。曹操在示威。荀彧要么妥协向曹操低头，要么以死抗之。荀彧选择了后者。 （分享自 @凤凰网历史） ​		,yaya天空,//weibo.com/1319167962/G3Sc51a52?refer_flag=1001030103_
示威; 2018-02-19; 1; 10,20,		回复@巴尔巴罗萨:竟然认同热依扎说不过春节就是宗教示威，不是傻是什么？//@巴尔巴罗萨:虚伪吗？在我看来别人并没有说错哪怕一个字，这就是残酷的现实。		,谎言X光,//weibo.com/1497390470/G3S6NyyMZ?refer_flag=1001030103_
示威; 2018-02-19; 1; 10,21,	  什么叫虚伪，我有例子。 ​	,NA,//weibo.com/5824941947/G3S8gyQzp?refer_flag=1001030103_
示威; 2018-02-19; 1; 10,22,		02190219一位老奶奶奔波于以色列军警和巴勒斯坦示威民众之间，充当起冲突的义务调停人。她时而伸出手指训斥扔石块的抗议者，时而走到荷枪实弹的以色列[落叶]大兵面前，劝诫他们不要动武。在拉架期间，老奶奶还被抗议民众碰倒在地…但她最终阻止了一场战火！人性的光辉，和平的宝贵，感谢老奶奶的勇敢！ ​			...展开全文c,279938926_e667d7,//weibo.com/2805449637/G3S58uf7z?refer_flag=1001030103_
示威; 2018-02-19; 1; 10,23,示威怎逼到对方示爱 http://t.cn/R2dLG2l ​		,团团阿团啊团,//weibo.com/1583122611/G3S0vxdqG?refer_flag=1001030103_
示威; 2018-02-19; 1; 10,24,		一位老奶奶奔波于以色列军警和巴勒斯坦示威民众之间，充当起冲突的义务调停人。她时而伸出手指训斥扔石块的抗议者，时而走到荷枪实弹的以色列大兵面前，劝诫他们不要动武。在拉架期间，老奶奶还被抗议民众碰倒在地…但她最终阻止了一场战火！人性的光辉，和平的宝贵，感谢老奶奶的勇敢！为天使奶奶点赞 ​		,米罗米兰,//weibo.com/1786938255/G3RZg8r0o?refer_flag=1001030103_
示威; 2018-02-19; 1; 10,25,#中国赞##公益资讯#目前，印尼境内的苏门答腊虎只留存不到400只。近日，印尼雅加达，“绿色和平”组织的成员身着老虎装抱树参加抗议示威，呼吁政府加大措施保护苏门答腊虎。想问问大家对此事有何看法t.cn/zOllWcd ​		,伽凯晨_175,//weibo.com/2376067670/G3RXA69TT?refer_flag=1001030103_
示威; 2018-02-19; 1; 10,26,		【141】（接上条）这是美国文化反华隐形战争恶魔以这种一惯“摧残到底”反在人心人眼常识智商下作邪恶伪善掩盖正月初一就侵入我家中九年被害到仅剩这个手机、像将我一个中国卑微百姓作囚犯的手镣脚铐一样想解开就解开、随时铐上就铐上的邪恶真相而更进一步猛烈摧残、隐形叠加屠杀！且主要是展览示威！ ​		,我的千古奇案二续,//weibo.com/6372750664/G3RWQjbU5?refer_flag=1001030103_
示威; 2018-02-19; 1; 10,27,		【140】（接上条）当晚凌晨一时我手机被限一切网络功能，到现在仍是被限制状态……我昨晚通宵手机录音语音日记惨叫在中国上下监控者众目睽睽！……这是外国势力、美国隐形战争恶魔在我平江遭遇所有宗族亲情世界被毁、岳阳春节惨绝人寰下、又是极歹毒对人精神生命“无限极”叠加隐形屠杀！是展览示威！ ​		,我的千古奇案二续,//weibo.com/6372750664/G3RWaEkMw?refer_flag=1001030103_
示威; 2018-02-19; 1; 10,28,		【138】（接上条）再下作的街头烂崽也不会在正月初一侵入任何卑微百姓家卑微日常如此“打砸”骚扰折磨！惨绝人寰正月初一、初二也不得安宁！……昏睡到正月初三凌晨一时，手机上网功能又被限制，这种外国恶魔在中国上下监控者众目睽睽下示威似地激怒控我情绪扰我整理这《年二十九至正月初三日记》文档 ​		,我的千古奇案二续,//weibo.com/6372750664/G3RVr7C9n?refer_flag=1001030103_
示威; 2018-02-19; 1; 10,29,		凸显神秘感，好像在示威：咱不靠脸，靠实力吃饭！,黄梅Mercy,//weibo.com/3200673035/G3RCuiuUq?refer_flag=1001030103_
示威; 2018-02-19; 1; 10,30,	  吴世勋ins真自拍界的一股泥石流，这蜜汁角度，反正就是不露全脸！ ​	,NA,//weibo.com/5936179975/G3RSYDFTb?refer_flag=1001030103_
示威; 2018-02-19; 1; 10,31,		发布了头条文章：《外媒头条看全球：俄罗斯爆发反普京示威 美国举行第60届格莱美颁奖礼》 http://t.cn/RReCxDx ​		,pkacc066_vr,//weibo.com/6413936776/G3RPTeCDz?refer_flag=1001030103_
示威; 2018-02-19; 1; 10,32,		【佛州枪案受害者母亲呐喊：总统，求你做点什么】18日，佛州枪案受害者家属举行示威，呼吁政府通过控枪法案。中学生们对政客喊话，“你们只有两个选择，与我们一起或者与我们为敌。当你们无所作为的时候，我们正在被杀害”。一位出席示威的受害者母亲，声泪俱下地对特朗普呐喊，“你得做点什么！” ​			...展开全文c,深圳网警,//weibo.com/1977889537/G3RL1cTyj?refer_flag=1001030103_
示威; 2018-02-19; 1; 10,33,		你往键盘上一趴什么意思？示威呢？ ​		,庞小CCC,//weibo.com/2280963824/G3RyWEW5C?refer_flag=1001030103_
示威; 2018-02-19; 1; 10,34,		小野兽慢慢长大，开始向一切觊觎洋哥的人示威，表明自己的所有权。		,绿里飞奔,//weibo.com/6029295863/G3AyceLE1?refer_flag=1001030103_
示威; 2018-02-19; 1; 10,35,#洋灵# 小弟为什么“最有心机”？我第一次有这个疑惑是看他们日常的时候，洋哥把大大的“最有心机”贴在小弟脑门上，小弟还傻乎乎地靠在对方怀里，满怀信任的听着洋哥说话。直到他们去韩国拍照的那期放出来，我才发现的确是有些不对劲。		...展开全文c,NA,//weibo.com/3284749933/G3RwLn1W0?refer_flag=1001030103_
示威; 2018-02-19; 1; 10,36,		回复@田公子Roro:所以前年政府拆寺庙拆教堂，江浙几十万基督徒强烈抗议示威。所以中国已经有五亿基督徒如袁立一样憎恨“落后腐朽的中国政府和人民”，我国却不敢动他们。他们甘愿做美帝的灰军，憎恨人类的罪恶到了不惜毁灭他们的地步。所以，杀光这些不在意一切的基督徒，或者在圣战中被杀光，生死，与在意无关。		,被煮皱的彩纸,//weibo.com/2558872337/G3BbEngFN?refer_flag=1001030103_
示威; 2018-02-19; 1; 10,37,	  很多网友感到不解，袁立反映了一家人在飞机上不讲公德的情况，怎么会招来一批“标记”明显的人士有组织谩骂？这不是明摆着吗，袁立要维护社会主义核心价值观，她的对立面——破坏社会主义文明团伙当然要攻击她了，只要是符合社会主义核心价值观的，这帮坏分子都会撕咬 ​	,NA,//weibo.com/2609877095/G3RrEzzpE?refer_flag=1001030103_
示威; 2018-02-19; 1; 10,38,		02190219一位老奶奶奔波于以色列军警和巴勒斯坦示威民众之间，充当起冲突的义务调停人。她时而伸出手指训斥扔石块的抗议者，时而走到荷枪实弹的以色列大兵面前，劝诫他们不要动武。在拉架期间，老奶奶还被抗议民众碰倒在地…但她最终阻止了一场战火！人性的光辉，和平的宝贵，感谢老奶奶的勇敢！ ​			...展开全文c,15号传奇,//weibo.com/1860133242/G3RqV4ZRX?refer_flag=1001030103_
示威; 2018-02-19; 1; 10,39,#中国赞##公益资讯#目前，印尼境内的苏门答腊虎只留存不到400只。近日，印尼雅加达，“绿色和平”组织的成员身着老虎装抱树参加抗议示威，呼吁政府加大措施保护苏门答腊虎。想问问大家对此事有何看法t.cn/zOllWcd ​		,117556915hzb9,//weibo.com/2405719567/G3RmPg4Lb?refer_flag=1001030103_
示威; 2018-02-19; 1; 10,40,		校园枪击案频发 美国学生示威要求修改法令控枪 http://t.cn/RReI7dR ​		,李迎春50111,//weibo.com/6019795873/G3RgY6mW3?refer_flag=1001030103_
示威; 2018-02-19; 1; 10,41,		校园枪击案频发 美国学生示威要求修改法令控枪 http://t.cn/RRefBWB ​		,李迎春50111,//weibo.com/6019795873/G3Rgtm0tS?refer_flag=1001030103_
示威; 2018-02-19; 1; 10,42,		星島標題：八大校長籲政府與學生對話 近千示威者夜圍特首辦 ​		,又又_mee小超人,//weibo.com/6439819738/G3ReThk6X?refer_flag=1001030103_
示威; 2018-02-19; 1; 10,43,		校园枪击案频发 美国学生示威要求修改法令控枪 http://t.cn/RReVcyC ​		,天天舆情,//weibo.com/6214793565/G3Rcr7rea?refer_flag=1001030103_
示威; 2018-02-19; 1; 10,44,		美军频繁示威挑衅中国，中央命令二十五万大军赶赴朝鲜，抗美援朝 西瓜视频 http://t.cn/RRec15U ​		,任杰17192,//weibo.com/5512953735/G3RbeDrm0?refer_flag=1001030103_
示威; 2018-02-19; 1; 10,45,		021801一位老奶奶奔波于以色列军警和巴勒斯坦示威民众之间，充当起冲突的义务调停人。她时而伸出手指训斥扔石块的抗议者，时而走到荷枪实弹的以色列大兵面前，劝诫他们不要动武。在拉架期间，老奶奶还被抗议民众碰倒在地…但她最终阻止了一场战火！人性的光辉，和平的宝贵，感谢老奶奶的勇敢！为 ​			...展开全文c,胡伟雄丶,//weibo.com/1849924170/G3R4f8H1p?refer_flag=1001030103_
示威; 2018-02-19; 1; 10,46,"		《乌克兰民族主义者参加反俄示威 向俄机构扔砖块鸡蛋》当地时间2018年2月18日，乌克兰基辅，乌克兰民族主义者参加反俄示威活动，向俄罗斯科学文化中心等俄罗斯机构扔鸡蛋。（图片署名： 东方IC） ""http://t.cn/RReq5Iv ​		",金华市黄红磊,//weibo.com/5711218441/G3R0ZAxme?refer_flag=1001030103_
示威; 2018-02-19; 1; 10,47,#春晚#乌克兰示威者“血洗”欧元!当地时间2014年2月3日，乌克兰基辅，乌克兰民主联盟成员及其他活动家在德意志银行前集会，要求这家银行停止与乌总统维克托·亚努科维奇家族之间的合作。 ​		,candy的爱思考,//weibo.com/5974798976/G3QU7fKq9?refer_flag=1001030103_
示威; 2018-02-19; 1; 10,48,#中国赞##公益资讯#目前，印尼境内的苏门答腊虎只留存不到400只。近日，印尼雅加达，“绿色和平”组织的成员身着老虎装抱树参加抗议示威，呼吁政府加大措施保护苏门答腊虎。想问问大家对此事有何看法t.cn/zOllWcd ​		,刘磊磊要崛起,//weibo.com/3705963941/G3QTXtLLq?refer_flag=1001030103_
示威; 2018-02-19; 1; 10,49,		【俄罗斯爆发全国反普京示威 300余人被捕】2018俄罗斯大选将于今年3月18日举行，而反对派领袖纳瓦尼被当局禁止参选。1月28日，纳瓦尼在俄罗斯全国超过100个城市及市镇发起示威，数以千计的俄罗斯人手持标语走上街头。警方随后拘捕纳瓦尼，但目前他已获释。ABC新闻报道称，示威期间还有300余人被捕。 ​			...展开全文c,胖轩的特拳头,//weibo.com/6231416453/G3QQ977hz?refer_flag=1001030103_
示威; 2018-02-19; 1; 10,50,		021801一位老奶奶奔波于以色列军警和巴勒斯坦示威民众之间，充当起冲突的义务调停人。她时而伸出手指训斥扔石块的抗议者，时而走到荷枪实弹的以色列大兵面前，劝诫他们不要动武。在拉架期间，老奶奶还被抗议民众碰倒在地…但她最终阻止了一场战火！人性的光辉，和平的宝贵，感谢老奶奶的勇敢！为 ​			...展开全文c,用户gimg9ym9lr,//weibo.com/5138161324/G3QPnbYCT?refer_flag=1001030103_
示威; 2018-02-19; 1; 10,51,#中国赞##公益资讯#目前，印尼境内的苏门答腊虎只留存不到400只。近日，印尼雅加达，“绿色和平”组织的成员身着老虎装抱树参加抗议示威，呼吁政府加大措施保护苏门答腊虎。想问问大家对此事有何看法t.cn/zOllWcd ​		,forever_lx,//weibo.com/1825872355/G3QMSD6J0?refer_flag=1001030103_
示威; 2018-02-19; 1; 10,52,#公益资讯#目前，印尼境内的苏门答腊虎只留存不到400只。近日，印尼雅加达，“绿色和平”组织的成员身着老虎装抱树参加抗议示威，呼吁政府加大措施保护苏门答腊虎。想问问大家对此事有何看法t.cn/zOllWcd ​		,37YJ4PG2LU265,//weibo.com/6130969251/G3QFlcmeA?refer_flag=1001030103_
示威; 2018-02-19; 1; 10,53,		【种族主义言论刺痛南非“昔日伤痕” - 评论 - 中国人权网】 当前，南非种族隔离时代的历史与结构性遗产仍未完全消除，社会模式与偏见也扩大了种族之间的隔阂。图为去年9月，南非开普敦大学生示威抗议种族歧视。 近日，南非社交网络出现的种族主义言论，让种... http://t.cn/RRewuzD ​		,懿昱泠蘭,//weibo.com/6446449419/G3QDzBjVx?refer_flag=1001030103_
示威; 2018-02-19; 1; 10,54,#电视剧凤囚凰# xinc888 【多倫多】2月18日《新聞提要》。加拿大華人組織在渥太華繼續就女學生謊稱被亞裔剪頭巾事件之後總理杜魯多的不當回應進行示威。詳情請留意今晚東岸時間 7:00 播出的「新聞報道」 ​		,玛丽小梦灰-灰,//weibo.com/6224059692/G3Qsz275j?refer_flag=1001030103_
示威; 2018-02-19; 1; 10,55,		转 // #天天快报# 《霸气！中国齐射10枚东风导弹“向美国示威”》霸气! 中国齐射10枚东风导弹“向美国示威” http://t.cn/RRgsEp7 http://t.cn/RRgsEph ​		,顺然远程1983,//weibo.com/5620996237/G3QlbzmMt?refer_flag=1001030103_
示威; 2018-02-19; 1; 10,56,		【校园枪击案频发 美国学生示威要求修改法令控枪】近日，美国校园枪击案频仍，让一些平日不关心政治的学生觉醒，开始发声反对枪械泛滥。他们通过媒体和镜头直接向官方喊话，要求修改枪械法令。同时，他们也谴责政客对枪管不作为和接受全国步枪协会的政治捐款。据报道，佛州枪击案后，网上零售商亚马逊 ​			...展开全文c,中国经营报,//weibo.com/1650111241/G3Qi9iFfC?refer_flag=1001030103_
示威; 2018-02-19; 1; 10,57,		《渥太华公民报》对周日下午在国会山发生的华裔为主抗议特鲁多政府不公平对待国民的示威活动进行了刻意抹黑性的报道，故意把华人对特鲁多政府的不满与极右翼种族主义分子混淆在一起。这是一个非常危险的信号，表明背后有势力在刻意左右新闻媒体，抹黑华人形象，大家要务必小心! ​		,飞离多伦多的UFO,//weibo.com/1762645810/G3QcHAvkr?refer_flag=1001030103_
示威; 2018-02-19; 1; 10,58,		ji61美警察扼死黑人：其女儿在父亲遇难地“躺尸” 据美国《赫芬顿邮报》报道，被白人警察扼死的美国黑人烟贩埃里克-加纳的女儿埃里卡11日在事件发生地纽约斯塔顿岛组织示威活动，以纪念今年7月在此地遇害的43岁父亲。 ​		,涤荡可以_64710,//weibo.com/6440165649/G3QabBTnx?refer_flag=1001030103_
示威; 2018-02-19; 1; 10,59,		佛州枪案受害者母亲呐喊：总统，求你做点什么，18日，佛州枪案受害者家属举行示威，呼吁政府通过控枪法案。中学生们对政客喊话，“你们只有两个选择，与我们一起或者与我们为敌。当你们无所作为的时候，我们正在被杀害”。一位出席示威的受害者母亲，声泪俱下地对特朗普呐喊，“你得做点什么！” ​			...展开全文c,Mr说话,//weibo.com/3939851250/G3Q7JECLo?refer_flag=1001030103_
示威; 2018-02-19; 1; 10,60,		公益资讯目前，印尼境内的苏门答腊虎只留存不到只。近日，印尼雅加达，“绿色和平”组织的成员身着老虎装抱树参加抗议示威，呼吁政府加大措施保护苏门答腊虎。想问问大家对此事有何看法 ​		,吻着你陶醉,//weibo.com/3984845174/G3Q3Wu6yD?refer_flag=1001030103_
示威; 2018-02-19; 1; 10,61,		【美国佛州枪案受害者母亲呐喊：总统 求你做点什么】18日，佛州枪案受害者家属举行示威，呼吁政府通过控枪法案。中学生们对政客喊话，“你们只有两个选择，与我们一起或者与我们为敌。http://t.cn/RRg8hFB ​		,我们的社会日常,//weibo.com/6115176091/G3Q2p0BX7?refer_flag=1001030103_
示威; 2018-02-19; 1; 10,62,		【佛州枪案受害者母亲呐喊：总统，求你做点什么】18日，佛州枪案受害者家属举行示威，呼吁政府通过控枪法案。中学生们对政客喊话，“你们只有两个选择，与我们一起或者与我们为敌。当你们无所作为的时候，我们正在被杀害”。一位出席示威的受害者母亲，声泪俱下地对特朗普呐喊，“你得做点什么！” ​			...展开全文c,河北反邪教,//weibo.com/5182101949/G3PY77WZ7?refer_flag=1001030103_
示威; 2018-02-19; 1; 10,63,		【佛州枪案受害者母亲呐喊：总统，求你做点什么】18日，佛州枪案受害者家属举行示威，呼吁政府通过控枪法案。中学生们对政客喊话，“你们只有两个选择，与我们一起或者与我们为敌。当你们无所作为的时候，我们正在被杀害”。一位出席示威的受害者母亲，声泪俱下地对特朗普呐喊，“你得做点什么！” ​			...展开全文c,上海反邪教,//weibo.com/5094103156/G3PXIhlz4?refer_flag=1001030103_
示威; 2018-02-19; 1; 10,64,		【校园枪击案频发 美国学生示威要求修改法令控枪】 http://t.cn/RRgjyn8 (分享自@搜狐新闻客户端) //如果击中的是正面防盗背包就没啥用 ​		,曹操爱杀17,//weibo.com/2187724101/G3PXmDXmf?refer_flag=1001030103_
示威; 2018-02-19; 1; 10,65,		【佛州枪案受害者母亲呐喊：总统，求你做点什么】18日，佛州枪案受害者家属举行示威，呼吁政府通过控枪法案。中学生们对政客喊话，“你们只有两个选择，与我们一起或者与我们为敌。当你们无所作为的时候，我们正在被杀害”。一位出席示威的受害者母亲，声泪俱下地对特朗普呐喊，“你得做点什么！” ​			...展开全文c,新浪资讯台,//weibo.com/3921730119/G3PNHbwAu?refer_flag=1001030103_
示威; 2018-02-19; 1; 10,66,		【佛州枪案受害者母亲呐喊：总统，求你做点什么】18日，佛州枪案受害者家属举行示威，呼吁政府通过控枪法案。中学生们对政客喊话，“你们只有两个选择，与我们一起或者与我们为敌。当你们无所作为的时候，我们正在被杀害”。		,顾苧迁,//weibo.com/1974576991/G3PyG2rAP?refer_flag=1001030103_
示威; 2018-02-19; 1; 10,67,	  【佛州枪案受害者母亲呐喊：总统，求你做点什么】18日，佛州枪案受害者家属举行示威，呼吁政府通过控枪法案。中学生们对政客喊话，“你们只有两个选择，与我们一起或者与我们为敌。当你们无所作为的时候，我们正在被杀害”。一位出席示威的受害者母亲，声泪俱下地对特朗普呐喊，“你得做点什么！” ​		...展开全文c,NA,//weibo.com/6015339627/G3PJwi0lw?refer_flag=1001030103_
示威; 2018-02-19; 1; 10,68,		发布了头条文章：《佛州枪击案幸存学生示威呼吁控枪 特朗普不接招》 http://t.cn/RRgagDC ​		,pkacc080_rr,//weibo.com/6404562302/G3PJ2pMaW?refer_flag=1001030103_
示威; 2018-02-19; 1; 10,69,		【佛州枪案受害者母亲呐喊：总统，求你做点什么】18日，佛州枪案受害者家属举行示威，呼吁政府通过控枪法案。中学生们对政客喊话，“你们只有两个选择，与我们一起或者与我们为敌。当你们无所作为的时候，我们正在被杀害”。一位出席示威的受害者母亲，声泪俱下地对特朗普呐喊，“你得做点什么！”		,西乡县检察院,//weibo.com/1717833412/G3PvOab3p?refer_flag=1001030103_
示威; 2018-02-19; 1; 10,70,	  【佛州枪案受害者母亲呐喊：总统，求你做点什么】18日，佛州枪案受害者家属举行示威，呼吁政府通过控枪法案。中学生们对政客喊话，“你们只有两个选择，与我们一起或者与我们为敌。当你们无所作为的时候，我们正在被杀害”。一位出席示威的受害者母亲，声泪俱下地对特朗普呐喊，“你得做点什么！” ​		...展开全文c,NA,//weibo.com/5274645521/G3PHH8GN6?refer_flag=1001030103_
示威; 2018-02-19; 1; 10,71,		【佛州枪案受害者母亲呐喊：总统，求你做点什么】18日，佛州枪案受害者家属举行示威，呼吁政府通过控枪法案。中学生们对政客喊话，“你们只有两个选择，与我们一起或者与我们为敌。当你们无所作为的时候，我们正在被杀害”。一位出席示威的受害者母亲，声泪俱下地对特朗普呐喊，“你得做点什么！” ​			...展开全文c,王志民WZM,//weibo.com/5152941714/G3PGLv4Y3?refer_flag=1001030103_
示威; 2018-02-19; 1; 10,72,		校园枪击案频发 美国学生示威要求修改法令控枪 http://t.cn/RRdSHtw ​		,小甜甜wenjingshuzhai,//weibo.com/5462832802/G3PFekeh8?refer_flag=1001030103_
示威; 2018-02-19; 1; 10,73,		【佛州枪案受害者母亲呐喊：总统，求你做点什么】18日，佛州枪案受害者家属举行示威，呼吁政府通过控枪法案。中学生们对政客喊话，“你们只有两个选择，与我们一起或者与我们为敌。当你们无所作为的时候，我们正在被杀害”。一位出席示威的受害者母亲，声泪俱下地对特朗普呐喊，“你得做点什么！” ​			...展开全文c,环球时报,//weibo.com/1974576991/G3PyG2rAP?refer_flag=1001030103_
示威; 2018-02-19; 1; 10,74,		ji61当地时间11月29日，阿根廷布宜诺斯艾利斯，Alexis Taborda原本是女人，进行了变性手术，怀有8个月的身孕。Karen Bruselario原本是男人，但通过变性手术成为女人。两人在一年前的一场示威活动中认识，目前阿根廷国会通过了两人的婚姻。 ​		,单纯模仿零落,//weibo.com/6437911857/G3Pyxbak0?refer_flag=1001030103_
示威; 2018-02-19; 1; 10,75,		【佛州枪案受害者母亲呐喊：总统，求你做点什么】18日，佛州枪案受害者家属举行示威，呼吁政府通过控枪法案。中学生们对政客喊话，“你们只有两个选择，与我们一起或者与我们为敌。当你们无所作为的时候，我们正在被杀害”。一位出席示威的受害者母亲，声泪俱下地对特朗普呐喊，“你得做点什么！” ​			...展开全文c,大连突发,//weibo.com/1936009242/G3Pwnn0P4?refer_flag=1001030103_
示威; 2018-02-19; 1; 10,76,		【佛州枪案受害者母亲呐喊：总统，求你做点什么】18日，佛州枪案受害者家属举行示威，呼吁政府通过控枪法案。中学生们对政客喊话，“你们只有两个选择，与我们一起或者与我们为敌。当你们无所作为的时候，我们正在被杀害”。一位出席示威的受害者母亲，声泪俱下地对特朗普呐喊，“你得做点什么！” ​			...展开全文c,华商报,//weibo.com/1717833412/G3PvOab3p?refer_flag=1001030103_
示威; 2018-02-19; 1; 10,77,		【乌克兰历史】▪乌克兰纪念尊严革命2014年2月被伤亡的英雄🕯▪️尊严革命已进行三个月，三个月间独立广场一直有示威者和他们帐篷。不过2月18日有人开枪，研究证明了：开枪的狙击手从独立广场最高的楼房“乌克兰酒店”的楼顶瞄准示威者。在两天之内因被扫射而伤亡的示威者数百... 不只有志愿兵，也 ​			...展开全文c,乌克兰驻华大使馆文化中心,//weibo.com/5232271465/G3PsEiN9v?refer_flag=1001030103_
示威; 2018-02-19; 1; 10,78,		眼睛红的//@全圆佑是Le_soleil:（叉腰٩(ˊωˋ*)و）//@howowfeel:示威很可以		,Won啊嘤,//weibo.com//G3ODRaYaN?refer_flag=1001030103_
示威; 2018-02-19; 1; 10,79,	  抱歉，此微博已被作者删除。查看帮助：http://t.cn/Rfd3rQV,NA,//weibo.com/3341179910/G3PieDpnd?refer_flag=1001030103_
示威; 2018-02-19; 1; 10,80,#摄影#埃及开罗，一名示威者在防暴警察高压水枪的喷射中打出V的手势。 ​		,烟火,//weibo.com/5585835332/G3Pdatk8l?refer_flag=1001030103_
示威; 2018-02-19; 1; 10,81,		【佛州枪案受害者母亲呐喊：总统，求你做点什么】18日，佛州枪案受害者家属举行示威，呼吁政府通过控枪法案。中学生们对政客喊话，“你们只有两个选择，与我们一起或者与我们为敌。当你们无所作为的时候，我们正在被杀害”。一位出席示威的受害者母亲，声泪俱下地对特朗普呐喊，“你得做点什么！” ​			...展开全文c,微天下,//weibo.com/1893801487/G3P2k0aRn?refer_flag=1001030103_
示威; 2018-02-19; 1; 10,82,		记录个事，今天闺女想玩碧根果，可是大家都知道那玩意小孩不能含嘴里。她偏不，一定要，我为了她安全着想，我不给，并且拿到她拿不到的地方，结果她一下子倒地上耍赖并且不断大哭向我示威。我突然觉得一场孩子与父母的战争开始了。如果我心软同样的事就可以没完没了的发生。然后我学着公安大学那位女 ​			...展开全文c,_婧婧_miss,//weibo.com/1838293740/G3OXffO0n?refer_flag=1001030103_
示威; 2018-02-19; 1; 10,83,		【“穆斯林少女头巾被剪”子虚乌有，加拿大华人抗议示威遭媒体冷落】【文/观察者网 徐乾昂】遭加拿大举国谴责；政府没人替他们说话；即使在警方辟谣后，也得不到一个道歉。http://t.cn/RRgL6Lm ​		,百姓不得不知道的事儿,//weibo.com/6115175841/G3OWUBDhL?refer_flag=1001030103_
示威; 2018-02-19; 1; 10,84,		为啥要向社会宣布，你不过这个节？摆明了就是给人示威来了，她家是民委，所以惹不起啊！//@俄罗斯什么值得买: //@米格战斗机联合体:不过春节这句话严重伤害了民族感情//@开目为昼的男人:厉害厉害！//@吃素的狍狍开心地摇:原来不是天龙人，是天龙人的主子。失敬失敬。		,海边鸽子,//weibo.com/1989146797/G3O1SpYxW?refer_flag=1001030103_
示威; 2018-02-19; 1; 10,85,@热依扎 “她家是民委的”。原来是本色演出啊，得罪得罪。 ​	,NA,//weibo.com/2371437844/G3OUS8yoQ?refer_flag=1001030103_
示威; 2018-02-19; 1; 10,86,		可以//@howowfeel:示威很可以		,Monshin-Forever,//weibo.com//G3ODRaYaN?refer_flag=1001030103_
示威; 2018-02-19; 1; 10,87,	  抱歉，此微博已被作者删除。查看帮助：http://t.cn/Rfd3rQV,NA,//weibo.com/3177369595/G3OSYtvOV?refer_flag=1001030103_
示威; 2018-02-19; 1; 10,88,#中国赞##公益资讯#目前，印尼境内的苏门答腊虎只留存不到400只。近日，印尼雅加达，“绿色和平”组织的成员身着老虎装抱树参加抗议示威，呼吁政府加大措施保护苏门答腊虎。想问问大家对此事有何看法t.cn/zOllWcd ​		,天使泡泡coolgirl,//weibo.com/2319954832/G3OPmdo5I?refer_flag=1001030103_
示威; 2018-02-19; 1; 10,89,//@全圆佑是Le_soleil:（叉腰٩(ˊωˋ*)و）//@howowfeel:示威很可以		,JoKex_,//weibo.com//G3ODRaYaN?refer_flag=1001030103_
示威; 2018-02-19; 1; 10,90,	  抱歉，此微博已被作者删除。查看帮助：http://t.cn/Rfd3rQV,NA,//weibo.com/5847340437/G3ONorT6q?refer_flag=1001030103_
示威; 2018-02-19; 1; 10,91,		//@全圆佑是Le_soleil:（叉腰٩(ˊωˋ*)و）//@howowfeel:示威很可以		,Hester_星心,//weibo.com//G3ODRaYaN?refer_flag=1001030103_
示威; 2018-02-19; 1; 10,92,	  抱歉，此微博已被作者删除。查看帮助：http://t.cn/Rfd3rQV,NA,//weibo.com/6285844244/G3OK364N8?refer_flag=1001030103_
示威; 2018-02-19; 1; 10,93,示威很可以		,howowfeel,//weibo.com//G3ODRaYaN?refer_flag=1001030103_
示威; 2018-02-19; 1; 10,94,	  抱歉，此微博已被作者删除。查看帮助：http://t.cn/Rfd3rQV,NA,//weibo.com/3764070261/G3OGu1bAs?refer_flag=1001030103_
示威; 2018-02-19; 1; 10,95,		【早安】开门喽营业️[玫瑰]微商真好！ [呲牙]不占地，不占房，一部手机就上岗[调皮]！不集资，不贷款，自带手机求发展一不偷，二不抢，[调皮]无燥声，无污染，不给政府添麻烦 ！不示威，不上访，不把责任推给党，来吧[愉快][玫瑰]正在营业中[玫瑰] ​		,糖宝屋的宝贝,//weibo.com/5876364380/G3OFl5w0k?refer_flag=1001030103_
示威; 2018-02-19; 1; 10,96,		人可能都会主动的选择听好听的话，而不愿意相信那些不想自己明知道却不想承认的真话，成功的路太难走，要强要到最后发现自己只不过是一只握着绣花拳头在老虎面前示威的小猫，可能有些必须要吃过亏，吃完了才能成长，枉想干涉别人的想法，改变别人的状态，闹了一场不知道目的是啥的脾气，冷静下来才发现 ​			...展开全文c,宿宿就是宿宿啊,//weibo.com/2281321457/G3OE7ctrJ?refer_flag=1001030103_
示威; 2018-02-19; 1; 10,97,		这种事情这几年好几起了，全是耍小聪明似的示威，不知道意义何在//@空耳同传君:【翻译转发】,祭司tltracyAT,//weibo.com/2368711070/G3Ok87zFt?refer_flag=1001030103_
示威; 2018-02-19; 1; 10,98,	  美国媒体报道，去年11月川普访华时，白宫官员曾经在人民大会堂跟中国安保人员发生暂短冲突。当时一个专门跟随总统带美国核弹发射电钮的手提箱（外号“足球”）的白宫官员要进大会堂，被安保拦下。有人赶紧报告办公厅主任凯利，他走到提箱官员前让他进来，中国安保人员抓住凯利的胳膊，凯利甩掉。而美国 ​		...展开全文c,NA,//weibo.com/2664095163/G3OBwmFKY?refer_flag=1001030103_
示威; 2018-02-19; 1; 10,99,		“近朱者赤，近墨者黑”，像内蒙古大学让冯福林（为了捞钱招生造假已经违纪违法至今逍遥法外不说，还在网上上蹿下跳很是活跃！）负责学生工作能搞好吗？更奇葩的是冯福林竟被内大评为“教书育人”的先进！不知道内大党委书记朱炳文之流想要干什么？向谁示威？这场闹剧还要演到何时收场？@清风内蒙古,拯救内大,//weibo.com/2974325495/FerWA9nsj?refer_flag=1001030103_
示威; 2018-02-19; 1; 10,100,	  【非思政课专业教师应特别增强授课中的思想政治教育意识】专业课的教学过程也是育人过程，需要从思想政治教育的高度，把好方向、把牢大局，认识到自身的世界观、价值倾向和道德品行会影响青年学生，甚至自身不经意的一句话，一个动作，处理的一件小事都会给学生一生留下印象、产生影响。via红旗文稿 ​	,NA,//weibo.com/1986080860/G3OAHBBZs?refer_flag=1001030103_
示威; 2018-02-19; 1; 10,101,		Happy今天早上找co跟森森玩，然后一直汪汪示威，吵醒了我，我就愤怒教育！后来不知道happy有没有听话，因为我又睡了。 ​		,田瓜爱里,//weibo.com/3545746852/G3OwJ9Si1?refer_flag=1001030103_
示威; 2018-02-19; 1; 10,102,		“颇具长者风度，言辞坦率，黑框眼镜后的双眼炯炯有神。看起来，乐在其中，即使在对方穷追不舍之时。江绝不是那种让着了迷的观众失望的人，他对着华莱士唱了一首他年轻时参加示威行时唱过的《毕业歌》。他迫切地想…” 摘自《他改变了中国(全)》 @多看阅读 http://t.cn/RhO8cdR ​		,dophlinshop,//weibo.com/1590679503/G3OvBnO0c?refer_flag=1001030103_
示威; 2018-02-19; 1; 10,103,		M4收費等規劃惹眾怒 千名示威者上街抗議http://t.cn/RRdreT7 ​		,澳洲星島日報,//weibo.com/5514871237/G3Or250MV?refer_flag=1001030103_
示威; 2018-02-19; 1; 10,104,		1984年4月17日英国女警察发生包围利比亚使馆事件时遭杀害，英国与利比亚断交。英国与利比亚间的关系在一名英国女警官在伦敦圣詹姆斯广场遭枪击身亡后变得极度紧张。射击事件发生在1986年4月17日当时女警官伊冯-弗莱彻正在被称作利比亚人民局的利比亚大使馆外为一次反利比亚政府小型学生示威维持秩序。 ​		,cd90ceii9i,//weibo.com/2611857622/G3OpQcinO?refer_flag=1001030103_
示威; 2018-02-19; 1; 10,105,		法国国铁要改私营？工会3月22日全国示威@手机QQ浏览器 http://t.cn/RRdBa8F http://t.cn/R4GPuU9 ​		,青竹湾苏勤,//weibo.com/2253061887/G3Ooq8AaP?refer_flag=1001030103_
示威; 2018-02-19; 1; 10,106,#中国赞##公益资讯#目前，印尼境内的苏门答腊虎只留存不到400只。近日，印尼雅加达，“绿色和平”组织的成员身着老虎装抱树参加抗议示威，呼吁政府加大措施保护苏门答腊虎。想问问大家对此事有何看法t.cn/zOllWcd ​		,烟锅巴_63238,//weibo.com/3269192674/G3Omp6b5J?refer_flag=1001030103_
示威; 2018-02-19; 1; 10,107,		她因父母之命和他结为夫妻。结婚半年，他没碰过她。小三示威，旧情人回归，一连串的麻烦摩擦在两人之间产生。在误会越来越大的时候她签下离婚协议书离开。再见面，她成为珠宝设计师，他霸气宣言，“你是我的。”… ​		,感傷薙林,//weibo.com/5579473603/G3OlfCHoR?refer_flag=1001030103_
示威; 2018-02-19; 1; 10,108,		发布了头条文章：《校园枪击案频发 美国学生示威要求修改法令控枪》 http://t.cn/RRdmwHf ​		,pkacc025_wy,//weibo.com/6413936684/G3OhHapi1?refer_flag=1001030103_
示威; 2018-02-19; 1; 10,109,		ji61据越南Thanh Nien新闻网11月30日报道，日前，一组越南女子几近裸体站在越南警车旁的照片引发网络风暴。该女子被疑因不满交警拖走自己的汽车，而裸体示威。对此，越南交警队相关负责人回应，该女子实为变性人，裸体仅是为秀身材，与交警队无关。 ​		,思永多少粉红,//weibo.com/6444512233/G3OdWjwHR?refer_flag=1001030103_
示威; 2018-02-19; 1; 10,110,		星島標題：八大校長籲政府與學生對話 近千示威者夜圍特首辦 ​		,用户6438487948,//weibo.com/6438487948/G3O9H0YpU?refer_flag=1001030103_
示威; 2018-02-19; 1; 10,111,		【校园枪击案频发 美国学生示威要求修改法令控枪】　　原标题：校园枪击案频发美国学生示威要求修改法令控枪 　　中新网2月19日电据新加坡《联合早报》报道，美国校园枪击案频仍，让一些平日不关心政治的学生觉http://t.cn/RRdjurN ​		,你别浪了我走了,//weibo.com/6124098368/G3O4mFpJI?refer_flag=1001030103_
示威; 2018-02-19; 1; 10,112,		1984年4月17日英国女警察发生包围利比亚使馆事件时遭杀害，英国与利比亚断交。英国与利比亚间的关系在一名英国女警官在伦敦圣詹姆斯广场遭枪击身亡后变得极度紧张。射击事件发生在1986年4月17日当时女警官伊冯-弗莱彻正在被称作利比亚人民局的利比亚大使馆外为一次反利比亚政府小型学生示威维持秩序。 ​		,qlhsohrgk,//weibo.com/2612595452/G3O45wLwd?refer_flag=1001030103_
示威; 2018-02-19; 1; 10,113,		公益资讯目前，印尼境内的苏门答腊虎只留存不到只。近日，印尼雅加达，“绿色和平”组织的成员身着老虎装抱树参加抗议示威，呼吁政府加大措施保护苏门答腊虎。想问问大家对此事有何看法 http://t.cn/RyKT0dJ ​		,xsh520yf,//weibo.com/1213697950/G3O3QrQtx?refer_flag=1001030103_
示威; 2018-02-19; 1; 10,114,		六点半好不容易睡着九点我妈放佛歌示威我起床声嘶力竭的喊才把音响关了。。。。。。。。 ​		,我是对你动心了,//weibo.com/5885809706/G3O10Cd5x?refer_flag=1001030103_
示威; 2018-02-19; 1; 10,115,#中国赞##公益资讯#目前，印尼境内的苏门答腊虎只留存不到400只。近日，印尼雅加达，“绿色和平”组织的成员身着老虎装抱树参加抗议示威，呼吁政府加大措施保护苏门答腊虎。想问问大家对此事有何看法t.cn/zOllWcd ​		,用户5264208189,//weibo.com/5264208189/G3O0eaJoa?refer_flag=1001030103_
示威; 2018-02-19; 1; 10,116,#中国赞##公益资讯#目前，印尼境内的苏门答腊虎只留存不到400只。近日，印尼雅加达，“绿色和平”组织的成员身着老虎装抱树参加抗议示威，呼吁政府加大措施保护苏门答腊虎。想问问大家对此事有何看法t.cn/zOllWcd ​		,股民小小鱼,//weibo.com/2017772921/G3NZ9FHef?refer_flag=1001030103_
示威; 2018-02-19; 1; 10,117,		发布了头条文章：《校园枪击案频发 美国学生示威要求修改法令控枪》 http://t.cn/RRdOoh3 ​		,pkacc097_ap,//weibo.com/6404562318/G3NV6eaa0?refer_flag=1001030103_
示威; 2018-02-19; 1; 10,118,		发布了头条文章：《校园枪击案频发 美国学生示威要求修改法令控枪》 http://t.cn/RRdpiJK ​		,pkacc086_tt,//weibo.com/6413724409/G3NOF0x4t?refer_flag=1001030103_
示威; 2018-02-19; 1; 10,119,		校园枪击案频发 美国学生示威要求修改法令控枪 - 环球资讯 - 中国廉政建设网-中国廉政建设第一智库平台 http://t.cn/RRd9nby ​		,廉政建设网,//weibo.com/1357723287/G3NHgFAmw?refer_flag=1001030103_
示威; 2018-02-19; 1; 10,120,		发布了头条文章：《校园枪击案频发 美国学生示威要求修改法令控枪》 http://t.cn/RRd92qR ​		,pkacc149_hu,//weibo.com/6404774896/G3NFkqiGf?refer_flag=1001030103_
示威; 2018-02-19; 1; 10,121,		发布了头条文章：《校园枪击案频发 美国学生示威要求修改法令控枪》 http://t.cn/RRdKetJ ​		,pkacc142_fn,//weibo.com/6413724544/G3NEL0KhO?refer_flag=1001030103_
示威; 2018-02-19; 1; 10,122,		//@唱响内蒙古大学:“近朱者赤，近墨者黑”，像内蒙古大学让冯福林（为了捞钱招生造假已经违纪违法至今逍遥法外不说，还在网上上蹿下跳很是活跃！）负责学生工作能搞好吗？更奇葩的是冯福林竟被内大评为“教书育人”的先进！不知道内大党委书记朱炳文想要干什么？向谁示威？这场闹剧还要演到何时收场？		,拯救内大,//weibo.com/2974325495/FerWA9nsj?refer_flag=1001030103_
示威; 2018-02-19; 1; 10,123,	  【非思政课专业教师应特别增强授课中的思想政治教育意识】专业课的教学过程也是育人过程，需要从思想政治教育的高度，把好方向、把牢大局，认识到自身的世界观、价值倾向和道德品行会影响青年学生，甚至自身不经意的一句话，一个动作，处理的一件小事都会给学生一生留下印象、产生影响。via红旗文稿 ​	,NA,//weibo.com/1986080860/G3NEC7GYf?refer_flag=1001030103_
示威; 2018-02-19; 1; 10,124,		乌克兰示威者“血洗”欧元!当地时间2014年2月3日，乌克兰基辅，乌克兰民主联盟成员及其他活动家在德意志银行前集会，要求这家银行停止与乌总统维克托·亚努科维奇家族之间的合作。 ​		,_古兰米,//weibo.com/6077990820/G3NBM2EYi?refer_flag=1001030103_
示威; 2018-02-19; 1; 10,125,		发布了头条文章：《校园枪击案频发 美国学生示威要求修改法令控枪》 http://t.cn/RRdoqWS ​		,pkacc047_vc,//weibo.com/6413724336/G3Nzsowjt?refer_flag=1001030103_
示威; 2018-02-19; 1; 10,126,		美国军舰包括卡尔文森号航母战斗群一下子几十艘进入我南海海域显示肌肉，在我看来这些愚蠢的军事示威，将使美国得到的如其战略相反的效果，原因很简单，美国进行如此庞大的军事行动所花费的成本，美国海军高层应该有过详细的计算，而他们想达到的效果是什么呢，无非是给越南、菲律宾鼓气叫他们加入美国 ​			...展开全文c,老周的見言,//weibo.com/2586310720/G3NxGvdpL?refer_flag=1001030103_
示威; 2018-02-19; 1; 10,127,		文在寅觉得是拉拉队吗，不是宣传队吗，不是宣示，不是播种，不是宣泄，不是示威吗，不是搧风点火吗？		,乃翁888,//weibo.com/6253398437/G3InutlKJ?refer_flag=1001030103_
示威; 2018-02-19; 1; 10,128,	  尼玛的，这是拉拉队吗？这分明是拉风队 http://t.cn/RRqSGx4 ​	,NA,//weibo.com/2243234320/G3NvXwu4r?refer_flag=1001030103_
示威; 2018-02-19; 1; 10,129,		星島標題：八大校長籲政府與學生對話 近千示威者夜圍特首辦 ​		,Sunny_沈阿敏爱生活,//weibo.com/6437392884/G3Nrgpuxz?refer_flag=1001030103_
