query,Post ID,Post Content,nickname,link
集体行动; 2018-02-19; 1; 10,1,#新春走基层# 【我市春节期间电影市场火爆】大年初一，随着《捉妖记2》、《唐人街探案2》、《西游记女儿国》、《红海行动》、《祖宗十九代》、《熊出没·变形记》等六部贺岁档电影的集体上线，掀起了春节电影贺岁档高潮，吸引了我市许多市民前往影院观看。|【新春走基... ​		,仙桃发布,//weibo.com/2815932080/G3Ooo3Czz?refer_flag=1001030103_
集体行动; 2018-02-19; 1; 10,2,		新年初三。先吃顿红红火火的烤鱼爽歪歪，再看个热血沸腾的红海行动爱国范儿，苦于影院太多人，中途集体回我家释放一番后，还来一场久经煎熬而不得的湘潭米粉嗦个够～三个女人一台戏，女司机、活导航、和我的一夜激情戏 ​		,Dear戴児莉,//weibo.com/1054660250/G3OjXemSs?refer_flag=1001030103_
集体行动; 2018-02-19; 1; 10,3,		从个人英雄主义到集体主义 从刀枪不入到有血有肉 《红海行动》(来自 @豆瓣App) |嘴里一颗糖... ​		,Leo_傲来,//weibo.com/3157558022/G3O8LmZia?refer_flag=1001030103_
集体行动; 2018-02-19; 1; 10,4,		战狼确实透支了很多情感 第一次听说春节上映红海行动，第一反应是又跟战狼一样情节，说什么都不会去看的 但是好评如潮中最打动我的是那句我们不一样看过才深刻，感觉战狼的格局原不如红海行动个人再强大也比不过团队集体的力量 红海行动不煽情不做作一切都恰到好处 但每个人都印象深刻细节把握也很到位		,Johnny芥子瑜,//weibo.com/1408084550/G3JtzdQ1f?refer_flag=1001030103_
集体行动; 2018-02-19; 1; 10,5,|红海行动，《红海行动》高于《战狼2》，只不过《战狼2》已经消耗或者说透支了人们的部分情感，所以在这部片子上不会给予太高的热度，二者是不同的，《红海行动》是战争，《战狼2》是一个人或者说一群人的战斗，级别不同。林超贤不断超越自己，《红海行动》已 ​		...展开全文c,NA,//weibo.com/5225316591/G3NsGdFtU?refer_flag=1001030103_
集体行动; 2018-02-19; 1; 10,6,		我喜欢不迟到的人。喜欢不说谎的人。喜欢有真性情的人。我也喜欢沉默的说话适可而止的人。喜欢说出的话与行动相符的人。喜欢内心有温柔和想象力的人。喜欢对一切持有善意而又有力的人。喜欢内心有价值观态度坚定不屈服于集体的人。喜欢孩子一样容易付出容易受伤容易复原的人。喜欢相信爱和实践爱的人。 ​		,罗伯特箥蘿鑵頭,//weibo.com/5311524425/G3NjozJQ4?refer_flag=1001030103_
集体行动; 2018-02-19; 1; 10,7,		推荐电影《红海行动》，昨天晚上刚刷完，特别棒。剧情，剧本，场面，演员表演，导演，正能量，集体主义精神，规模，都很棒。硬找槽点的话，无人机莫名其妙的起火是个硬伤，这是说国货不行啊还是国家穷就一架无人机啊？正常应该出动三架以上，彰显大国实力，坦克也应该多数交给无人机干掉，增加剧情可信 ​			...展开全文c,花千芳,//weibo.com/2759526793/G3NdX8A4J?refer_flag=1001030103_
集体行动; 2018-02-19; 1; 10,8,		这几天去看了上映的电影，捉妖记2没有新意，精彩程度与1相差无几，红海行动，热血沸腾，细节也很到位，依然犯了第一滴血的毛病，只不过是集体版的第一滴血，战狼却是第一滴血的翻版，唐人街探案2却是一个黑马，王宝强被白人大哥抱起来跳舞绝对笑死人，圣母婊除外 ​		,切格瓦拉说,//weibo.com/3199800297/G3NdK7yKT?refer_flag=1001030103_
集体行动; 2018-02-19; 1; 10,9,		我喜欢不迟到的人。喜欢不说谎的人。喜欢有真性情的人。我也喜欢说出的话与行动相符的人。喜欢内心有温柔和想象力的人。喜欢对一切持有善意而又有力的人。喜欢内心有价值观态度坚定不屈服于集体的人。喜欢孩子一样容易付出容易受伤容易复原的人。喜欢相信爱和实践爱[xkl追]的人。 ​		,吃货Mika_木子,//weibo.com/5801787489/G3MSst2lw?refer_flag=1001030103_
集体行动; 2018-02-19; 1; 10,10,|红海行动，给9分！跟战狼2比较是必然了，个人更喜欢红海行动。因为相对于吴京的个人英雄主义，我更喜欢红海行动的集体英雄主义。集体英雄主义在今天也更加贴合现实需要。故事全程紧凑无尿点<虽然我中间有去厕所>，画面残酷得十分真实震撼，尤其是炸掉的汽车 ​			...展开全文c,omg迷张孝全,//weibo.com/1584384495/G3Lciu77P?refer_flag=1001030103_
集体行动; 2018-02-19; 1; 10,11,|红海行动，为中国军人点赞，如果说《战狼2》突出的个人英雄主义，那么《红海行动》更凸显集体主义，场面要比《战狼2》宏大，从头打到尾，太过瘾了。 ​		,葡式蛋挞Orz,//weibo.com/1691122115/G3L585hcC?refer_flag=1001030103_
集体行动; 2018-02-19; 1; 10,12,		看到红海行动口碑不错，就拉着我妈去看了。真的是从头打到尾啊不过这片子最好的一点是没有主角光环，战争很残酷必定会伴随着牺牲，007是不存在的。个人英雄主义的片子无论宣扬的是什么总会把我看笑。集体英雄主义就还好。片子战斗部分相对真实。ps:既然是海政出品，还不拍舷号 ​		,devil_maybe,//weibo.com/1760166095/G3KNWcAx0?refer_flag=1001030103_
集体行动; 2018-02-19; 1; 10,13,		大晚上看红海行动看的热血沸腾，同时吓的腿都麻了，还不忘全程找我顾顺@Johnny黄景瑜 如今太需要这样的集体英雄主义的爱国篇了。勇者无畏，强者无敌 ​​​		,关关雎鸠Gsy,//weibo.com/3921285110/G3KKDtWui?refer_flag=1001030103_
集体行动; 2018-02-19; 1; 10,14,		这两天就是喜欢和你们在一起呀红海行动好看 节奏很紧密 很燃 集体精神很突出 也很真实 血腥和杀戮 在乱世谁都避不开 不管你是哪国人还是我们和平地带好呀 ​		,徐丹丹little_sun,//weibo.com/3171027687/G3KD0oa0A?refer_flag=1001030103_
集体行动; 2018-02-19; 1; 10,15,		红海行动心心念念期待已久，终于去看了，超出了我的预期，看之前对装备做了一定的了解，电影装备的使用让我对剧组无比敬佩，精心雕琢! 我们的军人不是超人钢铁侠，他们有血有肉有信仰，用他们的血肉灵魂牺牲自己去捍卫信仰与国之尊严!我们军人用集体英雄主义在守护我们的安宁祥和! 可惜院 ​			...展开全文c,晖之所至,//weibo.com/5774518814/G3KzRkPlK?refer_flag=1001030103_
集体行动; 2018-02-19; 1; 10,16,		姐姐家这只猫大概是我这辈子摸得最安心的一只猫 超乖的 一点都不怕它 无论是电视还是平板它都爱看 没毛病《红海行动》特别像战狼2吧 大的不同大概就是渲染集体情义和个人主义的差别吧很多血腥的镜头 看着虽然有点不舒服吧但确实触动人 战争很真实很残酷 |株洲·王府... ​		,Serenade____,//weibo.com/3185729940/G3KoY9v2K?refer_flag=1001030103_
集体行动; 2018-02-19; 1; 10,17,|红海行动，很燃。一直觉得这类题材作品，包括“高于生活”的电影，都不该过分强调个人主义，团队和集体的力量才是无穷的。每个士兵的分工与配合，尖端武器装备的运用，紧张激烈的战争场面，真是让人舍不得错过一个镜头一句台词。人物性格鲜明，都立住了。有这样一 ​			...展开全文c,沉入海底的白尾鱼,//weibo.com/1408833722/G3Kmbgm1A?refer_flag=1001030103_
集体行动; 2018-02-19; 1; 10,18,mark一下今天的全家六口汗蒸之旅这也是难得能受到我妈好评的集体行动 ​		,Sheryl霏,//weibo.com/3946403451/G3KlRvOlU?refer_flag=1001030103_
集体行动; 2018-02-19; 1; 10,19,#电影红海行动# 事件略微仓促，镜头晃得厉害(非专业 自我感觉)，但是全程无尿点，槽点可爱，只是我全程找人hhh，打斗戏爆破戏武器一流，达到展示中国肌肉的目的，看完电影升起一股浓浓的爱国情操和民族自豪感(夸大ing~)。逃不掉与战狼比较的命运，我个人觉得是个人英雄主义与集体英雄主义(略有不贴合) ​			...展开全文c,-棠娇,//weibo.com/3820044746/G3KjDccnw?refer_flag=1001030103_
集体行动; 2018-02-19; 1; 10,20,|红海行动，非常好看 影片结构紧凑，全程无尿点；逻辑清晰，情节真实感很强，不会有出戏的感觉；最重要的是，电影着重渲染了集体精神，军人的责任感、勇气、战友情。看完后深切感体会到和平的可贵，从心底生发出人民解放军深深的敬意有时间再看一 ​			...展开全文c,谁说我串号啦,//weibo.com/3902762655/G3KheyTZC?refer_flag=1001030103_
集体行动; 2018-02-19; 1; 10,21,		《源泉》头脑是个人的属性。并不存在所谓集体的大脑这种东西，并不存在所谓集体的思想。由一群人所达成的一致，只不过是一种妥协，只不过是从许许多多人的思想中推论出来的一个结果而已。它只是一个二手的结果。首要的行动——推论过程本身——必须由每一个人来独自进行。我们可以将一顿饭分给许多人来 ​			...展开全文c,食安班超,//weibo.com/1071561494/G3KfZ94iV?refer_flag=1001030103_
集体行动; 2018-02-19; 1; 10,22,		给老外看春晚。看完这些节目，才算是过了中国年 毒角Show的... ​		,毒角SHOW,//weibo.com/5991896093/G3OVjzzX9?refer_flag=1001030103_
集体行动; 2018-02-19; 1; 10,23,		不是年味淡了，而是你的心事重了。 ​​​​		,思想聚焦,//weibo.com/1742566624/G3OVjxPkb?refer_flag=1001030103_
集体行动; 2018-02-19; 1; 10,24,#牵妈妈的手# 我的妈妈你们怕是要叫外婆了 ​		,戏精牡丹,//weibo.com/6053338099/G3P5gf1f8?refer_flag=1001030103_
集体行动; 2018-02-19; 1; 10,25,		新年开始，为爱人分担更多家务更浪漫，为孩子成长提供全面的营养会收获更多快乐。2018#壹起公益#@微公益 @星光公益联盟 @联合国世界粮食计划署 @联合国妇女署 @央视公益传播 ​		,朱亚文,//weibo.com/2353363015/G3OZEebj2?refer_flag=1001030103_
集体行动; 2018-02-19; 1; 10,26,		花了6个小时给孩子搭了3个雪屋，导致昨晚9点就睡了 ​		,邓超,//weibo.com/5187664653/G3P9azUfQ?refer_flag=1001030103_
集体行动; 2018-02-19; 1; 10,27,		会弹钢琴的人，原来是这样撸猫的啊~~~ins：moshinuko 英国那些事... ​		,英国那些事儿,//weibo.com/2549228714/G3ORibqHX?refer_flag=1001030103_
集体行动; 2018-02-19; 1; 10,28,		【弟弟动车上弄洒饮料 5岁女孩主动擦净】14日，江苏昆山南至南京南的D4686列车上，一位奶奶带着孙子孙女乘车。小孙子将饮料倒在了走道内，5岁的孙女赶紧蹲下，细心地把地板擦干净，还将纸送到车厢垃圾桶内。小女孩说，“小弟弟弄脏的要擦干净，不然叔叔阿姨会讨厌的。”你愿为她点赞吗？ ​			...展开全文c,央视新闻,//weibo.com/2656274875/G3Padjtb6?refer_flag=1001030103_
集体行动; 2018-02-19; 1; 10,29,		给老外看春晚。看完这些节目，才算是过了中国年 毒角Show的... ​		,毒角SHOW,//weibo.com/5991896093/G3OVjzzX9?refer_flag=1001030103_
集体行动; 2018-02-19; 1; 10,30,		【这段央视春晚公益广告，走心了！】汪，是和你一起翘首远望的陪伴；汪，是和你同甘共苦的兄弟。旺，寓意着希望。旺旺年，愿家旺、国旺，家国兴旺！人民日报的...转发，传递！ ​		,人民日报,//weibo.com/2803301701/G3OT0gCEm?refer_flag=1001030103_
集体行动; 2018-02-19; 1; 10,31,#非人哉号外# 论迎财神的正确姿势应该是……（篇末有惊喜！） ​		,非人哉漫画,//weibo.com/5675300793/G3OVJkrjm?refer_flag=1001030103_
集体行动; 2018-02-19; 1; 10,32,		给老外看春晚。看完这些节目，才算是过了中国年 毒角Show的... ​		,毒角SHOW,//weibo.com/5991896093/G3OVjzzX9?refer_flag=1001030103_
集体行动; 2018-02-19; 1; 10,33,		很多人经常问我怎么给自己定位，别人家都是“当红演员”“流量小花”，但我一直不知道怎么定位……直到今天，看到我的这桌饭菜之后，工作人员恍然大悟，瞬间找到我的定位“90后 饭量小花” ​		,杨紫,//weibo.com/1227368500/G3P5hudwV?refer_flag=1001030103_
集体行动; 2018-02-19; 1; 10,34,		【弟弟动车上弄洒饮料 5岁女孩主动擦净】14日，江苏昆山南至南京南的D4686列车上，一位奶奶带着孙子孙女乘车。小孙子将饮料倒在了走道内，5岁的孙女赶紧蹲下，细心地把地板擦干净，还将纸送到车厢垃圾桶内。小女孩说，“小弟弟弄脏的要擦干净，不然叔叔阿姨会讨厌的。”你愿为她点赞吗？ ​			...展开全文c,央视新闻,//weibo.com/2656274875/G3Padjtb6?refer_flag=1001030103_
集体行动; 2018-02-19; 1; 10,35,		新年开始，为爱人分担更多家务更浪漫，为孩子成长提供全面的营养会收获更多快乐。2018#壹起公益#@微公益 @星光公益联盟 @联合国世界粮食计划署 @联合国妇女署 @央视公益传播 ​		,朱亚文,//weibo.com/2353363015/G3OZEebj2?refer_flag=1001030103_
集体行动; 2018-02-19; 1; 10,36,		花了6个小时给孩子搭了3个雪屋，导致昨晚9点就睡了 ​		,邓超,//weibo.com/5187664653/G3P9azUfQ?refer_flag=1001030103_
集体行动; 2018-02-19; 1; 10,37,		给老外看春晚。看完这些节目，才算是过了中国年 毒角Show的... ​		,毒角SHOW,//weibo.com/5991896093/G3OVjzzX9?refer_flag=1001030103_
集体行动; 2018-02-19; 1; 10,38,#牵妈妈的手# 我的妈妈你们怕是要叫外婆了 ​		,戏精牡丹,//weibo.com/6053338099/G3P5gf1f8?refer_flag=1001030103_
集体行动; 2018-02-19; 1; 10,39,		【弟弟动车上弄洒饮料 5岁女孩主动擦净】14日，江苏昆山南至南京南的D4686列车上，一位奶奶带着孙子孙女乘车。小孙子将饮料倒在了走道内，5岁的孙女赶紧蹲下，细心地把地板擦干净，还将纸送到车厢垃圾桶内。小女孩说，“小弟弟弄脏的要擦干净，不然叔叔阿姨会讨厌的。”你愿为她点赞吗？ ​			...展开全文c,央视新闻,//weibo.com/2656274875/G3Padjtb6?refer_flag=1001030103_
集体行动; 2018-02-19; 1; 10,40,		不是年味淡了，而是你的心事重了。 ​​​​		,思想聚焦,//weibo.com/1742566624/G3OVjxPkb?refer_flag=1001030103_
集体行动; 2018-02-19; 1; 10,41,		花了6个小时给孩子搭了3个雪屋，导致昨晚9点就睡了 ​		,邓超,//weibo.com/5187664653/G3P9azUfQ?refer_flag=1001030103_
集体行动; 2018-02-19; 1; 10,42,		【这段央视春晚公益广告，走心了！】汪，是和你一起翘首远望的陪伴；汪，是和你同甘共苦的兄弟。旺，寓意着希望。旺旺年，愿家旺、国旺，家国兴旺！人民日报的...转发，传递！ ​		,人民日报,//weibo.com/2803301701/G3OT0gCEm?refer_flag=1001030103_
集体行动; 2018-02-19; 1; 10,43,#牵妈妈的手# 我的妈妈你们怕是要叫外婆了 ​		,戏精牡丹,//weibo.com/6053338099/G3P5gf1f8?refer_flag=1001030103_
集体行动; 2018-02-19; 1; 10,44,		很多人经常问我怎么给自己定位，别人家都是“当红演员”“流量小花”，但我一直不知道怎么定位……直到今天，看到我的这桌饭菜之后，工作人员恍然大悟，瞬间找到我的定位“90后 饭量小花” ​		,杨紫,//weibo.com/1227368500/G3P5hudwV?refer_flag=1001030103_
集体行动; 2018-02-19; 1; 10,45,		不是年味淡了，而是你的心事重了。 ​​​​		,思想聚焦,//weibo.com/1742566624/G3OVjxPkb?refer_flag=1001030103_
集体行动; 2018-02-19; 1; 10,46,		新年开始，为爱人分担更多家务更浪漫，为孩子成长提供全面的营养会收获更多快乐。2018#壹起公益#@微公益 @星光公益联盟 @联合国世界粮食计划署 @联合国妇女署 @央视公益传播 ​		,朱亚文,//weibo.com/2353363015/G3OZEebj2?refer_flag=1001030103_
集体行动; 2018-02-19; 1; 10,47,		花了6个小时给孩子搭了3个雪屋，导致昨晚9点就睡了 ​		,邓超,//weibo.com/5187664653/G3P9azUfQ?refer_flag=1001030103_
集体行动; 2018-02-19; 1; 10,48,		【弟弟动车上弄洒饮料 5岁女孩主动擦净】14日，江苏昆山南至南京南的D4686列车上，一位奶奶带着孙子孙女乘车。小孙子将饮料倒在了走道内，5岁的孙女赶紧蹲下，细心地把地板擦干净，还将纸送到车厢垃圾桶内。小女孩说，“小弟弟弄脏的要擦干净，不然叔叔阿姨会讨厌的。”你愿为她点赞吗？ ​			...展开全文c,央视新闻,//weibo.com/2656274875/G3Padjtb6?refer_flag=1001030103_
集体行动; 2018-02-19; 1; 10,49,		会弹钢琴的人，原来是这样撸猫的啊~~~ins：moshinuko 英国那些事... ​		,英国那些事儿,//weibo.com/2549228714/G3ORibqHX?refer_flag=1001030103_
集体行动; 2018-02-19; 1; 10,50,		新年开始，为爱人分担更多家务更浪漫，为孩子成长提供全面的营养会收获更多快乐。2018#壹起公益#@微公益 @星光公益联盟 @联合国世界粮食计划署 @联合国妇女署 @央视公益传播 ​		,朱亚文,//weibo.com/2353363015/G3OZEebj2?refer_flag=1001030103_
集体行动; 2018-02-19; 1; 10,51,		给老外看春晚。看完这些节目，才算是过了中国年 毒角Show的... ​		,毒角SHOW,//weibo.com/5991896093/G3OVjzzX9?refer_flag=1001030103_
集体行动; 2018-02-19; 1; 10,52,		【弟弟动车上弄洒饮料 5岁女孩主动擦净】14日，江苏昆山南至南京南的D4686列车上，一位奶奶带着孙子孙女乘车。小孙子将饮料倒在了走道内，5岁的孙女赶紧蹲下，细心地把地板擦干净，还将纸送到车厢垃圾桶内。小女孩说，“小弟弟弄脏的要擦干净，不然叔叔阿姨会讨厌的。”你愿为她点赞吗？ ​			...展开全文c,央视新闻,//weibo.com/2656274875/G3Padjtb6?refer_flag=1001030103_
集体行动; 2018-02-19; 1; 10,53,		新年开始，为爱人分担更多家务更浪漫，为孩子成长提供全面的营养会收获更多快乐。2018#壹起公益#@微公益 @星光公益联盟 @联合国世界粮食计划署 @联合国妇女署 @央视公益传播 ​		,朱亚文,//weibo.com/2353363015/G3OZEebj2?refer_flag=1001030103_
集体行动; 2018-02-19; 1; 10,54,		花了6个小时给孩子搭了3个雪屋，导致昨晚9点就睡了 ​		,邓超,//weibo.com/5187664653/G3P9azUfQ?refer_flag=1001030103_
集体行动; 2018-02-19; 1; 10,55,		【这段央视春晚公益广告，走心了！】汪，是和你一起翘首远望的陪伴；汪，是和你同甘共苦的兄弟。旺，寓意着希望。旺旺年，愿家旺、国旺，家国兴旺！人民日报的...转发，传递！ ​		,人民日报,//weibo.com/2803301701/G3OT0gCEm?refer_flag=1001030103_
集体行动; 2018-02-19; 1; 10,56,		不是年味淡了，而是你的心事重了。 ​​​​		,思想聚焦,//weibo.com/1742566624/G3OVjxPkb?refer_flag=1001030103_
