query,Post ID,Post Content,nickname,link
集体行动; 2018-02-19; 1; 10,1,		战狼确实透支了很多情感 第一次听说春节上映红海行动，第一反应是又跟战狼一样情节，说什么都不会去看的 但是好评如潮中最打动我的是那句我们不一样看过才深刻，感觉战狼的格局原不如红海行动个人再强大也比不过团队集体的力量 红海行动不煽情不做作一切都恰到好处 但每个人都印象深刻细节把握也很到位		,Johnny芥子瑜,//weibo.com/1408084550/G3JtzdQ1f?refer_flag=1001030103_
集体行动; 2018-02-19; 1; 10,2,|红海行动，《红海行动》高于《战狼2》，只不过《战狼2》已经消耗或者说透支了人们的部分情感，所以在这部片子上不会给予太高的热度，二者是不同的，《红海行动》是战争，《战狼2》是一个人或者说一群人的战斗，级别不同。林超贤不断超越自己，《红海行动》已 ​		...展开全文c,NA,//weibo.com/5225316591/G3NsGdFtU?refer_flag=1001030103_
集体行动; 2018-02-19; 1; 10,3,		我喜欢不迟到的人。喜欢不说谎的人。喜欢有真性情的人。我也喜欢沉默的说话适可而止的人。喜欢说出的话与行动相符的人。喜欢内心有温柔和想象力的人。喜欢对一切持有善意而又有力的人。喜欢内心有价值观态度坚定不屈服于集体的人。喜欢孩子一样容易付出容易受伤容易复原的人。喜欢相信爱和实践爱的人。 ​		,罗伯特箥蘿鑵頭,//weibo.com/5311524425/G3NjozJQ4?refer_flag=1001030103_
集体行动; 2018-02-19; 1; 10,4,		推荐电影《红海行动》，昨天晚上刚刷完，特别棒。剧情，剧本，场面，演员表演，导演，正能量，集体主义精神，规模，都很棒。硬找槽点的话，无人机莫名其妙的起火是个硬伤，这是说国货不行啊还是国家穷就一架无人机啊？正常应该出动三架以上，彰显大国实力，坦克也应该多数交给无人机干掉，增加剧情可信 ​			...展开全文c,花千芳,//weibo.com/2759526793/G3NdX8A4J?refer_flag=1001030103_
集体行动; 2018-02-19; 1; 10,5,		这几天去看了上映的电影，捉妖记2没有新意，精彩程度与1相差无几，红海行动，热血沸腾，细节也很到位，依然犯了第一滴血的毛病，只不过是集体版的第一滴血，战狼却是第一滴血的翻版，唐人街探案2却是一个黑马，王宝强被白人大哥抱起来跳舞绝对笑死人，圣母婊除外 ​		,切格瓦拉说,//weibo.com/3199800297/G3NdK7yKT?refer_flag=1001030103_
集体行动; 2018-02-19; 1; 10,6,		我喜欢不迟到的人。喜欢不说谎的人。喜欢有真性情的人。我也喜欢说出的话与行动相符的人。喜欢内心有温柔和想象力的人。喜欢对一切持有善意而又有力的人。喜欢内心有价值观态度坚定不屈服于集体的人。喜欢孩子一样容易付出容易受伤容易复原的人。喜欢相信爱和实践爱[xkl追]的人。 ​		,吃货Mika_木子,//weibo.com/5801787489/G3MSst2lw?refer_flag=1001030103_
集体行动; 2018-02-19; 1; 10,7,|红海行动，给9分！跟战狼2比较是必然了，个人更喜欢红海行动。因为相对于吴京的个人英雄主义，我更喜欢红海行动的集体英雄主义。集体英雄主义在今天也更加贴合现实需要。故事全程紧凑无尿点<虽然我中间有去厕所>，画面残酷得十分真实震撼，尤其是炸掉的汽车 ​			...展开全文c,omg迷张孝全,//weibo.com/1584384495/G3Lciu77P?refer_flag=1001030103_
集体行动; 2018-02-19; 1; 10,8,|红海行动，为中国军人点赞，如果说《战狼2》突出的个人英雄主义，那么《红海行动》更凸显集体主义，场面要比《战狼2》宏大，从头打到尾，太过瘾了。 ​		,葡式蛋挞Orz,//weibo.com/1691122115/G3L585hcC?refer_flag=1001030103_
集体行动; 2018-02-19; 1; 10,9,		看到红海行动口碑不错，就拉着我妈去看了。真的是从头打到尾啊不过这片子最好的一点是没有主角光环，战争很残酷必定会伴随着牺牲，007是不存在的。个人英雄主义的片子无论宣扬的是什么总会把我看笑。集体英雄主义就还好。片子战斗部分相对真实。ps:既然是海政出品，还不拍舷号 ​		,devil_maybe,//weibo.com/1760166095/G3KNWcAx0?refer_flag=1001030103_
集体行动; 2018-02-19; 1; 10,10,		大晚上看红海行动看的热血沸腾，同时吓的腿都麻了，还不忘全程找我顾顺@Johnny黄景瑜 如今太需要这样的集体英雄主义的爱国篇了。勇者无畏，强者无敌 ​​​		,关关雎鸠Gsy,//weibo.com/3921285110/G3KKDtWui?refer_flag=1001030103_
集体行动; 2018-02-19; 1; 10,11,		这两天就是喜欢和你们在一起呀红海行动好看 节奏很紧密 很燃 集体精神很突出 也很真实 血腥和杀戮 在乱世谁都避不开 不管你是哪国人还是我们和平地带好呀 ​		,徐丹丹little_sun,//weibo.com/3171027687/G3KD0oa0A?refer_flag=1001030103_
集体行动; 2018-02-19; 1; 10,12,		红海行动心心念念期待已久，终于去看了，超出了我的预期，看之前对装备做了一定的了解，电影装备的使用让我对剧组无比敬佩，精心雕琢! 我们的军人不是超人钢铁侠，他们有血有肉有信仰，用他们的血肉灵魂牺牲自己去捍卫信仰与国之尊严!我们军人用集体英雄主义在守护我们的安宁祥和! 可惜院 ​			...展开全文c,晖之所至,//weibo.com/5774518814/G3KzRkPlK?refer_flag=1001030103_
集体行动; 2018-02-19; 1; 10,13,		姐姐家这只猫大概是我这辈子摸得最安心的一只猫 超乖的 一点都不怕它 无论是电视还是平板它都爱看 没毛病《红海行动》特别像战狼2吧 大的不同大概就是渲染集体情义和个人主义的差别吧很多血腥的镜头 看着虽然有点不舒服吧但确实触动人 战争很真实很残酷 |株洲·王府... ​		,Serenade____,//weibo.com/3185729940/G3KoY9v2K?refer_flag=1001030103_
集体行动; 2018-02-19; 1; 10,14,|红海行动，很燃。一直觉得这类题材作品，包括“高于生活”的电影，都不该过分强调个人主义，团队和集体的力量才是无穷的。每个士兵的分工与配合，尖端武器装备的运用，紧张激烈的战争场面，真是让人舍不得错过一个镜头一句台词。人物性格鲜明，都立住了。有这样一 ​			...展开全文c,沉入海底的白尾鱼,//weibo.com/1408833722/G3Kmbgm1A?refer_flag=1001030103_
集体行动; 2018-02-19; 1; 10,15,mark一下今天的全家六口汗蒸之旅这也是难得能受到我妈好评的集体行动 ​		,Sheryl霏,//weibo.com/3946403451/G3KlRvOlU?refer_flag=1001030103_
集体行动; 2018-02-19; 1; 10,16,#电影红海行动# 事件略微仓促，镜头晃得厉害(非专业 自我感觉)，但是全程无尿点，槽点可爱，只是我全程找人hhh，打斗戏爆破戏武器一流，达到展示中国肌肉的目的，看完电影升起一股浓浓的爱国情操和民族自豪感(夸大ing~)。逃不掉与战狼比较的命运，我个人觉得是个人英雄主义与集体英雄主义(略有不贴合) ​			...展开全文c,-棠娇,//weibo.com/3820044746/G3KjDccnw?refer_flag=1001030103_
集体行动; 2018-02-19; 1; 10,17,|红海行动，非常好看 影片结构紧凑，全程无尿点；逻辑清晰，情节真实感很强，不会有出戏的感觉；最重要的是，电影着重渲染了集体精神，军人的责任感、勇气、战友情。看完后深切感体会到和平的可贵，从心底生发出人民解放军深深的敬意有时间再看一 ​			...展开全文c,谁说我串号啦,//weibo.com/3902762655/G3KheyTZC?refer_flag=1001030103_
集体行动; 2018-02-19; 1; 10,18,		《源泉》头脑是个人的属性。并不存在所谓集体的大脑这种东西，并不存在所谓集体的思想。由一群人所达成的一致，只不过是一种妥协，只不过是从许许多多人的思想中推论出来的一个结果而已。它只是一个二手的结果。首要的行动——推论过程本身——必须由每一个人来独自进行。我们可以将一顿饭分给许多人来 ​			...展开全文c,食安班超,//weibo.com/1071561494/G3KfZ94iV?refer_flag=1001030103_
集体行动; 2018-02-19; 1; 10,19,		拜拜福州 ​		,陈赫,//weibo.com/1574684061/G3OE7ctKs?refer_flag=1001030103_
集体行动; 2018-02-19; 1; 10,20,		现场版《芳华》~大年初一文艺圈的大佬齐聚，冯小刚带着《芳华》女主角苗苗和老友陈道明、葛优齐聚。在网上曝光的视频中，现场陈道明弹钢琴伴奏，歌唱家张燕唱起了《绒花》，苗苗即兴表演了一段舞蹈，葛优则是负责在一旁喝彩叫好→新浪电影的... ​		,新浪娱乐,//weibo.com/1642591402/G3OucdjGw?refer_flag=1001030103_
集体行动; 2018-02-19; 1; 10,21,#爱上这座城# 二月十九日，雨水。湖石，遇水显灵秀，在阳光下也是自有韵味。 ​		,故宫博物院,//weibo.com/1655363172/G3Oy8CXy2?refer_flag=1001030103_
集体行动; 2018-02-19; 1; 10,22,		冰雪男孩出街了，brunch是雪地里的关东煮（姐妹们让我感受下控评） ​		,回忆专用小马甲,//weibo.com/3217179555/G3OJygFCy?refer_flag=1001030103_
集体行动; 2018-02-19; 1; 10,23,		以前和现在 ​		,陈坤,//weibo.com/1087770692/G3OGeluy8?refer_flag=1001030103_
集体行动; 2018-02-19; 1; 10,24,		现场版《芳华》~大年初一文艺圈的大佬齐聚，冯小刚带着《芳华》女主角苗苗和老友陈道明、葛优齐聚。在网上曝光的视频中，现场陈道明弹钢琴伴奏，歌唱家张燕唱起了《绒花》，苗苗即兴表演了一段舞蹈，葛优则是负责在一旁喝彩叫好→新浪电影的... ​		,新浪娱乐,//weibo.com/1642591402/G3OucdjGw?refer_flag=1001030103_
集体行动; 2018-02-19; 1; 10,25,		我妈不让我理发 ​		,岳云鹏,//weibo.com/1751675285/G3Ox5ywRo?refer_flag=1001030103_
集体行动; 2018-02-19; 1; 10,26,#牵妈妈的手# 牵妈妈的手 到处走 ​		,努力努力再努力x,//weibo.com/2706896955/G3OszqhKb?refer_flag=1001030103_
集体行动; 2018-02-19; 1; 10,27,		INS推主家两岁半的小姑娘，唱歌和捂脸害羞的样子太萌了。又想骗人生女儿英国报姐的... ​		,英国报姐,//weibo.com/3099016097/G3OxTf65h?refer_flag=1001030103_
集体行动; 2018-02-19; 1; 10,28,		以前和现在 ​		,陈坤,//weibo.com/1087770692/G3OGeluy8?refer_flag=1001030103_
集体行动; 2018-02-19; 1; 10,29,		现场版《芳华》~大年初一文艺圈的大佬齐聚，冯小刚带着《芳华》女主角苗苗和老友陈道明、葛优齐聚。在网上曝光的视频中，现场陈道明弹钢琴伴奏，歌唱家张燕唱起了《绒花》，苗苗即兴表演了一段舞蹈，葛优则是负责在一旁喝彩叫好→新浪电影的... ​		,新浪娱乐,//weibo.com/1642591402/G3OucdjGw?refer_flag=1001030103_
集体行动; 2018-02-19; 1; 10,30,		知道麻麻喜欢小狗狗和水瓶座 小宝硬是在水瓶座的最后一天2.18号出生🐣啦（离预产期提前了半个月）顺产6.4斤男宝 ​		,菲力姐姐jfiensksl,//weibo.com/5842217463/G3OJyiIoo?refer_flag=1001030103_
集体行动; 2018-02-19; 1; 10,31,		冰雪男孩出街了，brunch是雪地里的关东煮（姐妹们让我感受下控评） ​		,回忆专用小马甲,//weibo.com/3217179555/G3OJygFCy?refer_flag=1001030103_
集体行动; 2018-02-19; 1; 10,32,#牵妈妈的手# 牵妈妈的手 到处走 ​		,努力努力再努力x,//weibo.com/2706896955/G3OszqhKb?refer_flag=1001030103_
集体行动; 2018-02-19; 1; 10,33,		我妈不让我理发 ​		,岳云鹏,//weibo.com/1751675285/G3Ox5ywRo?refer_flag=1001030103_
集体行动; 2018-02-19; 1; 10,34,#爱上这座城# 二月十九日，雨水。湖石，遇水显灵秀，在阳光下也是自有韵味。 ​		,故宫博物院,//weibo.com/1655363172/G3Oy8CXy2?refer_flag=1001030103_
集体行动; 2018-02-19; 1; 10,35,		今天早上我和雷迪克通了电话，也谈了很久，我相信他并不是一个有种族歧视的人，他真的觉得自己没有说这个字也没有要诋毁中国人。而且他觉得非常抱歉 有这样的事情发生。我也和NBA总裁亚当萧华以及NBA中国区总裁大卫舒马克讨论这件事，我们大家都认同所有人都应该明白， 永远不应该用这个词来形容中国 ​			...展开全文c,JeremyLin林书豪,//weibo.com/2106855375/G3Ov2ek0T?refer_flag=1001030103_
集体行动; 2018-02-19; 1; 10,36,		INS推主家两岁半的小姑娘，唱歌和捂脸害羞的样子太萌了。又想骗人生女儿英国报姐的... ​		,英国报姐,//weibo.com/3099016097/G3OxTf65h?refer_flag=1001030103_
集体行动; 2018-02-19; 1; 10,37,		现场版《芳华》~大年初一文艺圈的大佬齐聚，冯小刚带着《芳华》女主角苗苗和老友陈道明、葛优齐聚。在网上曝光的视频中，现场陈道明弹钢琴伴奏，歌唱家张燕唱起了《绒花》，苗苗即兴表演了一段舞蹈，葛优则是负责在一旁喝彩叫好→新浪电影的... ​		,新浪娱乐,//weibo.com/1642591402/G3OucdjGw?refer_flag=1001030103_
集体行动; 2018-02-19; 1; 10,38,		我妈不让我理发 ​		,岳云鹏,//weibo.com/1751675285/G3Ox5ywRo?refer_flag=1001030103_
集体行动; 2018-02-19; 1; 10,39,		以前和现在 ​		,陈坤,//weibo.com/1087770692/G3OGeluy8?refer_flag=1001030103_
集体行动; 2018-02-19; 1; 10,40,#爱上这座城# 二月十九日，雨水。湖石，遇水显灵秀，在阳光下也是自有韵味。 ​		,故宫博物院,//weibo.com/1655363172/G3Oy8CXy2?refer_flag=1001030103_
集体行动; 2018-02-19; 1; 10,41,		我妈不让我理发 ​		,岳云鹏,//weibo.com/1751675285/G3Ox5ywRo?refer_flag=1001030103_
集体行动; 2018-02-19; 1; 10,42,		冰雪男孩出街了，brunch是雪地里的关东煮（姐妹们让我感受下控评） ​		,回忆专用小马甲,//weibo.com/3217179555/G3OJygFCy?refer_flag=1001030103_
集体行动; 2018-02-19; 1; 10,43,		今天早上我和雷迪克通了电话，也谈了很久，我相信他并不是一个有种族歧视的人，他真的觉得自己没有说这个字也没有要诋毁中国人。而且他觉得非常抱歉 有这样的事情发生。我也和NBA总裁亚当萧华以及NBA中国区总裁大卫舒马克讨论这件事，我们大家都认同所有人都应该明白， 永远不应该用这个词来形容中国 ​			...展开全文c,JeremyLin林书豪,//weibo.com/2106855375/G3Ov2ek0T?refer_flag=1001030103_
集体行动; 2018-02-19; 1; 10,44,		拜拜福州 ​		,陈赫,//weibo.com/1574684061/G3OE7ctKs?refer_flag=1001030103_
集体行动; 2018-02-19; 1; 10,45,		我妈不让我理发 ​		,岳云鹏,//weibo.com/1751675285/G3Ox5ywRo?refer_flag=1001030103_
集体行动; 2018-02-19; 1; 10,46,		现场版《芳华》~大年初一文艺圈的大佬齐聚，冯小刚带着《芳华》女主角苗苗和老友陈道明、葛优齐聚。在网上曝光的视频中，现场陈道明弹钢琴伴奏，歌唱家张燕唱起了《绒花》，苗苗即兴表演了一段舞蹈，葛优则是负责在一旁喝彩叫好→新浪电影的... ​		,新浪娱乐,//weibo.com/1642591402/G3OucdjGw?refer_flag=1001030103_
集体行动; 2018-02-19; 1; 10,47,		今天早上我和雷迪克通了电话，也谈了很久，我相信他并不是一个有种族歧视的人，他真的觉得自己没有说这个字也没有要诋毁中国人。而且他觉得非常抱歉 有这样的事情发生。我也和NBA总裁亚当萧华以及NBA中国区总裁大卫舒马克讨论这件事，我们大家都认同所有人都应该明白， 永远不应该用这个词来形容中国 ​			...展开全文c,JeremyLin林书豪,//weibo.com/2106855375/G3Ov2ek0T?refer_flag=1001030103_
集体行动; 2018-02-19; 1; 10,48,		以前和现在 ​		,陈坤,//weibo.com/1087770692/G3OGeluy8?refer_flag=1001030103_
集体行动; 2018-02-19; 1; 10,49,#爱上这座城# 二月十九日，雨水。湖石，遇水显灵秀，在阳光下也是自有韵味。 ​		,故宫博物院,//weibo.com/1655363172/G3Oy8CXy2?refer_flag=1001030103_
集体行动; 2018-02-19; 1; 10,50,		INS推主家两岁半的小姑娘，唱歌和捂脸害羞的样子太萌了。又想骗人生女儿英国报姐的... ​		,英国报姐,//weibo.com/3099016097/G3OxTf65h?refer_flag=1001030103_
集体行动; 2018-02-19; 1; 10,51,		冰雪男孩出街了，brunch是雪地里的关东煮（姐妹们让我感受下控评） ​		,回忆专用小马甲,//weibo.com/3217179555/G3OJygFCy?refer_flag=1001030103_
集体行动; 2018-02-19; 1; 10,52,		现场版《芳华》~大年初一文艺圈的大佬齐聚，冯小刚带着《芳华》女主角苗苗和老友陈道明、葛优齐聚。在网上曝光的视频中，现场陈道明弹钢琴伴奏，歌唱家张燕唱起了《绒花》，苗苗即兴表演了一段舞蹈，葛优则是负责在一旁喝彩叫好→新浪电影的... ​		,新浪娱乐,//weibo.com/1642591402/G3OucdjGw?refer_flag=1001030103_
集体行动; 2018-02-19; 1; 10,53,		我妈不让我理发 ​		,岳云鹏,//weibo.com/1751675285/G3Ox5ywRo?refer_flag=1001030103_
集体行动; 2018-02-19; 1; 10,54,		以前和现在 ​		,陈坤,//weibo.com/1087770692/G3OGeluy8?refer_flag=1001030103_
集体行动; 2018-02-19; 1; 10,55,#牵妈妈的手# 牵妈妈的手 到处走 ​		,努力努力再努力x,//weibo.com/2706896955/G3OszqhKb?refer_flag=1001030103_
集体行动; 2018-02-19; 1; 10,56,#爱上这座城# 二月十九日，雨水。湖石，遇水显灵秀，在阳光下也是自有韵味。 ​		,故宫博物院,//weibo.com/1655363172/G3Oy8CXy2?refer_flag=1001030103_
集体行动; 2018-02-19; 1; 10,57,		知道麻麻喜欢小狗狗和水瓶座 小宝硬是在水瓶座的最后一天2.18号出生🐣啦（离预产期提前了半个月）顺产6.4斤男宝 ​		,菲力姐姐jfiensksl,//weibo.com/5842217463/G3OJyiIoo?refer_flag=1001030103_
集体行动; 2018-02-19; 1; 10,58,		今天早上我和雷迪克通了电话，也谈了很久，我相信他并不是一个有种族歧视的人，他真的觉得自己没有说这个字也没有要诋毁中国人。而且他觉得非常抱歉 有这样的事情发生。我也和NBA总裁亚当萧华以及NBA中国区总裁大卫舒马克讨论这件事，我们大家都认同所有人都应该明白， 永远不应该用这个词来形容中国 ​			...展开全文c,JeremyLin林书豪,//weibo.com/2106855375/G3Ov2ek0T?refer_flag=1001030103_
