query,Post ID,Post Content,nickname,link
反腐; 2018-02-19; 1; 10,1,#中国赞#独家图片#末代甲A收官战国际VS天津# 开赛前成耀东表情严肃。中国足坛第二批反腐案今日开庭。原上海国际球员申思、祁宏、李明、江津等出庭受审。四人曾在2003年末代甲A收官战中收受贿赂，每人获得200万元。他们故意输给天津，天津保住中超资格，申花同时在深圳也输球，但依然以一分优势获得冠军 ​			...展开全文c,YoYo2020yy,//weibo.com/3988600373/G3Pn9wsgw?refer_flag=1001030103_
反腐; 2018-02-19; 1; 10,2,//@李为夷:中国确实税高，而且福利还少，钱都让那群王八羔子给侵吞了。反腐那么多年，怎么还是这种样子？		,八里庄亚瑟,//weibo.com/1497322247/G3N9vudE3?refer_flag=1001030103_
反腐; 2018-02-19; 1; 10,3,【转】如果用世界银行世界发展指标中的“总税率”指标来衡量我国企业所承担的税负，2013年—2016年，我国企业总税率分别为68.7%；68.5%；67.8%，68%，这个数据远远高于发达国家和发展中国家。死亡税率提出者李炜光：我捅了马蜂窝 以后啥也不说了@手机QQ浏览器 |死亡税率提... ​	,NA,//weibo.com/2736962461/G3Pn2rK1O?refer_flag=1001030103_
反腐; 2018-02-19; 1; 10,4,		人民的名义：沙瑞金会见侯亮平，沙瑞金：查反腐力度，上不封顶！ 酷酷影视菌... ​		,酷酷影视菌,//weibo.com/6421121158/G3Pm2EQgb?refer_flag=1001030103_
反腐; 2018-02-19; 1; 10,5,		我免费围观了 @陶短房 的回答，问题价值 29.99 元，快来一起免费围观~ 微博问答 ​		,用户5968998696,//weibo.com/5968998696/G3Pjpio1R?refer_flag=1001030103_
反腐; 2018-02-19; 1; 10,6,		//@眉中王:→_→//@佛山纺织染色师傅霸者007:李开腹还在中国各地演讲，这种反共反中的货为什么在中国这么有市场？反腐不仅在经济上，政治上更要反腐，必须把党内与李开腹勾结的人全部纠出来。		,遍地鹅毛,//weibo.com/2811244260/G3FG69d6P?refer_flag=1001030103_
反腐; 2018-02-19; 1; 10,7,	  他是特洛伊木马、诺基亚噩梦，外来的和尚好坑爹。2010年，诺基亚聘微软业务部总裁埃洛普，担任执行总裁兼CEO，这一年，诺基亚手机份额是30%。埃洛普上任后，全球裁减员工，引进美国高管，挑起内部争斗，全面与微软合作。2013年，诺基亚份额降至18%，2014年，微软成功收购诺基亚，之后埃洛普重返微软。 ​	,NA,//weibo.com/1221407655/G3Pjj3WLF?refer_flag=1001030103_
反腐; 2018-02-19; 1; 10,8,		【新闻敲诈的式微】对21世纪系的打击，官媒的自我审查，都说明了依靠新闻敲诈获取盈利再也不可能光明正大走下去了。今年上半年一家非常著名的杂志盈利才50万，若无各类活动支撑，早就办不下了。纸媒的衰败面临市场和反腐的双重夹击，媒体人除了转型、出走和创业别无他法。树倒猢狲散的场景迟早到来。 ​		,王建永2014,//weibo.com/5040431564/G3PjiaHw3?refer_flag=1001030103_
反腐; 2018-02-19; 1; 10,9,		有动真就微博反腐更有效，每个基层腐败都逃不掉群众眼睛，网民揭发。但改府有关部门网警，天天在找微博反腐删贴，这就是根本性有保护仐地方保护主义，也是不希望平民反腐，也缺少制度反腐，最大的无能胆小媒体不作为，没胆量站在前面吹号角，而是马后炮！存在家丑不能外传，一切受党政府指令去做什么。		,曾文泉2,//weibo.com/5392982119/FdHgozdUp?refer_flag=1001030103_
反腐; 2018-02-19; 1; 10,10,	  分享视频 秒拍视频 ​	,NA,//weibo.com/5908936776/G3PiVaUot?refer_flag=1001030103_
反腐; 2018-02-19; 1; 10,11,		//@中国南柯梦://@美利坚L2:慕容雪村：不要跟我讲反腐，那是你们体制內的事，本来就不该腐。不要跟我讲反贪，由一群贪官去反另一群贪官，怎么反贪都是內斗。不要跟我讲廉洁，因你们不敢公示你们的财产。更不要跟我讲爱国，爱不爱是你们的事况且你们的孩子老婆都在国外要讲就跟我讲民主先把选票还给我		,家福777,//weibo.com/2806559662/FFWXLobzq?refer_flag=1001030103_
反腐; 2018-02-19; 1; 10,12,	  我发表了头条文章:《反腐清单：五年的成绩单，187位省部级大老虎落马！》 |反腐清单：... ​	,NA,//weibo.com/2970750723/G3PhEe3j7?refer_flag=1001030103_
反腐; 2018-02-19; 1; 10,13,		我免费围观了 @阿忆 的回答，问题价值 56.00 元，快来一起免费围观~ 微博问答 ​		,师傅莫怕老孙来也,//weibo.com/1827429457/G3Phy6tR8?refer_flag=1001030103_
反腐; 2018-02-19; 1; 10,14,#中国赞##中國古代反腐倡廉思想#“同床”。它指的是尊贵夫人，受宠宫妾等；“在旁”。它指的是亲信侍从等；“父兄”。它指的是人主的叔伯兄弟等；“养殃”。它指的是以重金修饰君主所喜欢的宫室台池，以娛其主而亂其心。 池等； ​		,The_Deviant_Devil,//weibo.com/2704893913/G3PhwgyqX?refer_flag=1001030103_
反腐; 2018-02-19; 1; 10,15,@曾文泉1:有动真就微博反腐更有效，每个基层腐败都逃不掉群众眼睛，网民揭发。但政府有关部门网警，天天在找微博反腐删贴，存在严重的地方保护主义，也是不希望平民反腐，也缺少制度反腐，小媒体也不作为，没胆量站在前面吹号角，而是马后炮！存在家丑不能外传，一切受政府指令去做什么。		,D芳香如初清,//weibo.com/5392982119/FdHgozdUp?refer_flag=1001030103_
反腐; 2018-02-19; 1; 10,16,	  分享视频 秒拍视频 ​	,NA,//weibo.com/6029571265/G3PgIB8iD?refer_flag=1001030103_
反腐; 2018-02-19; 1; 10,17,		:2018年的第一件事是先诅咒还没落网的腐败组织和体制内职务犯罪分子们见光就死，第二件事是希望政府把反腐落实到基层，真正让人民群众感受到一点点公平正义也行，尤其是广东东莞的“灯下黑”腐败集团多方勾结牟利尤如国中之国，2018愿祖国冒盛，民族兴旺，愿举报维权者英魂不散，永垂不朽…		,和知0351,//weibo.com/5116580947/FCjEjehnO?refer_flag=1001030103_
反腐; 2018-02-19; 1; 10,18,	  【新年贺词】法治建设的成效首先体现在个案正义，每一个冤案都影响到一个家族和一群朋友对法治的信心，洗冤路上，有你有我，“阳光打在你的脸上，温暖留在我们心头”，让喊冤者在悲观中砥砺前行，让平冤者在冷漠中突现良知，“让人民群众在每一个司法案件中都感受到公平正义”，让司法改革以法治使用者 ​		...展开全文c,NA,//weibo.com/6050064117/G3PgFDMRS?refer_flag=1001030103_
反腐; 2018-02-19; 1; 10,19,		转发微博国家真可笑，一面反腐，一面暗许腐败，违法强拆老百姓的房子，公然贪污，却要层层包庇！删我的微博视频，你们在害怕什么？		,天快黑了_21338,//weibo.com/5669237213/FE9sj4jY0?refer_flag=1001030103_
反腐; 2018-02-19; 1; 10,20,	  通过信访能解决老百姓的问题吗？（这里是上海市浦东新区康桥镇秀龙626号，联系电话15900857470） |上海·周浦 ​	,NA,//weibo.com/5669237213/G3PgnDACI?refer_flag=1001030103_
反腐; 2018-02-19; 1; 10,21,		上海违法征地，抢夺老百姓土地和房子。国家在选择性反腐，一面反腐，一面纵容包庇腐败。		,天快黑了_21338,//weibo.com/5669237213/G2Lpikzfd?refer_flag=1001030103_
反腐; 2018-02-19; 1; 10,22,	  向国家信访局反映违法强拆能有用吗？这里是上海市浦东新区康桥镇秀龙村626号，电话15900857470 |上海·周浦 ​	,NA,//weibo.com/5669237213/G3PgeeUKs?refer_flag=1001030103_
反腐; 2018-02-19; 1; 10,23,		国家信访局能解决问题吗？反腐就不能私下包庇腐败，要做到有腐必反，不能因人而异。		,天快黑了_21338,//weibo.com/5669237213/G3or7FmqN?refer_flag=1001030103_
反腐; 2018-02-19; 1; 10,24,	  上海地方政府官商勾结欺压百姓，没征地批文也要违法抢夺百姓土地和房子。以权压法，司法腐败，指鹿为马，枉法包庇。这里是上海市浦东新区康桥镇秀龙八组626号，电话15900857470 |上海·周浦 ​	,NA,//weibo.com/5669237213/G3Pg9sVOb?refer_flag=1001030103_
反腐; 2018-02-19; 1; 10,25,		//@天快黑了_21338:转发微博庭审笔录记下了违法征地，法官也能包庇！如违法强拆，血告到底。国家几时反腐到我家乡？（上海市浦东康桥秀龙626号）		,天快黑了_21338,//weibo.com/5669237213/Dmo8kn2fB?refer_flag=1001030103_
反腐; 2018-02-19; 1; 10,26,	  违法征地，法官你会怎么判？ ​	,NA,//weibo.com/5669237213/G3PfpE5BN?refer_flag=1001030103_
反腐; 2018-02-19; 1; 10,27,		//@眉中王:→_→//@佛山纺织染色师傅霸者007:李开腹还在中国各地演讲，这种反共反中的货为什么在中国这么有市场？反腐不仅在经济上，政治上更要反腐，必须把党内与李开腹勾结的人全部纠出来。		,金戈铁马任纵横,//weibo.com/2811244260/G3FG69d6P?refer_flag=1001030103_
反腐; 2018-02-19; 1; 10,28,	  他是特洛伊木马、诺基亚噩梦，外来的和尚好坑爹。2010年，诺基亚聘微软业务部总裁埃洛普，担任执行总裁兼CEO，这一年，诺基亚手机份额是30%。埃洛普上任后，全球裁减员工，引进美国高管，挑起内部争斗，全面与微软合作。2013年，诺基亚份额降至18%，2014年，微软成功收购诺基亚，之后埃洛普重返微软。 ​	,NA,//weibo.com/2109426255/G3Pf8dvv9?refer_flag=1001030103_
反腐; 2018-02-19; 1; 10,29,		//@天快黑了_21338:反对腐败，反抗暴政。国家一边在反腐，一边却允许腐败！如违法强拆逼死人命，血告到底。（上海浦东康桥秀龙626号）		,天快黑了_21338,//weibo.com/5669237213/D2b9Vpfhj?refer_flag=1001030103_
反腐; 2018-02-19; 1; 10,30,	  百姓愚昧，贪官误国。大好中国，又将走向黑暗……老百姓的合法权益得不到保障……现代版的官逼民反啊！ ​	,NA,//weibo.com/5669237213/G3PeCzXX1?refer_flag=1001030103_
反腐; 2018-02-19; 1; 10,31,		//@林起:儿媳妇也成反腐利器了。//@一叶知秋足彩:@林起 @人民日报 //@林建楊:右边是举报者本尊。这是最新情况，大家有问题也可以问她。//@王燕茹实名举报：我是本人，现在黄宇停职了，他爸还没有处理。		,不哼不哈不得力,//weibo.com/1432458327/G3vuF1NGU?refer_flag=1001030103_
反腐; 2018-02-19; 1; 10,32,	  【实名举报，一定转】“我是王燕茹，女，32岁，扬州中行员工，现实名举报原扬州市国资委主任，中共党员黄道龙（65岁）和其子扬州市资源交易中心政府采购科科长、中共党员黄宇（36岁），拥有来历不明的房产、珠宝、书画、成套的红木家具、豪华轿车及大量的银行卡和现金，资产高达几千万。” ​	,NA,//weibo.com/1133743601/G3PcZh5HM?refer_flag=1001030103_
反腐; 2018-02-19; 1; 10,33,		上海违法征地，抢夺老百姓土地和房子。国家在选择性反腐！一面反腐，一面纵容包疪腐败。		,天快黑了_21338,//weibo.com/5669237213/G2Lpikzfd?refer_flag=1001030103_
反腐; 2018-02-19; 1; 10,34,	  向国家信访局反映违法强拆能有用吗？这里是上海市浦东新区康桥镇秀龙村626号，电话15900857470 |上海·周浦 ​	,NA,//weibo.com/5669237213/G3PcI8Qn5?refer_flag=1001030103_
反腐; 2018-02-19; 1; 10,35,		转发微博国家真可笑，一面反腐，一面暗许腐败，违法强拆老百姓的房子，公然贪污，却要层层包庇！删我的微博视频，你们在害怕什么？		,天快黑了_21338,//weibo.com/5669237213/FE9sj4jY0?refer_flag=1001030103_
反腐; 2018-02-19; 1; 10,36,	  通过信访能解决老百姓的问题吗？（这里是上海市浦东新区康桥镇秀龙626号，联系电话15900857470） |上海·周浦 ​	,NA,//weibo.com/5669237213/G3PcwyN74?refer_flag=1001030103_
反腐; 2018-02-19; 1; 10,37,		国家信访局能解决问题吗？反腐就不能私下包庇腐败，要做到有腐必反，不能因人而异。		,天快黑了_21338,//weibo.com/5669237213/G3or7FmqN?refer_flag=1001030103_
反腐; 2018-02-19; 1; 10,38,	  上海地方政府官商勾结欺压百姓，没征地批文也要违法抢夺百姓土地和房子。以权压法，司法腐败，指鹿为马，枉法包庇。这里是上海市浦东新区康桥镇秀龙八组626号，电话15900857470 |上海·周浦 ​	,NA,//weibo.com/5669237213/G3PclDkBI?refer_flag=1001030103_
反腐; 2018-02-19; 1; 10,39,		我免费围观了 @阿忆 的回答，问题价值 56.00 元，快来一起免费围观~ 微博问答 ​		,弗格斯城堡,//weibo.com/1463783232/G3PbVnxAq?refer_flag=1001030103_
反腐; 2018-02-19; 1; 10,40,@曾文泉1:有动真就微博反腐更有效，每个基层腐败都逃不掉群众眼睛，网民揭发。但政府有关部门网警，天天在找微博反腐删贴，存在严重的地方保护主义，也是不希望平民反腐，也缺少制度反腐，小媒体也不作为，没胆量站在前面吹号角，而是马后炮！存在家丑不能外传，一切受政府指令去做什么。		,抛给你一朵绣球,//weibo.com/5392982119/FdHgozdUp?refer_flag=1001030103_
反腐; 2018-02-19; 1; 10,41,	  分享视频 秒拍视频 ​	,NA,//weibo.com/5828024899/G3PaiyQ4o?refer_flag=1001030103_
反腐; 2018-02-19; 1; 10,42,@邱普中:无耻就无耻，反正是破罐子破摔呗 @人要点灯_pbp:一个国家的司法机关竟然无耻到这种程度，还有什么资格和脸面狂吹这个社会就是法治社会？@抢提包: 牵一发而动全身，利益链条@道借时空: 贪官天天落马，访民不见人扶。反腐为谁反腐？官僚似虎似蝇，祸国何时到头？		,抢提包,//weibo.com/2801072800/Fb6bT9ARC?refer_flag=1001030103_
反腐; 2018-02-19; 1; 10,43,	  我在湖北省阳光信访--微信平台上举报的问题。即，襄阳监狱违规建房，襄阳规划局多次修改规划，房管局处罚购房人、而不是违建者。投诉至信访局，可惜，竟然1、将我投诉的问题转至随州市曾都区（图3）2、襄阳市规划局给我的回复是给别人的回复（图4）3、答非所问。反腐、正风成笑话！ ​​​ ​		...展开全文c,NA,//weibo.com/2801072800/G3Pa9sEil?refer_flag=1001030103_
反腐; 2018-02-19; 1; 10,44,		国家信访局能解决问题吗？反腐就不能私下包庇腐败，要做到有腐必反，不能因人而异。		,天黑了6469815428,//weibo.com/5669237213/G3or7FmqN?refer_flag=1001030103_
反腐; 2018-02-19; 1; 10,45,	  上海地方政府官商勾结欺压百姓，没征地批文也要违法抢夺百姓土地和房子。以权压法，司法腐败，指鹿为马，枉法包庇。这里是上海市浦东新区康桥镇秀龙八组626号，电话15900857470 |上海·周浦 ​	,NA,//weibo.com/6469815428/G3P9WoYcH?refer_flag=1001030103_
反腐; 2018-02-19; 1; 10,46,"		无锡法官腐败透顶，执法犯法，收此杀人凶手朱静芬几十万贿赂〈证据，由法制报记者交江苏省政法委〉。无锡法官公然对抗党中央""有腐必惩，反腐永远在路上""的决策，和党中央唱对台戏，袒护腐败，庇护恐怖残暴杀人凶手！违纪违法，对抗法律，不执行省检察院抗，不执行最高院督办组亲临无锡法院督办此案重审		",用户6312834748,//weibo.com/6312834748/FF3JIpv3Z?refer_flag=1001030103_
反腐; 2018-02-19; 1; 10,47,	  分享视频 |无锡·广益 用户631283... ​	,NA,//weibo.com/6312834748/G3P9KBTZi?refer_flag=1001030103_
反腐; 2018-02-19; 1; 10,48,		上海违法征地，抢夺老百姓土地和房子。国家在选择性反腐，一面反腐，一面纵容包庇腐败。		,天黑了6469815428,//weibo.com/5669237213/G2Lpikzfd?refer_flag=1001030103_
反腐; 2018-02-19; 1; 10,49,	  向国家信访局反映违法强拆能有用吗？这里是上海市浦东新区康桥镇秀龙村626号，电话15900857470 |上海·周浦 ​	,NA,//weibo.com/6469815428/G3P9Gb7a8?refer_flag=1001030103_
反腐; 2018-02-19; 1; 10,50,		转发微博国家真可笑，一面反腐，一面暗许腐败，违法强拆老百姓的房子，公然贪污，却要层层包庇！删我的微博视频，你们在害怕什么？		,天黑了6469815428,//weibo.com/5669237213/FE9sj4jY0?refer_flag=1001030103_
反腐; 2018-02-19; 1; 10,51,	  通过信访能解决老百姓的问题吗？（这里是上海市浦东新区康桥镇秀龙626号，联系电话15900857470） |上海·周浦 ​	,NA,//weibo.com/6469815428/G3P9ygo3x?refer_flag=1001030103_
反腐; 2018-02-19; 1; 10,52,		//@人民日报: 【人民微评：反腐从娃娃抓起】本该天真无邪的孩子，却出现“小腐败”现象，令人叹息和忧虑。然而，板子应该打在成年人身上——当成人世界充斥肮脏，又怎能奢望孩子一尘不染？成人开了恶例而不自知，孩子就会有样学样。反腐从娃娃抓起，前提即是成人以身作则，为孩子撑起纯净天空。		,Andy未满十八岁,//weibo.com/2803301701/F2zYjx4Jp?refer_flag=1001030103_
反腐; 2018-02-19; 1; 10,53,	  【人民日报：学生“小腐败”不是小问题】竞选班干部，给“选民”送零食；有了“记名字”的权利，就公报私仇；逢年过节，先“打点”好班长…老师不能笃信“学生自治”，家长别向孩子炫耀自己的关系学…小学是孩子融入社会的起点，应将“小腐败”消灭在萌芽中。 |学生“小腐... ​	,NA,//weibo.com/6073171984/G3P8rmJEt?refer_flag=1001030103_
反腐; 2018-02-19; 1; 10,54,		地方法院不按法处理行政案子，层层包庇贪污犯，司法腐败如此严重，反腐有用吗？哪些多冤民在喊冤，国家领导都看不见吗？如违法强拆，血告到底。		,天黑了6469815428,//weibo.com/5669237213/DisqEqQxT?refer_flag=1001030103_
反腐; 2018-02-19; 1; 10,55,	  上海市浦东新区康桥镇秀龙村626号，家遇违法拆迁，他们官官相护，借拆迁明目张胆搞贪污，各法院包庇不予立案，敢问各网犮谁能为我家呐喊声啊…… ​	,NA,//weibo.com/6469815428/G3P8pgh6N?refer_flag=1001030103_
反腐; 2018-02-19; 1; 10,56,		转发微博官商勾结，欺压百姓，抢夺老百姓的财产！全国皆腐，国之将亡，反腐不是口号！（上海市浦东康桥秀龙626号）		,天黑了6469815428,//weibo.com/5669237213/CuGRRCqzL?refer_flag=1001030103_
反腐; 2018-02-19; 1; 10,57,	  绿宝园装俢的垃圾，倒在我家出路上。一直在乱倒垃圾，以此逼迫我家拆迁，开发商和地方政府官商勾结欺压百姓。 我在这里： |上海·绿宝... ​	,NA,//weibo.com/6469815428/G3P7I8uJ5?refer_flag=1001030103_
反腐; 2018-02-19; 1; 10,58,		回复@中原诗朗://@中原诗朗:孤魂昨夜雪沉冤，家人今晨洗泪颜。恶鬼贪官皆伏法，叩谢当代包青天。 //@piggyprince小猪王子2：百姓期待对公检法展开反腐风暴如久旱盼甘霖！//@有冤说冤: 启东公检法草菅人命办案人员玩忽职守！@平安江苏@南通市人民检察院@南通市中级人民法院@南方周末,有冤说冤,//weibo.com/5940798617/FDHnPfhmw?refer_flag=1001030103_
反腐; 2018-02-19; 1; 10,59,	  发布了头条文章：《问青天，凋谢八年的少女之花何日入土？》 |问青天，凋... ​	,NA,//weibo.com/3094606853/G3P7rzTR0?refer_flag=1001030103_
反腐; 2018-02-19; 1; 10,60,#中国赞##中國古代反腐倡廉思想#“同床”。它指的是尊贵夫人，受宠宫妾等；“在旁”。它指的是亲信侍从等；“父兄”。它指的是人主的叔伯兄弟等；“养殃”。它指的是以重金修饰君主所喜欢的宫室台池，以娛其主而亂其心。 池等； ​		,华丽进行曲_Poppy,//weibo.com/2690494781/G3P4AgZN1?refer_flag=1001030103_
反腐; 2018-02-19; 1; 10,61,		我发表了头条文章:《坚决拥护党中央反腐倡廉，以法律为准绳，强烈要求惩罚制造“冤”案者》 |坚决拥护党... ​		,用户6401169171,//weibo.com/6401169171/G3P2SvYI7?refer_flag=1001030103_
反腐; 2018-02-19; 1; 10,62,#中国赞##中國古代反腐倡廉思想#“同床”。它指的是尊贵夫人，受宠宫妾等；“在旁”。它指的是亲信侍从等；“父兄”。它指的是人主的叔伯兄弟等；“养殃”。它指的是以重金修饰君主所喜欢的宫室台池，以娛其主而亂其心。 池等； ​		,临风清音,//weibo.com/3064379375/G3P2hziJe?refer_flag=1001030103_
反腐; 2018-02-19; 1; 10,63,		转发微博国家真可笑，一面反腐，一面暗许腐败，违法强拆老百姓的房子，公然贪污，却要层层包庇！删我的微博视频，你们在害怕什么？		,天黑了6469815428,//weibo.com/5669237213/FE9sj4jY0?refer_flag=1001030103_
反腐; 2018-02-19; 1; 10,64,	  通过信访能解决老百姓的问题吗？（这里是上海市浦东新区康桥镇秀龙626号，联系电话15900857470） |上海·周浦 ​	,NA,//weibo.com/6469815428/G3P1Xdo1A?refer_flag=1001030103_
反腐; 2018-02-19; 1; 10,65,		上海违法征地，抢夺老百姓土地和房子。国家在选择性反腐，一面反腐，一面纵容包庇腐败。		,天黑了6469815428,//weibo.com/5669237213/G2Lpikzfd?refer_flag=1001030103_
反腐; 2018-02-19; 1; 10,66,	  向国家信访局反映违法强拆能有用吗？这里是上海市浦东新区康桥镇秀龙村626号，电话15900857470 |上海·周浦 ​	,NA,//weibo.com/6469815428/G3P1Kw5GD?refer_flag=1001030103_
反腐; 2018-02-19; 1; 10,67,		//@老张的微博小窝-1998://@用户5292535172://@用户5292535172: 这真是，诗人，思想家，田野所言！反腐利剑高于天，百始饥苦天下冤！千里寻真盼明月，四处妖魔舞翩翩。银花落地血成日，跪拜香炉升紫烟。一家炉火朝天拜，万家炉火燃满天！[好棒],正义者的天A,//weibo.com/5292535172/C7i1KBbhj?refer_flag=1001030103_
反腐; 2018-02-19; 1; 10,68,	  品一品，农村的腐败，造成了土地的浪费，国家资金的浪费！这些情况，调查证明显示，是乡镇纪检的失职，让百姓痛心！ |北京·长哨... ​	,NA,//weibo.com/5954938185/G3P1HdkEI?refer_flag=1001030103_
反腐; 2018-02-19; 1; 10,69,		国家信访局能解决问题吗？反腐就不能私下包庇腐败，要做到有腐必反，不能因人而异。		,天黑了6469815428,//weibo.com/5669237213/G3or7FmqN?refer_flag=1001030103_
反腐; 2018-02-19; 1; 10,70,	  上海地方政府官商勾结欺压百姓，没征地批文也要违法抢夺百姓土地和房子。以权压法，司法腐败，指鹿为马，枉法包庇。这里是上海市浦东新区康桥镇秀龙八组626号，电话15900857470 |上海·周浦 ​	,NA,//weibo.com/6469815428/G3P1EAYCk?refer_flag=1001030103_
反腐; 2018-02-19; 1; 10,71,		【新闻敲诈的式微】对21世纪系的打击，官媒的自我审查，都说明了依靠新闻敲诈获取盈利再也不可能光明正大走下去了。今年上半年一家非常著名的杂志盈利才50万，若无各类活动支撑，早就办不下了。纸媒的衰败面临市场和反腐的双重夹击，媒体人除了转型、出走和创业别无他法。树倒猢狲散的场景迟早到来。 ​		,mmmmmmmia成,//weibo.com/3634102891/G3P0P9NP4?refer_flag=1001030103_
反腐; 2018-02-19; 1; 10,72,		刚才回家路上听路人说现在中国反腐就像曾经的文化大革命？？！！2013年我在微博上提出中国反腐……我自己一个人经历2017年紫菜卷是黑塑料袋事件与过度解读事件后？至今我也在反省这件事: 2013年我在微博上提出中国反腐这件事，到底是正确的还是错误的？？——请问你们所有人对此事是什么看法？？哈哈 ​		,2017水色,//weibo.com/5808526024/G3OZDjcGI?refer_flag=1001030103_
反腐; 2018-02-19; 1; 10,73,		//@眉中王:→_→//@佛山纺织染色师傅霸者007:李开腹还在中国各地演讲，这种反共反中的货为什么在中国这么有市场？反腐不仅在经济上，政治上更要反腐，必须把党内与李开腹勾结的人全部纠出来。		,清静天和,//weibo.com/2811244260/G3FG69d6P?refer_flag=1001030103_
反腐; 2018-02-19; 1; 10,74,	  他是特洛伊木马、诺基亚噩梦，外来的和尚好坑爹。2010年，诺基亚聘微软业务部总裁埃洛普，担任执行总裁兼CEO，这一年，诺基亚手机份额是30%。埃洛普上任后，全球裁减员工，引进美国高管，挑起内部争斗，全面与微软合作。2013年，诺基亚份额降至18%，2014年，微软成功收购诺基亚，之后埃洛普重返微软。 ​	,NA,//weibo.com/2677960251/G3OYR7ihB?refer_flag=1001030103_
反腐; 2018-02-19; 1; 10,75,		//@用户5292535172://@用户5292535172: 这真是，诗人，思想家，田野所言！反腐利剑高于天，百始饥苦天下冤！千里寻真盼明月，四处妖魔舞翩翩。银花落地血成日，跪拜香炉升紫烟。一家炉火朝天拜，万家炉火燃满天！[好棒],老张的微博小窝-1998,//weibo.com/5292535172/C7i1KBbhj?refer_flag=1001030103_
反腐; 2018-02-19; 1; 10,76,	  品一品，农村的腐败，造成了土地的浪费，国家资金的浪费！这些情况，调查证明显示，是乡镇纪检的失职，让百姓痛心！ |北京·长哨... ​	,NA,//weibo.com/5942912120/G3OYR73Pk?refer_flag=1001030103_
反腐; 2018-02-19; 1; 10,77,		有动真就微博反腐更有效，每个基层腐败都逃不掉群众眼睛，网民揭发。但改府有关部门网警，天天在找微博反腐删贴，这就是根本性有保护仐地方保护主义，也是不希望平民反腐，也缺少制度反腐，最大的无能胆小媒体不作为，没胆量站在前面吹号角，而是马后炮！存在家丑不能外传，一切受党政府指令去做什么。		,曾文泉1,//weibo.com/5392982119/FdHgozdUp?refer_flag=1001030103_
反腐; 2018-02-19; 1; 10,78,	  分享视频 秒拍视频 ​	,NA,//weibo.com/5392982119/G3OYr9LQm?refer_flag=1001030103_
反腐; 2018-02-19; 1; 10,79,		→_→//@佛山纺织染色师傅霸者007:李开腹还在中国各地演讲，这种反共反中的货为什么在中国这么有市场？反腐不仅在经济上，政治上更要反腐，必须把党内与李开腹勾结的人全部纠出来。		,眉中王,//weibo.com/2811244260/G3FG69d6P?refer_flag=1001030103_
反腐; 2018-02-19; 1; 10,80,	  他是特洛伊木马、诺基亚噩梦，外来的和尚好坑爹。2010年，诺基亚聘微软业务部总裁埃洛普，担任执行总裁兼CEO，这一年，诺基亚手机份额是30%。埃洛普上任后，全球裁减员工，引进美国高管，挑起内部争斗，全面与微软合作。2013年，诺基亚份额降至18%，2014年，微软成功收购诺基亚，之后埃洛普重返微软。 ​	,NA,//weibo.com/2811244260/G3OYcjT9s?refer_flag=1001030103_
反腐; 2018-02-19; 1; 10,81,		//@有冤说冤:回复@中原诗朗://@中原诗朗:孤魂昨夜雪沉冤，家人今晨洗泪颜。恶鬼贪官皆伏法，叩谢当代包青天。 //@piggyprince小猪王子2：百姓期待对公检法展开反腐风暴如久旱盼甘霖！//@有冤说冤: 启东公检法草菅人命办案人员玩忽职守！@平安江苏@南通市人民检察院@南通市中级人民法院@南方周末,北京宝宝99987638,//weibo.com/5940798617/FDHnPfhmw?refer_flag=1001030103_
反腐; 2018-02-19; 1; 10,82,	  发布了头条文章：《问青天，凋谢八年的少女之花何日入土？》 |问青天，凋... ​	,NA,//weibo.com/5644976693/G3OW0pb9A?refer_flag=1001030103_
反腐; 2018-02-19; 1; 10,83,		【新闻敲诈的式微】对21世纪系的打击，官媒的自我审查，都说明了依靠新闻敲诈获取盈利再也不可能光明正大走下去了。今年上半年一家非常著名的杂志盈利才50万，若无各类活动支撑，早就办不下了。纸媒的衰败面临市场和反腐的双重夹击，媒体人除了转型、出走和创业别无他法。树倒猢狲散的场景迟早到来。 ​		,穿梭黑夜tenks,//weibo.com/1904691317/G3OUrbcOd?refer_flag=1001030103_
反腐; 2018-02-19; 1; 10,84,		【新闻敲诈的式微】对21世纪系的打击，官媒的自我审查，都说明了依靠新闻敲诈获取盈利再也不可能光明正大走下去了。今年上半年一家非常著名的杂志盈利才50万，若无各类活动支撑，早就办不下了。纸媒的衰败面临市场和反腐的双重夹击，媒体人除了转型、出走和创业别无他法。树倒猢狲散的场景迟早到来。 ​		,Z一直在路上L,//weibo.com/5333888903/G3OTc4bsh?refer_flag=1001030103_
反腐; 2018-02-19; 1; 10,85,		关注微信公众号“反腐微讯”回复电影二字免费领取#vip# 会员#吴亦凡##吴亦凡七十二层奇楼##吴亦凡最6挑战# ​		,头号娱乐,//weibo.com/5667736695/G3ORJoJJ2?refer_flag=1001030103_
反腐; 2018-02-19; 1; 10,86,		关注微信公众号“反腐微讯”回复电影二字免费领取#vip# 会员#胡一天##胡一天找人##胡一天绝代双骄# ​		,头号娱乐,//weibo.com/5667736695/G3OR7zG8m?refer_flag=1001030103_
反腐; 2018-02-19; 1; 10,87,		关注微信公众号“反腐微讯”回复电影二字免费领取#vip# 会员#鹿晗##鹿晗值得你们去爱##鹿晗愿望季##鹿晗关晓彤公布恋情# ​		,头号娱乐,//weibo.com/5667736695/G3OQUfLwf?refer_flag=1001030103_
反腐; 2018-02-19; 1; 10,88,		建议反腐查查这个乡这个县//@慕容山公民:转发微博		,河榆通说小篇长,//weibo.com/5701128419/G3MccnE86?refer_flag=1001030103_
反腐; 2018-02-19; 1; 10,89,	  分享图片 ​	,NA,//weibo.com/5545596788/G3OQR04XE?refer_flag=1001030103_
反腐; 2018-02-19; 1; 10,90,#中国赞#独家图片#末代甲A收官战国际VS天津# 开赛前成耀东表情严肃。中国足坛第二批反腐案今日开庭。原上海国际球员申思、祁宏、李明、江津等出庭受审。四人曾在2003年末代甲A收官战中收受贿赂，每人获得200万元。他们故意输给天津，天津保住中超资格，申花同时在深圳也输球，但依然以一分优势获得冠军 ​			...展开全文c,堪恨归鸿,//weibo.com/2727217485/G3OQE0P4w?refer_flag=1001030103_
反腐; 2018-02-19; 1; 10,91,#中国赞##中國古代反腐倡廉思想#“同床”。它指的是尊贵夫人，受宠宫妾等；“在旁”。它指的是亲信侍从等；“父兄”。它指的是人主的叔伯兄弟等；“养殃”。它指的是以重金修饰君主所喜欢的宫室台池，以娛其主而亂其心。 池等； ​		,用户3792116184,//weibo.com/3792116184/G3OQBCAp0?refer_flag=1001030103_
反腐; 2018-02-19; 1; 10,92,		【新闻敲诈的式微】对21世纪系的打击，官媒的自我审查，都说明了依靠新闻敲诈获取盈利再也不可能光明正大走下去了。今年上半年一家非常著名的杂志盈利才50万，若无各类活动支撑，早就办不下了。纸媒的衰败面临市场和反腐的双重夹击，媒体人除了转型、出走和创业别无他法。树倒猢狲散的场景迟早到来。 ​		,dasads55,//weibo.com/1590485140/G3OQuAaua?refer_flag=1001030103_
反腐; 2018-02-19; 1; 10,93,		关注微信公众号“反腐微讯”回复电影二字免费领取#vip# 会员#华晨宇##华晨宇雅诗兰黛品牌大使##华晨宇的花样世界# ​		,头号娱乐,//weibo.com/5667736695/G3OQ84nDy?refer_flag=1001030103_
反腐; 2018-02-19; 1; 10,94,"		为了响应党中央（反腐倡廉整党整风）的号召,腐败就必须得从源头抓起，尤其是地方政府的领导干部他们的权力大于国法，比如公检法司的领导干部能把小案子办成累案或者是冤假错案，老百姓苦不堪言、冤声再到。我相信党中央必须把这些祸国殃民地方的《地痞流氓无赖恶霸》腐败的领导干部一网打尽绳之于法。		",陈老三5945913558,//weibo.com/5945913558/ElWMAB1yj?refer_flag=1001030103_
反腐; 2018-02-19; 1; 10,95,	  我发表了头条文章:《陈老三说事？？？？？》 |陈老三说事... ​	,NA,//weibo.com/5945913558/G3OPUuQKk?refer_flag=1001030103_
反腐; 2018-02-19; 1; 10,96,		【新闻敲诈的式微】对21世纪系的打击，官媒的自我审查，都说明了依靠新闻敲诈获取盈利再也不可能光明正大走下去了。今年上半年一家非常著名的杂志盈利才50万，若无各类活动支撑，早就办不下了。纸媒的衰败面临市场和反腐的双重夹击，媒体人除了转型、出走和创业别无他法。树倒猢狲散的场景迟早到来。 ​		,风雪恋晨曦,//weibo.com/5784444006/G3OPT4G9T?refer_flag=1001030103_
反腐; 2018-02-19; 1; 10,97,"		关注微信公众号“反腐微讯”回复电影二字免费领取#vip# 会员#王俊凯##王俊凯触电张艺谋长城##王俊凯不完美小孩##王俊凯,圣诞礼物呢##TFBOYS三人同行# ​		",头号娱乐,//weibo.com/5667736695/G3OP3CxRC?refer_flag=1001030103_
反腐; 2018-02-19; 1; 10,98,		现在反腐似乎是只抓拿了钱的贪污受贿，对司法腐败枉法滥权听之任之。		,piggyprince小猪王子2,//weibo.com/1464703503/EcXXly7F9?refer_flag=1001030103_
反腐; 2018-02-19; 1; 10,99,	  如所说是事实，徐汇法院这起案件就是百分百的腐败司法，检察机关不立案就是渎职。 这不是信访局能处理的行政事务，而是刑法上的枉法裁判罪。 以当事人不向上级反映枉法罪行的上访交换解决问题本身就非法下流。请记住：不要今天腐得欢，小心将来拉清单。 |上海市徐汇... ​	,NA,//weibo.com/1815888812/G3OOOcoNK?refer_flag=1001030103_
反腐; 2018-02-19; 1; 10,100,		关注微信公众号“反腐微讯”回复电影二字免费领取#vip# 会员#易烊千玺丹麦旅游形象代言人##易烊千玺登封tmagazine##TFBOYS三人同行# ​		,头号娱乐,//weibo.com/5667736695/G3OONF7DY?refer_flag=1001030103_
反腐; 2018-02-19; 1; 10,101,		【新闻敲诈的式微】对21世纪系的打击，官媒的自我审查，都说明了依靠新闻敲诈获取盈利再也不可能光明正大走下去了。今年上半年一家非常著名的杂志盈利才50万，若无各类活动支撑，早就办不下了。纸媒的衰败面临市场和反腐的双重夹击，媒体人除了转型、出走和创业别无他法。树倒猢狲散的场景迟早到来。 ​		,我是a南_224,//weibo.com/1767035174/G3OLwkDL8?refer_flag=1001030103_
反腐; 2018-02-19; 1; 10,102,		【新闻敲诈的式微】对21世纪系的打击，官媒的自我审查，都说明了依靠新闻敲诈获取盈利再也不可能光明正大走下去了。今年上半年一家非常著名的杂志盈利才50万，若无各类活动支撑，早就办不下了。纸媒的衰败面临市场和反腐的双重夹击，媒体人除了转型、出走和创业别无他法。树倒猢狲散的场景迟早到来。 ​		,迷糊佳人迷糊,//weibo.com/3978853349/G3OKjzqDk?refer_flag=1001030103_
反腐; 2018-02-19; 1; 10,103,#公司治理# 国企改革也在借鉴欧美、日本、新加坡等发达国家公司治理方面的取得成功的优良经验，加上党建、反腐倡廉控制大环境的改善，党纪法律法规不断强化和完善，辅以人们社会信用、社会责任、道德价值观等软素质的提升，国企改革和公司治理会取得很大发展。 ​		,侯书明的微博,//weibo.com/1311721405/G3OHKh6ri?refer_flag=1001030103_
反腐; 2018-02-19; 1; 10,104,		//@眉中王:→_→//@中华网络义勇军---青春的微人:当代披着羊皮的狼，心灵鸡汤总裁。//@佛山纺织染色师傅霸者007:李开腹还在中国各地演讲，这种反共反中的货为什么在中国这么有市场？反腐不仅在经济上，政治上更要反腐，反须把党内与李开腹勾结的人全部纠出来。		,共富明天33,//weibo.com/2811244260/G3FG69d6P?refer_flag=1001030103_
反腐; 2018-02-19; 1; 10,105,	  他是特洛伊木马、诺基亚噩梦，外来的和尚好坑爹。2010年，诺基亚聘微软业务部总裁埃洛普，担任执行总裁兼CEO，这一年，诺基亚手机份额是30%。埃洛普上任后，全球裁减员工，引进美国高管，挑起内部争斗，全面与微软合作。2013年，诺基亚份额降至18%，2014年，微软成功收购诺基亚，之后埃洛普重返微软。 ​	,NA,//weibo.com/3851881073/G3OFAqmsH?refer_flag=1001030103_
反腐; 2018-02-19; 1; 10,106,		而今睁眼反腐闭眼走国梦，反您母亲呢，某些人又当运动员又当裁判吃枣,TetraploidCucumber,//weibo.com/2808337131/G3O5EcLAP?refer_flag=1001030103_
反腐; 2018-02-19; 1; 10,107,	  缅怀伟人 ​	,NA,//weibo.com/6016015370/G3OEgiaks?refer_flag=1001030103_
反腐; 2018-02-19; 1; 10,108,		平常接触太多的各品，政治素养确实不敢恭维。//@眉中王:→_→//@佛山纺织染色师傅霸者007:李开腹还在中国各地演讲，这种反共反中的货为什么在中国这么有市场？反腐不仅在经济上，政治上更要反腐，反须把党内与李开腹勾结的人全部纠出来。		,云南评论,//weibo.com/2811244260/G3FG69d6P?refer_flag=1001030103_
反腐; 2018-02-19; 1; 10,109,	  他是特洛伊木马、诺基亚噩梦，外来的和尚好坑爹。2010年，诺基亚聘微软业务部总裁埃洛普，担任执行总裁兼CEO，这一年，诺基亚手机份额是30%。埃洛普上任后，全球裁减员工，引进美国高管，挑起内部争斗，全面与微软合作。2013年，诺基亚份额降至18%，2014年，微软成功收购诺基亚，之后埃洛普重返微软。 ​	,NA,//weibo.com/1274005212/G3ODliOJZ?refer_flag=1001030103_
反腐; 2018-02-19; 1; 10,110,		【新闻敲诈的式微】对21世纪系的打击，官媒的自我审查，都说明了依靠新闻敲诈获取盈利再也不可能光明正大走下去了。今年上半年一家非常著名的杂志盈利才50万，若无各类活动支撑，早就办不下了。纸媒的衰败面临市场和反腐的双重夹击，媒体人除了转型、出走和创业别无他法。树倒猢狲散的场景迟早到来。 ​		,ramous贝小妞,//weibo.com/6083161507/G3OzxttS0?refer_flag=1001030103_
反腐; 2018-02-19; 1; 10,111,		【新闻敲诈的式微】对21世纪系的打击，官媒的自我审查，都说明了依靠新闻敲诈获取盈利再也不可能光明正大走下去了。今年上半年一家非常著名的杂志盈利才50万，若无各类活动支撑，早就办不下了。纸媒的衰败面临市场和反腐的双重夹击，媒体人除了转型、出走和创业别无他法。树倒猢狲散的场景迟早到来。 ​		,虞婷婷大彻大悟,//weibo.com/5427247038/G3Oyu9inJ?refer_flag=1001030103_
反腐; 2018-02-19; 1; 10,112,		//@有冤说冤:回复@中原诗朗://@中原诗朗:孤魂昨夜雪沉冤，家人今晨洗泪颜。恶鬼贪官皆伏法，叩谢当代包青天。 //@piggyprince小猪王子2：百姓期待对公检法展开反腐风暴如久旱盼甘霖！//@有冤说冤: 启东公检法草菅人命办案人员玩忽职守！@平安江苏@南通市人民检察院@南通市中级人民法院@南方周末,暖阳晴天201712,//weibo.com/5940798617/FDHnPfhmw?refer_flag=1001030103_
反腐; 2018-02-19; 1; 10,113,	  发布了头条文章：《问青天，凋谢八年的少女之花何日入土？》 |问青天，凋... ​	,NA,//weibo.com/6434485819/G3Oyeuhwp?refer_flag=1001030103_
反腐; 2018-02-19; 1; 10,114,		【新闻敲诈的式微】对21世纪系的打击，官媒的自我审查，都说明了依靠新闻敲诈获取盈利再也不可能光明正大走下去了。今年上半年一家非常著名的杂志盈利才50万，若无各类活动支撑，早就办不下了。纸媒的衰败面临市场和反腐的双重夹击，媒体人除了转型、出走和创业别无他法。树倒猢狲散的场景迟早到来。 ​		,dasdasds3,//weibo.com/2514187240/G3Oy6h4YF?refer_flag=1001030103_
反腐; 2018-02-19; 1; 10,115,		【新闻敲诈的式微】对21世纪系的打击，官媒的自我审查，都说明了依靠新闻敲诈获取盈利再也不可能光明正大走下去了。今年上半年一家非常著名的杂志盈利才50万，若无各类活动支撑，早就办不下了。纸媒的衰败面临市场和反腐的双重夹击，媒体人除了转型、出走和创业别无他法。树倒猢狲散的场景迟早到来。 ​		,冰领天下_404,//weibo.com/3049633091/G3OwHC9RV?refer_flag=1001030103_
反腐; 2018-02-19; 1; 10,116,@民生新闻调查评论网:有很多驻京办在京行贿官员，截访或者非法关押进京上访人员。百姓遇到的问题如果在当地能够得到解决，为啥要到北京去上访呢？傻子都明白的道理，难道官员们不明白？贪污腐败、执法犯法，让信访百姓的维权之路难上加难。希望反腐之剑早日斩断腐败的黑手，让信访的百姓早日拨云见日		,07一2,//weibo.com/3942029945/FiRwK0JUr?refer_flag=1001030103_
反腐; 2018-02-19; 1; 10,117,	  我发表了头条文章:《反贪腐 反迫害 (修改版)》 |反贪腐 反... |绵阳·双碑 ​	,NA,//weibo.com/6199945317/G3Otrfs6U?refer_flag=1001030103_
反腐; 2018-02-19; 1; 10,118,@07魏克燕反腐敢死队队员:反腐维权的访民还有出头之日吗？！//@511678aa:比打鬼子要难百倍！//@07魏克燕反腐敢死队队员: 难道比打鬼子还难吗？//@郁垒002:冤案的推动，是持久战，是背水一战!//@郁垒002:反迫害，反贪腐——和党中央高度一致呀！//@公益大使20171012:转发微博		,07一2,//weibo.com/3942029945/FiRwK0JUr?refer_flag=1001030103_
反腐; 2018-02-19; 1; 10,119,	  我发表了头条文章:《反贪腐 反迫害 (修改版)》 |反贪腐 反... |绵阳·双碑 ​	,NA,//weibo.com/6199945317/G3Otipq4Z?refer_flag=1001030103_
反腐; 2018-02-19; 1; 10,120,		【新闻敲诈的式微】对21世纪系的打击，官媒的自我审查，都说明了依靠新闻敲诈获取盈利再也不可能光明正大走下去了。今年上半年一家非常著名的杂志盈利才50万，若无各类活动支撑，早就办不下了。纸媒的衰败面临市场和反腐的双重夹击，媒体人除了转型、出走和创业别无他法。树倒猢狲散的场景迟早到来。 ​		,Lam_518,//weibo.com/2196453602/G3OsVlY39?refer_flag=1001030103_
反腐; 2018-02-19; 1; 10,121,		//@86年的甲壳虫2:@曹刚律师 @第一时间 @央视财经 @央视新闻 @法制晚报 @江苏法制报 @平安南京 @平安江苏 @中国政府网 @反腐联盟杜春艳 实名应该不会有假，国家一直以来加强反腐力度，查一查		,soyousinei,//weibo.com/6471000656/G2QdrsWNf?refer_flag=1001030103_
反腐; 2018-02-19; 1; 10,122,	  我王燕茹原银行职员现实名举报原扬州采购科科长黄宇道德败坏，行凶打人，家庭巨额财产来源不明，婚后上班时间利用财政局身份多次开房，态度恶劣，气焰嚣张，打击报复实名举报人@清风扬州 ​	,NA,//weibo.com/2000978427/G3Or69Kpe?refer_flag=1001030103_
反腐; 2018-02-19; 1; 10,123,		回复@中原诗朗://@中原诗朗:孤魂昨夜雪沉冤，家人今晨洗泪颜。恶鬼贪官皆伏法，叩谢当代包青天。 //@piggyprince小猪王子2：百姓期待对公检法展开反腐风暴如久旱盼甘霖！//@有冤说冤: 启东公检法草菅人命办案人员玩忽职守！@平安江苏@南通市人民检察院@南通市中级人民法院@南方周末,有冤说冤,//weibo.com/5940798617/FDHnPfhmw?refer_flag=1001030103_
反腐; 2018-02-19; 1; 10,124,	  发布了头条文章：《问青天，凋谢八年的少女之花何日入土？》 |问青天，凋... ​	,NA,//weibo.com/3094606853/G3Oqx0luK?refer_flag=1001030103_
反腐; 2018-02-19; 1; 10,125,"		无锡法官腐败透顶，执法犯法，收此杀人凶手朱静芬几十万贿赂〈证据，由法制报记者交江苏省政法委〉。无锡法官公然对抗党中央""有腐必惩，反腐永远在路上""的决策，和党中央唱对台戏，袒护腐败，庇护恐怖残暴杀人凶手！违纪违法，对抗法律，不执行省检察院抗，不执行最高院督办组亲临无锡法院督办此案重审		",用户6312834748,//weibo.com/6312834748/FF3JIpv3Z?refer_flag=1001030103_
反腐; 2018-02-19; 1; 10,126,	  分享视频 |无锡·广益 用户631283... ​	,NA,//weibo.com/6312834748/G3Oqc1zLA?refer_flag=1001030103_
反腐; 2018-02-19; 1; 10,127,		//@天黑了6469815428://@天黑了6469815428:国家信访局能解决问题吗？反腐就不能私下包庇腐败，要做到有腐必反，不能因人而异。		,天黑了6469815428,//weibo.com/5669237213/G3or7FmqN?refer_flag=1001030103_
反腐; 2018-02-19; 1; 10,128,	  上海地方政府官商勾结欺压百姓，没征地批文也要违法抢夺百姓土地和房子。以权压法，司法腐败，指鹿为马，枉法包庇。这里是上海市浦东新区康桥镇秀龙八组626号，电话15900857470 |上海·周浦 ​	,NA,//weibo.com/6469815428/G3OpB3ys7?refer_flag=1001030103_
反腐; 2018-02-19; 1; 10,129,		//@天黑了6469815428://@天黑了6469815428:上海违法征地，抢夺老百姓土地和房子。国家在选择性反腐，一面反腐，一面纵容包庇腐败。		,天黑了6469815428,//weibo.com/5669237213/G2Lpikzfd?refer_flag=1001030103_
反腐; 2018-02-19; 1; 10,130,	  向国家信访局反映违法强拆能有用吗？这里是上海市浦东新区康桥镇秀龙村626号，电话15900857470 |上海·周浦 ​	,NA,//weibo.com/6469815428/G3OpxdOe7?refer_flag=1001030103_
