query,Post ID,Post Content,nickname,link
污染; 2018-02-19; 1; 10,1,		小米大营养，一生多健康。农家小米，绿色无污染，欢迎选购。 ​		,I从没有离开过,//weibo.com/3776772121/G3PAxgYrW?refer_flag=1001030103_
污染; 2018-02-19; 1; 10,2,		极其厌恶写着为性而性的低俗文字还要强行拉上文学/言论自由陪葬的这群所谓的粉丝。红楼梦也写宝玉梦可卿，可曾见过谁说曹雪芹半句低俗？这群人一来带大名写这种垃圾污染bbx广场，要举报碍着我睡觉还浪费我时间；二来大言不惭说毒唯拔x无情回踩xhw还群体白嫖；最后这文章看得我胃里犯恶心，罪加一等 网页链接,很酷的柯基,//weibo.com/5832408269/G3PvXkx83?refer_flag=1001030103_
污染; 2018-02-19; 1; 10,3,	  判断xhw的方法是写这篇文的主旨是什么，正常文里出现的H描写是根据作者的情节安排水到渠成，xhw里的H是为了性而性。当然也有网文作者专门写这种题材的，但人家可没有拿现实生活中的明星偶像当作自己的主角进行无底线的意淫（比如人shou/乱lun）。 “大部分文里都有H凭什么自己写的文就叫xhw？”这个问 ​		...展开全文c,NA,//weibo.com/6035440022/G3PAwqxV2?refer_flag=1001030103_
污染; 2018-02-19; 1; 10,4,		【无良商家乱排污水 造成蔬菜大棚无法作业】 家住铁岭市西丰县乐善村小学旁边有一个干豆腐厂子 排水污染很大 拍出的污水往河里还有旁边的大坑里排 造成很大的污染 厂子旁边都是种蔬菜的大棚 下面...（分享自 @百度贴吧）#来手机贴吧，看你想看的# 网页链接 ​		,信者得爱2730442567_887,//weibo.com/2730442567/G3PAeqs5N?refer_flag=1001030103_
污染; 2018-02-19; 1; 10,5,		节目里恍惚看着的气质有点像鹿晗，但是真的挺特别的，没被人情世故名利场污染过的好看。		,大圣这可万万使不得啊,//weibo.com/5460766524/G3PyLDl5I?refer_flag=1001030103_
污染; 2018-02-19; 1; 10,6,#偶像练习生#“做练习生累吗？”“会累，但因为喜欢，所以...”大年初四<雨水>节气宠爱→坤音娱乐BC221【小鱼访谈之#灵超# 】part 1千言万语感谢宝贝们一路支持，记得继续每日投票：网页链接你们的每一票都至关重要！ BC221的秒... ​	,NA,//weibo.com/2987969434/G3PAdfwn9?refer_flag=1001030103_
污染; 2018-02-19; 1; 10,7,		//@爱留胡茬的权大叔://@DragonKnight_G字反黑组:广场被污染，大家转赞评好的微博上精选，点赞评论转发这条,喜欢大茄子,//weibo.com/2667414910/G3OeUADYX?refer_flag=1001030103_
污染; 2018-02-19; 1; 10,8,#权志龙##鸡涌是宝宝# 一笑就是小括弧心都酥了真是乖崽崽啊又是只爱你的一天@GDRAGON_OFFICIAL ​	,NA,//weibo.com/5558039196/G3PAb992F?refer_flag=1001030103_
污染; 2018-02-19; 1; 10,9,		【成都18日17时解除重污染天气黄色预警】记者今日从成都市重污染天气应急指挥办公室获悉，根据2月18日天气潜势预报，未来三天气象扩散条件为中等及中等偏好。|成都18日17... ​		,成都最新资讯传送门,//weibo.com/6077839070/G3PAa0nby?refer_flag=1001030103_
污染; 2018-02-19; 1; 10,10,		我参与了@五星麦克阿瑟 发起的投票 【你给今年的春晚打几分？】，我投给了“负分，滚粗！噪音污染”这个选项。你也快来表态吧~		,昌佑玖洲,//weibo.com/6445381362/G3nkoEYsR?refer_flag=1001030103_
污染; 2018-02-19; 1; 10,11,	  我发起了一个投票 【你给今年的春晚打几分？】网页链接 ​	,NA,//weibo.com/6488504009/G3PA5vb6F?refer_flag=1001030103_
污染; 2018-02-19; 1; 10,12,"		【神农溪】神农溪是湖北巴东长江北岸的一条常流性溪流，发源于“华中第一峰”神农架的南坡，由南向北穿行于深山峡谷中，于巫峡口东2000米处汇入长江，全长60公里，是无污染的天然之流，溪水碧澈，一清到底，除""三色泉""外，几乎见不到一缕混水；溪底遍布五色石，如花似锦。 ​		",郁灵圆丘渭,//weibo.com/2360403542/G3PA5ghwu?refer_flag=1001030103_
污染; 2018-02-19; 1; 10,13,		【当父母对孩子的“喜怒无常”头痛不已时，也要低头看看自己了】是不是因为自己在工作、家庭等等遇到困难，带来的坏情绪间接地影响到宝宝，造成了孩子心灵上的“污染”，让他们也逐渐喜怒不定。如果是这样，爸爸妈妈们需要学着在宝宝面前控制自己的坏脾气，尽量冷静后再面对孩子。 ​		,筋还情寄,//weibo.com/6164797984/G3PA3pug4?refer_flag=1001030103_
污染; 2018-02-19; 1; 10,14,		//@德州环境: 2017年9月26日，省政府办公厅印发我省落实国家攻坚方案的实施细则，明确11项31条具体任务措施，将重点任务分解到各市、各部门；9月27日，省政府召开全省#秋冬季大气污染综合治理攻坚行动#电视会议，对相关工作作出具体部署。		,陵城环境,//weibo.com/3354394424/G3OknxxWA?refer_flag=1001030103_
污染; 2018-02-19; 1; 10,15,	  【谋篇布局、综合施策，深化改革、创新方法，结构调整，动能转换——美丽山东脚步铿锵】|美丽山东脚... ​	,NA,//weibo.com/2268137533/G3PA2ieMN?refer_flag=1001030103_
污染; 2018-02-19; 1; 10,16,"		//@德州环境:2月19日，扩散条件转好，预计，鲁西北西部，鲁西南以中重度污染为主，其他地区以良为主,，首要污染物为PM2.5.		",11寒剑11,//weibo.com/3354394424/G3ujagEBw?refer_flag=1001030103_
污染; 2018-02-19; 1; 10,17,	  【山东：发布环境空气质量形势预报】 污染过程提示：2月17日～2月19日，湿度较大，扩散条件较不利，我省中西部城市会有一次中至重度污染过程。请注意出行安全并注意防护。 |山东省环境... ​	,NA,//weibo.com/3125650025/G3PA1F1NN?refer_flag=1001030103_
污染; 2018-02-19; 1; 10,18,@痴:请问特色是如何脱贫的?一一一农村造血功能全面崩溃:土地贫瘠板结、水土流失、粮食转基因、粮食价格急速下跌、农用物资急速上涨、工业城市用地急速扩张、外出打工挣钱难、农民经商不挣钱、低端农民被驱赶、农村个体经济全面完蛋、水资源生态污染、村支部形同黑社会等等一一一一如此众多恶因如何脱贫		,大李79009,//weibo.com/1367118462/G3Kzm3zur?refer_flag=1001030103_
污染; 2018-02-19; 1; 10,19,	  『新华社：中国5年减贫6853万人 创造减贫史上最好成绩_财经网 - CAIJING.COM.CN』|新华社：中... ​	,NA,//weibo.com/5125156813/G3PzZkI3z?refer_flag=1001030103_
污染; 2018-02-19; 1; 10,20,#时事新闻#【成都18日17时解除重污染天气黄色预警】昨日从成都市重污染天气应急指挥办公室获悉，根据2月18日天气潜势预报，未来三天气象扩散条件为中等及中等偏好。按照《成都市重污染天气应急预案（2017年修订）》规定，决定于2018年2月18日17时解除重污染天气黄色预警。预警正式解除前，继续执行各项 ​			...展开全文c,双流服务,//weibo.com/3962909908/G3PzTEdY1?refer_flag=1001030103_
污染; 2018-02-19; 1; 10,21,		所以，不放炮了为什么还有污染？,jeffery_ljl,//weibo.com/2489610225/G3Pps0NtQ?refer_flag=1001030103_
污染; 2018-02-19; 1; 10,22,	  【实时空气质量：中度污染，AQI指数164】#空气质量#2018年2月19日13时，全市AQI平均指数164，PM2.5指数125，PM10指数148，O3指数49，SO2指数14，NO2指数30，CO指数1.7。空气质量级别为中度污染，首要污染物为PM2.5。如需查询各区、各点位实时更新数据，请点击→|天津市环境... @天津环保发布 ​	,NA,//weibo.com/2303862687/G3PzRiwCr?refer_flag=1001030103_
污染; 2018-02-19; 1; 10,23,		辅食添加歌谣🍼宝宝辅食莫着急，六月米粉开始加，高铁不甜是必须，由稀到稠逐步加。三天观察不过敏，根茎蔬菜就跟上，土豆南瓜红薯好，适合吞咽无污染。香蕉苹果泥也行，菜水果汁切勿上，饭后白水成习惯。米粉持续加俩月，糙米燕麦轮流上，七月继续各种泥，慢慢开始喝烂粥，绿叶蔬菜方可 ​			...展开全文c,smile6446470580,//weibo.com/6446470580/G3PzMzwKO?refer_flag=1001030103_
污染; 2018-02-19; 1; 10,24,		【我国将从下半年起实施更严格的船舶污染物排放标准】财联社2月19日讯，环境保护部日前批准了《船舶水污染物排放控制标准》，将从2018年7月1日起开始实施。与原来施行的船舶污染物排放标准相比，新标准在控制船舶污染物排放上将更加严格。 ​​​		,央证公开课,//weibo.com/2032139271/G3PzKyaig?refer_flag=1001030103_
污染; 2018-02-19; 1; 10,25,		//@德州环境:2017年9月26日，省政府办公厅印发我省落实国家攻坚方案的实施细则，明确11项31条具体任务措施，将重点任务分解到各市、各部门；9月27日，省政府召开全省#秋冬季大气污染综合治理攻坚行动#电视会议，对相关工作作出具体部署。		,11寒剑11,//weibo.com/3354394424/G3OknxxWA?refer_flag=1001030103_
污染; 2018-02-19; 1; 10,26,	  【谋篇布局、综合施策，深化改革、创新方法，结构调整，动能转换——美丽山东脚步铿锵】|美丽山东脚... ​	,NA,//weibo.com/3125650025/G3PzH0a0H?refer_flag=1001030103_
污染; 2018-02-19; 1; 10,27,众生内心污染和清净的程度不同，看到的现象也千差万别。如一杯水，地狱众生看到的是铁汁；饿鬼众生看到的是脓血；畜生众生看到的是住处；人类看到的是水；天人看到的是甘露；八地菩萨看到的是佛母玛玛格；佛陀看到的是圆满大法界。内心越污染，所见现象越恶劣；内心越清净，所见现象越庄严		,一个人的番号9713,//weibo.com/2050149565/G3jJVqOCb?refer_flag=1001030103_
污染; 2018-02-19; 1; 10,28,"	  【经典助印计划之首版《圆觉经》(注音)再版《六祖坛经》(注音)】《圆觉经》大乘经典,是佛为文殊,普贤等十二位菩萨宣说如来圆觉的妙理和观行方法,唐宋明以来天台宗贤首宗禅宗等盛行宣讲之经典;《六祖坛经》佛教唯一一本僧人著经书,佛教界学术界共同称之为经的禅宗著作.即日起助印,截止3月27日 ​	",NA,//weibo.com/5696779455/G3PzEBUHl?refer_flag=1001030103_
污染; 2018-02-19; 1; 10,29,#中国赞#★[景點推薦-關渡平原]★ 臺北境內最大的生態溼地，一望無際的綠色平原，無噪音的汙染 清脆的鳥叫聲，在這繁榮忙碌的都市裡，顯得讓人格外的輕鬆!! ​		,瀞-记忆已成空白,//weibo.com/3701402994/G3PzBmtbs?refer_flag=1001030103_
污染; 2018-02-19; 1; 10,30,		道理我都懂，可这玩意儿简直精神污染 ​		,鱼子-酱油油,//weibo.com/2490627013/G3Pzw1WDL?refer_flag=1001030103_
污染; 2018-02-19; 1; 10,31,		【￥49】棉麻布料，天然质感，防水面料，面料挺拾垂感佳，简约大气，清新自然，环保无污染。【赠运费险】 去领卷下单→网页链接 如需要其他宝贝，自助找券神器→网页链接 ​		,啊喔鹅官网,//weibo.com/6387188963/G3PzoDjP3?refer_flag=1001030103_
污染; 2018-02-19; 1; 10,32,		【世界卫生组织9条防癌提示】①不吃熏腌制食物。②不吃过热过硬、过焦过咸的食物，不喝过烫的水。③不吃发霉粮食及制品。④不用洗衣粉擦洗餐具、茶具或食物。⑤吃饭不要过饱，控制肉类的摄入量。⑥不吃被农药污染的蔬果。⑦不酗酒。⑧不吸烟。⑨每天开窗1至2小时。 ​		,用户3592056345,//weibo.com/3592056345/G3Pz92n2H?refer_flag=1001030103_
污染; 2018-02-19; 1; 10,33,		【白开水也有保质期】很多家庭会在夏天准备个大玻璃杯凉白开水，认为这样卫生、方便。但夏季天热，空气湿度高，细菌繁殖快，凉白开放置时间不宜过长。无论常温或冷藏条件下，都不要超过2天，最好当天喝完。敞口放置时，要放在周围环境干净的地方，以免被污染。此外，切忌把放凉的水重新加热饮用。 ​		,单于度践单于吐,//weibo.com/5887889371/G3Pz92mPU?refer_flag=1001030103_
污染; 2018-02-19; 1; 10,34,		白开水也有保质期很多人喜欢在头天晚上晾好一杯开水，第二天一早再喝。这种做法在温度不高时还可以；如气温超过30摄氏度，空气湿度又较高，细菌繁殖较快，隔夜凉开水就会失去生物活性，并且极易被污染而引起腹泻。当天烧的开水最好当天喝完。凉白开TTO180放置超过3天最好不再饮用。 ​		,倔强的辞职玉,//weibo.com/6429046770/G3PyXt9Pj?refer_flag=1001030103_
污染; 2018-02-19; 1; 10,35,		水肌澳防晒霜具有独特的双重UV防护技术，360°全面抵御UVA/UV，重塑肌肤保护屏障，可有效抵御晒黑、色斑、自由基、光老化。并隔离彩妆、粉尘等一切污染，实现无懈可击的UV隔离屏障。 ​		,用户6056581688,//weibo.com/6056581688/G3PyXubCo?refer_flag=1001030103_
污染; 2018-02-19; 1; 10,36,		难道年长就能倚老卖老，就能耍流氓，就能插队，还尊老，还爱幼呢，这种人的存在，简直污染环境 ​		,北月WANT,//weibo.com/6488739860/G3PyWBK84?refer_flag=1001030103_
污染; 2018-02-19; 1; 10,37,		一般的喷雾为了控制成本会直接使用罐装，而可丽金类人胶原蛋白健肤喷雾采用真空高压双层包装，既可以保证产品极佳的使用体验，又可以防止二次污染。一款小喷雾尚且如此用心，更何况平台上其他的套系产品呢？ ​		,可丽金类人胶原蛋白旗舰店,//weibo.com/5747364569/G3PyPcsNY?refer_flag=1001030103_
污染; 2018-02-19; 1; 10,38,		18见底。//@lvh3sg5ya2j9l0et8wz9o://@中国刘杰://@森林屋子:还真不不如豆腐渣，豆腐渣放在地里可以变成肥料，这东西只会污染环境//@陶公春秋:比豆腐渣还是要坚固一些的嘛…… 鉴定完毕。		,奸臣孝子______智慧人生,//weibo.com/1600463082/G3JsF7oRW?refer_flag=1001030103_
污染; 2018-02-19; 1; 10,39,	  网友：水利工程修成豆腐渣工程，“水泥”用手一掰就开。。 中国刘杰的... ​	,NA,//weibo.com/6459689100/G3PyKaOXG?refer_flag=1001030103_
污染; 2018-02-19; 1; 10,40,		我们这儿禁放炮。然而空气污染还是全国倒数第一。		,随缘dlYm,//weibo.com/3676435761/G3Owysw4J?refer_flag=1001030103_
污染; 2018-02-19; 1; 10,41,	  被鞭炮声叫醒的我 ​	,NA,//weibo.com/3284078133/G3PyA8D2T?refer_flag=1001030103_
污染; 2018-02-19; 1; 10,42,能淘汰燃料电站，替代太阳能风能和水力电站，消除大气污染，解决能源危机的自然外力循环发电站寻开发经营合作。它是以机器外部的清洁能源（如太阳能风能等）为根本动力，不使用燃料，不使用化学电瓶等易损易耗零部件，能一直不停地发电的发电站；用常规材料建造，成本低；动力系统开放，运行可靠。		,陈源庆的微博,//weibo.com/6410512613/FEUBvmXr7?refer_flag=1001030103_
污染; 2018-02-19; 1; 10,43,	  我发表了头条文章:《自然外力循环发电机简要说明》 |自然外力循... ​	,NA,//weibo.com/6410512613/G3Pyq5nhy?refer_flag=1001030103_
污染; 2018-02-19; 1; 10,44,		//@李德群:文化阵线的博弈想象不到得激烈！中国小伙娶黑人，不是和战狼一个套路么？！宣传这个的用心很险恶！！！基因污染是不可逆的，要是中国人大量和黑人通婚，那就完了！！！		,少得多惑963,//weibo.com/3153669072/G3hsie5zi?refer_flag=1001030103_
污染; 2018-02-19; 1; 10,45,！！圾垃，晚春视央 ​	,NA,//weibo.com/3085531965/G3PykrBdp?refer_flag=1001030103_
污染; 2018-02-19; 1; 10,46,#搜狐新闻资讯版#《中国拒绝进口洋垃圾后，美国陷入垃圾危机，污染严重该如何处理！》中国拒绝进口洋垃圾后，美国陷入垃圾危机，污染严重该如何处理！网页链接 ​		,飞跃奇迹TWMC,//weibo.com/3023810977/G3PycsPl5?refer_flag=1001030103_
污染; 2018-02-19; 1; 10,47,		猛然间把东北两字看成了陕北，难道是前兆吗？当有一天资源枯竭，环境污染，地表下陷；占尽资源得利者早已逃之夭夭，各地买房转移了，可怜了当地的普通百姓；兴，没有占便宜；败，受尽遗害。		,陕西省-薛金鹏Kevin,//weibo.com/1974561081/G3Pvyw8tq?refer_flag=1001030103_
污染; 2018-02-19; 1; 10,48,#网易财经# 【一座资源枯竭的东北小城 以及准备出走的年轻人】东北的再次振兴被提及多年，这座东北小城的浮沉就像一面镜子，反射出工业变迁背景下的人生百态。 |一座资源枯... @网易新闻客户端 #网易新闻# ​	,NA,//weibo.com/2822970512/G3Py9fBlr?refer_flag=1001030103_
污染; 2018-02-19; 1; 10,49,#中国赞#昆明就是一个大花园，这里同时拥有高原风光之美、民族风情之美和边陲风貌之美。昆明的空气质量实现重大突破，去年前8个月，昆明主城建成区环境空气质量优良率达到了100%，位居西部省会城市第一位。这对于很多饱受大气污染的城市人而言，简直就是一件再幸福不过的事了。 ​		,譜桐朲,//weibo.com/2870575433/G3Py0Dt0a?refer_flag=1001030103_
污染; 2018-02-19; 1; 10,50,		【美容小常识】红石榴是抗氧美容的最佳水果，娇艳欲滴的红石榴已经被证实具有很强的抗氧化作用。它含有一种叫鞣花酸的成分，可以使细胞免于环境中的污染、UV射线的危害，滋养细胞，减缓肌体的衰老。有研究表明，鞣花酸在防辐射方面比红酒和绿茶中含有的多酚更“厉害”。 ​		,奢侈品原单,//weibo.com/5967095463/G3PxT200H?refer_flag=1001030103_
污染; 2018-02-19; 1; 10,51,		【高考政治】#绿色消费的含义?特征?#绿色消费是以保护消费者健康和节约资源为主旨，符合人的健康和环境保护标准的各种消费行为的总称，核心是可持续性消费。特征是：节约资源，减少污染;绿色生活，环保选购;重复使用，多次利用;分类回收，循环再生;保护自然，万物共存。|【爱学习】... ​		,高考刷题狗,//weibo.com/2552566444/G3PxSp4IF?refer_flag=1001030103_
污染; 2018-02-19; 1; 10,52,		权力就这么任性！//@六股河的风:@常识与勇气: 法治社会应该一视同仁，不能因为某人贡献大，权力大而选择性执法。如果骂人者要拘留10天，那么所有的骂人者都应该拘留10天。//@燃烧吧燕小抗:你国牛逼，想抓谁抓谁，想套什么罪名都成立，放个屁也算污染大气，就问你服不服。		,黎明前的夜2017,//weibo.com/1618051664/G3Ip5FjJz?refer_flag=1001030103_
污染; 2018-02-19; 1; 10,53,	  【官方通报“律师”侮辱核潜艇之父黄旭华:行拘10日】山东临沭通报“律师”侮辱核潜艇之父事件:临沭县公安局对在微博上公然侮辱“中国核潜艇之父”黄旭华院士的“禚律师_a6j”行政拘留10日，罚款500元。该男子原系山东德与法律师事务所律师，2017年8月8日注销律师执业证书。|官方通报“... ​	,NA,//weibo.com/6334035104/G3PxQ1omp?refer_flag=1001030103_
污染; 2018-02-19; 1; 10,54,		总共能看见某些………污染首页 ​		,SevenFassy_德法双修,//weibo.com/5750531981/G3PxIEpZX?refer_flag=1001030103_
污染; 2018-02-19; 1; 10,55,		怎么可能甘心只污染微信？ ​		,最高flag,//weibo.com/5872948354/G3PxDCIDb?refer_flag=1001030103_
污染; 2018-02-19; 1; 10,56,		飞鹰参与环保志愿多年.保护环境.扶助贫寒.爱心助学.森林防火.抗洪支灾.多次奋勇救人！保护共亨环境.改善一条条遭污染的河流变清流.保护饮用水源.造福宁乡龙田人民！2017年龙田政府张炜书记请我参与创建龙田美好环境.上了四个月班.到年底工资一分都没付我.老婆闹着要离婚@湖南省政府门户网站@湖南微政务,大地飞鹰在路上,//weibo.com/3538147441/FB8RKjNQA?refer_flag=1001030103_
污染; 2018-02-19; 1; 10,57,#点亮志愿者##点亮志愿者# 优秀的人身上似乎都有这样一种品质：认定的事情，他们总是锲而不舍、越挫越勇、从不服输、全力以赴，哪怕过程进展得很慢，也从不言弃，从不抱怨。优秀不是与生俱来的，也不是靠运气。如果你也想成为优秀一员，那么无论你做什么工作，经历过什么，选择的路请不要轻言放弃。因 ​		...展开全文c,NA,//weibo.com/3538147441/G3PxCpxCP?refer_flag=1001030103_
污染; 2018-02-19; 1; 10,58,		//@德州环境:2017年9月26日，省政府办公厅印发我省落实国家攻坚方案的实施细则，明确11项31条具体任务措施，将重点任务分解到各市、各部门；9月27日，省政府召开全省#秋冬季大气污染综合治理攻坚行动#电视会议，对相关工作作出具体部署。		,用户秦时明月汉时关,//weibo.com/3354394424/G3OknxxWA?refer_flag=1001030103_
污染; 2018-02-19; 1; 10,59,	  【谋篇布局、综合施策，深化改革、创新方法，结构调整，动能转换——美丽山东脚步铿锵】|美丽山东脚... ​	,NA,//weibo.com/6267944738/G3PxBgTzv?refer_flag=1001030103_
污染; 2018-02-19; 1; 10,60,		//@banana味的朴贤:意淫不要发到微博上不要带话题不要艾特真主！你活在你自己的世界里不好吗为什么要来污染环境！！好使不留名坏事传千里不要给你哥丢脸了好吗！！！有空意淫不如多做点事！！！//@软哝小啵:听到没各位作者,以学为生的人,//weibo.com/3694863325/E2an0c8O3?refer_flag=1001030103_
污染; 2018-02-19; 1; 10,61,	  大家都知道，搜索是艺人的是第一形象，看看边伯贤的搜索，第一眼望过去就是边伯贤小XX，公开yy带话题是很不正常的行为，随着8月底电视剧的开播，如果还带着话题公开yy，对来搜索边伯贤的观剧者来说，严重影响了第一印象。在此，边吧要求【严禁】带着边伯贤大名yy，请尊重他！希望大家也能够互相监督， ​		...展开全文c,NA,//weibo.com/2384421690/G3PxA5Yat?refer_flag=1001030103_
污染; 2018-02-19; 1; 10,62,		//@Kjylucifer://@sango000://@DragonKnight_G字反黑组:广场被污染，大家转赞评好的微博上精选，点赞评论转发这条,鸡涌啊我要好好读书了,//weibo.com/2667414910/G3OeUADYX?refer_flag=1001030103_
污染; 2018-02-19; 1; 10,63,#权志龙##鸡涌是宝宝# 一笑就是小括弧心都酥了真是乖崽崽啊又是只爱你的一天@GDRAGON_OFFICIAL ​	,NA,//weibo.com/5579942925/G3PxusoUM?refer_flag=1001030103_
污染; 2018-02-19; 1; 10,64,		飞鹰参与环保志愿多年.保护环境.扶助贫寒.爱心助学.森林防火.抗洪支灾.多次奋勇救人！保护共亨环境.改善一条条遭污染的河流变清流.保护饮用水源.造福宁乡龙田人民！2017年龙田政府张炜书记请我参与创建龙田美好环境.上了四个月班.到年底工资一分都没付我.老婆闹着要离婚@湖南省政府门户网站@湖南微政务,大地飞鹰在路上,//weibo.com/3538147441/FBjUVFUFs?refer_flag=1001030103_
污染; 2018-02-19; 1; 10,65,#点亮志愿者##绿色卫士##河流守望者#西方圣诞节.#我和环保局长在灭火#12.25西方圣诞节.黄昏徒步到宁乡市经开区左干渠沿河巡看.远望王家坝方向浓烟滚滚.与预约而来的宁乡环保分局长《邓国良》奔至火源现场.发现工地一侧在焚烧柑梗田坑茅.火势燎原大片茅草成灰.邓局致电城管部门速派人灭火.我俩立即投入 ​		...展开全文c,NA,//weibo.com/3538147441/G3PxsFP1i?refer_flag=1001030103_
污染; 2018-02-19; 1; 10,66,		被出券的跑单了还行大过年的 不想污染微博 ​		,白理草儿,//weibo.com/6048499386/G3Pxojldl?refer_flag=1001030103_
污染; 2018-02-19; 1; 10,67,		飞鹰参与环保志愿多年.保护环境.扶助贫寒.爱心助学.森林防火.抗洪支灾.多次奋勇救人！保护共亨环境.改善一条条遭污染的河流变清流.保护饮用水源.造福宁乡龙田人民！2017年龙田政府张炜书记请我参与创建龙田美好环境.上了四个月班.到年底工资一分都没付我.老婆闹着要离婚@湖南省政府门户网站@湖南微政务,大地飞鹰在路上,//weibo.com/3538147441/FBkMP8fxh?refer_flag=1001030103_
污染; 2018-02-19; 1; 10,68,#点亮志愿者##公益之美#请别说我坏！在地权威《戏称》我坏.听后感坦然.没有愉悦的感觉.深悟真善美.社会都跟我学善良的坏.鹰也会引吭高歌想要的美.真情血性汉子善良的心.15岁那年在江西帮人推木板车助人危难.被迫跳入深涧断了四颗门牙七孔流血破面相.受助者江西老俵送了我一瓶补脑汁.明白助人心怀感恩的 ​		...展开全文c,NA,//weibo.com/3538147441/G3PxohQ39?refer_flag=1001030103_
污染; 2018-02-19; 1; 10,69,		【茼蒿营养价值高】茼蒿富含矿物质、胡萝卜素、蛋白质、膳食纤维、维生素C等，污染轻，营养丰，高水分，低热能。茼蒿食用部分为幼嫩茎叶，味道清香，可凉拌，也可荤素炒食，烧豆腐、做汤、做馅等，秋冬涮火锅食用也别具风味。 ​		,春风得意武_6lc6,//weibo.com/6247206713/G3Pxk7sE3?refer_flag=1001030103_
污染; 2018-02-19; 1; 10,70,		【我国将从下半年起实施更严格的船舶污染物排放标准】财联社2月19日讯，环境保护部日前批准了《船舶水污染物排放控制标准》，将从2018年7月1日起开始实施。与原来施行的船舶污染物排放标准相比，新标准在控制船舶污染物排放上将更加严格。 ​		,中金在线,//weibo.com/1649470535/G3Px4dkuH?refer_flag=1001030103_
污染; 2018-02-19; 1; 10,71,#权志龙# 乖宝宝…//@爱留胡茬的权大叔://@DragonKnight_G字反黑组:广场被污染，大家转赞评好的微博上精选，点赞评论转发这条,卡其Childish,//weibo.com/2667414910/G3OeUADYX?refer_flag=1001030103_
污染; 2018-02-19; 1; 10,72,#权志龙##鸡涌是宝宝# 一笑就是小括弧心都酥了真是乖崽崽啊又是只爱你的一天@GDRAGON_OFFICIAL ​	,NA,//weibo.com/1855279224/G3Px295YP?refer_flag=1001030103_
污染; 2018-02-19; 1; 10,73,		飞鹰参与环保志愿多年.保护环境.扶助贫寒.爱心助学.森林防火.抗洪支灾.多次奋勇救人！保护共亨环境.改善一条条遭污染的河流变清流.保护饮用水源.造福宁乡龙田人民！2017年龙田政府张炜书记请我参与创建龙田美好环境.上了四个月班.到年底工资一分都没付我.老婆闹着要离婚@湖南省政府门户网站@湖南微政务,大地飞鹰在路上,//weibo.com/3538147441/FCfRp1Ic8?refer_flag=1001030103_
污染; 2018-02-19; 1; 10,74,#点亮志愿者##绿色卫士##河流守望者# 《好人中国》祝各界兄弟姐妹博友同仁，元旦快乐回顾2017，展望2018，一条心路向前方，环保路上真情奉献，扶贫助学温情暖心，感恩各位博友一路相伴支持飞鹰公益，2016年单条微博《守望锹溪河流》突破25万阅读量，2017年单条微博《抗洪支灾》突破76万阅读量！ ​		...展开全文c,NA,//weibo.com/3538147441/G3PwVjREJ?refer_flag=1001030103_
污染; 2018-02-19; 1; 10,75,		对，你活在中国就是个罪，还不赶紧离开？//@燃烧吧燕小抗：你国牛逼，想抓谁抓谁，想套什么罪名都成立，放个屁也算污染大气，就问你服不服。		,一曲醉逍遥,//weibo.com/1618051664/G3Ip5FjJz?refer_flag=1001030103_
污染; 2018-02-19; 1; 10,76,	  【官方通报“律师”侮辱核潜艇之父黄旭华:行拘10日】山东临沭通报“律师”侮辱核潜艇之父事件:临沭县公安局对在微博上公然侮辱“中国核潜艇之父”黄旭华院士的“禚律师_a6j”行政拘留10日，罚款500元。该男子原系山东德与法律师事务所律师，2017年8月8日注销律师执业证书。|官方通报“... ​	,NA,//weibo.com/2139195944/G3PwRaCZp?refer_flag=1001030103_
污染; 2018-02-19; 1; 10,77,		面对污染空气、二手烟或糟糕办公环境中日积月累的健康威胁，你添置了空气净化器、戴上了口罩甚至防毒面具……现在，你还有全新「美乐家雪花梨果味饮料」，融合雪花梨、花椰菜、百合、木耳、玉竹等多重草本营养，带来大自然的清润滋养呵护，减少阻滞感，呼吸好畅快。✔４，００... ​		,乐儿乐儿leer,//weibo.com/2661466873/G3PwOdYRB?refer_flag=1001030103_
污染; 2018-02-19; 1; 10,78,#中国赞#【大部分省已定税额 京津冀普遍较高】目前，辽宁、吉林、江西等省份明确，应税大气污染物和水污染物适用税额根据最低税额征收。京津冀普遍确定了较高的具体适用税额。环绕北京和雄安新区周边的25个县区税额标准最高，达到规定最低税额的8倍。 ​		,国宇峰3242,//weibo.com/3805421196/G3PwDzZQX?refer_flag=1001030103_
污染; 2018-02-19; 1; 10,79,		飞鹰参与环保志愿多年.保护环境.扶助贫寒.爱心助学.森林防火.抗洪支灾.多次奋勇救人！保护共亨环境.改善一条条遭污染的河流变清流.保护饮用水源.造福宁乡龙田人民！2017年龙田政府张炜书记请我参与创建龙田美好环境.上了四个月班.到年底工资一分都没付我.老婆闹着要离婚@湖南省政府门户网站@湖南微政务,大地飞鹰在路上,//weibo.com/3538147441/FDBZow5JX?refer_flag=1001030103_
污染; 2018-02-19; 1; 10,80,#点亮志愿者##精准扶贫在三湘##一带一路# 致尊敬的省委省政府领导：您们好！边城龙田，地处长沙最西边，同时拥有宁乡第一高峰，山清水秀，物美人和，因为她的清秀，自然就少了繁华，多了一个穷字，大家过着自给自足的简单生活，可用“清贫乐”来形容。 这些年的城乡扩建，道路改造，给百姓带了福 ​		...展开全文c,NA,//weibo.com/3538147441/G3PwAAKn6?refer_flag=1001030103_
污染; 2018-02-19; 1; 10,81,		//@DragonKnight_G字反黑组:广场被污染，大家转赞评好的微博上精选，点赞评论转发这条,like鸡涌_sie,//weibo.com/2667414910/G3OeUADYX?refer_flag=1001030103_
污染; 2018-02-19; 1; 10,82,#权志龙##鸡涌是宝宝# 一笑就是小括弧心都酥了真是乖崽崽啊又是只爱你的一天@GDRAGON_OFFICIAL ​	,NA,//weibo.com/6003968167/G3Pwu7Hcu?refer_flag=1001030103_
污染; 2018-02-19; 1; 10,83,		飞鹰参与环保志愿多年.保护环境.扶助贫寒.爱心助学.森林防火.抗洪支灾.多次奋勇救人！保护共亨环境.改善一条条遭污染的河流变清流.保护饮用水源.造福宁乡龙田人民！2017年龙田政府张炜书记请我参与创建龙田美好环境.上了四个月班.到年底工资一分都没付我.老婆闹着要离婚@湖南省政府门户网站@湖南微政务,大地飞鹰在路上,//weibo.com/3538147441/FDKzfp7pJ?refer_flag=1001030103_
污染; 2018-02-19; 1; 10,84,#点亮志愿者#能够认识别人是一种智慧，能够被别人认识是一种幸福，能够自己认识自己是圣者贤人。#点亮志愿者#  ​ 网页链接 ​	,NA,//weibo.com/3538147441/G3PwtywfA?refer_flag=1001030103_
污染; 2018-02-19; 1; 10,85,		【孕妇吃海鲜是有何忌讳？】1、怀孕早期，螃蟹坚决不能吃。2、海鲜一定要吃熟的，万不可吃生海鲜。3、不要吃受污染（汞污染）的海产品。4、孕妇吃虾后若没有不良反映，如过敏、腹痛，就没有问题。虾钙含量高，孕期适量吃虾或虾皮可以补充钙、锌等微量元素，促进幼儿的生长。 ​		,萦绕安静_31478,//weibo.com/6338119969/G3Pwpoffk?refer_flag=1001030103_
污染; 2018-02-19; 1; 10,86,		//@sango000://@DragonKnight_G字反黑组:广场被污染，大家转赞评好的微博上精选，点赞评论转发这条,Kjylucifer,//weibo.com/2667414910/G3OeUADYX?refer_flag=1001030103_
污染; 2018-02-19; 1; 10,87,#权志龙##鸡涌是宝宝# 一笑就是小括弧心都酥了真是乖崽崽啊又是只爱你的一天@GDRAGON_OFFICIAL ​	,NA,//weibo.com/5849343676/G3Pwmaeim?refer_flag=1001030103_
污染; 2018-02-19; 1; 10,88,#今日贴纸打卡#这大春节的，到处停工，路上车比平时少，也不放炮仗，咋还中度污染了呢？ ​		,钢铁狮子心,//weibo.com/1972793102/G3PwgxGoK?refer_flag=1001030103_
污染; 2018-02-19; 1; 10,89,#广西看点#【赞！环保意识渐入人心 春节期间南宁空气污染最小】早些年，南宁烟花爆竹在春节期间的销售非常夸张，最夸张的时候，一个摊点单日营业额超30万元都不在话下。不过随着南宁实施“禁燃令”和市民环保意识的日渐增强，今年春节烟花爆竹在南宁的销量有所下滑。自治区环境保护厅数据显示：除夕傍 ​			...展开全文c,新浪看点广西大使,//weibo.com/3645364604/G3PwfC10w?refer_flag=1001030103_
污染; 2018-02-19; 1; 10,90,		//@山东环境:2017年9月26日，省政府办公厅印发我省落实国家攻坚方案的实施细则，明确11项31条具体任务措施，将重点任务分解到各市、各部门；9月27日，省政府召开全省#秋冬季大气污染综合治理攻坚行动#电视会议，对相关工作作出具体部署。		,相氏书画院,//weibo.com/3354394424/G3OknxxWA?refer_flag=1001030103_
污染; 2018-02-19; 1; 10,91,	  【谋篇布局、综合施策，深化改革、创新方法，结构调整，动能转换——美丽山东脚步铿锵】|美丽山东脚... ​	,NA,//weibo.com/3889521787/G3PwcEyk4?refer_flag=1001030103_
污染; 2018-02-19; 1; 10,92,		飞鹰参与环保志愿多年.保护环境.扶助贫寒.爱心助学.森林防火.抗洪支灾.多次奋勇救人！保护共亨环境.改善一条条遭污染的河流变清流.保护饮用水源.造福宁乡龙田人民！2017年龙田政府张炜书记请我参与创建龙田美好环境.上了四个月班.到年底工资一分都没付我.老婆闹着要离婚@湖南省政府门户网站@湖南微政务,大地飞鹰在路上,//weibo.com/3538147441/FDSMDiRDH?refer_flag=1001030103_
污染; 2018-02-19; 1; 10,93,#点亮志愿者##三湘名博沙龙##河流守望者##绿色卫士##好人中国# 保护饮用水源！2018.01.10.迎明媚冬光到宁乡市龙田镇与安化县高明乡交界点.龙田镇饮用水源地杨柳坝水库后续监察.如图：四面青山环绕清蓝碧波荡漾.残雪消溶的西部丛林仍感高处不胜寒.水库尾滩铲车捞砂设备已撤离.堆积的砂石存留采砂痕迹.为 ​		...展开全文c,NA,//weibo.com/3538147441/G3PwcmWFk?refer_flag=1001030103_
污染; 2018-02-19; 1; 10,94,		飞鹰参与环保志愿多年.保护环境.扶助贫寒.爱心助学.森林防火.抗洪支灾.多次奋勇救人！保护共亨环境.改善一条条遭污染的河流变清流.保护饮用水源.造福宁乡龙田人民！2017年龙田政府张炜书记请我参与创建龙田美好环境.上了四个月班.到年底工资一分都没付我.老婆闹着要离婚@湖南省政府门户网站@湖南微政务,大地飞鹰在路上,//weibo.com/3538147441/FDTbsbsOs?refer_flag=1001030103_
污染; 2018-02-19; 1; 10,95,#点亮志愿者##河流守望者##绿色卫士##好人中国#守望碧水蓝天！2018.01.10.13迎冬日阳光到安化县高明循环经济工业园持续监督174次.安化河流守望者@资水之源y 参与， 蓝天下工业园区林立烟囱废气排放（如图）正常.空气中无气味.飞鹰跨区守望5年见证园区变迁.为安化县政府环保部门重视整治有效改善点赞 ​		...展开全文c,NA,//weibo.com/3538147441/G3Pw76Zx4?refer_flag=1001030103_
污染; 2018-02-19; 1; 10,96,		【年初九发货】4层加厚，天然竹浆，无污染，不漂白，不添加，柔韧不易破，内含竹琨，食品级竹浆纸，居家必备.不仅柔软，还能抑制细菌，母婴都适用，整整18包！ 【在售价】49.9元 【券后价】29.9元包邮 【领券下单】|网页链接 ​		,省钱券宝哥,//weibo.com/2686764660/G3Pw2jEi6?refer_flag=1001030103_
污染; 2018-02-19; 1; 10,97,		飞鹰参与环保志愿多年.保护环境.扶助贫寒.爱心助学.森林防火.抗洪支灾.多次奋勇救人！保护共亨环境.改善一条条遭污染的河流变清流.保护饮用水源.造福宁乡龙田人民！2017年龙田政府张炜书记请我参与创建龙田美好环境.上了四个月班.到年底工资一分都没付我.老婆闹着要离婚@湖南省政府门户网站@湖南微政务,大地飞鹰在路上,//weibo.com/3538147441/FDTLNDB46?refer_flag=1001030103_
污染; 2018-02-19; 1; 10,98,#点亮志愿者##点亮志愿者# 面对所有的不公，不埋怨！给人生一个梦，给梦一条路，给路一个方向；跌倒了要学会自己爬起来，受伤了要学会自己疗伤；生命只有走出来的精彩，沒有等待出来的輝煌；埋怨，只是一种懦弱的表现；		...展开全文c,NA,//weibo.com/3538147441/G3Pw1d9Qd?refer_flag=1001030103_
污染; 2018-02-19; 1; 10,99,		飞鹰参与环保志愿多年.保护环境.扶助贫寒.爱心助学.森林防火.抗洪支灾.多次奋勇救人！保护共亨环境.改善一条条遭污染的河流变清流.保护饮用水源.造福宁乡龙田人民！2017年龙田政府张炜书记请我参与创建龙田美好环境.上了四个月班.到年底工资一分都没付我.老婆闹着要离婚@湖南省政府门户网站@湖南微政务,大地飞鹰在路上,//weibo.com/3538147441/FEcAsgaaX?refer_flag=1001030103_
污染; 2018-02-19; 1; 10,100,	  电影“芳华”告诉我们：有一天你会突然发现，你的好，对别人来说就像一杯水，喝了就没了;而你的不好，就像一粒种子，会生根发芽。这就是人性！生活给了我们很多考验，我们学会了去接受和宽容，如果有那么一个人，因为你的一点好，就原谅你所有的不好，那就好好珍惜吧！因为大多数人，只会因为你的一 ​		...展开全文c,NA,//weibo.com/3538147441/G3PvTsoNY?refer_flag=1001030103_
污染; 2018-02-19; 1; 10,101,		2018年2月18日17时：成都解除重污染天气黄色预警_搜狐社会_搜狐网 网页链接 ​		,卢永洪2011,//weibo.com/2182309460/G3PvPCVIs?refer_flag=1001030103_
污染; 2018-02-19; 1; 10,102,污染,白白白描描描,//weibo.com/6389370355/G3lLFkwZu?refer_flag=1001030103_
污染; 2018-02-19; 1; 10,103,	  1000万响的鞭炮见过吗，点燃后如同核弹爆炸 啪一发的秒... ​	,NA,//weibo.com/5708671068/G3PvNflkW?refer_flag=1001030103_
污染; 2018-02-19; 1; 10,104,#德州生活# 【德州市重污染天气应急指挥部发布关于启动重污染天气Ⅲ级应急响应的通知】德州市重污染天气应急指挥部文件重污染应急〔2018〕7号关于启动重污染天气Ⅲ级应急响应的通知各县（市、区）人民政府（管委会）、市重污染天气应急指挥部各成员单位：目前，我市已经出现重污染天气，经市重污染 ​			...展开全文c,爆料大德州,//weibo.com/2376393783/G3PvHFhnH?refer_flag=1001030103_
污染; 2018-02-19; 1; 10,105,		动力准备对老外结构改动 发现自己的想法甚是不合理 毅然换做发动机 由于二冲速度扭矩不行而且有污染就换成四冲发动机 ​		,快乐的人-尹晓亮,//weibo.com/5325479279/G3PvHkFj4?refer_flag=1001030103_
污染; 2018-02-19; 1; 10,106,		队友鸡贱的哦，这么嫉妒啊，只能怪你哥哥是个长得矮丑，为人风骚的视觉污染者，拿不出手//@Baidu田柾国吧:#田柾国# #田柾国聚光焦点# 表白存在即优越 看着就幸福的小国呀天赐的完美脸蛋和俊朗的夺目外形在所有爱豆中都是一等一的存在 网页链接,sweet果_jjk,//weibo.com/2482557597/G3PkJtzgz?refer_flag=1001030103_
污染; 2018-02-19; 1; 10,107,"	  【xportsnews】[防弹少年团柾国,看着就让人颧骨升天的艺人1位!]据悉某网络平台进行了""仅看着就让人忍不住颧骨升天的艺人""投票,其中#防弹少年团#成员#田柾国#以38.4%的支持率摘得1位,#NU'EST W#成员#金钟炫#以29.4%的支持率摘得2位,演员#朴宝剑#以8.8%的支持率占据第3位. ​	",NA,//weibo.com/6161252538/G3PvG9OBJ?refer_flag=1001030103_
污染; 2018-02-19; 1; 10,108,		飞鹰参与环保志愿多年.保护环境.扶助贫寒.爱心助学.森林防火.抗洪支灾.多次奋勇救人！保护共亨环境.改善一条条遭污染的河流变清流.保护饮用水源.造福宁乡龙田人民！2017年龙田政府张炜书记请我参与创建龙田美好环境.上了四个月班.到年底工资一分都没付我.老婆闹着要离婚@湖南省政府门户网站@湖南微政务,大地飞鹰在路上,//weibo.com/3538147441/FEE0T6WJa?refer_flag=1001030103_
污染; 2018-02-19; 1; 10,109,#长沙身边事##宁乡头条# 【长沙13岁孝心少年携病母上央视，感动千万人！】宁乡13岁男孩喻壮照顾母亲的事迹，受到了媒体的广泛关注，央视《向幸福出发》栏目，向这对母子及长期关心资助他们的美丽宁乡志愿者协会发出邀请，希望将这股正能量，通过节目传递给更多的人。近日，这档节目在央视播出，喻壮多 ​		...展开全文c,NA,//weibo.com/3538147441/G3PvCD3Jj?refer_flag=1001030103_
污染; 2018-02-19; 1; 10,110,@中国电信 我市发布空气重污染橙色预警：1月13日0时至15日24时国Ⅰ国Ⅱ排放标准机动车、建筑垃圾、渣土、砂石运输车辆禁止上路行驶。请市民做好健康防护 ​		,AIRCHINA_CO,//weibo.com/1344601322/G3PvBqXHv?refer_flag=1001030103_
污染; 2018-02-19; 1; 10,111,		【龙峪湾】龙峪湾位于河南省洛阳市西南165公里处伏牛山腹地的栾川县境内。这里“龙”文化荟萃，自然景观万千，四季景色秀丽，奇峰异石林谷幽深。是原始的、纯天然的、无污染的生态旅游区。观赏[甩甩手]面积300余平方公里，已开发12个景区218景点，是河南省首家“全国文明森林公园”。 ​		,用户6200240881,//weibo.com/6200240881/G3PvABMs1?refer_flag=1001030103_
污染; 2018-02-19; 1; 10,112,		重度污染的遵化，春节期间雾霾依然笼罩天空，饱受污染造成体质过敏，不能自由呼吸空气，每天休息除外总戴口罩，以致自贴墙纸造成严重危害却浑然不知。曾记得我在广东与小妹一行前往巽寮湾看海，途中电台播出节目，惠州轻度污染，主持人调侃话语犹在耳畔，“惠州雾霾吹到福建去”，遵化雾霾吹到哪里去？ ​		,冰魂雪魄雪中情,//weibo.com/1667495025/G3Pvz4hRR?refer_flag=1001030103_
污染; 2018-02-19; 1; 10,113,		//@爱吃草莓贤://@私藏糖豆://@小白bbho:简单的说就是一群精虫上脑的小妹妹污染广场屡教不改，借这个满足自己虚荣心。追星是要做对爱豆好的事，不是想方设法去抹黑他。		,与甜啵的日常,//weibo.com/2563923751/G3InIi15s?refer_flag=1001030103_
污染; 2018-02-19; 1; 10,114,	  你写色情文章yy他人 并且带上大名艾特正主 有些用这种方式涨粉满足自己的虚荣心 还是觉得自己没有错 只是另一种追星的方式有没有想过发的这种文章被顶到了广场上后被新饭或者想了解明星本人的路人看到回对明星本人有怎么样的影响追星的底线是至少不招黑 希望大家明白 ​	,NA,//weibo.com/5253052036/G3PvyfWrP?refer_flag=1001030103_
污染; 2018-02-19; 1; 10,115,		02月19日 13时【市区】空气质量指数40，一级，首要污染物无，空气清新，非常适宜户外活动或锻炼。详情见网站【|青岛市环境...】 ​		,青岛环境监测,//weibo.com/1166572170/G3Pvxiy0C?refer_flag=1001030103_
污染; 2018-02-19; 1; 10,116,		东营，02月19日，周一，空气质量指数：116，空气质量：轻度污染。 ​		,东营天气通,//weibo.com/5112650387/G3PvsxXKe?refer_flag=1001030103_
污染; 2018-02-19; 1; 10,117,		飞鹰参与环保志愿多年.保护环境.扶助贫寒.爱心助学.森林防火.抗洪支灾.多次奋勇救人！保护共亨环境.改善一条条遭污染的河流变清流.保护饮用水源.造福宁乡龙田人民！2017年龙田政府张炜书记请我参与创建龙田美好环境.上了四个月班.到年底工资一分都没付我.老婆闹着要离婚@湖南省政府门户网站@湖南微政务,大地飞鹰在路上,//weibo.com/3538147441/FEKDUBulM?refer_flag=1001030103_
污染; 2018-02-19; 1; 10,118,#心灵环保##1831# 我为人人，人人为我。#心灵环保# ，自然就好！做好自己，影响别人！是一面镜子。时刻要拿出来照一下自己，那些事做的对，那些事做的不对。天天转发、点赞和评论话题中的贴子是我们的必修课程。这也是#心灵环保# 话题签到的意义所在。学习优秀的别人，成就我们自己！从中吸取更多的精 ​		...展开全文c,NA,//weibo.com/3538147441/G3PvroEYR?refer_flag=1001030103_
污染; 2018-02-19; 1; 10,119,		梦想独立团，骑行渭河全程九载寻梦，重访渭河绿色联盟..，清早从宝鸡出发，一路狂奔，中午到达蔡家坡，渭滨路上，股股恶臭，排污口明暗相间，渭河污染的迹象从这里始。下午五点到达杨凌，明天赶往西安。 ​		,giggham,//weibo.com/3888806198/G3PvroEbX?refer_flag=1001030103_
污染; 2018-02-19; 1; 10,120,		【当父母对孩子的“喜怒无常”头痛不已时，也要低头看看自己了】是不是因为自己在工作、家庭等等遇到困难，带来的坏情绪间接地影响到宝宝，造成了孩子心灵上的“污染”，让他们也逐渐喜怒不定。如果是这样，爸爸妈妈们需要学着在宝宝面前控制自己的坏脾气，尽量冷静后再面对孩子。 ​		,-LJM--,//weibo.com/2088977157/G3Pvjqumz?refer_flag=1001030103_
污染; 2018-02-19; 1; 10,121,		飞鹰参与环保志愿多年.保护环境.扶助贫寒.爱心助学.森林防火.抗洪支灾.多次奋勇救人！保护共亨环境.改善一条条遭污染的河流变清流.保护饮用水源.造福宁乡龙田人民！2017年龙田政府张炜书记请我参与创建龙田美好环境.上了四个月班.到年底工资一分都没付我.老婆闹着要离婚@湖南省政府门户网站@湖南微政务,大地飞鹰在路上,//weibo.com/3538147441/FEKN14b1w?refer_flag=1001030103_
污染; 2018-02-19; 1; 10,122,#点亮志愿者#帮助人是一种崇高，理解人是一种豁达，原谅人是一种美德，服务人是一种快乐，得到别人的理解或欣赏更是一种幸福。 网页链接 ​	,NA,//weibo.com/3538147441/G3PvieGaP?refer_flag=1001030103_
污染; 2018-02-19; 1; 10,123,		飞鹰参与环保志愿多年.保护环境.扶助贫寒.爱心助学.森林防火.抗洪支灾.多次奋勇救人！保护共亨环境.改善一条条遭污染的河流变清流.保护饮用水源.造福宁乡龙田人民！2017年龙田政府张炜书记请我参与创建龙田美好环境.上了四个月班.到年底工资一分都没付我.老婆闹着要离婚@湖南省政府门户网站@湖南微政务,大地飞鹰在路上,//weibo.com/3538147441/FEKPf20s7?refer_flag=1001030103_
污染; 2018-02-19; 1; 10,124,#点亮志愿者#《钢铁是怎样炼成的》里是这样评判一个人的一生的：“当他回首往事的时候，不会因为碌碌无为、虚度年华而悔恨，也不会因为为人卑劣、生活庸俗而愧疚”。很多人问我为什么要一直坚持做志愿工作，我想就是要告诫自己不忘初心、砥砺前行吧！这不仅是一种信仰，更是一种生活的态度！ ​ ​		...展开全文c,NA,//weibo.com/3538147441/G3PvbqtSB?refer_flag=1001030103_
污染; 2018-02-19; 1; 10,125,		【孕妇吃海鲜是有何忌讳？】1、怀孕早期，螃蟹坚决不能吃。2、海鲜一定要吃熟的，万不可吃生海鲜。3、不要吃受污染（汞污染）的海产品。4、孕妇吃虾后若没有不良反映，如过敏、腹痛，就没有问题。虾钙含量高，孕期适量吃虾或虾皮可以补充钙、锌等微量元素，促进幼儿的生长。 ​		,wede1993,//weibo.com/2101667181/G3Pv4mvvj?refer_flag=1001030103_
污染; 2018-02-19; 1; 10,126,#王俊凯18岁karryon#做戏要做全套你这是低估了我的智商还是高估你的智商我不知道是因为我的心受不得一丁点污染还是因为你是我亲人发生在我眼皮底下的事怎能装作什么都不知道更糟糕的是我只能把这个无关自己的秘密憋在心里最受折磨的是连我最亲近的人都不能说			...展开全文c,杏花笺晓Elaine11,//weibo.com/5773614397/G3Pv3aRvY?refer_flag=1001030103_
污染; 2018-02-19; 1; 10,127,		飞鹰参与环保志愿多年.保护环境.扶助贫寒.爱心助学.森林防火.抗洪支灾.多次奋勇救人！保护共亨环境.改善一条条遭污染的河流变清流.保护饮用水源.造福宁乡龙田人民！2017年龙田政府张炜书记请我参与创建龙田美好环境.上了四个月班.到年底工资一分都没付我.老婆闹着要离婚@湖南省政府门户网站@湖南微政务,大地飞鹰在路上,//weibo.com/3538147441/FEXlnzoUa?refer_flag=1001030103_
污染; 2018-02-19; 1; 10,128,#点亮志愿者#【用爱温暖一座城】#点亮志愿者# @志愿者李仕铭 @三湘名博沙龙 阳市志愿服务联合会（简称市义工联）：成立于1993年，是由共青团益阳市委发起、由志愿社会服务的各界人士组成的社会团体。 目前，市义工联拥有以市直机关企事业单位、学校、注册志愿者协会为单位组建的团体会员309个，注 ​		...展开全文c,NA,//weibo.com/3538147441/G3Pv1FVzA?refer_flag=1001030103_
污染; 2018-02-19; 1; 10,129,		再好的拍摄技术也敌不过万恶的环境污染 ​		,嗨芽关,//weibo.com/2835265571/G3PuYplXb?refer_flag=1001030103_
污染; 2018-02-19; 1; 10,130,【水传微晶净肌排毒精华】来自台湾的生态技术，金盏花与竹炭相结合，溶解毛孔油脂，代谢肌底重金属污染，补充皮肤水份，去除暗黄，使用一瓶相当于60次水疗SPA！ ​		,腊肉老干妈,//weibo.com/1507813711/G3PuY9UE4?refer_flag=1001030103_
污染; 2018-02-19; 1; 10,131,|商丘·匡城...，匡城还不错，但污染治理得不行，到处都是白色垃圾 |商丘·匡城... ​		,幸福的糖糖001,//weibo.com/6487743262/G3PuNeog8?refer_flag=1001030103_
污染; 2018-02-19; 1; 10,132,		//@佛教微博:众生内心污染和清净的程度不同，看到的现象也千差万别。如一杯水，地狱众生看到的是铁汁；饿鬼众生看到的是脓血；畜生众生看到的是住处；人类看到的是水；天人看到的是甘露；八地菩萨看到的是佛母玛玛格；佛陀看到的是圆满大法界。内心越污染，所见现象越恶劣；内心越清净，所见现象越庄严		,微笑1288V,//weibo.com/2050149565/G3jJVqOCb?refer_flag=1001030103_
污染; 2018-02-19; 1; 10,133,"	  【经典助印计划之首版《圆觉经》(注音)再版《六祖坛经》(注音)】《圆觉经》大乘经典,是佛为文殊,普贤等十二位菩萨宣说如来圆觉的妙理和观行方法,唐宋明以来天台宗贤首宗禅宗等盛行宣讲之经典;《六祖坛经》佛教唯一一本僧人著经书,佛教界学术界共同称之为经的禅宗著作.即日起助印,截止3月27日 ​	",NA,//weibo.com/5514904585/G3PuJEJge?refer_flag=1001030103_
污染; 2018-02-19; 1; 10,134,		//@山东环境: 2017年9月26日，省政府办公厅印发我省落实国家攻坚方案的实施细则，明确11项31条具体任务措施，将重点任务分解到各市、各部门；9月27日，省政府召开全省#秋冬季大气污染综合治理攻坚行动#电视会议，对相关工作作出具体部署。		,天桥环保,//weibo.com/3354394424/G3OknxxWA?refer_flag=1001030103_
污染; 2018-02-19; 1; 10,135,	  【谋篇布局、综合施策，深化改革、创新方法，结构调整，动能转换——美丽山东脚步铿锵】|美丽山东脚... ​	,NA,//weibo.com/5322659443/G3PuJ5tGT?refer_flag=1001030103_
污染; 2018-02-19; 1; 10,136,		【茼蒿营养价值高】茼蒿富含矿物质、胡萝卜素、蛋白质、膳食纤维、维生素C等，污染轻，营养丰，高水分，低热能。茼蒿食用部分为幼嫩茎叶，味道清香，可凉拌，也可荤素炒食，烧豆腐、做汤、做馅等，秋冬涮火锅食用也别具风味。 ​		,水瓶果冻v,//weibo.com/3092983271/G3PuG8xbZ?refer_flag=1001030103_
污染; 2018-02-19; 1; 10,137,		急救手册宠物咬伤怎么办？首先应该立即、就地、彻底冲洗伤口。可先将伤口挤压出血，并用浓肥皂水反LWZ934复冲洗伤口，再用大量清水冲洗，擦干后用5%碘酒烧灼伤口，以清除或杀灭污染伤口的狂犬病毒，冲洗伤口半小时后要到医院寻求医生帮助，其次眷注射狂犬疫苗。 ​		,玩具要快乐荔,//weibo.com/6446314233/G3PuDvrsA?refer_flag=1001030103_
污染; 2018-02-19; 1; 10,138,		飞鹰参与环保志愿多年.保护环境.扶助贫寒.爱心助学.森林防火.抗洪支灾.多次奋勇救人！保护共亨环境.改善一条条遭污染的河流变清流.保护饮用水源.造福宁乡龙田人民！2017年龙田政府张炜书记请我参与创建龙田美好环境.上了四个月班.到年底工资一分都没付我.老婆闹着要离婚@湖南省政府门户网站@湖南微政务,大地飞鹰在路上,//weibo.com/3538147441/FFhgFxTJ2?refer_flag=1001030103_
污染; 2018-02-19; 1; 10,139,#点亮志愿者##点亮大湖南##三湘名博沙龙#《好人中国》不问东西.自顾芳华.环保湘军#曙光环保# 2017年总结会.长沙市黄兴镇绿世界生态农庄举行.来自省内外各地公益同仁.湖南省政府各部门领导.历年参加曙光环保年会.一张张熟悉亲切脸容.阔别相聚皆欢道情长.年会帅哥刘东主持.满场气氛热烈.各位领导上台致词 ​		...展开全文c,NA,//weibo.com/3538147441/G3PuzEGht?refer_flag=1001030103_
污染; 2018-02-19; 1; 10,140,@首都网警 @微博客服 这位还有评论里的腿毛公然在微博传播淫秽色情，严重污染了微博环境和我刷微博的心情，给我的视觉造成了非常坏的影响，希望尽快处理。已经把小学生的三观带坏了		,一个花钱的路人粉,//weibo.com/2535885851/G3KsN86jR?refer_flag=1001030103_
污染; 2018-02-19; 1; 10,141,	  赶尽杀绝是不是很有意思？你们看文的时候看得那么开心，回踩的时候也踩得那么用力。写手写她们的故事，却活的那么不容易。取悦的是你们，受伤的还是自己。无论是贴吧还是毒唯都那么了不起？一群打着毒唯旗号的白嫖总在肆意妄为地批判别人，明明自己才是最不干活的人。我问心无愧，我追星，买专辑 ​		...展开全文c,NA,//weibo.com/5979115194/G3PuwFxIs?refer_flag=1001030103_
污染; 2018-02-19; 1; 10,142,		看海豚海獅表演~並傳達環保概念要保護我們的海洋，海洋汙染日益嚴重第一名竟然是保特瓶蓋，這些東西都會傷害我們海洋的朋友哦~請大家一起為我們的海洋盡一份力量#花蓮遠雄海洋公園##萌娃表情包# ​		,Justin陳柏勳,//weibo.com/5072660098/G3PuwnV5l?refer_flag=1001030103_
污染; 2018-02-19; 1; 10,143,		飞鹰参与环保志愿多年.保护环境.扶助贫寒.爱心助学.森林防火.抗洪支灾.多次奋勇救人！保护共亨环境.改善一条条遭污染的河流变清流.保护饮用水源.造福宁乡龙田人民！2017年龙田政府张炜书记请我参与创建龙田美好环境.上了四个月班.到年底工资一分都没付我.老婆闹着要离婚@湖南省政府门户网站@湖南微政务,大地飞鹰在路上,//weibo.com/3538147441/FFr2Hv4ch?refer_flag=1001030103_
污染; 2018-02-19; 1; 10,144,心在哪里，收获就在哪里。 人这一生能力有限，但是努力无限，努力做一个善良的人，做一个心态阳光的人，做一个积极向上人，用正能量激发自己，也感染身边的朋友，你阳光，世界也会因你而精彩！ 一辈子要记住三句话，“看人长处、帮人难处、记人好处”！  用慼恩 ​		...展开全文c,NA,//weibo.com/3538147441/G3PurCqQQ?refer_flag=1001030103_
污染; 2018-02-19; 1; 10,145,		【苹果宣布新的环保项目富士康参与其中】苹果10月22日宣布了两个环保新项目，旨在减少其在中国的生产制造合作伙伴的碳足迹。从现在起到2020年，这些新项目将帮助中国减少超过2000万吨温室气体污染，相当于近400万辆车辆停驶一年。 ​		,2016恩蔓,//weibo.com/2338926342/G3Pur3cMn?refer_flag=1001030103_
污染; 2018-02-19; 1; 10,146,		//@DragonKnight_G字反黑组:广场被污染，大家转赞评好的微博上精选，点赞评论转发这条,Iam清佑,//weibo.com/2667414910/G3OeUADYX?refer_flag=1001030103_
污染; 2018-02-19; 1; 10,147,#权志龙##鸡涌是宝宝# 一笑就是小括弧心都酥了真是乖崽崽啊又是只爱你的一天@GDRAGON_OFFICIAL ​	,NA,//weibo.com/5945310264/G3Pup3bGg?refer_flag=1001030103_
污染; 2018-02-19; 1; 10,148,		家里光污染上升了一个层次 |美国·波士... ​		,战术耗子杰瑞,//weibo.com/5325526068/G3Pum2X3H?refer_flag=1001030103_
污染; 2018-02-19; 1; 10,149,		//@山东环境: #温馨提示# 德州市决定2月19日10时发布重污染天气黄色预警，同步启动Ⅲ级应急响应。,天桥环保,//weibo.com/3577025333/G3OchvkuM?refer_flag=1001030103_
污染; 2018-02-19; 1; 10,150,	  发布了头条文章：《2月19日10时我市启动重污染天气Ⅲ级应急响应》 |2月19日10... ​	,NA,//weibo.com/5322659443/G3Pujp9zE?refer_flag=1001030103_
污染; 2018-02-19; 1; 10,151,		飞鹰参与环保志愿多年.保护环境.扶助贫寒.爱心助学.森林防火.抗洪支灾.多次奋勇救人！保护共亨环境.改善一条条遭污染的河流变清流.保护饮用水源.造福宁乡龙田人民！2017年龙田政府张炜书记请我参与创建龙田美好环境.上了四个月班.到年底工资一分都没付我.老婆闹着要离婚@湖南省政府门户网站@湖南微政务,大地飞鹰在路上,//weibo.com/3538147441/G02y2hLK2?refer_flag=1001030103_
污染; 2018-02-19; 1; 10,152,#点亮志愿者#【李晓正：服务乡亲是我一生的责任】#点亮志愿者# @志愿者李仕铭 @三湘名博沙龙  李晓正行医46年，从不收挂号费、注射费。对年迈的老人和五保户，有钱无钱一样看病，有钱无钱一样拿药。他的手机全天候命，共出诊3万次，走路20多万里，看病20万人次；累计帮病人节省药费超过30万元。多次被 ​		...展开全文c,NA,//weibo.com/3538147441/G3PujmQMJ?refer_flag=1001030103_
污染; 2018-02-19; 1; 10,153,		【当父母对孩子的“喜怒无常”头痛不已时，也要低头看看自己了】是不是因为自己在工作、家庭等等遇到困难，带来的坏情绪间接地影响到宝宝，造成了孩子心灵上的“污染”，让他们也逐渐喜怒不定。如果是这样，爸爸妈妈们需要学着在宝宝面前控制自己的坏脾气，尽量冷静后再面对孩子。 ​		,诉说半生的沧桑______,//weibo.com/5734135150/G3PueldqJ?refer_flag=1001030103_
污染; 2018-02-19; 1; 10,154,		飞鹰参与环保志愿多年.保护环境.扶助贫寒.爱心助学.森林防火.抗洪支灾.多次奋勇救人！保护共亨环境.改善一条条遭污染的河流变清流.保护饮用水源.造福宁乡龙田人民！2017年龙田政府张炜书记请我参与创建龙田美好环境.上了四个月班.到年底工资一分都没付我.老婆闹着要离婚@湖南省政府门户网站@湖南微政务,大地飞鹰在路上,//weibo.com/3538147441/G02Gg0UMc?refer_flag=1001030103_
污染; 2018-02-19; 1; 10,155,#点亮志愿者##点亮志愿者# 教养是什么。迷茫与痛苦之中，仍能坚持窗明几净，仍能保持自我反省，仍能力求每天学习与进步，仍能对他人表示尊重、怀有亲善。教养不是空礼貌，它是让一个人拥有自信、获得他人尊重，坚持一生成为习惯，化为性格，最后立于不败的命运。 ​​​​#点亮志愿者# ​ ​		...展开全文c,NA,//weibo.com/3538147441/G3Pu88Ivi?refer_flag=1001030103_
污染; 2018-02-19; 1; 10,156,		河北的钢厂老板应该下地狱//@DumpandChase:其实事实很清楚。工业排放和散煤燃烧的对污染物贡献率远大于城市中汽车排放、和其他生活设施的合计。一到春节假期，统统现了原形了。哪些地界有妖怪，看看这张图就都清楚了。所以说环保一场战争，是正常人文伦理与世俗生存观之间的战争。		,ColorAlpha,//weibo.com/2174951252/G3OLwAHLp?refer_flag=1001030103_
污染; 2018-02-19; 1; 10,157,	  今日，远离这一线。2018年02月19日11点 #蔚蓝地图# ​	,NA,//weibo.com/2416884303/G3Pu3oIvG?refer_flag=1001030103_
污染; 2018-02-19; 1; 10,158,		飞鹰参与环保志愿多年.保护环境.扶助贫寒.爱心助学.森林防火.抗洪支灾.多次奋勇救人！保护共亨环境.改善一条条遭污染的河流变清流.保护饮用水源.造福宁乡龙田人民！2017年龙田政府张炜书记请我参与创建龙田美好环境.上了四个月班.到年底工资一分都没付我.老婆闹着要离婚@湖南省政府门户网站@湖南微政务,大地飞鹰在路上,//weibo.com/3538147441/G0dnZEtyi?refer_flag=1001030103_
污染; 2018-02-19; 1; 10,159,#点亮志愿者##点亮大湖南##长沙身边事##三湘名博沙龙#【雪】雪花漫舞洒苍茫，大地山川披雪妆！风雪凝霜寒松劲，踏雪飞歌瑞丰年@刘帅168 @志愿者李仕铭@三湘名博沙龙@随手公益-湖南@交警号手@心在长沙@大美宁乡@宁乡热点集@宁乡资讯通@长沙美丽风彩线@长沙益心社会工作发展中心@我爱长沙美丽风景 ​		...展开全文c,NA,//weibo.com/3538147441/G3PtXwKRR?refer_flag=1001030103_
污染; 2018-02-19; 1; 10,160,		毛孔粗大的相关知识产生原因：1、皮脂过度分泌； 2、体内激素分泌紊乱；3、压力过大；4、环境污染；5、清洁工作没做好 。此外，随着FES619年龄的增长，皮肤逐渐失去弹性，毛囊周围缺乏支持结构，也很容易使毛孔显得比较大；外油内干的皮肤环境，也会使毛孔变得粗大。 ​		,性感的想来娟,//weibo.com/6439346940/G3PtRk8ak?refer_flag=1001030103_
污染; 2018-02-19; 1; 10,161,		飞鹰参与环保志愿多年.保护环境.扶助贫寒.爱心助学.森林防火.抗洪支灾.多次奋勇救人！保护共亨环境.改善一条条遭污染的河流变清流.保护饮用水源.造福宁乡龙田人民！2017年龙田政府张炜书记请我参与创建龙田美好环境.上了四个月班.到年底工资一分都没付我.老婆闹着要离婚@湖南省政府门户网站@湖南微政务,大地飞鹰在路上,//weibo.com/3538147441/G0i3Oic0W?refer_flag=1001030103_
污染; 2018-02-19; 1; 10,162,#点亮志愿者##点亮大湖南##三湘名博沙龙##宁乡头条#《好人中国》风雪中美丽风采！2018.01.26第一场雪，三湘大地山川公路桥梁披盖银妆！为交通安全行车通畅，宁乡交警.城管.环卫.美丽宁乡志愿者.红十字会.一道道亮丽身影挥铲清理公路桥梁积雪，风雪中奋力清扫开辟一条条绿色通道！宁乡红十字会长廖靖14 ​		...展开全文c,NA,//weibo.com/3538147441/G3PtODAW6?refer_flag=1001030103_
污染; 2018-02-19; 1; 10,163,//@DragonKnight_G字反黑组:广场被污染，大家转赞评好的微博上精选，点赞评论转发这条,bxtogetherGD,//weibo.com/2667414910/G3OeUADYX?refer_flag=1001030103_
污染; 2018-02-19; 1; 10,164,#权志龙##鸡涌是宝宝# 一笑就是小括弧心都酥了真是乖崽崽啊又是只爱你的一天@GDRAGON_OFFICIAL ​	,NA,//weibo.com/5870240335/G3PtO2hmo?refer_flag=1001030103_
污染; 2018-02-19; 1; 10,165,		飞鹰参与环保志愿多年.保护环境.扶助贫寒.爱心助学.森林防火.抗洪支灾.多次奋勇救人！保护共亨环境.改善一条条遭污染的河流变清流.保护饮用水源.造福宁乡龙田人民！2017年龙田政府张炜书记请我参与创建龙田美好环境.上了四个月班.到年底工资一分都没付我.老婆闹着要离婚@湖南省政府门户网站@湖南微政务,大地飞鹰在路上,//weibo.com/3538147441/G0tNz3bym?refer_flag=1001030103_
污染; 2018-02-19; 1; 10,166,#点亮志愿者##点亮大湖南##长沙身边事##绿色卫士##好人中国##公益之美#冰天雪地中的志愿人！2018.01.27【好人中国】宁乡站通迅员，与龙田镇政府干群分点在冰天雪地中挥铲清扫街道积雪坚冰，行动努力让畅通道路，（如图）清扫后的边城龙田街道！过往父老乡亲的夸奖，龙田镇党委【熊佑新】书记一行巡察边 ​		...展开全文c,NA,//weibo.com/3538147441/G3PtH0cf7?refer_flag=1001030103_
污染; 2018-02-19; 1; 10,167,		//@捕龙达人_://@DragonKnight_G字反黑组:广场被污染，大家转赞评好的微博上精选，点赞评论转发这条,KJY的指甲油,//weibo.com/2667414910/G3OeUADYX?refer_flag=1001030103_
污染; 2018-02-19; 1; 10,168,#权志龙##鸡涌是宝宝# 一笑就是小括弧心都酥了真是乖崽崽啊又是只爱你的一天@GDRAGON_OFFICIAL ​	,NA,//weibo.com/5329307020/G3PtG6Uv9?refer_flag=1001030103_
污染; 2018-02-19; 1; 10,169,		飞鹰参与环保志愿多年.保护环境.扶助贫寒.爱心助学.森林防火.抗洪支灾.多次奋勇救人！保护共亨环境.改善一条条遭污染的河流变清流.保护饮用水源.造福宁乡龙田人民！2017年龙田政府张炜书记请我参与创建龙田美好环境.上了四个月班.到年底工资一分都没付我.老婆闹着要离婚@湖南省政府门户网站@湖南微政务,大地飞鹰在路上,//weibo.com/3538147441/G0wByvnQM?refer_flag=1001030103_
污染; 2018-02-19; 1; 10,170,#点亮志愿者##点亮大湖南##三湘名博沙龙##大美宁乡##长沙身边事#冰天雪地寒风中的扫雪人！2018.01.28宁乡市接连下雪.边城地处高位不胜寒.积雪成冰.龙田镇政府全体干群与【好人中国】通迅员.绿色卫士志愿者.连续数日奋战冰天雪地寒风中.挥铲清扫公路街道积雪寒冰.畅通公路街道.过往人车安全.为各位坚守 ​		...展开全文c,NA,//weibo.com/3538147441/G3PtyFwZb?refer_flag=1001030103_
污染; 2018-02-19; 1; 10,171,"		今日天气:，南宁:小雨,，9°C~13°C,，东北风，≤3级，空气指数:2.0,有利于空气污染物稀释、扩散和清除，可在室外正常活动。，穿衣指数:5.0,夹衣、风衣，紫外线指数:1.0,紫外线弱爆了，洗车指数:1.0,不宜，vivo天气 ​		",淤泥而不染602,//weibo.com/6446500701/G3Ptwn9K3?refer_flag=1001030103_
污染; 2018-02-19; 1; 10,172,		不能只有我被污染,豪酱无需昵称,//weibo.com/2736435030/G3O4RnG4X?refer_flag=1001030103_
污染; 2018-02-19; 1; 10,173,	  元气满满的一天 · Piyapat Supatkosit摄影 ​	,NA,//weibo.com/1813181564/G3Ptsa3dY?refer_flag=1001030103_
污染; 2018-02-19; 1; 10,174,#西安身边事# 【西安解除重污染天气黄色预警 未来三天空气质量较好】2月19日，西安市重污染天气应急指挥部办公室发布解除重污染天气黄色预警通知，预计未来3天环境空气质量将整体处于良-轻度污染水平。小编今天早上上班的时候，都觉得天气特别好，空气湿润，刚起床的小伙伴可以出门转转哟~（西部网） ​		,西安身边事,//weibo.com/2202896360/G3Ptpvwk7?refer_flag=1001030103_
污染; 2018-02-19; 1; 10,175,"		//@山东环境: 2月19日，扩散条件转好，预计，鲁西北西部，鲁西南以中重度污染为主，其他地区以良为主,，首要污染物为PM2.5.		",天桥环保,//weibo.com/3354394424/G3ujagEBw?refer_flag=1001030103_
污染; 2018-02-19; 1; 10,176,	  【山东：发布环境空气质量形势预报】 污染过程提示：2月17日～2月19日，湿度较大，扩散条件较不利，我省中西部城市会有一次中至重度污染过程。请注意出行安全并注意防护。 |山东省环境... ​	,NA,//weibo.com/5322659443/G3Ptg5K2J?refer_flag=1001030103_
污染; 2018-02-19; 1; 10,177,		预报日期 AQI 首要污染物 指数级别 指数类别2月19日 30-50 无 一级 优2月20日 30-50 无 一级 优 ​		,舟山普陀气象,//weibo.com/2805085444/G3Ptd5KzT?refer_flag=1001030103_
污染; 2018-02-19; 1; 10,178,		飞鹰参与环保志愿多年.保护环境.扶助贫寒.爱心助学.森林防火.抗洪支灾.多次奋勇救人！保护共亨环境.改善一条条遭污染的河流变清流.保护饮用水源.造福宁乡龙田人民！2017年龙田政府张炜书记请我参与创建龙田美好环境.上了四个月班.到年底工资一分都没付我.老婆闹着要离婚@湖南省政府门户网站@湖南微政务,大地飞鹰在路上,//weibo.com/3538147441/G0wKdrmEn?refer_flag=1001030103_
污染; 2018-02-19; 1; 10,179,#点亮志愿者##湖南抗击极端低温冰雪# 湖南启动Ⅲ级应急响应。杜家毫书记、省长许达哲现场督导调度雨雪冰冻天气防范应对工作，始终把人民群众生命财产安全放在第一位。科学应对，有序防御，齐心协力，温暖同行! #点亮志愿者##三湘名博沙龙# @滕章贵@三湘名博沙龙@星城法律人@志愿者李仕铭@九制槟榔 ​		...展开全文c,NA,//weibo.com/3538147441/G3Pt85WfX?refer_flag=1001030103_
污染; 2018-02-19; 1; 10,180,		杜可风款光污染 ​		,lalin玥,//weibo.com/2845094577/G3Pt32SDc?refer_flag=1001030103_
污染; 2018-02-19; 1; 10,181,		小时候清清的河现在变成这样 还好是污染还不算太严重 立即整治还不算晚 希望能引起有关部门重视 坐标剑川县马登镇新民村白石江@剑川环保 @大理环保水圈 @大理环保 @大理环保治理探索者 |大理白族自... ​		,milu198508,//weibo.com/5667860923/G3Pt08vp4?refer_flag=1001030103_
污染; 2018-02-19; 1; 10,182,		上次李老师讲过，从今年起禁止进口洋垃圾，那么中国停止进口洋垃圾之后，西方面临严重环境污染，他们该怎么办，今天我们就来聊一聊这个话题 网页链接 ​		,聪明猪59,//weibo.com/1471300867/G3PsXpNUo?refer_flag=1001030103_
污染; 2018-02-19; 1; 10,183,@化工污染布,DLT48-意大利文,//weibo.com/3990110582/G3OtXrNPH?refer_flag=1001030103_
污染; 2018-02-19; 1; 10,184,	  画了拔杯两人的问卷，虽然不好吃（。）总之先爽（？？…… ​	,NA,//weibo.com/3088451083/G3PsUssFL?refer_flag=1001030103_
污染; 2018-02-19; 1; 10,185,		飞鹰参与环保志愿多年.保护环境.扶助贫寒.爱心助学.森林防火.抗洪支灾.多次奋勇救人！保护共亨环境.改善一条条遭污染的河流变清流.保护饮用水源.造福宁乡龙田人民！2017年龙田政府张炜书记请我参与创建龙田美好环境.上了四个月班.到年底工资一分都没付我.老婆闹着要离婚@湖南省政府门户网站@湖南微政务,大地飞鹰在路上,//weibo.com/3538147441/G1zHJCQHA?refer_flag=1001030103_
污染; 2018-02-19; 1; 10,186,#点亮志愿者##美丽宁乡志愿者##大美宁乡##点亮大湖南##绿色卫士##公益之美#《好人中国》蔚蓝白云长空.明媚三湘楚沩.2018.02.4.美丽宁乡志愿者协会年度总结会在宁乡市金洲镇政府举办.宁乡市各级领导.各位嘉宾.美丽宁乡志愿者各位家人.聚集会场气氛热烈.因为有爱.所以美丽.美丽宁乡志愿者用爱心行动谱写 ​		...展开全文c,NA,//weibo.com/3538147441/G3PsTzdDg?refer_flag=1001030103_
污染; 2018-02-19; 1; 10,187,		飞鹰参与环保志愿多年.保护环境.扶助贫寒.爱心助学.森林防火.抗洪支灾.多次奋勇救人！保护共亨环境.改善一条条遭污染的河流变清流.保护饮用水源.造福宁乡龙田人民！2017年龙田政府张炜书记请我参与创建龙田美好环境.上了四个月班.到年底工资一分都没付我.老婆闹着要离婚@湖南省政府门户网站@湖南微政务,大地飞鹰在路上,//weibo.com/3538147441/G241HAj6N?refer_flag=1001030103_
污染; 2018-02-19; 1; 10,188,	  善良，是一个人身上最好的风水， 是世界上最美的成全，也是最好的投资， 你给出了善良，一定会收获温暖， 因为一个人的善良里，藏着他的运气， 在不可预知的未来，你所积攒的福报， 往往会给你带来意外之喜，所以，善良的人总是快乐， 感恩的人总是富有， 让我们带着感恩与善良， 不忘初心，温暖前行。 ​		...展开全文c,NA,//weibo.com/3538147441/G3PsHdOu5?refer_flag=1001030103_
污染; 2018-02-19; 1; 10,189,		小丑哥.【龙峪湾】龙峪湾位于河南省洛阳市西南165公里处伏牛山腹地的栾川县境内。这里“龙”文化荟萃，自然景观万千，四季景色秀丽，奇峰异石林谷幽深。是原始的、纯天然的、无污染的生态旅游区。观赏面积300余平方公里，已开发12个景区218景点，是河南省首家“全国文明森林公园”。 ​		,蔡福_乄080_764,//weibo.com/2089383897/G3PsBh4r9?refer_flag=1001030103_
污染; 2018-02-19; 1; 10,190,		莉兹啊！！！ky那位我删了不污染首页//@少年黑王子很缺烦恼:建议右边直接自杀//		,雀窝-狂暴化肥啾,//weibo.com/3082729394/G3Pbka3aR?refer_flag=1001030103_
污染; 2018-02-19; 1; 10,191,	  枢梁老师公式站主页图更新🏻（这次是staff S发的？） ​	,NA,//weibo.com/3036044145/G3Pszwhoq?refer_flag=1001030103_
污染; 2018-02-19; 1; 10,192,		精神污染//@喵星人的喵星球:哈哈哈哈哈发饰那个很生动了		,一张狐皮,//weibo.com/2481834084/G3Pisd7nR?refer_flag=1001030103_
污染; 2018-02-19; 1; 10,193,	  一组魔性P图 画风自行感受一下猫咪钢琴那个很想要了 ​	,NA,//weibo.com/1722687087/G3PsuwYpx?refer_flag=1001030103_
污染; 2018-02-19; 1; 10,194,		【日照海滨公园】日照海滨公园依山傍海，浪缓滩阔，沙质细润，海水洁净，拥有7公里的黄金海岸线，是北方一流的天然海滨浴场，被有关专家誉为“中国沿海仅存未被污染的黄金海岸”。美籍华裔物理学家丁肇中先生称这里的沙滩“夏威夷所不及”。日照海滨国家森林公园位于山东省日照市北沿海路北首。 ​		,朱唇苍茫可以,//weibo.com/6146742312/G3Pso3Njo?refer_flag=1001030103_
污染; 2018-02-19; 1; 10,195,		飞鹰参与环保志愿多年.保护环境.扶助贫寒.爱心助学.森林防火.抗洪支灾.多次奋勇救人！保护共亨环境.改善一条条遭污染的河流变清流.保护饮用水源.造福宁乡龙田人民！2017年龙田政府张炜书记请我参与创建龙田美好环境.上了四个月班.到年底工资一分都没付我.老婆闹着要离婚@湖南省政府门户网站@湖南微政务,大地飞鹰在路上,//weibo.com/3538147441/G2NySERni?refer_flag=1001030103_
污染; 2018-02-19; 1; 10,196,#点亮志愿者##河流守望者##绿色卫士##公益之美##点亮大湖南#守望强酸黄河五年，还一条清澈河流，行动得到改变！2018.02.12.飞鹰携安化县河流守望小组@资水清蓝@资水之源y 到安化县清塘铺镇锹溪河道沿河溯源巡看，全镇多家煤矿已关停，河道一汪清水流淌，昔年黄河《图2》化清波，流入饮用水源廖家坪水库 ​		...展开全文c,NA,//weibo.com/3538147441/G3PsmvdjN?refer_flag=1001030103_
污染; 2018-02-19; 1; 10,197,		【日照海滨公园】日照海滨公园依山傍海，浪缓滩阔，沙质细润，海水洁净，拥有7公里的黄金海岸线，是北方一流的天然海滨浴场，被有关专家誉为“中国沿海仅存未被污染的黄金海岸”。美籍华裔物理学家丁肇中先生称这里的沙滩“夏威夷所不及”。日照海滨国家森林公园位于山东省日照市北沿海路北首。 ​		,爱adsa2010,//weibo.com/1677563143/G3PslBWOl?refer_flag=1001030103_
污染; 2018-02-19; 1; 10,198,"		//@德州环境:2月19日，扩散条件转好，预计，鲁西北西部，鲁西南以中重度污染为主，其他地区以良为主,，首要污染物为PM2.5.		",夏津环境,//weibo.com/3354394424/G3ujagEBw?refer_flag=1001030103_
污染; 2018-02-19; 1; 10,199,	  【山东：发布环境空气质量形势预报】 污染过程提示：2月17日～2月19日，湿度较大，扩散条件较不利，我省中西部城市会有一次中至重度污染过程。请注意出行安全并注意防护。 |山东省环境... ​	,NA,//weibo.com/5327171580/G3Pskr2uK?refer_flag=1001030103_
污染; 2018-02-19; 1; 10,200,		❸颜如玉蓝莓果饮产品有何市场优势❓ 1、 研发单位：中国食品发酵工业研究院——国家保健食品行业胶原肽标准制定者，茅台酒、洋河大曲发酵技术研究单位；2、 原料来源：来自北欧深海鱼鱼皮，远离现代工业文明，纯净无污染。研究证实：胶原蛋白有效性从低到高排序：大豆、猪、牛、驴，海洋鱼类，深海 ​			...展开全文c,Miss--wudi,//weibo.com/2289866512/G3PsjxLLk?refer_flag=1001030103_
污染; 2018-02-19; 1; 10,201,		//@德州环境:德州市决定2月19日10时发布重污染天气黄色预警，同步启动Ⅲ级应急响应		,夏津环境,//weibo.com/3577025333/G3OchvkuM?refer_flag=1001030103_
污染; 2018-02-19; 1; 10,202,	  发布了头条文章：《2月19日10时我市启动重污染天气Ⅲ级应急响应》 |2月19日10... ​	,NA,//weibo.com/5327171580/G3PsdE1km?refer_flag=1001030103_
污染; 2018-02-19; 1; 10,203,		【角质层过厚】白天出门，肌肤与室外环境亲密接触。汗水的侵蚀、附着在脸上的粉尘、环境的污染会加重毛孔的负担，同时角质也会变厚、加速老化。如果睡前没有得到彻底清理，不仅会导致整夜排油不畅，还会成为粉刺、暗疮滋生的温床。 ​		,用户5885136730,//weibo.com/5885136730/G3Psccw6T?refer_flag=1001030103_
污染; 2018-02-19; 1; 10,204,		2018年2月19日，北京市昌平区。多云转阴，东风3级，2℃，污染指数：186，空气质量：中度污染。 ​		,牧羊人罗密欧,//weibo.com/5728233902/G3PrWeae8?refer_flag=1001030103_
污染; 2018-02-19; 1; 10,205,		飞鹰参与环保志愿多年.保护环境.扶助贫寒.爱心助学.森林防火.抗洪支灾.多次奋勇救人！保护共亨环境.改善一条条遭污染的河流变清流.保护饮用水源.造福宁乡龙田人民！2017年龙田政府张炜书记请我参与创建龙田美好环境.上了四个月班.到年底工资一分都没付我.老婆闹着要离婚@湖南省政府门户网站@湖南微政务,大地飞鹰在路上,//weibo.com/3538147441/G3odj0h0i?refer_flag=1001030103_
污染; 2018-02-19; 1; 10,206,#点亮志愿者##绿色卫士##点亮大湖南##大美宁乡#欢庆新春登芙蓉，游人如织笑随风，心诚朝拜平安好，福缘遥寄众亲朋！打赢蓝天保卫战，禁燃放烟花鞭炮，倡导绿色低碳生活，共亨绿美清新！2018.我们一起加油努力@刘帅168 @志愿者李仕铭 @湖南省环境保护厅@三湘名博沙龙@湖南省环境保护厅@随手公益-湖南 ​		...展开全文c,NA,//weibo.com/3538147441/G3PrVn5PN?refer_flag=1001030103_
污染; 2018-02-19; 1; 10,207,		对岸的化工业该停了，污染真的很严重 |池州 ​		,哦友朋女我是就你念来过倒,//weibo.com/5708415442/G3PrV3dWO?refer_flag=1001030103_
污染; 2018-02-19; 1; 10,208,		//@DragonKnight_G字反黑组:广场被污染，大家转赞评好的微博上精选，点赞评论转发这条,BullShitKjy,//weibo.com/2667414910/G3OeUADYX?refer_flag=1001030103_
污染; 2018-02-19; 1; 10,209,#权志龙##鸡涌是宝宝# 一笑就是小括弧心都酥了真是乖崽崽啊又是只爱你的一天@GDRAGON_OFFICIAL ​	,NA,//weibo.com/5332089946/G3PrQ4RnJ?refer_flag=1001030103_
污染; 2018-02-19; 1; 10,210,"		今日天气:，南宁:小雨,，9°C~13°C,，东北风，≤3级，空气指数:2.0,有利于空气污染物稀释、扩散和清除，可在室外正常活动。，穿衣指数:5.0,夹衣、风衣，紫外线指数:1.0,紫外线弱爆了，洗车指数:1.0,不宜，vivo天气 ​		",神秘的大章童鞋,//weibo.com/6412696595/G3PrQ2ASK?refer_flag=1001030103_
污染; 2018-02-19; 1; 10,211,#权志龙# //@爱留胡茬的权大叔://@DragonKnight_G字反黑组:广场被污染，大家转赞评好的微博上精选，点赞评论转发这条,8度奶音,//weibo.com/2667414910/G3OeUADYX?refer_flag=1001030103_
污染; 2018-02-19; 1; 10,212,#权志龙##鸡涌是宝宝# 一笑就是小括弧心都酥了真是乖崽崽啊又是只爱你的一天@GDRAGON_OFFICIAL ​	,NA,//weibo.com/3058366500/G3PrF6Nwi?refer_flag=1001030103_
污染; 2018-02-19; 1; 10,213,		可爱死了//@gloriousG-:#权志龙# //@DragonKnight_G字反黑组:广场被污染，大家转赞评好的微博上精选，点赞评论转发这条,入肉龍,//weibo.com/2667414910/G3OeUADYX?refer_flag=1001030103_
污染; 2018-02-19; 1; 10,214,#权志龙##鸡涌是宝宝# 一笑就是小括弧心都酥了真是乖崽崽啊又是只爱你的一天@GDRAGON_OFFICIAL ​	,NA,//weibo.com/5036062367/G3PrxqfRe?refer_flag=1001030103_
污染; 2018-02-19; 1; 10,215,		【茼蒿营养价值高】茼蒿富含矿物质、胡萝卜素、蛋白质、膳食纤维、维生素C等，污染轻，营养丰，高水分，低热能。茼蒿食用部分为幼嫩茎叶，味道清香，可凉拌，也可荤素炒食，烧豆腐、做汤、做馅等，秋冬涮火锅食用也别具风味。 ​		,和尚集团总经理,//weibo.com/2662523123/G3Prx5awD?refer_flag=1001030103_
污染; 2018-02-19; 1; 10,216,		小括号哥哥//@sango000://@DragonKnight_G字反黑组:广场被污染，大家转赞评好的微博上精选，点赞评论转发这条,法定龙妻,//weibo.com/2667414910/G3OeUADYX?refer_flag=1001030103_
污染; 2018-02-19; 1; 10,217,#权志龙##鸡涌是宝宝# 一笑就是小括弧心都酥了真是乖崽崽啊又是只爱你的一天@GDRAGON_OFFICIAL ​	,NA,//weibo.com/5582718385/G3Prd0wll?refer_flag=1001030103_
污染; 2018-02-19; 1; 10,218,		一照镜子咋能这么好看、纯天然无污染的。就感觉谁将来要是娶了我、那可真是捡到宝了。 ​		,大圆圆girl,//weibo.com/5156813799/G3PrakG9c?refer_flag=1001030103_
污染; 2018-02-19; 1; 10,219,		//@中国刘杰://@森林屋子:还真不不如豆腐渣，豆腐渣放在地里可以变成肥料，这东西只会污染环境//@陶公春秋:比豆腐渣还是要坚固一些的嘛…… 鉴定完毕。		,W向阳花木W,//weibo.com/1600463082/G3JsF7oRW?refer_flag=1001030103_
污染; 2018-02-19; 1; 10,220,	  网友：水利工程修成豆腐渣工程，“水泥”用手一掰就开。。 中国刘杰的... ​	,NA,//weibo.com/6457360138/G3Pr49unS?refer_flag=1001030103_
污染; 2018-02-19; 1; 10,221,		//@DragonKnight_G字反黑组:广场被污染，大家转赞评好的微博上精选，点赞评论转发这条,sango000,//weibo.com/2667414910/G3OeUADYX?refer_flag=1001030103_
污染; 2018-02-19; 1; 10,222,#权志龙##鸡涌是宝宝# 一笑就是小括弧心都酥了真是乖崽崽啊又是只爱你的一天@GDRAGON_OFFICIAL ​	,NA,//weibo.com/2173191624/G3PqZnzwN?refer_flag=1001030103_
污染; 2018-02-19; 1; 10,223,		魔鬼窃国大盗蝗丧，它靠谎言欺骗和暴力恐吓灭杀维持存在。它建立愚民役民弱民穷民的恶制度，以利它驭民淫民。它养獅管虎，虎管狼、狼管狗、狗管猪奴隶民众。它污染了水的源头，把民众愚弄成动物丛林世界、人间地狱 ​		,香江陈平6463834800,//weibo.com/6463834800/G3PqUDJXR?refer_flag=1001030103_
污染; 2018-02-19; 1; 10,224,		爱脱就脱马上滚蛋评论里的垃圾玩意也马上走吧咱们可不希望有你这种low粉污染条圈		,中午也是你的,//weibo.com/5874723950/G3Kd7gghx?refer_flag=1001030103_
污染; 2018-02-19; 1; 10,225,	  剩下五首要还是双李之歌 我就脱饭 ​	,NA,//weibo.com/5661965231/G3PqN1i7g?refer_flag=1001030103_
污染; 2018-02-19; 1; 10,226,		【溏心鸡蛋好不好】溏心鸡蛋的口感让很多人着迷，但这种吃法好吗？鸡蛋易受细菌污染，常见的致病菌是沙门氏菌。鸡蛋制品加热到71℃以上后，沙门氏菌基本被剿灭，蛋黄也凝固了，但如果蛋黄处于“溏心”状态，就无法有效灭菌。 ​		,Bluestorm1001奇,//weibo.com/5575064481/G3PqMrKaE?refer_flag=1001030103_
污染; 2018-02-19; 1; 10,227,		纯天然无污染的造饭神器，无名鬼火 搏哥的白菜... ​		,搏哥的白菜好香,//weibo.com/1973586854/G3PqLdDwv?refer_flag=1001030103_
污染; 2018-02-19; 1; 10,228,#权志龙# //@DragonKnight_G字反黑组:广场被污染，大家转赞评好的微博上精选，点赞评论转发这条,gloriousG-,//weibo.com/2667414910/G3OeUADYX?refer_flag=1001030103_
污染; 2018-02-19; 1; 10,229,#权志龙##鸡涌是宝宝# 一笑就是小括弧心都酥了真是乖崽崽啊又是只爱你的一天@GDRAGON_OFFICIAL ​	,NA,//weibo.com/3217433522/G3PqKjgAZ?refer_flag=1001030103_
污染; 2018-02-19; 1; 10,230,		//@DragonKnight_G字反黑组:广场被污染，大家转赞评好的微博上精选，点赞评论转发这条,CoupDeFoudreG,//weibo.com/2667414910/G3OeUADYX?refer_flag=1001030103_
污染; 2018-02-19; 1; 10,231,#权志龙##鸡涌是宝宝# 一笑就是小括弧心都酥了真是乖崽崽啊又是只爱你的一天@GDRAGON_OFFICIAL ​	,NA,//weibo.com/2472399541/G3PqK3PBa?refer_flag=1001030103_
污染; 2018-02-19; 1; 10,232,		【茼蒿营养价值高】茼蒿富含矿物质、胡萝卜素、蛋白质、膳食纤维、维生素C等，污染轻，营养丰，高水分，低热能。茼蒿食用部分为幼嫩茎叶，味道清香，可凉拌，也可荤素炒食，烧豆腐、做汤、做馅等，秋冬涮火锅食用也别具风味。 ​		,XNG283343032,//weibo.com/3972909404/G3PqCEZPQ?refer_flag=1001030103_
污染; 2018-02-19; 1; 10,233,		四口小泉的源头。中间一点就是五女泉的泉眼，你可别小看这水，这水冬暖夏凉，源源不断，口感清甜，因为这里是人间仙境，龙脉所在，因此带有仙气，够神奇吧！泉水是来自大竹海的地下水，含有对人体有益的多种矿物质，碧清纯正，毫无污染。 |湖州·安吉... ​		,哼哼猪,//weibo.com/2672675841/G3PqAChqF?refer_flag=1001030103_
污染; 2018-02-19; 1; 10,234,		//@banana味的朴贤:意淫不要发到微博上不要带话题不要艾特真主！你活在你自己的世界里不好吗为什么要来污染环境！！好使不留名坏事传千里不要给你哥丢脸了好吗！！！有空意淫不如多做点事！！！//@软哝小啵:听到没各位作者,04啵崽,//weibo.com/3694863325/E2an0c8O3?refer_flag=1001030103_
污染; 2018-02-19; 1; 10,235,	  大家都知道，搜索是艺人的是第一形象，看看边伯贤的搜索，第一眼望过去就是边伯贤小XX，公开yy带话题是很不正常的行为，随着8月底电视剧的开播，如果还带着话题公开yy，对来搜索边伯贤的观剧者来说，严重影响了第一印象。在此，边吧要求【严禁】带着边伯贤大名yy，请尊重他！希望大家也能够互相监督， ​		...展开全文c,NA,//weibo.com/5282205728/G3PqlybfF?refer_flag=1001030103_
污染; 2018-02-19; 1; 10,236,		皮肤作为人体最大的器官，同时也是机体与外界接触的第一道屏障，不仅面临着内源性老化的问题，同时面临着紫外线、烟草、污染、化学物质多重外界刺激因素，最终导致皮肤机能的改变，加速了皮肤的衰老速度。 创客云商 网页链接 网页链接 ​		,鲍琳_linda,//weibo.com/6355093199/G3PqlyUK0?refer_flag=1001030103_
污染; 2018-02-19; 1; 10,237,		【苏梅岛】苏梅岛是泰国第三大岛，相比人们熟知的普吉岛来说，这里没那么商业，充满着浓郁的原始气息。抛开生活的压力，远离污染的空气，来苏梅岛享受蓝天白云，享受一望无际的大海吧！ ​		,高考化学资料7,//weibo.com/5126372866/G3Pqk6mld?refer_flag=1001030103_
污染; 2018-02-19; 1; 10,238,		//@DragonKnight_G字反黑组:广场被污染，大家转赞评好的微博上精选，点赞评论转发这条,AllForKwon龍,//weibo.com/2667414910/G3OeUADYX?refer_flag=1001030103_
污染; 2018-02-19; 1; 10,239,#权志龙##鸡涌是宝宝# 一笑就是小括弧心都酥了真是乖崽崽啊又是只爱你的一天@GDRAGON_OFFICIAL ​	,NA,//weibo.com/2929657633/G3Pq5fDRZ?refer_flag=1001030103_
污染; 2018-02-19; 1; 10,240,#雷迪克辱华##赵丽颖#【科普：癌症是如何产生的？】新闻里经常提到，有些人因为“抽烟喝酒”，“加班熬夜”，“化学污染”等各种各样的原因患癌……这些到底是真的吗？癌症，是怎么回事，又该如何预防呢，用一段视频告诉你↓ ​		,Ka_Cheung_,//weibo.com/2080299755/G3PpYrIlc?refer_flag=1001030103_
污染; 2018-02-19; 1; 10,241,#中国赞#【法令纹】法令纹是位在鼻翼边延伸而下的两道纹路，是典型的皮肤组织老化、造成肌肤表面凹陷的现象。 肌肤老化松弛和表情过于丰富是法令纹形成的两大原因。空气的污染、电脑手机的辐射和无规律的日常作息也会加快法令纹的产生，因此要良好解决如何除法令纹问题就要避免这些情况的发生。 ​		,用户5690202710,//weibo.com/5690202710/G3PpRqXeh?refer_flag=1001030103_
污染; 2018-02-19; 1; 10,242,		【实时空气质量：中度污染，AQI指数164】#空气质量#2018年2月19日13时，全市AQI平均指数164，PM2.5指数125，PM10指数148，O3指数49，SO2指数14，NO2指数30，CO指数1.7。空气质量级别为中度污染，首要污染物为PM2.5。如需查询各区、各点位实时更新数据，请点击→|天津市环境... @天津环保发布 ​		,天津发布,//weibo.com/2489610225/G3Pps0NtQ?refer_flag=1001030103_
污染; 2018-02-19; 1; 10,243,		【茼蒿营养价值高】茼蒿富含矿物质、胡萝卜素、蛋白质、膳食纤维、维生素C等，污染轻，营养丰，高水分，低热能。茼蒿食用部分为幼嫩茎叶，味道清香，可凉拌，也可荤素炒食，烧豆腐、做汤、做馅等，秋冬涮火锅食用也别具风味。 ​		,素颜街角的失落,//weibo.com/2851102592/G3Ppm2J2b?refer_flag=1001030103_
污染; 2018-02-19; 1; 10,244,		//@DragonKnight_G字反黑组:广场被污染，大家转赞评好的微博上精选，点赞评论转发这条,l8qqqq,//weibo.com/2667414910/G3OeUADYX?refer_flag=1001030103_
污染; 2018-02-19; 1; 10,245,#权志龙##鸡涌是宝宝# 一笑就是小括弧心都酥了真是乖崽崽啊又是只爱你的一天@GDRAGON_OFFICIAL ​	,NA,//weibo.com/3691128432/G3Pplte4Z?refer_flag=1001030103_
污染; 2018-02-19; 1; 10,246,		“八风不动心，无忧无污染，宁静无烦恼，是为最吉祥。” ​		,宝贝要有大光芒,//weibo.com/6050647931/G3PpkkaHG?refer_flag=1001030103_
污染; 2018-02-19; 1; 10,247,		//@养猪达人KJY://@DragonKnight_G字反黑组:广场被污染，大家转赞评好的微博上精选，点赞评论转发这条,miya-Gabriel,//weibo.com/2667414910/G3OeUADYX?refer_flag=1001030103_
污染; 2018-02-19; 1; 10,248,#权志龙##鸡涌是宝宝# 一笑就是小括弧心都酥了真是乖崽崽啊又是只爱你的一天@GDRAGON_OFFICIAL ​	,NA,//weibo.com/5977278028/G3Pp945qX?refer_flag=1001030103_
污染; 2018-02-19; 1; 10,249,		//@DragonKnight_G字反黑组:广场被污染，大家转赞评好的微博上精选，点赞评论转发这条,爱留胡茬的权大叔,//weibo.com/2667414910/G3OeUADYX?refer_flag=1001030103_
污染; 2018-02-19; 1; 10,250,#权志龙##鸡涌是宝宝# 一笑就是小括弧心都酥了真是乖崽崽啊又是只爱你的一天@GDRAGON_OFFICIAL ​	,NA,//weibo.com/3431843964/G3Pp4Ek14?refer_flag=1001030103_
污染; 2018-02-19; 1; 10,251,#权志龙可爱尤物# //@DragonKnight_G字反黑组:广场被污染，大家转赞评好的微博上精选，点赞评论转发这条,韶华有你幸之,//weibo.com/2667414910/G3OeUADYX?refer_flag=1001030103_
污染; 2018-02-19; 1; 10,252,#权志龙##鸡涌是宝宝# 一笑就是小括弧心都酥了真是乖崽崽啊又是只爱你的一天@GDRAGON_OFFICIAL ​	,NA,//weibo.com/5225918038/G3PoY7yeB?refer_flag=1001030103_
污染; 2018-02-19; 1; 10,253,#中国赞#【央视调查：我们的旧手机去哪了？1吨手机可提炼150克黄金】专家介绍，一吨的手机可以提炼150克的黄金。世界上最优质的金矿，一吨的矿也只能提炼出50克左右的黄金。但目前手机回收行业最大的问题，就是缺乏正规的回收处理企业。南方沿海个别城市有小作坊用所谓的酸洗方式炼金，污染大气水源。. ​			...展开全文c,郭立燕,//weibo.com/3800889606/G3PoUApDL?refer_flag=1001030103_
